{"metadata": {"schema_version": "0.2", "title": "None", "source_filename": "021.mid", "source_format": "midi"}, "resolution": 12, "tempos": [{"time": 0, "qpm": 57.00008550012825}], "time_signatures": [{"time": 0, "numerator": 2, "denominator": 4}], "tracks": [{"program": 0, "is_drum": false, "name": "MELODY", "notes": [{"time": 211, "pitch": 63, "duration": 4, "velocity": 109}, {"time": 217, "pitch": 65, "duration": 4, "velocity": 104}, {"time": 223, "pitch": 67, "duration": 2, "velocity": 110}, {"time": 226, "pitch": 67, "duration": 1, "velocity": 110}, {"time": 229, "pitch": 67, "duration": 1, "velocity": 113}, {"time": 232, "pitch": 68, "duration": 2, "velocity": 101}, {"time": 235, "pitch": 67, "duration": 3, "velocity": 117}, {"time": 241, "pitch": 63, "duration": 1, "velocity": 106}, {"time": 244, "pitch": 65, "duration": 5, "velocity": 120}, {"time": 250, "pitch": 67, "duration": 11, "velocity": 106}, {"time": 265, "pitch": 65, "duration": 2, "velocity": 106}, {"time": 268, "pitch": 63, "duration": 1, "velocity": 106}, {"time": 271, "pitch": 65, "duration": 1, "velocity": 109}, {"time": 274, "pitch": 65, "duration": 1, "velocity": 109}, {"time": 277, "pitch": 65, "duration": 1, "velocity": 106}, {"time": 280, "pitch": 67, "duration": 1, "velocity": 123}, {"time": 283, "pitch": 65, "duration": 3, "velocity": 109}, {"time": 289, "pitch": 62, "duration": 2, "velocity": 107}, {"time": 292, "pitch": 65, "duration": 5, "velocity": 104}, {"time": 298, "pitch": 63, "duration": 10, "velocity": 112}, {"time": 313, "pitch": 60, "duration": 1, "velocity": 106}, {"time": 316, "pitch": 62, "duration": 1, "velocity": 113}, {"time": 319, "pitch": 63, "duration": 12, "velocity": 109}, {"time": 337, "pitch": 62, "duration": 1, "velocity": 117}, {"time": 340, "pitch": 63, "duration": 2, "velocity": 106}, {"time": 343, "pitch": 67, "duration": 2, "velocity": 120}, {"time": 346, "pitch": 65, "duration": 11, "velocity": 104}, {"time": 361, "pitch": 63, "duration": 2, "velocity": 101}, {"time": 364, "pitch": 65, "duration": 2, "velocity": 104}, {"time": 367, "pitch": 67, "duration": 2, "velocity": 113}, {"time": 370, "pitch": 67, "duration": 1, "velocity": 110}, {"time": 373, "pitch": 67, "duration": 1, "velocity": 110}, {"time": 376, "pitch": 68, "duration": 2, "velocity": 104}, {"time": 379, "pitch": 67, "duration": 5, "velocity": 120}, {"time": 385, "pitch": 63, "duration": 2, "velocity": 106}, {"time": 388, "pitch": 65, "duration": 5, "velocity": 109}, {"time": 394, "pitch": 67, "duration": 11, "velocity": 117}, {"time": 409, "pitch": 60, "duration": 2, "velocity": 106}, {"time": 412, "pitch": 60, "duration": 2, "velocity": 106}, {"time": 415, "pitch": 67, "duration": 1, "velocity": 117}, {"time": 418, "pitch": 67, "duration": 1, "velocity": 117}, {"time": 421, "pitch": 67, "duration": 2, "velocity": 117}, {"time": 424, "pitch": 68, "duration": 2, "velocity": 109}, {"time": 427, "pitch": 70, "duration": 4, "velocity": 106}, {"time": 433, "pitch": 67, "duration": 2, "velocity": 113}, {"time": 436, "pitch": 63, "duration": 1, "velocity": 104}, {"time": 439, "pitch": 67, "duration": 5, "velocity": 117}, {"time": 445, "pitch": 65, "duration": 7, "velocity": 112}, {"time": 454, "pitch": 70, "duration": 3, "velocity": 112}, {"time": 460, "pitch": 67, "duration": 2, "velocity": 117}, {"time": 463, "pitch": 65, "duration": 1, "velocity": 104}, {"time": 466, "pitch": 65, "duration": 1, "velocity": 104}, {"time": 469, "pitch": 65, "duration": 1, "velocity": 106}, {"time": 472, "pitch": 67, "duration": 2, "velocity": 117}, {"time": 475, "pitch": 65, "duration": 3, "velocity": 112}, {"time": 481, "pitch": 58, "duration": 2, "velocity": 106}, {"time": 484, "pitch": 65, "duration": 4, "velocity": 106}, {"time": 490, "pitch": 63, "duration": 9, "velocity": 106}, {"time": 505, "pitch": 60, "duration": 2, "velocity": 109}, {"time": 508, "pitch": 62, "duration": 2, "velocity": 113}, {"time": 511, "pitch": 63, "duration": 16, "velocity": 112}, {"time": 532, "pitch": 62, "duration": 2, "velocity": 107}, {"time": 535, "pitch": 63, "duration": 4, "velocity": 109}, {"time": 541, "pitch": 62, "duration": 2, "velocity": 113}, {"time": 544, "pitch": 62, "duration": 4, "velocity": 117}, {"time": 550, "pitch": 65, "duration": 4, "velocity": 106}, {"time": 556, "pitch": 65, "duration": 5, "velocity": 106}, {"time": 562, "pitch": 63, "duration": 28, "velocity": 106}, {"time": 595, "pitch": 67, "duration": 3, "velocity": 120}, {"time": 601, "pitch": 68, "duration": 3, "velocity": 112}, {"time": 604, "pitch": 70, "duration": 2, "velocity": 109}, {"time": 607, "pitch": 72, "duration": 13, "velocity": 109}, {"time": 625, "pitch": 67, "duration": 2, "velocity": 104}, {"time": 628, "pitch": 65, "duration": 11, "velocity": 117}, {"time": 649, "pitch": 67, "duration": 2, "velocity": 120}, {"time": 652, "pitch": 68, "duration": 2, "velocity": 109}, {"time": 655, "pitch": 70, "duration": 5, "velocity": 109}, {"time": 661, "pitch": 72, "duration": 2, "velocity": 101}, {"time": 664, "pitch": 70, "duration": 7, "velocity": 106}, {"time": 673, "pitch": 68, "duration": 2, "velocity": 99}, {"time": 676, "pitch": 67, "duration": 12, "velocity": 113}, {"time": 697, "pitch": 67, "duration": 2, "velocity": 117}, {"time": 700, "pitch": 68, "duration": 1, "velocity": 99}, {"time": 703, "pitch": 70, "duration": 4, "velocity": 109}, {"time": 709, "pitch": 63, "duration": 2, "velocity": 109}, {"time": 712, "pitch": 63, "duration": 4, "velocity": 109}, {"time": 721, "pitch": 67, "duration": 2, "velocity": 117}, {"time": 724, "pitch": 68, "duration": 1, "velocity": 109}, {"time": 727, "pitch": 70, "duration": 4, "velocity": 109}, {"time": 733, "pitch": 68, "duration": 2, "velocity": 106}, {"time": 736, "pitch": 67, "duration": 7, "velocity": 113}, {"time": 745, "pitch": 65, "duration": 5, "velocity": 109}, {"time": 751, "pitch": 67, "duration": 16, "velocity": 120}, {"time": 769, "pitch": 68, "duration": 2, "velocity": 112}, {"time": 772, "pitch": 70, "duration": 12, "velocity": 112}, {"time": 786, "pitch": 67, "duration": 4, "velocity": 120}, {"time": 791, "pitch": 68, "duration": 2, "velocity": 109}, {"time": 795, "pitch": 70, "duration": 2, "velocity": 109}, {"time": 799, "pitch": 72, "duration": 16, "velocity": 109}, {"time": 817, "pitch": 75, "duration": 4, "velocity": 112}, {"time": 823, "pitch": 71, "duration": 13, "velocity": 117}, {"time": 841, "pitch": 75, "duration": 4, "velocity": 112}, {"time": 847, "pitch": 70, "duration": 4, "velocity": 112}, {"time": 853, "pitch": 72, "duration": 4, "velocity": 112}, {"time": 859, "pitch": 70, "duration": 5, "velocity": 109}, {"time": 865, "pitch": 68, "duration": 2, "velocity": 104}, {"time": 868, "pitch": 67, "duration": 12, "velocity": 110}, {"time": 889, "pitch": 67, "duration": 2, "velocity": 113}, {"time": 892, "pitch": 68, "duration": 2, "velocity": 106}, {"time": 895, "pitch": 70, "duration": 3, "velocity": 112}, {"time": 901, "pitch": 63, "duration": 1, "velocity": 104}, {"time": 904, "pitch": 63, "duration": 10, "velocity": 109}, {"time": 916, "pitch": 63, "duration": 2, "velocity": 106}, {"time": 919, "pitch": 65, "duration": 12, "velocity": 106}, {"time": 937, "pitch": 63, "duration": 5, "velocity": 109}, {"time": 943, "pitch": 65, "duration": 6, "velocity": 106}, {"time": 949, "pitch": 63, "duration": 39, "velocity": 106}, {"time": 1171, "pitch": 63, "duration": 4, "velocity": 109}, {"time": 1177, "pitch": 65, "duration": 4, "velocity": 104}, {"time": 1183, "pitch": 67, "duration": 2, "velocity": 110}, {"time": 1186, "pitch": 67, "duration": 1, "velocity": 110}, {"time": 1189, "pitch": 67, "duration": 1, "velocity": 113}, {"time": 1192, "pitch": 68, "duration": 2, "velocity": 101}, {"time": 1195, "pitch": 67, "duration": 3, "velocity": 117}, {"time": 1201, "pitch": 63, "duration": 1, "velocity": 106}, {"time": 1204, "pitch": 65, "duration": 5, "velocity": 120}, {"time": 1210, "pitch": 67, "duration": 11, "velocity": 106}, {"time": 1225, "pitch": 65, "duration": 2, "velocity": 106}, {"time": 1228, "pitch": 63, "duration": 1, "velocity": 106}, {"time": 1231, "pitch": 65, "duration": 1, "velocity": 109}, {"time": 1234, "pitch": 65, "duration": 1, "velocity": 109}, {"time": 1237, "pitch": 65, "duration": 1, "velocity": 106}, {"time": 1240, "pitch": 67, "duration": 1, "velocity": 123}, {"time": 1243, "pitch": 65, "duration": 3, "velocity": 109}, {"time": 1249, "pitch": 62, "duration": 2, "velocity": 107}, {"time": 1252, "pitch": 65, "duration": 5, "velocity": 104}, {"time": 1258, "pitch": 63, "duration": 10, "velocity": 112}, {"time": 1273, "pitch": 60, "duration": 1, "velocity": 106}, {"time": 1276, "pitch": 62, "duration": 1, "velocity": 113}, {"time": 1279, "pitch": 63, "duration": 12, "velocity": 109}, {"time": 1297, "pitch": 62, "duration": 1, "velocity": 117}, {"time": 1300, "pitch": 63, "duration": 2, "velocity": 106}, {"time": 1303, "pitch": 67, "duration": 2, "velocity": 120}, {"time": 1306, "pitch": 65, "duration": 11, "velocity": 104}, {"time": 1321, "pitch": 63, "duration": 2, "velocity": 101}, {"time": 1324, "pitch": 65, "duration": 2, "velocity": 104}, {"time": 1327, "pitch": 67, "duration": 2, "velocity": 113}, {"time": 1330, "pitch": 67, "duration": 1, "velocity": 110}, {"time": 1333, "pitch": 67, "duration": 1, "velocity": 110}, {"time": 1336, "pitch": 68, "duration": 2, "velocity": 104}, {"time": 1339, "pitch": 67, "duration": 5, "velocity": 120}, {"time": 1345, "pitch": 63, "duration": 2, "velocity": 106}, {"time": 1348, "pitch": 65, "duration": 5, "velocity": 109}, {"time": 1354, "pitch": 67, "duration": 11, "velocity": 117}, {"time": 1369, "pitch": 60, "duration": 2, "velocity": 106}, {"time": 1372, "pitch": 60, "duration": 2, "velocity": 106}, {"time": 1375, "pitch": 67, "duration": 1, "velocity": 117}, {"time": 1378, "pitch": 67, "duration": 1, "velocity": 117}, {"time": 1381, "pitch": 67, "duration": 2, "velocity": 117}, {"time": 1384, "pitch": 68, "duration": 2, "velocity": 109}, {"time": 1387, "pitch": 70, "duration": 4, "velocity": 106}, {"time": 1393, "pitch": 67, "duration": 2, "velocity": 113}, {"time": 1396, "pitch": 63, "duration": 1, "velocity": 104}, {"time": 1399, "pitch": 67, "duration": 5, "velocity": 117}, {"time": 1405, "pitch": 65, "duration": 7, "velocity": 112}, {"time": 1414, "pitch": 70, "duration": 3, "velocity": 112}, {"time": 1420, "pitch": 67, "duration": 2, "velocity": 117}, {"time": 1423, "pitch": 65, "duration": 1, "velocity": 104}, {"time": 1426, "pitch": 65, "duration": 1, "velocity": 104}, {"time": 1429, "pitch": 65, "duration": 1, "velocity": 106}, {"time": 1432, "pitch": 67, "duration": 2, "velocity": 117}, {"time": 1435, "pitch": 65, "duration": 3, "velocity": 112}, {"time": 1441, "pitch": 58, "duration": 2, "velocity": 106}, {"time": 1444, "pitch": 65, "duration": 4, "velocity": 106}, {"time": 1450, "pitch": 63, "duration": 9, "velocity": 106}, {"time": 1465, "pitch": 60, "duration": 2, "velocity": 109}, {"time": 1468, "pitch": 62, "duration": 2, "velocity": 113}, {"time": 1471, "pitch": 63, "duration": 16, "velocity": 112}, {"time": 1492, "pitch": 62, "duration": 2, "velocity": 107}, {"time": 1495, "pitch": 63, "duration": 4, "velocity": 109}, {"time": 1501, "pitch": 62, "duration": 2, "velocity": 113}, {"time": 1504, "pitch": 62, "duration": 4, "velocity": 117}, {"time": 1510, "pitch": 65, "duration": 4, "velocity": 106}, {"time": 1516, "pitch": 65, "duration": 5, "velocity": 106}, {"time": 1522, "pitch": 63, "duration": 28, "velocity": 106}, {"time": 1555, "pitch": 67, "duration": 3, "velocity": 120}, {"time": 1561, "pitch": 68, "duration": 3, "velocity": 112}, {"time": 1564, "pitch": 70, "duration": 2, "velocity": 109}, {"time": 1567, "pitch": 72, "duration": 13, "velocity": 109}, {"time": 1585, "pitch": 67, "duration": 2, "velocity": 104}, {"time": 1588, "pitch": 65, "duration": 11, "velocity": 117}, {"time": 1609, "pitch": 67, "duration": 2, "velocity": 120}, {"time": 1612, "pitch": 68, "duration": 2, "velocity": 109}, {"time": 1615, "pitch": 70, "duration": 5, "velocity": 109}, {"time": 1621, "pitch": 72, "duration": 2, "velocity": 101}, {"time": 1624, "pitch": 70, "duration": 7, "velocity": 106}, {"time": 1633, "pitch": 68, "duration": 2, "velocity": 99}, {"time": 1636, "pitch": 67, "duration": 12, "velocity": 113}, {"time": 1657, "pitch": 67, "duration": 2, "velocity": 117}, {"time": 1660, "pitch": 68, "duration": 1, "velocity": 99}, {"time": 1663, "pitch": 70, "duration": 4, "velocity": 109}, {"time": 1669, "pitch": 63, "duration": 2, "velocity": 109}, {"time": 1672, "pitch": 63, "duration": 4, "velocity": 109}, {"time": 1681, "pitch": 67, "duration": 2, "velocity": 117}, {"time": 1684, "pitch": 68, "duration": 1, "velocity": 109}, {"time": 1687, "pitch": 70, "duration": 4, "velocity": 109}, {"time": 1693, "pitch": 68, "duration": 2, "velocity": 106}, {"time": 1696, "pitch": 67, "duration": 7, "velocity": 113}, {"time": 1705, "pitch": 65, "duration": 5, "velocity": 109}, {"time": 1711, "pitch": 67, "duration": 16, "velocity": 120}, {"time": 1729, "pitch": 68, "duration": 2, "velocity": 112}, {"time": 1732, "pitch": 70, "duration": 12, "velocity": 112}, {"time": 1746, "pitch": 67, "duration": 4, "velocity": 120}, {"time": 1751, "pitch": 68, "duration": 2, "velocity": 109}, {"time": 1755, "pitch": 70, "duration": 2, "velocity": 109}, {"time": 1759, "pitch": 72, "duration": 16, "velocity": 109}, {"time": 1777, "pitch": 75, "duration": 4, "velocity": 112}, {"time": 1783, "pitch": 71, "duration": 13, "velocity": 117}, {"time": 1801, "pitch": 75, "duration": 4, "velocity": 112}, {"time": 1807, "pitch": 70, "duration": 4, "velocity": 112}, {"time": 1813, "pitch": 72, "duration": 4, "velocity": 112}, {"time": 1819, "pitch": 70, "duration": 5, "velocity": 109}, {"time": 1825, "pitch": 68, "duration": 2, "velocity": 104}, {"time": 1828, "pitch": 67, "duration": 12, "velocity": 110}, {"time": 1849, "pitch": 67, "duration": 2, "velocity": 113}, {"time": 1852, "pitch": 68, "duration": 2, "velocity": 106}, {"time": 1855, "pitch": 70, "duration": 3, "velocity": 112}, {"time": 1861, "pitch": 63, "duration": 1, "velocity": 104}, {"time": 1864, "pitch": 63, "duration": 10, "velocity": 109}, {"time": 1876, "pitch": 63, "duration": 2, "velocity": 106}, {"time": 1879, "pitch": 65, "duration": 12, "velocity": 106}, {"time": 1897, "pitch": 63, "duration": 5, "velocity": 109}, {"time": 1903, "pitch": 65, "duration": 6, "velocity": 106}, {"time": 1909, "pitch": 63, "duration": 24, "velocity": 106}, {"time": 1939, "pitch": 67, "duration": 3, "velocity": 120}, {"time": 1945, "pitch": 68, "duration": 3, "velocity": 112}, {"time": 1948, "pitch": 70, "duration": 2, "velocity": 109}, {"time": 1951, "pitch": 72, "duration": 13, "velocity": 109}, {"time": 1969, "pitch": 67, "duration": 2, "velocity": 104}, {"time": 1972, "pitch": 65, "duration": 11, "velocity": 117}, {"time": 1993, "pitch": 67, "duration": 2, "velocity": 120}, {"time": 1996, "pitch": 68, "duration": 2, "velocity": 109}, {"time": 1999, "pitch": 70, "duration": 5, "velocity": 109}, {"time": 2005, "pitch": 72, "duration": 2, "velocity": 101}, {"time": 2008, "pitch": 70, "duration": 7, "velocity": 106}, {"time": 2017, "pitch": 68, "duration": 2, "velocity": 99}, {"time": 2020, "pitch": 67, "duration": 12, "velocity": 113}, {"time": 2041, "pitch": 67, "duration": 2, "velocity": 117}, {"time": 2044, "pitch": 68, "duration": 1, "velocity": 99}, {"time": 2047, "pitch": 70, "duration": 4, "velocity": 109}, {"time": 2053, "pitch": 63, "duration": 2, "velocity": 109}, {"time": 2056, "pitch": 63, "duration": 4, "velocity": 109}, {"time": 2065, "pitch": 67, "duration": 2, "velocity": 117}, {"time": 2068, "pitch": 68, "duration": 1, "velocity": 109}, {"time": 2071, "pitch": 70, "duration": 4, "velocity": 109}, {"time": 2077, "pitch": 68, "duration": 2, "velocity": 106}, {"time": 2080, "pitch": 67, "duration": 7, "velocity": 113}, {"time": 2089, "pitch": 65, "duration": 5, "velocity": 109}, {"time": 2095, "pitch": 67, "duration": 16, "velocity": 120}, {"time": 2113, "pitch": 68, "duration": 2, "velocity": 112}, {"time": 2116, "pitch": 70, "duration": 12, "velocity": 112}, {"time": 2130, "pitch": 67, "duration": 4, "velocity": 120}, {"time": 2135, "pitch": 68, "duration": 2, "velocity": 109}, {"time": 2139, "pitch": 70, "duration": 2, "velocity": 109}, {"time": 2143, "pitch": 72, "duration": 16, "velocity": 109}, {"time": 2161, "pitch": 75, "duration": 4, "velocity": 112}, {"time": 2167, "pitch": 71, "duration": 13, "velocity": 117}, {"time": 2185, "pitch": 75, "duration": 4, "velocity": 112}, {"time": 2191, "pitch": 70, "duration": 4, "velocity": 112}, {"time": 2197, "pitch": 72, "duration": 4, "velocity": 112}, {"time": 2203, "pitch": 70, "duration": 5, "velocity": 109}, {"time": 2209, "pitch": 68, "duration": 2, "velocity": 104}, {"time": 2212, "pitch": 67, "duration": 12, "velocity": 110}, {"time": 2233, "pitch": 67, "duration": 2, "velocity": 113}, {"time": 2236, "pitch": 68, "duration": 2, "velocity": 106}, {"time": 2239, "pitch": 70, "duration": 3, "velocity": 112}, {"time": 2245, "pitch": 63, "duration": 1, "velocity": 104}, {"time": 2248, "pitch": 63, "duration": 10, "velocity": 109}, {"time": 2260, "pitch": 63, "duration": 2, "velocity": 106}, {"time": 2263, "pitch": 65, "duration": 12, "velocity": 106}, {"time": 2281, "pitch": 63, "duration": 5, "velocity": 109}, {"time": 2287, "pitch": 65, "duration": 6, "velocity": 106}, {"time": 2293, "pitch": 63, "duration": 39, "velocity": 106}, {"time": 2329, "pitch": 67, "duration": 2, "velocity": 113}, {"time": 2332, "pitch": 68, "duration": 2, "velocity": 106}, {"time": 2337, "pitch": 70, "duration": 5, "velocity": 112}, {"time": 2348, "pitch": 63, "duration": 1, "velocity": 96}, {"time": 2351, "pitch": 63, "duration": 6, "velocity": 106}, {"time": 2361, "pitch": 63, "duration": 1, "velocity": 106}, {"time": 2364, "pitch": 65, "duration": 5, "velocity": 109}, {"time": 2393, "pitch": 63, "duration": 3, "velocity": 109}, {"time": 2398, "pitch": 63, "duration": 26, "velocity": 96}]}, {"program": 0, "is_drum": false, "name": "BRIDGE", "notes": [{"time": 19, "pitch": 75, "duration": 5, "velocity": 115}, {"time": 25, "pitch": 77, "duration": 4, "velocity": 112}, {"time": 31, "pitch": 79, "duration": 6, "velocity": 123}, {"time": 37, "pitch": 77, "duration": 2, "velocity": 104}, {"time": 40, "pitch": 79, "duration": 5, "velocity": 123}, {"time": 46, "pitch": 84, "duration": 5, "velocity": 115}, {"time": 52, "pitch": 79, "duration": 19, "velocity": 120}, {"time": 73, "pitch": 77, "duration": 3, "velocity": 101}, {"time": 76, "pitch": 75, "duration": 2, "velocity": 115}, {"time": 79, "pitch": 77, "duration": 5, "velocity": 112}, {"time": 85, "pitch": 75, "duration": 2, "velocity": 115}, {"time": 88, "pitch": 77, "duration": 5, "velocity": 112}, {"time": 94, "pitch": 82, "duration": 5, "velocity": 115}, {"time": 100, "pitch": 77, "duration": 18, "velocity": 112}, {"time": 121, "pitch": 72, "duration": 2, "velocity": 109}, {"time": 124, "pitch": 74, "duration": 2, "velocity": 120}, {"time": 127, "pitch": 75, "duration": 14, "velocity": 115}, {"time": 145, "pitch": 74, "duration": 2, "velocity": 117}, {"time": 148, "pitch": 75, "duration": 2, "velocity": 112}, {"time": 151, "pitch": 77, "duration": 24, "velocity": 109}, {"time": 295, "pitch": 87, "duration": 3, "velocity": 115}, {"time": 298, "pitch": 86, "duration": 3, "velocity": 117}, {"time": 301, "pitch": 82, "duration": 2, "velocity": 112}, {"time": 304, "pitch": 77, "duration": 9, "velocity": 106}, {"time": 310, "pitch": 74, "duration": 9, "velocity": 101}, {"time": 319, "pitch": 75, "duration": 17, "velocity": 101}, {"time": 616, "pitch": 72, "duration": 4, "velocity": 82}, {"time": 619, "pitch": 75, "duration": 13, "velocity": 99}, {"time": 640, "pitch": 71, "duration": 15, "velocity": 93}, {"time": 643, "pitch": 75, "duration": 12, "velocity": 94}, {"time": 682, "pitch": 60, "duration": 3, "velocity": 96}, {"time": 685, "pitch": 62, "duration": 3, "velocity": 110}, {"time": 688, "pitch": 65, "duration": 12, "velocity": 106}, {"time": 757, "pitch": 67, "duration": 3, "velocity": 104}, {"time": 760, "pitch": 70, "duration": 3, "velocity": 104}, {"time": 763, "pitch": 65, "duration": 5, "velocity": 96}, {"time": 769, "pitch": 63, "duration": 5, "velocity": 109}, {"time": 775, "pitch": 67, "duration": 13, "velocity": 107}, {"time": 979, "pitch": 79, "duration": 3, "velocity": 117}, {"time": 983, "pitch": 80, "duration": 3, "velocity": 115}, {"time": 987, "pitch": 82, "duration": 3, "velocity": 109}, {"time": 991, "pitch": 84, "duration": 16, "velocity": 115}, {"time": 1008, "pitch": 79, "duration": 6, "velocity": 117}, {"time": 1014, "pitch": 77, "duration": 15, "velocity": 109}, {"time": 1033, "pitch": 79, "duration": 2, "velocity": 120}, {"time": 1036, "pitch": 80, "duration": 1, "velocity": 115}, {"time": 1039, "pitch": 82, "duration": 4, "velocity": 115}, {"time": 1044, "pitch": 84, "duration": 2, "velocity": 112}, {"time": 1047, "pitch": 82, "duration": 8, "velocity": 115}, {"time": 1054, "pitch": 80, "duration": 5, "velocity": 115}, {"time": 1060, "pitch": 79, "duration": 17, "velocity": 123}, {"time": 1081, "pitch": 67, "duration": 3, "velocity": 117}, {"time": 1084, "pitch": 68, "duration": 2, "velocity": 109}, {"time": 1087, "pitch": 70, "duration": 5, "velocity": 115}, {"time": 1093, "pitch": 63, "duration": 2, "velocity": 112}, {"time": 1096, "pitch": 63, "duration": 7, "velocity": 118}, {"time": 1105, "pitch": 67, "duration": 3, "velocity": 120}, {"time": 1108, "pitch": 68, "duration": 2, "velocity": 112}, {"time": 1111, "pitch": 58, "duration": 4, "velocity": 109}, {"time": 1111, "pitch": 70, "duration": 12, "velocity": 115}, {"time": 1115, "pitch": 59, "duration": 4, "velocity": 97}, {"time": 1120, "pitch": 65, "duration": 3, "velocity": 112}, {"time": 1123, "pitch": 63, "duration": 3, "velocity": 102}, {"time": 1127, "pitch": 70, "duration": 3, "velocity": 99}, {"time": 1130, "pitch": 68, "duration": 3, "velocity": 105}, {"time": 1135, "pitch": 63, "duration": 3, "velocity": 123}, {"time": 1140, "pitch": 65, "duration": 2, "velocity": 118}, {"time": 1143, "pitch": 63, "duration": 2, "velocity": 112}, {"time": 1147, "pitch": 70, "duration": 3, "velocity": 118}, {"time": 1151, "pitch": 68, "duration": 6, "velocity": 115}, {"time": 1159, "pitch": 82, "duration": 17, "velocity": 106}, {"time": 1160, "pitch": 94, "duration": 16, "velocity": 118}, {"time": 1174, "pitch": 60, "duration": 4, "velocity": 105}, {"time": 1178, "pitch": 62, "duration": 5, "velocity": 105}, {"time": 1183, "pitch": 63, "duration": 18, "velocity": 102}, {"time": 1213, "pitch": 63, "duration": 5, "velocity": 105}, {"time": 1219, "pitch": 65, "duration": 5, "velocity": 105}, {"time": 1224, "pitch": 63, "duration": 6, "velocity": 89}, {"time": 1230, "pitch": 58, "duration": 14, "velocity": 89}, {"time": 1261, "pitch": 62, "duration": 5, "velocity": 99}, {"time": 1266, "pitch": 63, "duration": 6, "velocity": 100}, {"time": 1273, "pitch": 67, "duration": 5, "velocity": 112}, {"time": 1279, "pitch": 60, "duration": 12, "velocity": 108}, {"time": 1303, "pitch": 62, "duration": 12, "velocity": 96}, {"time": 1315, "pitch": 63, "duration": 5, "velocity": 105}, {"time": 1321, "pitch": 65, "duration": 4, "velocity": 92}, {"time": 1327, "pitch": 67, "duration": 22, "velocity": 90}, {"time": 1363, "pitch": 67, "duration": 5, "velocity": 99}, {"time": 1369, "pitch": 68, "duration": 1, "velocity": 97}, {"time": 1372, "pitch": 70, "duration": 2, "velocity": 94}, {"time": 1375, "pitch": 72, "duration": 21, "velocity": 105}, {"time": 1399, "pitch": 71, "duration": 16, "velocity": 87}, {"time": 1435, "pitch": 65, "duration": 6, "velocity": 84}, {"time": 1441, "pitch": 67, "duration": 5, "velocity": 96}, {"time": 1447, "pitch": 63, "duration": 9, "velocity": 78}, {"time": 1539, "pitch": 65, "duration": 5, "velocity": 105}, {"time": 1545, "pitch": 67, "duration": 6, "velocity": 102}, {"time": 1552, "pitch": 68, "duration": 4, "velocity": 111}, {"time": 1558, "pitch": 70, "duration": 7, "velocity": 108}, {"time": 1567, "pitch": 72, "duration": 6, "velocity": 111}, {"time": 1576, "pitch": 72, "duration": 4, "velocity": 82}, {"time": 1579, "pitch": 75, "duration": 13, "velocity": 99}, {"time": 1600, "pitch": 71, "duration": 15, "velocity": 93}, {"time": 1603, "pitch": 75, "duration": 12, "velocity": 94}, {"time": 1642, "pitch": 60, "duration": 3, "velocity": 96}, {"time": 1645, "pitch": 62, "duration": 3, "velocity": 110}, {"time": 1648, "pitch": 65, "duration": 12, "velocity": 106}, {"time": 1717, "pitch": 67, "duration": 3, "velocity": 104}, {"time": 1720, "pitch": 70, "duration": 3, "velocity": 104}, {"time": 1723, "pitch": 65, "duration": 5, "velocity": 96}, {"time": 1729, "pitch": 63, "duration": 5, "velocity": 109}, {"time": 1735, "pitch": 67, "duration": 13, "velocity": 107}, {"time": 1747, "pitch": 63, "duration": 4, "velocity": 109}, {"time": 1751, "pitch": 65, "duration": 3, "velocity": 109}, {"time": 1755, "pitch": 67, "duration": 3, "velocity": 113}, {"time": 1759, "pitch": 68, "duration": 14, "velocity": 101}, {"time": 1759, "pitch": 63, "duration": 14, "velocity": 106}, {"time": 1834, "pitch": 70, "duration": 4, "velocity": 104}, {"time": 1837, "pitch": 74, "duration": 2, "velocity": 113}, {"time": 1840, "pitch": 75, "duration": 4, "velocity": 112}, {"time": 1843, "pitch": 74, "duration": 3, "velocity": 120}, {"time": 1846, "pitch": 70, "duration": 2, "velocity": 109}, {"time": 1849, "pitch": 67, "duration": 5, "velocity": 117}, {"time": 1855, "pitch": 63, "duration": 20, "velocity": 94}, {"time": 1855, "pitch": 68, "duration": 21, "velocity": 94}, {"time": 1951, "pitch": 87, "duration": 19, "velocity": 114}, {"time": 1972, "pitch": 91, "duration": 2, "velocity": 99}, {"time": 1975, "pitch": 89, "duration": 12, "velocity": 111}, {"time": 1987, "pitch": 89, "duration": 4, "velocity": 111}, {"time": 1993, "pitch": 87, "duration": 5, "velocity": 111}, {"time": 1999, "pitch": 82, "duration": 17, "velocity": 117}, {"time": 2017, "pitch": 86, "duration": 5, "velocity": 102}, {"time": 2023, "pitch": 86, "duration": 7, "velocity": 109}, {"time": 2032, "pitch": 82, "duration": 8, "velocity": 117}, {"time": 2040, "pitch": 79, "duration": 3, "velocity": 109}, {"time": 2044, "pitch": 80, "duration": 1, "velocity": 92}, {"time": 2047, "pitch": 82, "duration": 18, "velocity": 114}, {"time": 2071, "pitch": 83, "duration": 11, "velocity": 109}, {"time": 2083, "pitch": 82, "duration": 4, "velocity": 108}, {"time": 2089, "pitch": 80, "duration": 5, "velocity": 108}, {"time": 2095, "pitch": 82, "duration": 8, "velocity": 102}, {"time": 2101, "pitch": 79, "duration": 3, "velocity": 104}, {"time": 2104, "pitch": 82, "duration": 3, "velocity": 104}, {"time": 2107, "pitch": 77, "duration": 5, "velocity": 96}, {"time": 2113, "pitch": 75, "duration": 5, "velocity": 109}, {"time": 2119, "pitch": 79, "duration": 13, "velocity": 107}, {"time": 2131, "pitch": 75, "duration": 4, "velocity": 109}, {"time": 2135, "pitch": 77, "duration": 3, "velocity": 109}, {"time": 2139, "pitch": 79, "duration": 3, "velocity": 113}, {"time": 2143, "pitch": 80, "duration": 14, "velocity": 101}, {"time": 2143, "pitch": 75, "duration": 14, "velocity": 106}, {"time": 2218, "pitch": 70, "duration": 4, "velocity": 104}, {"time": 2221, "pitch": 74, "duration": 2, "velocity": 113}, {"time": 2224, "pitch": 75, "duration": 4, "velocity": 112}, {"time": 2227, "pitch": 74, "duration": 3, "velocity": 120}, {"time": 2230, "pitch": 70, "duration": 2, "velocity": 109}, {"time": 2233, "pitch": 67, "duration": 5, "velocity": 117}, {"time": 2239, "pitch": 63, "duration": 20, "velocity": 94}, {"time": 2239, "pitch": 68, "duration": 21, "velocity": 94}, {"time": 2411, "pitch": 75, "duration": 9, "velocity": 96}, {"time": 2414, "pitch": 84, "duration": 6, "velocity": 101}, {"time": 2417, "pitch": 89, "duration": 5, "velocity": 89}, {"time": 2420, "pitch": 94, "duration": 6, "velocity": 109}, {"time": 2423, "pitch": 84, "duration": 6, "velocity": 101}, {"time": 2426, "pitch": 89, "duration": 14, "velocity": 94}, {"time": 2429, "pitch": 94, "duration": 11, "velocity": 106}, {"time": 2435, "pitch": 75, "duration": 12, "velocity": 82}, {"time": 2440, "pitch": 84, "duration": 6, "velocity": 101}, {"time": 2443, "pitch": 89, "duration": 6, "velocity": 89}, {"time": 2446, "pitch": 94, "duration": 6, "velocity": 109}, {"time": 2449, "pitch": 84, "duration": 7, "velocity": 104}, {"time": 2452, "pitch": 89, "duration": 8, "velocity": 87}, {"time": 2456, "pitch": 94, "duration": 5, "velocity": 104}, {"time": 2464, "pitch": 75, "duration": 11, "velocity": 94}, {"time": 2468, "pitch": 82, "duration": 5, "velocity": 94}, {"time": 2471, "pitch": 87, "duration": 6, "velocity": 87}, {"time": 2474, "pitch": 94, "duration": 7, "velocity": 109}, {"time": 2477, "pitch": 82, "duration": 6, "velocity": 89}, {"time": 2481, "pitch": 87, "duration": 8, "velocity": 91}, {"time": 2484, "pitch": 94, "duration": 6, "velocity": 94}, {"time": 2492, "pitch": 75, "duration": 8, "velocity": 94}, {"time": 2495, "pitch": 82, "duration": 6, "velocity": 96}, {"time": 2498, "pitch": 87, "duration": 6, "velocity": 99}, {"time": 2501, "pitch": 94, "duration": 6, "velocity": 109}, {"time": 2504, "pitch": 82, "duration": 6, "velocity": 96}, {"time": 2507, "pitch": 87, "duration": 6, "velocity": 96}, {"time": 2510, "pitch": 94, "duration": 3, "velocity": 104}, {"time": 2517, "pitch": 75, "duration": 14, "velocity": 66}, {"time": 2521, "pitch": 82, "duration": 6, "velocity": 85}, {"time": 2524, "pitch": 87, "duration": 6, "velocity": 89}, {"time": 2527, "pitch": 94, "duration": 8, "velocity": 106}, {"time": 2531, "pitch": 82, "duration": 10, "velocity": 80}, {"time": 2534, "pitch": 87, "duration": 8, "velocity": 94}, {"time": 2538, "pitch": 94, "duration": 4, "velocity": 99}, {"time": 2543, "pitch": 75, "duration": 13, "velocity": 66}, {"time": 2546, "pitch": 82, "duration": 7, "velocity": 85}, {"time": 2549, "pitch": 87, "duration": 6, "velocity": 89}, {"time": 2552, "pitch": 94, "duration": 8, "velocity": 106}, {"time": 2556, "pitch": 82, "duration": 10, "velocity": 80}, {"time": 2560, "pitch": 87, "duration": 7, "velocity": 94}, {"time": 2563, "pitch": 94, "duration": 10, "velocity": 99}, {"time": 2571, "pitch": 68, "duration": 14, "velocity": 80}, {"time": 2574, "pitch": 75, "duration": 9, "velocity": 87}, {"time": 2577, "pitch": 80, "duration": 4, "velocity": 99}, {"time": 2581, "pitch": 87, "duration": 7, "velocity": 106}, {"time": 2584, "pitch": 75, "duration": 8, "velocity": 101}, {"time": 2587, "pitch": 80, "duration": 4, "velocity": 104}, {"time": 2590, "pitch": 87, "duration": 9, "velocity": 99}, {"time": 2596, "pitch": 68, "duration": 12, "velocity": 74}, {"time": 2600, "pitch": 75, "duration": 8, "velocity": 99}, {"time": 2603, "pitch": 80, "duration": 4, "velocity": 106}, {"time": 2606, "pitch": 87, "duration": 8, "velocity": 104}, {"time": 2610, "pitch": 75, "duration": 12, "velocity": 96}, {"time": 2613, "pitch": 80, "duration": 18, "velocity": 99}, {"time": 2617, "pitch": 87, "duration": 21, "velocity": 89}]}, {"program": 0, "is_drum": false, "name": "PIANO", "notes": [{"time": 31, "pitch": 56, "duration": 40, "velocity": 94}, {"time": 31, "pitch": 63, "duration": 40, "velocity": 91}, {"time": 31, "pitch": 68, "duration": 39, "velocity": 89}, {"time": 31, "pitch": 72, "duration": 40, "velocity": 91}, {"time": 79, "pitch": 55, "duration": 33, "velocity": 93}, {"time": 79, "pitch": 62, "duration": 33, "velocity": 96}, {"time": 79, "pitch": 67, "duration": 33, "velocity": 101}, {"time": 79, "pitch": 70, "duration": 34, "velocity": 101}, {"time": 127, "pitch": 53, "duration": 15, "velocity": 106}, {"time": 127, "pitch": 65, "duration": 8, "velocity": 94}, {"time": 127, "pitch": 68, "duration": 9, "velocity": 99}, {"time": 133, "pitch": 60, "duration": 9, "velocity": 74}, {"time": 139, "pitch": 63, "duration": 12, "velocity": 106}, {"time": 139, "pitch": 68, "duration": 12, "velocity": 101}, {"time": 151, "pitch": 46, "duration": 58, "velocity": 106}, {"time": 154, "pitch": 55, "duration": 4, "velocity": 91}, {"time": 154, "pitch": 65, "duration": 2, "velocity": 19}, {"time": 157, "pitch": 56, "duration": 62, "velocity": 104}, {"time": 160, "pitch": 65, "duration": 58, "velocity": 109}, {"time": 221, "pitch": 68, "duration": 18, "velocity": 74}, {"time": 222, "pitch": 72, "duration": 17, "velocity": 94}, {"time": 223, "pitch": 56, "duration": 17, "velocity": 99}, {"time": 223, "pitch": 75, "duration": 17, "velocity": 94}, {"time": 245, "pitch": 68, "duration": 17, "velocity": 74}, {"time": 246, "pitch": 71, "duration": 16, "velocity": 99}, {"time": 247, "pitch": 56, "duration": 16, "velocity": 74}, {"time": 248, "pitch": 80, "duration": 14, "velocity": 94}, {"time": 270, "pitch": 70, "duration": 15, "velocity": 40}, {"time": 270, "pitch": 74, "duration": 15, "velocity": 104}, {"time": 271, "pitch": 55, "duration": 14, "velocity": 104}, {"time": 271, "pitch": 79, "duration": 15, "velocity": 93}, {"time": 294, "pitch": 60, "duration": 18, "velocity": 45}, {"time": 294, "pitch": 63, "duration": 18, "velocity": 94}, {"time": 295, "pitch": 48, "duration": 18, "velocity": 85}, {"time": 295, "pitch": 67, "duration": 17, "velocity": 91}, {"time": 319, "pitch": 44, "duration": 18, "velocity": 99}, {"time": 319, "pitch": 56, "duration": 9, "velocity": 58}, {"time": 319, "pitch": 60, "duration": 9, "velocity": 94}, {"time": 319, "pitch": 63, "duration": 13, "velocity": 101}, {"time": 325, "pitch": 51, "duration": 8, "velocity": 38}, {"time": 331, "pitch": 56, "duration": 6, "velocity": 89}, {"time": 337, "pitch": 63, "duration": 4, "velocity": 96}, {"time": 343, "pitch": 46, "duration": 17, "velocity": 96}, {"time": 343, "pitch": 58, "duration": 8, "velocity": 85}, {"time": 343, "pitch": 62, "duration": 6, "velocity": 93}, {"time": 349, "pitch": 53, "duration": 8, "velocity": 35}, {"time": 355, "pitch": 58, "duration": 8, "velocity": 99}, {"time": 355, "pitch": 65, "duration": 6, "velocity": 96}, {"time": 367, "pitch": 39, "duration": 2, "velocity": 91}, {"time": 367, "pitch": 58, "duration": 3, "velocity": 91}, {"time": 367, "pitch": 67, "duration": 14, "velocity": 83}, {"time": 373, "pitch": 51, "duration": 15, "velocity": 61}, {"time": 379, "pitch": 58, "duration": 9, "velocity": 94}, {"time": 382, "pitch": 63, "duration": 3, "velocity": 91}, {"time": 385, "pitch": 65, "duration": 3, "velocity": 89}, {"time": 388, "pitch": 67, "duration": 2, "velocity": 101}, {"time": 391, "pitch": 48, "duration": 19, "velocity": 99}, {"time": 391, "pitch": 65, "duration": 5, "velocity": 110}, {"time": 394, "pitch": 52, "duration": 3, "velocity": 17}, {"time": 397, "pitch": 55, "duration": 4, "velocity": 101}, {"time": 397, "pitch": 65, "duration": 5, "velocity": 109}, {"time": 403, "pitch": 52, "duration": 4, "velocity": 55}, {"time": 403, "pitch": 64, "duration": 4, "velocity": 110}, {"time": 406, "pitch": 60, "duration": 3, "velocity": 99}, {"time": 409, "pitch": 55, "duration": 1, "velocity": 13}, {"time": 415, "pitch": 44, "duration": 22, "velocity": 101}, {"time": 415, "pitch": 56, "duration": 8, "velocity": 80}, {"time": 415, "pitch": 60, "duration": 8, "velocity": 94}, {"time": 421, "pitch": 51, "duration": 8, "velocity": 66}, {"time": 427, "pitch": 56, "duration": 6, "velocity": 104}, {"time": 427, "pitch": 63, "duration": 6, "velocity": 104}, {"time": 433, "pitch": 51, "duration": 5, "velocity": 80}, {"time": 439, "pitch": 44, "duration": 15, "velocity": 91}, {"time": 439, "pitch": 56, "duration": 9, "velocity": 87}, {"time": 439, "pitch": 59, "duration": 7, "velocity": 93}, {"time": 445, "pitch": 51, "duration": 7, "velocity": 28}, {"time": 451, "pitch": 56, "duration": 2, "velocity": 99}, {"time": 451, "pitch": 59, "duration": 3, "velocity": 117}, {"time": 451, "pitch": 63, "duration": 3, "velocity": 106}, {"time": 463, "pitch": 43, "duration": 13, "velocity": 107}, {"time": 463, "pitch": 58, "duration": 8, "velocity": 91}, {"time": 463, "pitch": 62, "duration": 8, "velocity": 99}, {"time": 469, "pitch": 50, "duration": 7, "velocity": 41}, {"time": 475, "pitch": 58, "duration": 4, "velocity": 104}, {"time": 475, "pitch": 62, "duration": 8, "velocity": 110}, {"time": 475, "pitch": 67, "duration": 12, "velocity": 96}, {"time": 481, "pitch": 58, "duration": 4, "velocity": 96}, {"time": 487, "pitch": 48, "duration": 16, "velocity": 87}, {"time": 487, "pitch": 60, "duration": 8, "velocity": 66}, {"time": 487, "pitch": 63, "duration": 8, "velocity": 94}, {"time": 493, "pitch": 55, "duration": 7, "velocity": 36}, {"time": 499, "pitch": 60, "duration": 3, "velocity": 99}, {"time": 499, "pitch": 63, "duration": 7, "velocity": 101}, {"time": 499, "pitch": 67, "duration": 7, "velocity": 99}, {"time": 511, "pitch": 44, "duration": 15, "velocity": 96}, {"time": 511, "pitch": 56, "duration": 9, "velocity": 89}, {"time": 511, "pitch": 60, "duration": 8, "velocity": 99}, {"time": 517, "pitch": 51, "duration": 7, "velocity": 80}, {"time": 523, "pitch": 56, "duration": 5, "velocity": 96}, {"time": 523, "pitch": 60, "duration": 6, "velocity": 104}, {"time": 523, "pitch": 63, "duration": 6, "velocity": 106}, {"time": 529, "pitch": 51, "duration": 4, "velocity": 89}, {"time": 535, "pitch": 46, "duration": 14, "velocity": 101}, {"time": 535, "pitch": 58, "duration": 8, "velocity": 96}, {"time": 535, "pitch": 62, "duration": 8, "velocity": 99}, {"time": 541, "pitch": 53, "duration": 8, "velocity": 73}, {"time": 547, "pitch": 58, "duration": 5, "velocity": 101}, {"time": 547, "pitch": 62, "duration": 4, "velocity": 113}, {"time": 547, "pitch": 65, "duration": 4, "velocity": 101}, {"time": 559, "pitch": 39, "duration": 1, "velocity": 94}, {"time": 559, "pitch": 58, "duration": 4, "velocity": 91}, {"time": 559, "pitch": 63, "duration": 6, "velocity": 101}, {"time": 559, "pitch": 67, "duration": 8, "velocity": 96}, {"time": 565, "pitch": 51, "duration": 15, "velocity": 71}, {"time": 571, "pitch": 58, "duration": 8, "velocity": 106}, {"time": 577, "pitch": 63, "duration": 4, "velocity": 73}, {"time": 583, "pitch": 51, "duration": 17, "velocity": 80}, {"time": 583, "pitch": 58, "duration": 16, "velocity": 91}, {"time": 583, "pitch": 63, "duration": 8, "velocity": 89}, {"time": 583, "pitch": 67, "duration": 8, "velocity": 96}, {"time": 607, "pitch": 44, "duration": 21, "velocity": 104}, {"time": 607, "pitch": 56, "duration": 8, "velocity": 94}, {"time": 607, "pitch": 60, "duration": 7, "velocity": 101}, {"time": 613, "pitch": 51, "duration": 7, "velocity": 62}, {"time": 619, "pitch": 56, "duration": 6, "velocity": 104}, {"time": 619, "pitch": 60, "duration": 6, "velocity": 109}, {"time": 619, "pitch": 63, "duration": 6, "velocity": 109}, {"time": 625, "pitch": 51, "duration": 4, "velocity": 89}, {"time": 631, "pitch": 44, "duration": 20, "velocity": 106}, {"time": 631, "pitch": 56, "duration": 7, "velocity": 96}, {"time": 631, "pitch": 59, "duration": 9, "velocity": 107}, {"time": 637, "pitch": 51, "duration": 6, "velocity": 62}, {"time": 643, "pitch": 56, "duration": 5, "velocity": 96}, {"time": 643, "pitch": 59, "duration": 5, "velocity": 117}, {"time": 643, "pitch": 63, "duration": 6, "velocity": 104}, {"time": 649, "pitch": 51, "duration": 2, "velocity": 46}, {"time": 655, "pitch": 43, "duration": 14, "velocity": 107}, {"time": 655, "pitch": 58, "duration": 9, "velocity": 101}, {"time": 655, "pitch": 62, "duration": 9, "velocity": 104}, {"time": 661, "pitch": 50, "duration": 8, "velocity": 70}, {"time": 667, "pitch": 58, "duration": 4, "velocity": 109}, {"time": 667, "pitch": 62, "duration": 7, "velocity": 117}, {"time": 667, "pitch": 67, "duration": 10, "velocity": 107}, {"time": 673, "pitch": 58, "duration": 3, "velocity": 96}, {"time": 679, "pitch": 48, "duration": 19, "velocity": 101}, {"time": 679, "pitch": 60, "duration": 6, "velocity": 96}, {"time": 679, "pitch": 64, "duration": 10, "velocity": 96}, {"time": 685, "pitch": 55, "duration": 7, "velocity": 50}, {"time": 688, "pitch": 60, "duration": 2, "velocity": 82}, {"time": 691, "pitch": 60, "duration": 4, "velocity": 106}, {"time": 691, "pitch": 64, "duration": 7, "velocity": 113}, {"time": 691, "pitch": 67, "duration": 7, "velocity": 113}, {"time": 694, "pitch": 55, "duration": 3, "velocity": 93}, {"time": 697, "pitch": 60, "duration": 3, "velocity": 99}, {"time": 703, "pitch": 41, "duration": 16, "velocity": 99}, {"time": 703, "pitch": 60, "duration": 7, "velocity": 91}, {"time": 703, "pitch": 63, "duration": 7, "velocity": 101}, {"time": 703, "pitch": 68, "duration": 7, "velocity": 91}, {"time": 715, "pitch": 60, "duration": 5, "velocity": 104}, {"time": 715, "pitch": 63, "duration": 11, "velocity": 112}, {"time": 715, "pitch": 68, "duration": 11, "velocity": 101}, {"time": 721, "pitch": 41, "duration": 6, "velocity": 61}, {"time": 721, "pitch": 48, "duration": 5, "velocity": 76}, {"time": 727, "pitch": 46, "duration": 18, "velocity": 104}, {"time": 727, "pitch": 58, "duration": 8, "velocity": 99}, {"time": 727, "pitch": 62, "duration": 8, "velocity": 101}, {"time": 733, "pitch": 53, "duration": 7, "velocity": 67}, {"time": 739, "pitch": 58, "duration": 3, "velocity": 112}, {"time": 739, "pitch": 62, "duration": 4, "velocity": 120}, {"time": 739, "pitch": 70, "duration": 3, "velocity": 104}, {"time": 742, "pitch": 53, "duration": 3, "velocity": 87}, {"time": 745, "pitch": 58, "duration": 2, "velocity": 106}, {"time": 751, "pitch": 39, "duration": 1, "velocity": 106}, {"time": 751, "pitch": 58, "duration": 4, "velocity": 101}, {"time": 751, "pitch": 63, "duration": 5, "velocity": 104}, {"time": 757, "pitch": 51, "duration": 13, "velocity": 62}, {"time": 760, "pitch": 58, "duration": 4, "velocity": 99}, {"time": 763, "pitch": 65, "duration": 6, "velocity": 118}, {"time": 766, "pitch": 58, "duration": 4, "velocity": 87}, {"time": 769, "pitch": 63, "duration": 4, "velocity": 104}, {"time": 775, "pitch": 51, "duration": 10, "velocity": 109}, {"time": 775, "pitch": 58, "duration": 9, "velocity": 106}, {"time": 775, "pitch": 61, "duration": 5, "velocity": 106}, {"time": 775, "pitch": 67, "duration": 3, "velocity": 110}, {"time": 781, "pitch": 55, "duration": 4, "velocity": 68}, {"time": 787, "pitch": 51, "duration": 6, "velocity": 109}, {"time": 787, "pitch": 58, "duration": 6, "velocity": 115}, {"time": 787, "pitch": 61, "duration": 6, "velocity": 104}, {"time": 787, "pitch": 67, "duration": 5, "velocity": 117}, {"time": 799, "pitch": 44, "duration": 19, "velocity": 106}, {"time": 799, "pitch": 56, "duration": 7, "velocity": 99}, {"time": 799, "pitch": 60, "duration": 7, "velocity": 99}, {"time": 805, "pitch": 51, "duration": 6, "velocity": 71}, {"time": 811, "pitch": 56, "duration": 3, "velocity": 109}, {"time": 811, "pitch": 60, "duration": 4, "velocity": 115}, {"time": 811, "pitch": 63, "duration": 7, "velocity": 112}, {"time": 814, "pitch": 51, "duration": 5, "velocity": 89}, {"time": 817, "pitch": 56, "duration": 3, "velocity": 99}, {"time": 823, "pitch": 44, "duration": 14, "velocity": 104}, {"time": 823, "pitch": 56, "duration": 8, "velocity": 94}, {"time": 823, "pitch": 59, "duration": 7, "velocity": 99}, {"time": 823, "pitch": 63, "duration": 7, "velocity": 101}, {"time": 829, "pitch": 51, "duration": 7, "velocity": 29}, {"time": 835, "pitch": 56, "duration": 2, "velocity": 104}, {"time": 835, "pitch": 59, "duration": 3, "velocity": 117}, {"time": 835, "pitch": 63, "duration": 3, "velocity": 109}, {"time": 841, "pitch": 44, "duration": 2, "velocity": 99}, {"time": 847, "pitch": 43, "duration": 14, "velocity": 110}, {"time": 847, "pitch": 58, "duration": 10, "velocity": 96}, {"time": 847, "pitch": 67, "duration": 9, "velocity": 96}, {"time": 853, "pitch": 50, "duration": 9, "velocity": 99}, {"time": 859, "pitch": 58, "duration": 5, "velocity": 109}, {"time": 859, "pitch": 62, "duration": 5, "velocity": 120}, {"time": 859, "pitch": 67, "duration": 10, "velocity": 113}, {"time": 865, "pitch": 43, "duration": 1, "velocity": 101}, {"time": 871, "pitch": 48, "duration": 18, "velocity": 91}, {"time": 871, "pitch": 60, "duration": 8, "velocity": 89}, {"time": 871, "pitch": 63, "duration": 8, "velocity": 104}, {"time": 877, "pitch": 55, "duration": 7, "velocity": 58}, {"time": 883, "pitch": 60, "duration": 3, "velocity": 106}, {"time": 883, "pitch": 67, "duration": 8, "velocity": 110}, {"time": 886, "pitch": 55, "duration": 2, "velocity": 96}, {"time": 889, "pitch": 60, "duration": 4, "velocity": 89}, {"time": 892, "pitch": 63, "duration": 2, "velocity": 101}, {"time": 895, "pitch": 41, "duration": 2, "velocity": 96}, {"time": 895, "pitch": 60, "duration": 4, "velocity": 94}, {"time": 895, "pitch": 65, "duration": 5, "velocity": 89}, {"time": 901, "pitch": 53, "duration": 9, "velocity": 69}, {"time": 907, "pitch": 63, "duration": 7, "velocity": 99}, {"time": 907, "pitch": 65, "duration": 1, "velocity": 82}, {"time": 907, "pitch": 68, "duration": 7, "velocity": 99}, {"time": 919, "pitch": 46, "duration": 14, "velocity": 101}, {"time": 919, "pitch": 58, "duration": 7, "velocity": 91}, {"time": 919, "pitch": 62, "duration": 8, "velocity": 79}, {"time": 925, "pitch": 53, "duration": 7, "velocity": 64}, {"time": 931, "pitch": 58, "duration": 7, "velocity": 104}, {"time": 931, "pitch": 62, "duration": 6, "velocity": 110}, {"time": 931, "pitch": 65, "duration": 7, "velocity": 104}, {"time": 943, "pitch": 39, "duration": 1, "velocity": 104}, {"time": 943, "pitch": 58, "duration": 4, "velocity": 94}, {"time": 943, "pitch": 63, "duration": 5, "velocity": 99}, {"time": 949, "pitch": 51, "duration": 34, "velocity": 76}, {"time": 955, "pitch": 65, "duration": 6, "velocity": 99}, {"time": 961, "pitch": 58, "duration": 22, "velocity": 89}, {"time": 967, "pitch": 63, "duration": 17, "velocity": 85}, {"time": 967, "pitch": 67, "duration": 17, "velocity": 91}, {"time": 967, "pitch": 70, "duration": 17, "velocity": 80}, {"time": 989, "pitch": 68, "duration": 18, "velocity": 74}, {"time": 990, "pitch": 72, "duration": 17, "velocity": 94}, {"time": 991, "pitch": 56, "duration": 17, "velocity": 99}, {"time": 991, "pitch": 75, "duration": 17, "velocity": 94}, {"time": 992, "pitch": 87, "duration": 16, "velocity": 94}, {"time": 1013, "pitch": 68, "duration": 17, "velocity": 74}, {"time": 1014, "pitch": 71, "duration": 16, "velocity": 99}, {"time": 1015, "pitch": 56, "duration": 16, "velocity": 74}, {"time": 1016, "pitch": 80, "duration": 14, "velocity": 94}, {"time": 1038, "pitch": 70, "duration": 15, "velocity": 40}, {"time": 1038, "pitch": 74, "duration": 15, "velocity": 104}, {"time": 1039, "pitch": 55, "duration": 14, "velocity": 104}, {"time": 1039, "pitch": 79, "duration": 15, "velocity": 93}, {"time": 1063, "pitch": 48, "duration": 10, "velocity": 91}, {"time": 1066, "pitch": 55, "duration": 7, "velocity": 72}, {"time": 1069, "pitch": 62, "duration": 3, "velocity": 93}, {"time": 1072, "pitch": 65, "duration": 2, "velocity": 104}, {"time": 1075, "pitch": 48, "duration": 9, "velocity": 99}, {"time": 1075, "pitch": 60, "duration": 4, "velocity": 94}, {"time": 1075, "pitch": 64, "duration": 7, "velocity": 113}, {"time": 1078, "pitch": 55, "duration": 4, "velocity": 77}, {"time": 1081, "pitch": 60, "duration": 6, "velocity": 73}, {"time": 1084, "pitch": 64, "duration": 3, "velocity": 110}, {"time": 1087, "pitch": 41, "duration": 18, "velocity": 99}, {"time": 1087, "pitch": 53, "duration": 3, "velocity": 85}, {"time": 1087, "pitch": 56, "duration": 5, "velocity": 91}, {"time": 1090, "pitch": 48, "duration": 6, "velocity": 56}, {"time": 1093, "pitch": 53, "duration": 4, "velocity": 78}, {"time": 1096, "pitch": 60, "duration": 10, "velocity": 109}, {"time": 1099, "pitch": 48, "duration": 5, "velocity": 76}, {"time": 1102, "pitch": 65, "duration": 7, "velocity": 101}, {"time": 1105, "pitch": 53, "duration": 2, "velocity": 66}, {"time": 1111, "pitch": 44, "duration": 42, "velocity": 99}, {"time": 1111, "pitch": 56, "duration": 3, "velocity": 80}, {"time": 1111, "pitch": 59, "duration": 13, "velocity": 91}, {"time": 1114, "pitch": 51, "duration": 10, "velocity": 74}, {"time": 1117, "pitch": 56, "duration": 7, "velocity": 76}, {"time": 1123, "pitch": 63, "duration": 34, "velocity": 99}, {"time": 1126, "pitch": 56, "duration": 30, "velocity": 99}, {"time": 1129, "pitch": 51, "duration": 23, "velocity": 91}, {"time": 1135, "pitch": 68, "duration": 22, "velocity": 99}, {"time": 1157, "pitch": 58, "duration": 24, "velocity": 80}, {"time": 1157, "pitch": 62, "duration": 24, "velocity": 101}, {"time": 1158, "pitch": 46, "duration": 21, "velocity": 78}, {"time": 1159, "pitch": 70, "duration": 22, "velocity": 101}, {"time": 1183, "pitch": 44, "duration": 15, "velocity": 104}, {"time": 1183, "pitch": 56, "duration": 6, "velocity": 91}, {"time": 1183, "pitch": 60, "duration": 6, "velocity": 94}, {"time": 1183, "pitch": 63, "duration": 6, "velocity": 101}, {"time": 1189, "pitch": 51, "duration": 8, "velocity": 64}, {"time": 1195, "pitch": 56, "duration": 6, "velocity": 112}, {"time": 1195, "pitch": 60, "duration": 6, "velocity": 112}, {"time": 1195, "pitch": 63, "duration": 6, "velocity": 112}, {"time": 1201, "pitch": 44, "duration": 5, "velocity": 42}, {"time": 1201, "pitch": 51, "duration": 5, "velocity": 82}, {"time": 1207, "pitch": 44, "duration": 14, "velocity": 99}, {"time": 1207, "pitch": 56, "duration": 6, "velocity": 91}, {"time": 1207, "pitch": 59, "duration": 6, "velocity": 99}, {"time": 1207, "pitch": 63, "duration": 6, "velocity": 101}, {"time": 1213, "pitch": 51, "duration": 7, "velocity": 38}, {"time": 1219, "pitch": 56, "duration": 4, "velocity": 109}, {"time": 1219, "pitch": 59, "duration": 4, "velocity": 123}, {"time": 1219, "pitch": 63, "duration": 5, "velocity": 112}, {"time": 1225, "pitch": 44, "duration": 2, "velocity": 78}, {"time": 1231, "pitch": 43, "duration": 13, "velocity": 110}, {"time": 1231, "pitch": 55, "duration": 7, "velocity": 99}, {"time": 1231, "pitch": 58, "duration": 6, "velocity": 109}, {"time": 1231, "pitch": 62, "duration": 6, "velocity": 96}, {"time": 1237, "pitch": 50, "duration": 9, "velocity": 65}, {"time": 1243, "pitch": 55, "duration": 2, "velocity": 113}, {"time": 1243, "pitch": 58, "duration": 1, "velocity": 112}, {"time": 1243, "pitch": 62, "duration": 3, "velocity": 110}, {"time": 1249, "pitch": 43, "duration": 1, "velocity": 96}, {"time": 1255, "pitch": 48, "duration": 14, "velocity": 82}, {"time": 1255, "pitch": 60, "duration": 7, "velocity": 96}, {"time": 1255, "pitch": 63, "duration": 7, "velocity": 109}, {"time": 1255, "pitch": 67, "duration": 7, "velocity": 96}, {"time": 1261, "pitch": 55, "duration": 7, "velocity": 47}, {"time": 1267, "pitch": 60, "duration": 4, "velocity": 109}, {"time": 1267, "pitch": 63, "duration": 3, "velocity": 112}, {"time": 1267, "pitch": 67, "duration": 3, "velocity": 113}, {"time": 1273, "pitch": 48, "duration": 1, "velocity": 85}, {"time": 1279, "pitch": 41, "duration": 14, "velocity": 104}, {"time": 1279, "pitch": 53, "duration": 7, "velocity": 91}, {"time": 1279, "pitch": 56, "duration": 7, "velocity": 99}, {"time": 1279, "pitch": 60, "duration": 6, "velocity": 101}, {"time": 1285, "pitch": 48, "duration": 7, "velocity": 52}, {"time": 1291, "pitch": 53, "duration": 2, "velocity": 104}, {"time": 1291, "pitch": 56, "duration": 6, "velocity": 112}, {"time": 1291, "pitch": 60, "duration": 7, "velocity": 106}, {"time": 1297, "pitch": 53, "duration": 1, "velocity": 101}, {"time": 1303, "pitch": 46, "duration": 15, "velocity": 104}, {"time": 1303, "pitch": 58, "duration": 8, "velocity": 101}, {"time": 1303, "pitch": 62, "duration": 9, "velocity": 104}, {"time": 1309, "pitch": 53, "duration": 9, "velocity": 91}, {"time": 1315, "pitch": 58, "duration": 5, "velocity": 109}, {"time": 1315, "pitch": 62, "duration": 5, "velocity": 117}, {"time": 1315, "pitch": 65, "duration": 5, "velocity": 106}, {"time": 1321, "pitch": 46, "duration": 2, "velocity": 104}, {"time": 1327, "pitch": 39, "duration": 2, "velocity": 109}, {"time": 1327, "pitch": 58, "duration": 3, "velocity": 94}, {"time": 1327, "pitch": 63, "duration": 4, "velocity": 104}, {"time": 1327, "pitch": 67, "duration": 5, "velocity": 101}, {"time": 1333, "pitch": 51, "duration": 9, "velocity": 91}, {"time": 1339, "pitch": 63, "duration": 6, "velocity": 109}, {"time": 1339, "pitch": 67, "duration": 10, "velocity": 120}, {"time": 1345, "pitch": 58, "duration": 4, "velocity": 91}, {"time": 1351, "pitch": 48, "duration": 18, "velocity": 96}, {"time": 1351, "pitch": 60, "duration": 7, "velocity": 104}, {"time": 1351, "pitch": 64, "duration": 7, "velocity": 113}, {"time": 1351, "pitch": 67, "duration": 7, "velocity": 107}, {"time": 1357, "pitch": 55, "duration": 7, "velocity": 59}, {"time": 1360, "pitch": 60, "duration": 2, "velocity": 85}, {"time": 1363, "pitch": 60, "duration": 4, "velocity": 109}, {"time": 1363, "pitch": 64, "duration": 4, "velocity": 120}, {"time": 1363, "pitch": 67, "duration": 7, "velocity": 110}, {"time": 1366, "pitch": 55, "duration": 3, "velocity": 113}, {"time": 1369, "pitch": 60, "duration": 4, "velocity": 106}, {"time": 1375, "pitch": 44, "duration": 15, "velocity": 104}, {"time": 1375, "pitch": 56, "duration": 6, "velocity": 91}, {"time": 1375, "pitch": 60, "duration": 6, "velocity": 94}, {"time": 1375, "pitch": 63, "duration": 6, "velocity": 101}, {"time": 1381, "pitch": 51, "duration": 8, "velocity": 64}, {"time": 1387, "pitch": 56, "duration": 6, "velocity": 112}, {"time": 1387, "pitch": 60, "duration": 6, "velocity": 112}, {"time": 1387, "pitch": 63, "duration": 6, "velocity": 112}, {"time": 1393, "pitch": 44, "duration": 5, "velocity": 42}, {"time": 1393, "pitch": 51, "duration": 5, "velocity": 82}, {"time": 1399, "pitch": 44, "duration": 14, "velocity": 99}, {"time": 1399, "pitch": 56, "duration": 6, "velocity": 91}, {"time": 1399, "pitch": 59, "duration": 6, "velocity": 99}, {"time": 1399, "pitch": 63, "duration": 6, "velocity": 101}, {"time": 1405, "pitch": 51, "duration": 7, "velocity": 38}, {"time": 1411, "pitch": 56, "duration": 4, "velocity": 109}, {"time": 1411, "pitch": 59, "duration": 4, "velocity": 123}, {"time": 1411, "pitch": 63, "duration": 5, "velocity": 112}, {"time": 1417, "pitch": 44, "duration": 2, "velocity": 78}, {"time": 1423, "pitch": 43, "duration": 13, "velocity": 110}, {"time": 1423, "pitch": 55, "duration": 7, "velocity": 99}, {"time": 1423, "pitch": 58, "duration": 6, "velocity": 109}, {"time": 1423, "pitch": 62, "duration": 6, "velocity": 96}, {"time": 1429, "pitch": 50, "duration": 9, "velocity": 65}, {"time": 1435, "pitch": 55, "duration": 2, "velocity": 113}, {"time": 1435, "pitch": 58, "duration": 1, "velocity": 112}, {"time": 1435, "pitch": 62, "duration": 3, "velocity": 110}, {"time": 1441, "pitch": 43, "duration": 1, "velocity": 96}, {"time": 1447, "pitch": 48, "duration": 14, "velocity": 82}, {"time": 1447, "pitch": 60, "duration": 7, "velocity": 96}, {"time": 1447, "pitch": 63, "duration": 7, "velocity": 109}, {"time": 1447, "pitch": 67, "duration": 7, "velocity": 96}, {"time": 1453, "pitch": 55, "duration": 7, "velocity": 47}, {"time": 1459, "pitch": 60, "duration": 4, "velocity": 109}, {"time": 1459, "pitch": 63, "duration": 3, "velocity": 112}, {"time": 1459, "pitch": 67, "duration": 3, "velocity": 113}, {"time": 1465, "pitch": 48, "duration": 1, "velocity": 85}, {"time": 1471, "pitch": 41, "duration": 14, "velocity": 104}, {"time": 1471, "pitch": 53, "duration": 7, "velocity": 91}, {"time": 1471, "pitch": 56, "duration": 7, "velocity": 99}, {"time": 1471, "pitch": 60, "duration": 6, "velocity": 101}, {"time": 1477, "pitch": 48, "duration": 7, "velocity": 52}, {"time": 1483, "pitch": 53, "duration": 2, "velocity": 104}, {"time": 1483, "pitch": 56, "duration": 6, "velocity": 112}, {"time": 1483, "pitch": 60, "duration": 7, "velocity": 106}, {"time": 1489, "pitch": 53, "duration": 1, "velocity": 101}, {"time": 1495, "pitch": 46, "duration": 15, "velocity": 104}, {"time": 1495, "pitch": 58, "duration": 8, "velocity": 101}, {"time": 1495, "pitch": 62, "duration": 9, "velocity": 104}, {"time": 1501, "pitch": 53, "duration": 9, "velocity": 91}, {"time": 1507, "pitch": 58, "duration": 5, "velocity": 109}, {"time": 1507, "pitch": 62, "duration": 5, "velocity": 117}, {"time": 1507, "pitch": 65, "duration": 5, "velocity": 106}, {"time": 1513, "pitch": 46, "duration": 2, "velocity": 104}, {"time": 1519, "pitch": 39, "duration": 2, "velocity": 109}, {"time": 1519, "pitch": 58, "duration": 3, "velocity": 94}, {"time": 1519, "pitch": 63, "duration": 4, "velocity": 104}, {"time": 1519, "pitch": 67, "duration": 5, "velocity": 101}, {"time": 1525, "pitch": 51, "duration": 9, "velocity": 91}, {"time": 1531, "pitch": 63, "duration": 6, "velocity": 109}, {"time": 1531, "pitch": 67, "duration": 10, "velocity": 120}, {"time": 1537, "pitch": 58, "duration": 4, "velocity": 91}, {"time": 1543, "pitch": 39, "duration": 8, "velocity": 104}, {"time": 1543, "pitch": 63, "duration": 3, "velocity": 106}, {"time": 1543, "pitch": 67, "duration": 7, "velocity": 117}, {"time": 1543, "pitch": 70, "duration": 8, "velocity": 106}, {"time": 1549, "pitch": 63, "duration": 2, "velocity": 96}, {"time": 1552, "pitch": 41, "duration": 5, "velocity": 112}, {"time": 1552, "pitch": 63, "duration": 5, "velocity": 109}, {"time": 1552, "pitch": 68, "duration": 4, "velocity": 109}, {"time": 1558, "pitch": 43, "duration": 4, "velocity": 120}, {"time": 1558, "pitch": 67, "duration": 9, "velocity": 120}, {"time": 1558, "pitch": 70, "duration": 10, "velocity": 109}, {"time": 1567, "pitch": 44, "duration": 21, "velocity": 104}, {"time": 1567, "pitch": 56, "duration": 8, "velocity": 94}, {"time": 1567, "pitch": 60, "duration": 7, "velocity": 101}, {"time": 1573, "pitch": 51, "duration": 7, "velocity": 62}, {"time": 1579, "pitch": 56, "duration": 6, "velocity": 104}, {"time": 1579, "pitch": 60, "duration": 6, "velocity": 109}, {"time": 1579, "pitch": 63, "duration": 6, "velocity": 109}, {"time": 1585, "pitch": 51, "duration": 4, "velocity": 89}, {"time": 1591, "pitch": 44, "duration": 20, "velocity": 106}, {"time": 1591, "pitch": 56, "duration": 7, "velocity": 96}, {"time": 1591, "pitch": 59, "duration": 9, "velocity": 107}, {"time": 1597, "pitch": 51, "duration": 6, "velocity": 62}, {"time": 1603, "pitch": 56, "duration": 5, "velocity": 96}, {"time": 1603, "pitch": 59, "duration": 5, "velocity": 117}, {"time": 1603, "pitch": 63, "duration": 6, "velocity": 104}, {"time": 1609, "pitch": 51, "duration": 2, "velocity": 46}, {"time": 1615, "pitch": 43, "duration": 14, "velocity": 107}, {"time": 1615, "pitch": 58, "duration": 9, "velocity": 101}, {"time": 1615, "pitch": 62, "duration": 9, "velocity": 104}, {"time": 1621, "pitch": 50, "duration": 8, "velocity": 70}, {"time": 1627, "pitch": 58, "duration": 4, "velocity": 109}, {"time": 1627, "pitch": 62, "duration": 7, "velocity": 117}, {"time": 1627, "pitch": 67, "duration": 10, "velocity": 107}, {"time": 1633, "pitch": 58, "duration": 3, "velocity": 96}, {"time": 1639, "pitch": 48, "duration": 19, "velocity": 101}, {"time": 1639, "pitch": 60, "duration": 6, "velocity": 96}, {"time": 1639, "pitch": 64, "duration": 10, "velocity": 96}, {"time": 1645, "pitch": 55, "duration": 7, "velocity": 50}, {"time": 1648, "pitch": 60, "duration": 2, "velocity": 82}, {"time": 1651, "pitch": 60, "duration": 4, "velocity": 106}, {"time": 1651, "pitch": 64, "duration": 7, "velocity": 113}, {"time": 1651, "pitch": 67, "duration": 7, "velocity": 113}, {"time": 1654, "pitch": 55, "duration": 3, "velocity": 93}, {"time": 1657, "pitch": 60, "duration": 3, "velocity": 99}, {"time": 1663, "pitch": 41, "duration": 16, "velocity": 99}, {"time": 1663, "pitch": 60, "duration": 7, "velocity": 91}, {"time": 1663, "pitch": 63, "duration": 7, "velocity": 101}, {"time": 1663, "pitch": 68, "duration": 7, "velocity": 91}, {"time": 1675, "pitch": 60, "duration": 5, "velocity": 104}, {"time": 1675, "pitch": 63, "duration": 11, "velocity": 112}, {"time": 1675, "pitch": 68, "duration": 11, "velocity": 101}, {"time": 1681, "pitch": 41, "duration": 6, "velocity": 61}, {"time": 1681, "pitch": 48, "duration": 5, "velocity": 76}, {"time": 1687, "pitch": 46, "duration": 18, "velocity": 104}, {"time": 1687, "pitch": 58, "duration": 8, "velocity": 99}, {"time": 1687, "pitch": 62, "duration": 8, "velocity": 101}, {"time": 1693, "pitch": 53, "duration": 7, "velocity": 67}, {"time": 1699, "pitch": 58, "duration": 3, "velocity": 112}, {"time": 1699, "pitch": 62, "duration": 4, "velocity": 120}, {"time": 1699, "pitch": 70, "duration": 3, "velocity": 104}, {"time": 1702, "pitch": 53, "duration": 3, "velocity": 87}, {"time": 1705, "pitch": 58, "duration": 2, "velocity": 106}, {"time": 1711, "pitch": 39, "duration": 1, "velocity": 106}, {"time": 1711, "pitch": 58, "duration": 4, "velocity": 101}, {"time": 1711, "pitch": 63, "duration": 5, "velocity": 104}, {"time": 1717, "pitch": 51, "duration": 13, "velocity": 62}, {"time": 1720, "pitch": 58, "duration": 4, "velocity": 99}, {"time": 1723, "pitch": 65, "duration": 6, "velocity": 118}, {"time": 1726, "pitch": 58, "duration": 4, "velocity": 87}, {"time": 1729, "pitch": 63, "duration": 4, "velocity": 104}, {"time": 1735, "pitch": 51, "duration": 10, "velocity": 109}, {"time": 1735, "pitch": 58, "duration": 9, "velocity": 106}, {"time": 1735, "pitch": 63, "duration": 5, "velocity": 106}, {"time": 1735, "pitch": 67, "duration": 3, "velocity": 110}, {"time": 1741, "pitch": 55, "duration": 4, "velocity": 68}, {"time": 1747, "pitch": 51, "duration": 6, "velocity": 109}, {"time": 1747, "pitch": 58, "duration": 6, "velocity": 115}, {"time": 1747, "pitch": 61, "duration": 6, "velocity": 104}, {"time": 1747, "pitch": 67, "duration": 5, "velocity": 117}, {"time": 1759, "pitch": 44, "duration": 19, "velocity": 106}, {"time": 1759, "pitch": 56, "duration": 7, "velocity": 99}, {"time": 1759, "pitch": 60, "duration": 7, "velocity": 99}, {"time": 1765, "pitch": 51, "duration": 6, "velocity": 71}, {"time": 1771, "pitch": 56, "duration": 3, "velocity": 109}, {"time": 1771, "pitch": 60, "duration": 4, "velocity": 115}, {"time": 1771, "pitch": 63, "duration": 7, "velocity": 112}, {"time": 1774, "pitch": 51, "duration": 5, "velocity": 89}, {"time": 1777, "pitch": 56, "duration": 3, "velocity": 99}, {"time": 1783, "pitch": 44, "duration": 14, "velocity": 104}, {"time": 1783, "pitch": 56, "duration": 8, "velocity": 94}, {"time": 1783, "pitch": 59, "duration": 7, "velocity": 99}, {"time": 1783, "pitch": 63, "duration": 7, "velocity": 101}, {"time": 1789, "pitch": 51, "duration": 7, "velocity": 29}, {"time": 1795, "pitch": 56, "duration": 2, "velocity": 104}, {"time": 1795, "pitch": 59, "duration": 3, "velocity": 117}, {"time": 1795, "pitch": 63, "duration": 3, "velocity": 109}, {"time": 1801, "pitch": 44, "duration": 2, "velocity": 99}, {"time": 1807, "pitch": 43, "duration": 14, "velocity": 110}, {"time": 1807, "pitch": 58, "duration": 10, "velocity": 96}, {"time": 1807, "pitch": 67, "duration": 9, "velocity": 96}, {"time": 1813, "pitch": 50, "duration": 9, "velocity": 99}, {"time": 1819, "pitch": 58, "duration": 5, "velocity": 109}, {"time": 1819, "pitch": 62, "duration": 5, "velocity": 120}, {"time": 1819, "pitch": 67, "duration": 10, "velocity": 113}, {"time": 1825, "pitch": 43, "duration": 1, "velocity": 101}, {"time": 1831, "pitch": 48, "duration": 18, "velocity": 91}, {"time": 1831, "pitch": 60, "duration": 8, "velocity": 89}, {"time": 1831, "pitch": 63, "duration": 8, "velocity": 104}, {"time": 1837, "pitch": 55, "duration": 7, "velocity": 58}, {"time": 1843, "pitch": 60, "duration": 3, "velocity": 106}, {"time": 1843, "pitch": 67, "duration": 8, "velocity": 110}, {"time": 1846, "pitch": 55, "duration": 2, "velocity": 96}, {"time": 1849, "pitch": 60, "duration": 4, "velocity": 89}, {"time": 1852, "pitch": 63, "duration": 2, "velocity": 101}, {"time": 1855, "pitch": 41, "duration": 2, "velocity": 96}, {"time": 1855, "pitch": 60, "duration": 4, "velocity": 94}, {"time": 1855, "pitch": 65, "duration": 5, "velocity": 89}, {"time": 1861, "pitch": 53, "duration": 9, "velocity": 69}, {"time": 1867, "pitch": 63, "duration": 7, "velocity": 99}, {"time": 1867, "pitch": 65, "duration": 1, "velocity": 82}, {"time": 1867, "pitch": 68, "duration": 7, "velocity": 99}, {"time": 1879, "pitch": 46, "duration": 14, "velocity": 101}, {"time": 1879, "pitch": 58, "duration": 7, "velocity": 91}, {"time": 1879, "pitch": 62, "duration": 8, "velocity": 79}, {"time": 1885, "pitch": 53, "duration": 7, "velocity": 64}, {"time": 1891, "pitch": 58, "duration": 7, "velocity": 104}, {"time": 1891, "pitch": 62, "duration": 6, "velocity": 110}, {"time": 1891, "pitch": 65, "duration": 7, "velocity": 104}, {"time": 1903, "pitch": 39, "duration": 5, "velocity": 109}, {"time": 1903, "pitch": 63, "duration": 3, "velocity": 96}, {"time": 1903, "pitch": 65, "duration": 6, "velocity": 104}, {"time": 1909, "pitch": 63, "duration": 1, "velocity": 71}, {"time": 1912, "pitch": 63, "duration": 3, "velocity": 112}, {"time": 1912, "pitch": 65, "duration": 4, "velocity": 112}, {"time": 1915, "pitch": 51, "duration": 11, "velocity": 104}, {"time": 1915, "pitch": 58, "duration": 11, "velocity": 101}, {"time": 1918, "pitch": 63, "duration": 1, "velocity": 67}, {"time": 1921, "pitch": 65, "duration": 1, "velocity": 96}, {"time": 1924, "pitch": 63, "duration": 2, "velocity": 106}, {"time": 1924, "pitch": 68, "duration": 4, "velocity": 112}, {"time": 1927, "pitch": 51, "duration": 10, "velocity": 109}, {"time": 1927, "pitch": 58, "duration": 4, "velocity": 109}, {"time": 1927, "pitch": 63, "duration": 3, "velocity": 104}, {"time": 1927, "pitch": 67, "duration": 4, "velocity": 120}, {"time": 1933, "pitch": 58, "duration": 5, "velocity": 89}, {"time": 1936, "pitch": 63, "duration": 2, "velocity": 106}, {"time": 1939, "pitch": 51, "duration": 5, "velocity": 109}, {"time": 1939, "pitch": 58, "duration": 4, "velocity": 109}, {"time": 1939, "pitch": 63, "duration": 7, "velocity": 112}, {"time": 1939, "pitch": 67, "duration": 7, "velocity": 120}, {"time": 1939, "pitch": 75, "duration": 6, "velocity": 101}, {"time": 1945, "pitch": 51, "duration": 6, "velocity": 74}, {"time": 1945, "pitch": 58, "duration": 6, "velocity": 106}, {"time": 1948, "pitch": 63, "duration": 3, "velocity": 99}, {"time": 1951, "pitch": 44, "duration": 21, "velocity": 104}, {"time": 1951, "pitch": 56, "duration": 8, "velocity": 94}, {"time": 1951, "pitch": 60, "duration": 7, "velocity": 101}, {"time": 1957, "pitch": 51, "duration": 7, "velocity": 62}, {"time": 1963, "pitch": 56, "duration": 6, "velocity": 104}, {"time": 1963, "pitch": 60, "duration": 6, "velocity": 109}, {"time": 1963, "pitch": 63, "duration": 6, "velocity": 109}, {"time": 1969, "pitch": 51, "duration": 4, "velocity": 89}, {"time": 1975, "pitch": 44, "duration": 20, "velocity": 106}, {"time": 1975, "pitch": 56, "duration": 7, "velocity": 96}, {"time": 1975, "pitch": 59, "duration": 9, "velocity": 107}, {"time": 1981, "pitch": 51, "duration": 6, "velocity": 62}, {"time": 1987, "pitch": 56, "duration": 5, "velocity": 96}, {"time": 1987, "pitch": 59, "duration": 5, "velocity": 117}, {"time": 1987, "pitch": 63, "duration": 6, "velocity": 104}, {"time": 1993, "pitch": 51, "duration": 2, "velocity": 46}, {"time": 1999, "pitch": 43, "duration": 14, "velocity": 107}, {"time": 1999, "pitch": 58, "duration": 9, "velocity": 101}, {"time": 1999, "pitch": 62, "duration": 9, "velocity": 104}, {"time": 2005, "pitch": 50, "duration": 8, "velocity": 70}, {"time": 2011, "pitch": 58, "duration": 4, "velocity": 109}, {"time": 2011, "pitch": 62, "duration": 7, "velocity": 117}, {"time": 2011, "pitch": 67, "duration": 10, "velocity": 107}, {"time": 2017, "pitch": 58, "duration": 3, "velocity": 96}, {"time": 2023, "pitch": 48, "duration": 19, "velocity": 101}, {"time": 2023, "pitch": 60, "duration": 6, "velocity": 96}, {"time": 2023, "pitch": 64, "duration": 10, "velocity": 96}, {"time": 2029, "pitch": 55, "duration": 7, "velocity": 50}, {"time": 2032, "pitch": 60, "duration": 2, "velocity": 82}, {"time": 2035, "pitch": 60, "duration": 4, "velocity": 106}, {"time": 2035, "pitch": 64, "duration": 7, "velocity": 113}, {"time": 2035, "pitch": 67, "duration": 7, "velocity": 113}, {"time": 2038, "pitch": 55, "duration": 3, "velocity": 93}, {"time": 2041, "pitch": 60, "duration": 3, "velocity": 99}, {"time": 2047, "pitch": 41, "duration": 16, "velocity": 99}, {"time": 2047, "pitch": 60, "duration": 7, "velocity": 91}, {"time": 2047, "pitch": 63, "duration": 7, "velocity": 101}, {"time": 2047, "pitch": 68, "duration": 7, "velocity": 91}, {"time": 2059, "pitch": 60, "duration": 5, "velocity": 104}, {"time": 2059, "pitch": 63, "duration": 11, "velocity": 112}, {"time": 2059, "pitch": 68, "duration": 11, "velocity": 101}, {"time": 2065, "pitch": 41, "duration": 6, "velocity": 61}, {"time": 2065, "pitch": 48, "duration": 5, "velocity": 76}, {"time": 2071, "pitch": 46, "duration": 18, "velocity": 104}, {"time": 2071, "pitch": 58, "duration": 8, "velocity": 99}, {"time": 2071, "pitch": 62, "duration": 8, "velocity": 101}, {"time": 2077, "pitch": 53, "duration": 7, "velocity": 67}, {"time": 2083, "pitch": 58, "duration": 3, "velocity": 112}, {"time": 2083, "pitch": 62, "duration": 4, "velocity": 120}, {"time": 2083, "pitch": 70, "duration": 3, "velocity": 104}, {"time": 2086, "pitch": 53, "duration": 3, "velocity": 87}, {"time": 2089, "pitch": 58, "duration": 2, "velocity": 106}, {"time": 2095, "pitch": 39, "duration": 1, "velocity": 106}, {"time": 2095, "pitch": 58, "duration": 4, "velocity": 101}, {"time": 2095, "pitch": 63, "duration": 5, "velocity": 104}, {"time": 2101, "pitch": 51, "duration": 13, "velocity": 62}, {"time": 2104, "pitch": 58, "duration": 4, "velocity": 99}, {"time": 2107, "pitch": 65, "duration": 6, "velocity": 118}, {"time": 2110, "pitch": 58, "duration": 4, "velocity": 87}, {"time": 2113, "pitch": 63, "duration": 4, "velocity": 104}, {"time": 2119, "pitch": 51, "duration": 10, "velocity": 109}, {"time": 2119, "pitch": 58, "duration": 9, "velocity": 106}, {"time": 2119, "pitch": 63, "duration": 5, "velocity": 106}, {"time": 2119, "pitch": 67, "duration": 3, "velocity": 110}, {"time": 2125, "pitch": 55, "duration": 4, "velocity": 68}, {"time": 2131, "pitch": 51, "duration": 6, "velocity": 109}, {"time": 2131, "pitch": 58, "duration": 6, "velocity": 115}, {"time": 2131, "pitch": 61, "duration": 6, "velocity": 104}, {"time": 2131, "pitch": 67, "duration": 5, "velocity": 117}, {"time": 2143, "pitch": 44, "duration": 19, "velocity": 106}, {"time": 2143, "pitch": 56, "duration": 7, "velocity": 99}, {"time": 2143, "pitch": 60, "duration": 7, "velocity": 99}, {"time": 2149, "pitch": 51, "duration": 6, "velocity": 71}, {"time": 2155, "pitch": 56, "duration": 3, "velocity": 109}, {"time": 2155, "pitch": 60, "duration": 4, "velocity": 115}, {"time": 2155, "pitch": 63, "duration": 7, "velocity": 112}, {"time": 2158, "pitch": 51, "duration": 5, "velocity": 89}, {"time": 2161, "pitch": 56, "duration": 3, "velocity": 99}, {"time": 2167, "pitch": 44, "duration": 14, "velocity": 104}, {"time": 2167, "pitch": 56, "duration": 8, "velocity": 94}, {"time": 2167, "pitch": 59, "duration": 7, "velocity": 99}, {"time": 2167, "pitch": 63, "duration": 7, "velocity": 101}, {"time": 2173, "pitch": 51, "duration": 7, "velocity": 29}, {"time": 2179, "pitch": 56, "duration": 2, "velocity": 104}, {"time": 2179, "pitch": 59, "duration": 3, "velocity": 117}, {"time": 2179, "pitch": 63, "duration": 3, "velocity": 109}, {"time": 2185, "pitch": 44, "duration": 2, "velocity": 99}, {"time": 2191, "pitch": 43, "duration": 14, "velocity": 110}, {"time": 2191, "pitch": 58, "duration": 10, "velocity": 96}, {"time": 2191, "pitch": 67, "duration": 9, "velocity": 96}, {"time": 2197, "pitch": 50, "duration": 9, "velocity": 99}, {"time": 2203, "pitch": 58, "duration": 5, "velocity": 109}, {"time": 2203, "pitch": 62, "duration": 5, "velocity": 120}, {"time": 2203, "pitch": 67, "duration": 10, "velocity": 113}, {"time": 2209, "pitch": 43, "duration": 1, "velocity": 101}, {"time": 2215, "pitch": 48, "duration": 18, "velocity": 91}, {"time": 2215, "pitch": 60, "duration": 8, "velocity": 89}, {"time": 2215, "pitch": 63, "duration": 8, "velocity": 104}, {"time": 2221, "pitch": 55, "duration": 7, "velocity": 58}, {"time": 2227, "pitch": 60, "duration": 3, "velocity": 106}, {"time": 2227, "pitch": 67, "duration": 8, "velocity": 110}, {"time": 2230, "pitch": 55, "duration": 2, "velocity": 96}, {"time": 2233, "pitch": 60, "duration": 4, "velocity": 89}, {"time": 2236, "pitch": 63, "duration": 2, "velocity": 101}, {"time": 2239, "pitch": 41, "duration": 2, "velocity": 96}, {"time": 2239, "pitch": 60, "duration": 4, "velocity": 94}, {"time": 2239, "pitch": 65, "duration": 5, "velocity": 89}, {"time": 2245, "pitch": 53, "duration": 9, "velocity": 69}, {"time": 2251, "pitch": 63, "duration": 7, "velocity": 99}, {"time": 2251, "pitch": 65, "duration": 1, "velocity": 82}, {"time": 2251, "pitch": 68, "duration": 7, "velocity": 99}, {"time": 2263, "pitch": 46, "duration": 22, "velocity": 96}, {"time": 2263, "pitch": 58, "duration": 9, "velocity": 80}, {"time": 2263, "pitch": 62, "duration": 9, "velocity": 91}, {"time": 2263, "pitch": 65, "duration": 9, "velocity": 87}, {"time": 2269, "pitch": 53, "duration": 7, "velocity": 64}, {"time": 2275, "pitch": 58, "duration": 4, "velocity": 106}, {"time": 2275, "pitch": 70, "duration": 11, "velocity": 106}, {"time": 2278, "pitch": 53, "duration": 5, "velocity": 76}, {"time": 2281, "pitch": 58, "duration": 2, "velocity": 87}, {"time": 2287, "pitch": 51, "duration": 21, "velocity": 99}, {"time": 2287, "pitch": 58, "duration": 4, "velocity": 89}, {"time": 2287, "pitch": 63, "duration": 9, "velocity": 101}, {"time": 2293, "pitch": 58, "duration": 3, "velocity": 76}, {"time": 2299, "pitch": 58, "duration": 7, "velocity": 104}, {"time": 2299, "pitch": 65, "duration": 6, "velocity": 101}, {"time": 2305, "pitch": 63, "duration": 4, "velocity": 94}, {"time": 2311, "pitch": 51, "duration": 18, "velocity": 96}, {"time": 2311, "pitch": 58, "duration": 3, "velocity": 91}, {"time": 2311, "pitch": 63, "duration": 9, "velocity": 96}, {"time": 2311, "pitch": 67, "duration": 10, "velocity": 91}, {"time": 2323, "pitch": 58, "duration": 7, "velocity": 104}, {"time": 2323, "pitch": 63, "duration": 5, "velocity": 104}, {"time": 2335, "pitch": 44, "duration": 21, "velocity": 94}, {"time": 2338, "pitch": 51, "duration": 15, "velocity": 78}, {"time": 2341, "pitch": 56, "duration": 4, "velocity": 91}, {"time": 2344, "pitch": 58, "duration": 4, "velocity": 112}, {"time": 2347, "pitch": 60, "duration": 4, "velocity": 106}, {"time": 2350, "pitch": 63, "duration": 6, "velocity": 101}, {"time": 2353, "pitch": 56, "duration": 3, "velocity": 74}, {"time": 2359, "pitch": 56, "duration": 34, "velocity": 82}, {"time": 2359, "pitch": 44, "duration": 27, "velocity": 91}, {"time": 2360, "pitch": 59, "duration": 33, "velocity": 91}, {"time": 2361, "pitch": 63, "duration": 32, "velocity": 99}, {"time": 2362, "pitch": 68, "duration": 31, "velocity": 94}, {"time": 2384, "pitch": 44, "duration": 2, "velocity": 91}, {"time": 2384, "pitch": 56, "duration": 9, "velocity": 82}, {"time": 2384, "pitch": 59, "duration": 9, "velocity": 91}, {"time": 2384, "pitch": 63, "duration": 9, "velocity": 99}, {"time": 2384, "pitch": 68, "duration": 9, "velocity": 94}, {"time": 2407, "pitch": 56, "duration": 19, "velocity": 61}, {"time": 2408, "pitch": 60, "duration": 18, "velocity": 91}, {"time": 2408, "pitch": 44, "duration": 42, "velocity": 87}, {"time": 2409, "pitch": 63, "duration": 17, "velocity": 43}, {"time": 2432, "pitch": 56, "duration": 17, "velocity": 69}, {"time": 2433, "pitch": 51, "duration": 16, "velocity": 61}, {"time": 2433, "pitch": 68, "duration": 15, "velocity": 91}, {"time": 2461, "pitch": 39, "duration": 26, "velocity": 87}, {"time": 2461, "pitch": 51, "duration": 26, "velocity": 5}, {"time": 2462, "pitch": 55, "duration": 25, "velocity": 58}, {"time": 2488, "pitch": 51, "duration": 19, "velocity": 91}, {"time": 2489, "pitch": 39, "duration": 20, "velocity": 87}, {"time": 2489, "pitch": 55, "duration": 18, "velocity": 45}, {"time": 2490, "pitch": 58, "duration": 18, "velocity": 52}, {"time": 2514, "pitch": 41, "duration": 25, "velocity": 82}, {"time": 2514, "pitch": 56, "duration": 23, "velocity": 87}, {"time": 2514, "pitch": 53, "duration": 23, "velocity": 91}, {"time": 2541, "pitch": 53, "duration": 10, "velocity": 66}, {"time": 2541, "pitch": 41, "duration": 10, "velocity": 67}, {"time": 2542, "pitch": 56, "duration": 9, "velocity": 62}, {"time": 2542, "pitch": 60, "duration": 11, "velocity": 73}, {"time": 2564, "pitch": 58, "duration": 26, "velocity": 55}, {"time": 2565, "pitch": 62, "duration": 25, "velocity": 44}, {"time": 2566, "pitch": 46, "duration": 25, "velocity": 61}, {"time": 2567, "pitch": 70, "duration": 22, "velocity": 58}, {"time": 2593, "pitch": 58, "duration": 28, "velocity": 67}, {"time": 2593, "pitch": 62, "duration": 28, "velocity": 74}, {"time": 2594, "pitch": 46, "duration": 28, "velocity": 58}, {"time": 2594, "pitch": 65, "duration": 28, "velocity": 59}, {"time": 2635, "pitch": 39, "duration": 31, "velocity": 89}, {"time": 2638, "pitch": 46, "duration": 26, "velocity": 51}, {"time": 2642, "pitch": 53, "duration": 3, "velocity": 74}, {"time": 2645, "pitch": 55, "duration": 1, "velocity": 101}, {"time": 2649, "pitch": 58, "duration": 5, "velocity": 99}, {"time": 2653, "pitch": 65, "duration": 2, "velocity": 89}, {"time": 2657, "pitch": 63, "duration": 6, "velocity": 89}, {"time": 2662, "pitch": 70, "duration": 3, "velocity": 87}, {"time": 2673, "pitch": 39, "duration": 18, "velocity": 48}, {"time": 2674, "pitch": 46, "duration": 15, "velocity": 51}, {"time": 2675, "pitch": 75, "duration": 17, "velocity": 56}, {"time": 2676, "pitch": 79, "duration": 16, "velocity": 56}], "annotations": [{"time": 32, "annotation": {"number": 64, "value": 127}, "group": "control_change"}, {"time": 78, "annotation": {"number": 64, "value": 0}, "group": "control_change"}, {"time": 92, "annotation": {"number": 64, "value": 127}, "group": "control_change"}, {"time": 125, "annotation": {"number": 64, "value": 0}, "group": "control_change"}, {"time": 132, "annotation": {"number": 64, "value": 127}, "group": "control_change"}, {"time": 152, "annotation": {"number": 64, "value": 127}, "group": "control_change"}, {"time": 210, "annotation": {"number": 64, "value": 127}, "group": "control_change"}, {"time": 219, "annotation": {"number": 64, "value": 0}, "group": "control_change"}, {"time": 225, "annotation": {"number": 64, "value": 127}, "group": "control_change"}, {"time": 246, "annotation": {"number": 64, "value": 0}, "group": "control_change"}, {"time": 260, "annotation": {"number": 64, "value": 127}, "group": "control_change"}, {"time": 270, "annotation": {"number": 64, "value": 0}, "group": "control_change"}, {"time": 282, "annotation": {"number": 64, "value": 127}, "group": "control_change"}, {"time": 309, "annotation": {"number": 64, "value": 127}, "group": "control_change"}, {"time": 317, "annotation": {"number": 64, "value": 0}, "group": "control_change"}, {"time": 326, "annotation": {"number": 64, "value": 127}, "group": "control_change"}, {"time": 342, "annotation": {"number": 64, "value": 0}, "group": "control_change"}, {"time": 347, "annotation": {"number": 64, "value": 127}, "group": "control_change"}, {"time": 365, "annotation": {"number": 64, "value": 0}, "group": "control_change"}, {"time": 367, "annotation": {"number": 64, "value": 127}, "group": "control_change"}, {"time": 391, "annotation": {"number": 64, "value": 0}, "group": "control_change"}, {"time": 394, "annotation": {"number": 64, "value": 127}, "group": "control_change"}, {"time": 416, "annotation": {"number": 64, "value": 127}, "group": "control_change"}, {"time": 439, "annotation": {"number": 64, "value": 0}, "group": "control_change"}, {"time": 442, "annotation": {"number": 64, "value": 127}, "group": "control_change"}, {"time": 462, "annotation": {"number": 64, "value": 0}, "group": "control_change"}, {"time": 465, "annotation": {"number": 64, "value": 127}, "group": "control_change"}, {"time": 486, "annotation": {"number": 64, "value": 0}, "group": "control_change"}, {"time": 491, "annotation": {"number": 64, "value": 127}, "group": "control_change"}, {"time": 511, "annotation": {"number": 64, "value": 0}, "group": "control_change"}, {"time": 517, "annotation": {"number": 64, "value": 127}, "group": "control_change"}, {"time": 534, "annotation": {"number": 64, "value": 0}, "group": "control_change"}, {"time": 540, "annotation": {"number": 64, "value": 127}, "group": "control_change"}, {"time": 557, "annotation": {"number": 64, "value": 0}, "group": "control_change"}, {"time": 559, "annotation": {"number": 64, "value": 127}, "group": "control_change"}, {"time": 583, "annotation": {"number": 64, "value": 0}, "group": "control_change"}, {"time": 586, "annotation": {"number": 64, "value": 127}, "group": "control_change"}, {"time": 605, "annotation": {"number": 64, "value": 0}, "group": "control_change"}, {"time": 612, "annotation": {"number": 64, "value": 127}, "group": "control_change"}, {"time": 629, "annotation": {"number": 64, "value": 0}, "group": "control_change"}, {"time": 635, "annotation": {"number": 64, "value": 127}, "group": "control_change"}, {"time": 655, "annotation": {"number": 64, "value": 0}, "group": "control_change"}, {"time": 658, "annotation": {"number": 64, "value": 127}, "group": "control_change"}, {"time": 678, "annotation": {"number": 64, "value": 0}, "group": "control_change"}, {"time": 681, "annotation": {"number": 64, "value": 127}, "group": "control_change"}, {"time": 703, "annotation": {"number": 64, "value": 0}, "group": "control_change"}, {"time": 704, "annotation": {"number": 64, "value": 127}, "group": "control_change"}, {"time": 726, "annotation": {"number": 64, "value": 0}, "group": "control_change"}, {"time": 732, "annotation": {"number": 64, "value": 127}, "group": "control_change"}, {"time": 750, "annotation": {"number": 64, "value": 0}, "group": "control_change"}, {"time": 752, "annotation": {"number": 64, "value": 127}, "group": "control_change"}, {"time": 774, "annotation": {"number": 64, "value": 0}, "group": "control_change"}, {"time": 776, "annotation": {"number": 64, "value": 127}, "group": "control_change"}, {"time": 798, "annotation": {"number": 64, "value": 0}, "group": "control_change"}, {"time": 804, "annotation": {"number": 64, "value": 127}, "group": "control_change"}, {"time": 822, "annotation": {"number": 64, "value": 0}, "group": "control_change"}, {"time": 828, "annotation": {"number": 64, "value": 127}, "group": "control_change"}, {"time": 847, "annotation": {"number": 64, "value": 0}, "group": "control_change"}, {"time": 849, "annotation": {"number": 64, "value": 127}, "group": "control_change"}, {"time": 870, "annotation": {"number": 64, "value": 0}, "group": "control_change"}, {"time": 875, "annotation": {"number": 64, "value": 127}, "group": "control_change"}, {"time": 894, "annotation": {"number": 64, "value": 0}, "group": "control_change"}, {"time": 896, "annotation": {"number": 64, "value": 127}, "group": "control_change"}, {"time": 918, "annotation": {"number": 64, "value": 0}, "group": "control_change"}, {"time": 924, "annotation": {"number": 64, "value": 127}, "group": "control_change"}, {"time": 940, "annotation": {"number": 64, "value": 0}, "group": "control_change"}, {"time": 943, "annotation": {"number": 64, "value": 127}, "group": "control_change"}, {"time": 965, "annotation": {"number": 64, "value": 0}, "group": "control_change"}, {"time": 966, "annotation": {"number": 64, "value": 127}, "group": "control_change"}, {"time": 990, "annotation": {"number": 64, "value": 0}, "group": "control_change"}, {"time": 993, "annotation": {"number": 64, "value": 127}, "group": "control_change"}, {"time": 1014, "annotation": {"number": 64, "value": 0}, "group": "control_change"}, {"time": 1028, "annotation": {"number": 64, "value": 127}, "group": "control_change"}, {"time": 1038, "annotation": {"number": 64, "value": 0}, "group": "control_change"}, {"time": 1050, "annotation": {"number": 64, "value": 127}, "group": "control_change"}, {"time": 1064, "annotation": {"number": 64, "value": 127}, "group": "control_change"}, {"time": 1074, "annotation": {"number": 64, "value": 0}, "group": "control_change"}, {"time": 1077, "annotation": {"number": 64, "value": 127}, "group": "control_change"}, {"time": 1086, "annotation": {"number": 64, "value": 0}, "group": "control_change"}, {"time": 1089, "annotation": {"number": 64, "value": 127}, "group": "control_change"}, {"time": 1110, "annotation": {"number": 64, "value": 0}, "group": "control_change"}, {"time": 1114, "annotation": {"number": 64, "value": 127}, "group": "control_change"}, {"time": 1158, "annotation": {"number": 64, "value": 0}, "group": "control_change"}, {"time": 1206, "annotation": {"number": 64, "value": 0}, "group": "control_change"}, {"time": 1208, "annotation": {"number": 64, "value": 127}, "group": "control_change"}, {"time": 1229, "annotation": {"number": 64, "value": 0}, "group": "control_change"}, {"time": 1232, "annotation": {"number": 64, "value": 127}, "group": "control_change"}, {"time": 1254, "annotation": {"number": 64, "value": 0}, "group": "control_change"}, {"time": 1258, "annotation": {"number": 64, "value": 127}, "group": "control_change"}, {"time": 1278, "annotation": {"number": 64, "value": 0}, "group": "control_change"}, {"time": 1281, "annotation": {"number": 64, "value": 127}, "group": "control_change"}, {"time": 1302, "annotation": {"number": 64, "value": 0}, "group": "control_change"}, {"time": 1308, "annotation": {"number": 64, "value": 127}, "group": "control_change"}, {"time": 1325, "annotation": {"number": 64, "value": 0}, "group": "control_change"}, {"time": 1327, "annotation": {"number": 64, "value": 127}, "group": "control_change"}, {"time": 1350, "annotation": {"number": 64, "value": 0}, "group": "control_change"}, {"time": 1352, "annotation": {"number": 64, "value": 127}, "group": "control_change"}, {"time": 1374, "annotation": {"number": 64, "value": 0}, "group": "control_change"}, {"time": 1398, "annotation": {"number": 64, "value": 0}, "group": "control_change"}, {"time": 1400, "annotation": {"number": 64, "value": 127}, "group": "control_change"}, {"time": 1421, "annotation": {"number": 64, "value": 0}, "group": "control_change"}, {"time": 1424, "annotation": {"number": 64, "value": 127}, "group": "control_change"}, {"time": 1446, "annotation": {"number": 64, "value": 0}, "group": "control_change"}, {"time": 1450, "annotation": {"number": 64, "value": 127}, "group": "control_change"}, {"time": 1470, "annotation": {"number": 64, "value": 0}, "group": "control_change"}, {"time": 1473, "annotation": {"number": 64, "value": 127}, "group": "control_change"}, {"time": 1494, "annotation": {"number": 64, "value": 0}, "group": "control_change"}, {"time": 1500, "annotation": {"number": 64, "value": 127}, "group": "control_change"}, {"time": 1517, "annotation": {"number": 64, "value": 0}, "group": "control_change"}, {"time": 1519, "annotation": {"number": 64, "value": 127}, "group": "control_change"}, {"time": 1542, "annotation": {"number": 64, "value": 0}, "group": "control_change"}, {"time": 1552, "annotation": {"number": 64, "value": 0}, "group": "control_change"}, {"time": 1553, "annotation": {"number": 64, "value": 127}, "group": "control_change"}, {"time": 1557, "annotation": {"number": 64, "value": 0}, "group": "control_change"}, {"time": 1558, "annotation": {"number": 64, "value": 127}, "group": "control_change"}, {"time": 1565, "annotation": {"number": 64, "value": 0}, "group": "control_change"}, {"time": 1572, "annotation": {"number": 64, "value": 127}, "group": "control_change"}, {"time": 1589, "annotation": {"number": 64, "value": 0}, "group": "control_change"}, {"time": 1595, "annotation": {"number": 64, "value": 127}, "group": "control_change"}, {"time": 1615, "annotation": {"number": 64, "value": 0}, "group": "control_change"}, {"time": 1618, "annotation": {"number": 64, "value": 127}, "group": "control_change"}, {"time": 1638, "annotation": {"number": 64, "value": 0}, "group": "control_change"}, {"time": 1641, "annotation": {"number": 64, "value": 127}, "group": "control_change"}, {"time": 1663, "annotation": {"number": 64, "value": 0}, "group": "control_change"}, {"time": 1664, "annotation": {"number": 64, "value": 127}, "group": "control_change"}, {"time": 1686, "annotation": {"number": 64, "value": 0}, "group": "control_change"}, {"time": 1692, "annotation": {"number": 64, "value": 127}, "group": "control_change"}, {"time": 1710, "annotation": {"number": 64, "value": 0}, "group": "control_change"}, {"time": 1712, "annotation": {"number": 64, "value": 127}, "group": "control_change"}, {"time": 1734, "annotation": {"number": 64, "value": 0}, "group": "control_change"}, {"time": 1736, "annotation": {"number": 64, "value": 127}, "group": "control_change"}, {"time": 1758, "annotation": {"number": 64, "value": 0}, "group": "control_change"}, {"time": 1764, "annotation": {"number": 64, "value": 127}, "group": "control_change"}, {"time": 1782, "annotation": {"number": 64, "value": 0}, "group": "control_change"}, {"time": 1788, "annotation": {"number": 64, "value": 127}, "group": "control_change"}, {"time": 1807, "annotation": {"number": 64, "value": 0}, "group": "control_change"}, {"time": 1809, "annotation": {"number": 64, "value": 127}, "group": "control_change"}, {"time": 1830, "annotation": {"number": 64, "value": 0}, "group": "control_change"}, {"time": 1835, "annotation": {"number": 64, "value": 127}, "group": "control_change"}, {"time": 1854, "annotation": {"number": 64, "value": 0}, "group": "control_change"}, {"time": 1856, "annotation": {"number": 64, "value": 127}, "group": "control_change"}, {"time": 1878, "annotation": {"number": 64, "value": 0}, "group": "control_change"}, {"time": 1884, "annotation": {"number": 64, "value": 127}, "group": "control_change"}, {"time": 1900, "annotation": {"number": 64, "value": 0}, "group": "control_change"}, {"time": 1903, "annotation": {"number": 64, "value": 127}, "group": "control_change"}, {"time": 1904, "annotation": {"number": 64, "value": 127}, "group": "control_change"}, {"time": 1925, "annotation": {"number": 64, "value": 0}, "group": "control_change"}, {"time": 1927, "annotation": {"number": 64, "value": 127}, "group": "control_change"}, {"time": 1948, "annotation": {"number": 64, "value": 0}, "group": "control_change"}, {"time": 1956, "annotation": {"number": 64, "value": 127}, "group": "control_change"}, {"time": 1973, "annotation": {"number": 64, "value": 0}, "group": "control_change"}, {"time": 1979, "annotation": {"number": 64, "value": 127}, "group": "control_change"}, {"time": 1999, "annotation": {"number": 64, "value": 0}, "group": "control_change"}, {"time": 2002, "annotation": {"number": 64, "value": 127}, "group": "control_change"}, {"time": 2022, "annotation": {"number": 64, "value": 0}, "group": "control_change"}, {"time": 2025, "annotation": {"number": 64, "value": 127}, "group": "control_change"}, {"time": 2047, "annotation": {"number": 64, "value": 0}, "group": "control_change"}, {"time": 2048, "annotation": {"number": 64, "value": 127}, "group": "control_change"}, {"time": 2070, "annotation": {"number": 64, "value": 0}, "group": "control_change"}, {"time": 2076, "annotation": {"number": 64, "value": 127}, "group": "control_change"}, {"time": 2094, "annotation": {"number": 64, "value": 0}, "group": "control_change"}, {"time": 2096, "annotation": {"number": 64, "value": 127}, "group": "control_change"}, {"time": 2118, "annotation": {"number": 64, "value": 0}, "group": "control_change"}, {"time": 2120, "annotation": {"number": 64, "value": 127}, "group": "control_change"}, {"time": 2142, "annotation": {"number": 64, "value": 0}, "group": "control_change"}, {"time": 2148, "annotation": {"number": 64, "value": 127}, "group": "control_change"}, {"time": 2166, "annotation": {"number": 64, "value": 0}, "group": "control_change"}, {"time": 2172, "annotation": {"number": 64, "value": 127}, "group": "control_change"}, {"time": 2191, "annotation": {"number": 64, "value": 0}, "group": "control_change"}, {"time": 2193, "annotation": {"number": 64, "value": 127}, "group": "control_change"}, {"time": 2214, "annotation": {"number": 64, "value": 0}, "group": "control_change"}, {"time": 2219, "annotation": {"number": 64, "value": 127}, "group": "control_change"}, {"time": 2238, "annotation": {"number": 64, "value": 0}, "group": "control_change"}, {"time": 2240, "annotation": {"number": 64, "value": 127}, "group": "control_change"}, {"time": 2262, "annotation": {"number": 64, "value": 0}, "group": "control_change"}, {"time": 2286, "annotation": {"number": 64, "value": 0}, "group": "control_change"}, {"time": 2290, "annotation": {"number": 64, "value": 127}, "group": "control_change"}, {"time": 2310, "annotation": {"number": 64, "value": 0}, "group": "control_change"}, {"time": 2312, "annotation": {"number": 64, "value": 127}, "group": "control_change"}, {"time": 2334, "annotation": {"number": 64, "value": 0}, "group": "control_change"}, {"time": 2334, "annotation": {"number": 64, "value": 127}, "group": "control_change"}, {"time": 2359, "annotation": {"number": 64, "value": 0}, "group": "control_change"}, {"time": 2362, "annotation": {"number": 64, "value": 127}, "group": "control_change"}, {"time": 2384, "annotation": {"number": 64, "value": 127}, "group": "control_change"}, {"time": 2403, "annotation": {"number": 64, "value": 0}, "group": "control_change"}, {"time": 2409, "annotation": {"number": 64, "value": 127}, "group": "control_change"}, {"time": 2433, "annotation": {"number": 64, "value": 0}, "group": "control_change"}, {"time": 2434, "annotation": {"number": 64, "value": 127}, "group": "control_change"}, {"time": 2462, "annotation": {"number": 64, "value": 0}, "group": "control_change"}, {"time": 2503, "annotation": {"number": 64, "value": 127}, "group": "control_change"}, {"time": 2512, "annotation": {"number": 64, "value": 0}, "group": "control_change"}, {"time": 2517, "annotation": {"number": 64, "value": 127}, "group": "control_change"}, {"time": 2541, "annotation": {"number": 64, "value": 0}, "group": "control_change"}, {"time": 2543, "annotation": {"number": 64, "value": 127}, "group": "control_change"}, {"time": 2565, "annotation": {"number": 64, "value": 0}, "group": "control_change"}, {"time": 2596, "annotation": {"number": 64, "value": 127}, "group": "control_change"}, {"time": 2597, "annotation": {"number": 64, "value": 0}, "group": "control_change"}, {"time": 2619, "annotation": {"number": 64, "value": 127}, "group": "control_change"}, {"time": 2636, "annotation": {"number": 64, "value": 0}, "group": "control_change"}, {"time": 2638, "annotation": {"number": 64, "value": 127}, "group": "control_change"}, {"time": 2675, "annotation": {"number": 64, "value": 0}, "group": "control_change"}, {"time": 2676, "annotation": {"number": 64, "value": 127}, "group": "control_change"}, {"time": 2735, "annotation": {"number": 64, "value": 0}, "group": "control_change"}]}]}