{"metadata": {"schema_version": "0.2", "title": "None", "source_filename": "230.mid", "source_format": "midi"}, "resolution": 12, "tempos": [{"time": 0, "qpm": 120.0}, {"time": 0, "qpm": 89.00004005001803}, {"time": 188, "qpm": 73.99998273333736}, {"time": 212, "qpm": 75.99996960001216}, {"time": 236, "qpm": 78.000078000078}, {"time": 260, "qpm": 82.00014760026568}, {"time": 272, "qpm": 85.00004250002125}, {"time": 284, "qpm": 83.0000650167176}, {"time": 308, "qpm": 78.000078000078}, {"time": 320, "qpm": 77.000077000077}, {"time": 332, "qpm": 73.00007178340392}, {"time": 344, "qpm": 77.000077000077}, {"time": 380, "qpm": 78.9999657666815}, {"time": 392, "qpm": 78.000078000078}, {"time": 464, "qpm": 75.0}, {"time": 476, "qpm": 77.000077000077}, {"time": 548, "qpm": 80.0}, {"time": 572, "qpm": 75.99996960001216}, {"time": 596, "qpm": 73.99998273333736}, {"time": 608, "qpm": 96.99995311668933}, {"time": 620, "qpm": 77.000077000077}, {"time": 644, "qpm": 78.000078000078}, {"time": 764, "qpm": 80.0}, {"time": 800, "qpm": 78.000078000078}, {"time": 812, "qpm": 75.99996960001216}, {"time": 884, "qpm": 75.0}, {"time": 896, "qpm": 69.00009660013524}, {"time": 908, "qpm": 70.00007000007}, {"time": 920, "qpm": 62.99999685000016}, {"time": 932, "qpm": 55.00000458333371}, {"time": 944, "qpm": 80.0}, {"time": 980, "qpm": 73.99998273333736}, {"time": 1016, "qpm": 78.9999657666815}, {"time": 1064, "qpm": 80.99997165000993}, {"time": 1088, "qpm": 78.9999657666815}, {"time": 1136, "qpm": 80.0}, {"time": 1148, "qpm": 80.99997165000993}, {"time": 1160, "qpm": 75.99996960001216}, {"time": 1196, "qpm": 73.00007178340392}, {"time": 1208, "qpm": 78.9999657666815}, {"time": 1220, "qpm": 77.000077000077}, {"time": 1244, "qpm": 78.9999657666815}, {"time": 1304, "qpm": 75.99996960001216}, {"time": 1352, "qpm": 78.9999657666815}, {"time": 1412, "qpm": 80.99997165000993}, {"time": 1424, "qpm": 85.00004250002125}, {"time": 1436, "qpm": 77.000077000077}, {"time": 1448, "qpm": 70.00007000007}, {"time": 1460, "qpm": 75.99996960001216}, {"time": 1472, "qpm": 80.99997165000993}, {"time": 1496, "qpm": 77.000077000077}, {"time": 1508, "qpm": 78.9999657666815}, {"time": 1532, "qpm": 82.00014760026568}, {"time": 1544, "qpm": 75.99996960001216}, {"time": 1568, "qpm": 73.99998273333736}, {"time": 1580, "qpm": 78.9999657666815}, {"time": 1652, "qpm": 75.99996960001216}, {"time": 1664, "qpm": 78.9999657666815}, {"time": 1700, "qpm": 78.000078000078}, {"time": 1736, "qpm": 70.00007000007}, {"time": 1748, "qpm": 73.99998273333736}, {"time": 1760, "qpm": 78.9999657666815}, {"time": 1772, "qpm": 80.99997165000993}, {"time": 1832, "qpm": 72.00011520018433}, {"time": 1844, "qpm": 78.000078000078}, {"time": 1856, "qpm": 83.0000650167176}, {"time": 1862, "qpm": 80.0}, {"time": 1880, "qpm": 78.000078000078}, {"time": 1892, "qpm": 73.00007178340392}, {"time": 1904, "qpm": 78.000078000078}, {"time": 1928, "qpm": 78.9999657666815}, {"time": 1988, "qpm": 77.000077000077}, {"time": 2024, "qpm": 78.9999657666815}, {"time": 2072, "qpm": 72.00011520018433}, {"time": 2084, "qpm": 73.00007178340392}, {"time": 2096, "qpm": 82.00014760026568}, {"time": 2132, "qpm": 78.9999657666815}, {"time": 2156, "qpm": 75.99996960001216}, {"time": 2180, "qpm": 78.000078000078}, {"time": 2276, "qpm": 80.0}, {"time": 2300, "qpm": 75.0}, {"time": 2336, "qpm": 83.0000650167176}, {"time": 2360, "qpm": 77.000077000077}, {"time": 2372, "qpm": 73.99998273333736}, {"time": 2384, "qpm": 78.9999657666815}, {"time": 2396, "qpm": 75.99996960001216}, {"time": 2420, "qpm": 78.9999657666815}, {"time": 2444, "qpm": 72.00011520018433}, {"time": 2528, "qpm": 60.99997255001235}, {"time": 2540, "qpm": 80.0}, {"time": 2552, "qpm": 88.00002346667293}, {"time": 2564, "qpm": 73.00007178340392}, {"time": 2576, "qpm": 84.000084000084}, {"time": 2612, "qpm": 80.99997165000993}, {"time": 2660, "qpm": 77.000077000077}, {"time": 2684, "qpm": 78.9999657666815}, {"time": 2756, "qpm": 84.000084000084}, {"time": 2780, "qpm": 78.9999657666815}, {"time": 2828, "qpm": 82.00014760026568}, {"time": 2900, "qpm": 75.99996960001216}, {"time": 2960, "qpm": 59.00006686674245}], "time_signatures": [{"time": 0, "numerator": 4, "denominator": 4}], "tracks": [{"program": 0, "is_drum": false, "name": "MELODY", "notes": [{"time": 572, "pitch": 77, "duration": 10, "velocity": 95}, {"time": 584, "pitch": 77, "duration": 6, "velocity": 90}, {"time": 590, "pitch": 74, "duration": 5, "velocity": 103}, {"time": 596, "pitch": 79, "duration": 11, "velocity": 94}, {"time": 608, "pitch": 77, "duration": 14, "velocity": 93}, {"time": 620, "pitch": 74, "duration": 11, "velocity": 91}, {"time": 632, "pitch": 72, "duration": 5, "velocity": 94}, {"time": 638, "pitch": 70, "duration": 5, "velocity": 95}, {"time": 644, "pitch": 70, "duration": 24, "velocity": 90}, {"time": 668, "pitch": 65, "duration": 1, "velocity": 90}, {"time": 669, "pitch": 67, "duration": 11, "velocity": 76}, {"time": 680, "pitch": 67, "duration": 6, "velocity": 90}, {"time": 686, "pitch": 70, "duration": 6, "velocity": 95}, {"time": 692, "pitch": 70, "duration": 1, "velocity": 95}, {"time": 692, "pitch": 72, "duration": 5, "velocity": 82}, {"time": 698, "pitch": 72, "duration": 6, "velocity": 61}, {"time": 704, "pitch": 70, "duration": 6, "velocity": 84}, {"time": 710, "pitch": 67, "duration": 6, "velocity": 86}, {"time": 716, "pitch": 67, "duration": 18, "velocity": 80}, {"time": 734, "pitch": 65, "duration": 30, "velocity": 80}, {"time": 764, "pitch": 67, "duration": 12, "velocity": 100}, {"time": 776, "pitch": 70, "duration": 12, "velocity": 95}, {"time": 788, "pitch": 70, "duration": 12, "velocity": 101}, {"time": 800, "pitch": 70, "duration": 6, "velocity": 95}, {"time": 806, "pitch": 72, "duration": 6, "velocity": 95}, {"time": 812, "pitch": 74, "duration": 12, "velocity": 93}, {"time": 824, "pitch": 77, "duration": 12, "velocity": 84}, {"time": 836, "pitch": 77, "duration": 24, "velocity": 93}, {"time": 860, "pitch": 82, "duration": 12, "velocity": 95}, {"time": 872, "pitch": 82, "duration": 6, "velocity": 95}, {"time": 878, "pitch": 82, "duration": 6, "velocity": 95}, {"time": 884, "pitch": 79, "duration": 6, "velocity": 90}, {"time": 890, "pitch": 77, "duration": 6, "velocity": 82}, {"time": 896, "pitch": 77, "duration": 6, "velocity": 84}, {"time": 902, "pitch": 74, "duration": 6, "velocity": 91}, {"time": 908, "pitch": 72, "duration": 36, "velocity": 84}, {"time": 944, "pitch": 77, "duration": 6, "velocity": 86}, {"time": 950, "pitch": 77, "duration": 12, "velocity": 90}, {"time": 962, "pitch": 74, "duration": 6, "velocity": 98}, {"time": 968, "pitch": 79, "duration": 12, "velocity": 91}, {"time": 980, "pitch": 77, "duration": 12, "velocity": 90}, {"time": 992, "pitch": 70, "duration": 18, "velocity": 101}, {"time": 1010, "pitch": 74, "duration": 6, "velocity": 95}, {"time": 1016, "pitch": 74, "duration": 24, "velocity": 100}, {"time": 1040, "pitch": 72, "duration": 12, "velocity": 91}, {"time": 1052, "pitch": 72, "duration": 6, "velocity": 93}, {"time": 1058, "pitch": 74, "duration": 6, "velocity": 91}, {"time": 1064, "pitch": 72, "duration": 6, "velocity": 95}, {"time": 1070, "pitch": 70, "duration": 6, "velocity": 84}, {"time": 1076, "pitch": 70, "duration": 6, "velocity": 91}, {"time": 1082, "pitch": 65, "duration": 6, "velocity": 86}, {"time": 1088, "pitch": 65, "duration": 12, "velocity": 84}, {"time": 1100, "pitch": 67, "duration": 36, "velocity": 84}, {"time": 1136, "pitch": 79, "duration": 6, "velocity": 98}, {"time": 1145, "pitch": 77, "duration": 6, "velocity": 86}, {"time": 1148, "pitch": 77, "duration": 3, "velocity": 93}, {"time": 1160, "pitch": 74, "duration": 6, "velocity": 98}, {"time": 1166, "pitch": 77, "duration": 12, "velocity": 86}, {"time": 1178, "pitch": 74, "duration": 6, "velocity": 93}, {"time": 1184, "pitch": 77, "duration": 18, "velocity": 95}, {"time": 1202, "pitch": 74, "duration": 6, "velocity": 98}, {"time": 1208, "pitch": 72, "duration": 12, "velocity": 98}, {"time": 1220, "pitch": 72, "duration": 6, "velocity": 91}, {"time": 1226, "pitch": 74, "duration": 6, "velocity": 90}, {"time": 1232, "pitch": 72, "duration": 6, "velocity": 93}, {"time": 1238, "pitch": 70, "duration": 6, "velocity": 98}, {"time": 1244, "pitch": 72, "duration": 6, "velocity": 101}, {"time": 1250, "pitch": 70, "duration": 6, "velocity": 93}, {"time": 1256, "pitch": 67, "duration": 12, "velocity": 94}, {"time": 1268, "pitch": 72, "duration": 6, "velocity": 94}, {"time": 1274, "pitch": 74, "duration": 3, "velocity": 94}, {"time": 1277, "pitch": 72, "duration": 9, "velocity": 94}, {"time": 1286, "pitch": 70, "duration": 6, "velocity": 94}, {"time": 1328, "pitch": 82, "duration": 6, "velocity": 98}, {"time": 1334, "pitch": 82, "duration": 6, "velocity": 98}, {"time": 1340, "pitch": 82, "duration": 6, "velocity": 91}, {"time": 1346, "pitch": 79, "duration": 6, "velocity": 95}, {"time": 1352, "pitch": 82, "duration": 12, "velocity": 101}, {"time": 1364, "pitch": 84, "duration": 6, "velocity": 94}, {"time": 1370, "pitch": 86, "duration": 6, "velocity": 95}, {"time": 1376, "pitch": 84, "duration": 6, "velocity": 95}, {"time": 1382, "pitch": 82, "duration": 6, "velocity": 95}, {"time": 1388, "pitch": 82, "duration": 6, "velocity": 94}, {"time": 1394, "pitch": 79, "duration": 6, "velocity": 98}, {"time": 1400, "pitch": 77, "duration": 24, "velocity": 95}, {"time": 1424, "pitch": 79, "duration": 6, "velocity": 99}, {"time": 1430, "pitch": 79, "duration": 6, "velocity": 90}, {"time": 1436, "pitch": 79, "duration": 6, "velocity": 98}, {"time": 1442, "pitch": 77, "duration": 6, "velocity": 91}, {"time": 1448, "pitch": 79, "duration": 12, "velocity": 98}, {"time": 1460, "pitch": 82, "duration": 12, "velocity": 95}, {"time": 1472, "pitch": 79, "duration": 6, "velocity": 90}, {"time": 1478, "pitch": 77, "duration": 6, "velocity": 83}, {"time": 1484, "pitch": 77, "duration": 6, "velocity": 91}, {"time": 1490, "pitch": 74, "duration": 6, "velocity": 95}, {"time": 1496, "pitch": 72, "duration": 24, "velocity": 93}, {"time": 1520, "pitch": 77, "duration": 18, "velocity": 95}, {"time": 1538, "pitch": 74, "duration": 6, "velocity": 98}, {"time": 1544, "pitch": 77, "duration": 12, "velocity": 91}, {"time": 1556, "pitch": 77, "duration": 6, "velocity": 84}, {"time": 1562, "pitch": 74, "duration": 6, "velocity": 93}, {"time": 1568, "pitch": 79, "duration": 12, "velocity": 106}, {"time": 1580, "pitch": 79, "duration": 6, "velocity": 98}, {"time": 1586, "pitch": 70, "duration": 6, "velocity": 95}, {"time": 1592, "pitch": 72, "duration": 6, "velocity": 98}, {"time": 1598, "pitch": 74, "duration": 18, "velocity": 98}, {"time": 1616, "pitch": 72, "duration": 6, "velocity": 95}, {"time": 1622, "pitch": 72, "duration": 12, "velocity": 86}, {"time": 1634, "pitch": 70, "duration": 6, "velocity": 98}, {"time": 1640, "pitch": 67, "duration": 12, "velocity": 98}, {"time": 1652, "pitch": 72, "duration": 12, "velocity": 84}, {"time": 1664, "pitch": 70, "duration": 60, "velocity": 101}, {"time": 1712, "pitch": 82, "duration": 6, "velocity": 98}, {"time": 1718, "pitch": 82, "duration": 6, "velocity": 98}, {"time": 1724, "pitch": 82, "duration": 6, "velocity": 91}, {"time": 1730, "pitch": 79, "duration": 6, "velocity": 95}, {"time": 1736, "pitch": 82, "duration": 12, "velocity": 101}, {"time": 1748, "pitch": 84, "duration": 6, "velocity": 94}, {"time": 1754, "pitch": 86, "duration": 6, "velocity": 95}, {"time": 1760, "pitch": 84, "duration": 6, "velocity": 95}, {"time": 1766, "pitch": 82, "duration": 6, "velocity": 95}, {"time": 1772, "pitch": 82, "duration": 6, "velocity": 94}, {"time": 1778, "pitch": 79, "duration": 6, "velocity": 98}, {"time": 1784, "pitch": 77, "duration": 24, "velocity": 95}, {"time": 1808, "pitch": 79, "duration": 6, "velocity": 99}, {"time": 1814, "pitch": 79, "duration": 6, "velocity": 90}, {"time": 1820, "pitch": 79, "duration": 6, "velocity": 98}, {"time": 1826, "pitch": 77, "duration": 6, "velocity": 91}, {"time": 1832, "pitch": 79, "duration": 12, "velocity": 98}, {"time": 1844, "pitch": 82, "duration": 12, "velocity": 95}, {"time": 1856, "pitch": 79, "duration": 6, "velocity": 90}, {"time": 1862, "pitch": 77, "duration": 6, "velocity": 83}, {"time": 1868, "pitch": 77, "duration": 6, "velocity": 91}, {"time": 1874, "pitch": 74, "duration": 6, "velocity": 95}, {"time": 1880, "pitch": 72, "duration": 24, "velocity": 93}, {"time": 1904, "pitch": 77, "duration": 12, "velocity": 95}, {"time": 1916, "pitch": 77, "duration": 5, "velocity": 95}, {"time": 1922, "pitch": 74, "duration": 6, "velocity": 98}, {"time": 1928, "pitch": 77, "duration": 12, "velocity": 91}, {"time": 1940, "pitch": 77, "duration": 6, "velocity": 84}, {"time": 1946, "pitch": 74, "duration": 6, "velocity": 93}, {"time": 1952, "pitch": 79, "duration": 12, "velocity": 106}, {"time": 1964, "pitch": 79, "duration": 6, "velocity": 98}, {"time": 1970, "pitch": 70, "duration": 6, "velocity": 95}, {"time": 1976, "pitch": 72, "duration": 6, "velocity": 98}, {"time": 1982, "pitch": 74, "duration": 18, "velocity": 98}, {"time": 2000, "pitch": 72, "duration": 6, "velocity": 95}, {"time": 2006, "pitch": 72, "duration": 12, "velocity": 86}, {"time": 2018, "pitch": 67, "duration": 7, "velocity": 86}, {"time": 2024, "pitch": 74, "duration": 7, "velocity": 93}, {"time": 2036, "pitch": 74, "duration": 5, "velocity": 95}, {"time": 2042, "pitch": 72, "duration": 4, "velocity": 91}, {"time": 2048, "pitch": 70, "duration": 8, "velocity": 98}, {"time": 2096, "pitch": 82, "duration": 18, "velocity": 104}, {"time": 2114, "pitch": 82, "duration": 6, "velocity": 100}, {"time": 2120, "pitch": 82, "duration": 12, "velocity": 106}, {"time": 2132, "pitch": 82, "duration": 12, "velocity": 106}, {"time": 2144, "pitch": 84, "duration": 12, "velocity": 106}, {"time": 2156, "pitch": 82, "duration": 6, "velocity": 104}, {"time": 2162, "pitch": 79, "duration": 6, "velocity": 101}, {"time": 2168, "pitch": 77, "duration": 24, "velocity": 98}, {"time": 2192, "pitch": 82, "duration": 9, "velocity": 100}, {"time": 2201, "pitch": 79, "duration": 3, "velocity": 91}, {"time": 2204, "pitch": 79, "duration": 6, "velocity": 91}, {"time": 2210, "pitch": 77, "duration": 6, "velocity": 84}, {"time": 2216, "pitch": 74, "duration": 12, "velocity": 100}, {"time": 2228, "pitch": 77, "duration": 12, "velocity": 95}, {"time": 2240, "pitch": 74, "duration": 6, "velocity": 91}, {"time": 2246, "pitch": 72, "duration": 6, "velocity": 90}, {"time": 2252, "pitch": 70, "duration": 6, "velocity": 98}, {"time": 2258, "pitch": 67, "duration": 6, "velocity": 91}, {"time": 2264, "pitch": 72, "duration": 24, "velocity": 98}, {"time": 2288, "pitch": 77, "duration": 9, "velocity": 90}, {"time": 2297, "pitch": 77, "duration": 9, "velocity": 90}, {"time": 2306, "pitch": 74, "duration": 6, "velocity": 101}, {"time": 2312, "pitch": 77, "duration": 6, "velocity": 94}, {"time": 2318, "pitch": 79, "duration": 6, "velocity": 100}, {"time": 2324, "pitch": 77, "duration": 12, "velocity": 98}, {"time": 2336, "pitch": 72, "duration": 6, "velocity": 91}, {"time": 2342, "pitch": 72, "duration": 6, "velocity": 98}, {"time": 2348, "pitch": 72, "duration": 6, "velocity": 98}, {"time": 2354, "pitch": 70, "duration": 6, "velocity": 106}, {"time": 2360, "pitch": 72, "duration": 6, "velocity": 98}, {"time": 2366, "pitch": 74, "duration": 18, "velocity": 100}, {"time": 2384, "pitch": 72, "duration": 9, "velocity": 98}, {"time": 2393, "pitch": 72, "duration": 3, "velocity": 103}, {"time": 2396, "pitch": 72, "duration": 6, "velocity": 98}, {"time": 2402, "pitch": 70, "duration": 6, "velocity": 98}, {"time": 2408, "pitch": 67, "duration": 12, "velocity": 100}, {"time": 2420, "pitch": 70, "duration": 12, "velocity": 103}, {"time": 2432, "pitch": 72, "duration": 36, "velocity": 98}, {"time": 2468, "pitch": 74, "duration": 12, "velocity": 114}, {"time": 2480, "pitch": 77, "duration": 12, "velocity": 104}, {"time": 2492, "pitch": 72, "duration": 30, "velocity": 101}, {"time": 2522, "pitch": 67, "duration": 18, "velocity": 101}, {"time": 2540, "pitch": 72, "duration": 48, "velocity": 103}, {"time": 2588, "pitch": 70, "duration": 108, "velocity": 104}]}, {"program": 0, "is_drum": false, "name": "BRIDGE", "notes": [{"time": 188, "pitch": 65, "duration": 6, "velocity": 86}, {"time": 194, "pitch": 67, "duration": 6, "velocity": 90}, {"time": 200, "pitch": 70, "duration": 6, "velocity": 98}, {"time": 206, "pitch": 67, "duration": 6, "velocity": 84}, {"time": 212, "pitch": 70, "duration": 15, "velocity": 98}, {"time": 224, "pitch": 77, "duration": 9, "velocity": 94}, {"time": 236, "pitch": 74, "duration": 26, "velocity": 94}, {"time": 263, "pitch": 79, "duration": 3, "velocity": 83}, {"time": 266, "pitch": 77, "duration": 3, "velocity": 72}, {"time": 269, "pitch": 74, "duration": 3, "velocity": 77}, {"time": 272, "pitch": 70, "duration": 6, "velocity": 75}, {"time": 278, "pitch": 67, "duration": 6, "velocity": 93}, {"time": 284, "pitch": 65, "duration": 6, "velocity": 93}, {"time": 290, "pitch": 67, "duration": 6, "velocity": 84}, {"time": 296, "pitch": 70, "duration": 6, "velocity": 94}, {"time": 302, "pitch": 67, "duration": 6, "velocity": 90}, {"time": 308, "pitch": 70, "duration": 12, "velocity": 94}, {"time": 320, "pitch": 77, "duration": 12, "velocity": 90}, {"time": 332, "pitch": 72, "duration": 33, "velocity": 94}, {"time": 360, "pitch": 79, "duration": 3, "velocity": 72}, {"time": 362, "pitch": 77, "duration": 3, "velocity": 73}, {"time": 363, "pitch": 74, "duration": 3, "velocity": 72}, {"time": 365, "pitch": 72, "duration": 3, "velocity": 72}, {"time": 368, "pitch": 70, "duration": 6, "velocity": 72}, {"time": 374, "pitch": 67, "duration": 6, "velocity": 84}, {"time": 380, "pitch": 65, "duration": 6, "velocity": 90}, {"time": 386, "pitch": 67, "duration": 6, "velocity": 84}, {"time": 392, "pitch": 70, "duration": 6, "velocity": 94}, {"time": 398, "pitch": 67, "duration": 6, "velocity": 77}, {"time": 404, "pitch": 70, "duration": 6, "velocity": 84}, {"time": 410, "pitch": 70, "duration": 6, "velocity": 84}, {"time": 410, "pitch": 82, "duration": 6, "velocity": 84}, {"time": 416, "pitch": 70, "duration": 6, "velocity": 90}, {"time": 416, "pitch": 82, "duration": 6, "velocity": 90}, {"time": 422, "pitch": 67, "duration": 6, "velocity": 83}, {"time": 422, "pitch": 79, "duration": 6, "velocity": 83}, {"time": 428, "pitch": 67, "duration": 6, "velocity": 83}, {"time": 428, "pitch": 79, "duration": 6, "velocity": 83}, {"time": 434, "pitch": 65, "duration": 6, "velocity": 75}, {"time": 434, "pitch": 77, "duration": 6, "velocity": 75}, {"time": 440, "pitch": 65, "duration": 6, "velocity": 78}, {"time": 440, "pitch": 77, "duration": 6, "velocity": 78}, {"time": 446, "pitch": 62, "duration": 6, "velocity": 75}, {"time": 446, "pitch": 74, "duration": 6, "velocity": 75}, {"time": 452, "pitch": 62, "duration": 6, "velocity": 79}, {"time": 452, "pitch": 74, "duration": 6, "velocity": 79}, {"time": 458, "pitch": 60, "duration": 6, "velocity": 76}, {"time": 458, "pitch": 72, "duration": 6, "velocity": 76}, {"time": 464, "pitch": 60, "duration": 6, "velocity": 83}, {"time": 464, "pitch": 72, "duration": 6, "velocity": 83}, {"time": 470, "pitch": 58, "duration": 6, "velocity": 80}, {"time": 470, "pitch": 70, "duration": 6, "velocity": 80}, {"time": 476, "pitch": 72, "duration": 18, "velocity": 98}, {"time": 476, "pitch": 84, "duration": 18, "velocity": 98}, {"time": 494, "pitch": 70, "duration": 6, "velocity": 101}, {"time": 494, "pitch": 82, "duration": 6, "velocity": 101}, {"time": 500, "pitch": 64, "duration": 12, "velocity": 90}, {"time": 500, "pitch": 76, "duration": 12, "velocity": 90}, {"time": 512, "pitch": 67, "duration": 12, "velocity": 95}, {"time": 512, "pitch": 79, "duration": 12, "velocity": 95}, {"time": 524, "pitch": 65, "duration": 18, "velocity": 91}, {"time": 524, "pitch": 77, "duration": 18, "velocity": 91}, {"time": 542, "pitch": 60, "duration": 6, "velocity": 90}, {"time": 542, "pitch": 72, "duration": 6, "velocity": 90}, {"time": 548, "pitch": 62, "duration": 12, "velocity": 91}, {"time": 548, "pitch": 74, "duration": 12, "velocity": 91}, {"time": 560, "pitch": 63, "duration": 12, "velocity": 91}, {"time": 560, "pitch": 75, "duration": 12, "velocity": 91}, {"time": 716, "pitch": 60, "duration": 10, "velocity": 83}, {"time": 734, "pitch": 62, "duration": 6, "velocity": 86}, {"time": 740, "pitch": 65, "duration": 12, "velocity": 91}, {"time": 746, "pitch": 74, "duration": 2, "velocity": 59}, {"time": 747, "pitch": 72, "duration": 2, "velocity": 55}, {"time": 749, "pitch": 70, "duration": 2, "velocity": 75}, {"time": 752, "pitch": 67, "duration": 7, "velocity": 84}, {"time": 758, "pitch": 70, "duration": 5, "velocity": 95}, {"time": 764, "pitch": 65, "duration": 8, "velocity": 91}, {"time": 908, "pitch": 67, "duration": 15, "velocity": 91}, {"time": 923, "pitch": 70, "duration": 6, "velocity": 84}, {"time": 929, "pitch": 72, "duration": 11, "velocity": 86}, {"time": 932, "pitch": 81, "duration": 1, "velocity": 39}, {"time": 933, "pitch": 79, "duration": 1, "velocity": 69}, {"time": 934, "pitch": 77, "duration": 1, "velocity": 73}, {"time": 935, "pitch": 74, "duration": 4, "velocity": 83}, {"time": 938, "pitch": 77, "duration": 3, "velocity": 84}, {"time": 944, "pitch": 74, "duration": 8, "velocity": 79}, {"time": 962, "pitch": 67, "duration": 6, "velocity": 83}, {"time": 968, "pitch": 70, "duration": 10, "velocity": 84}, {"time": 980, "pitch": 77, "duration": 11, "velocity": 74}, {"time": 992, "pitch": 74, "duration": 9, "velocity": 84}, {"time": 1028, "pitch": 77, "duration": 18, "velocity": 84}, {"time": 1040, "pitch": 79, "duration": 14, "velocity": 98}, {"time": 1121, "pitch": 82, "duration": 1, "velocity": 57}, {"time": 1122, "pitch": 79, "duration": 1, "velocity": 84}, {"time": 1123, "pitch": 77, "duration": 3, "velocity": 76}, {"time": 1124, "pitch": 74, "duration": 5, "velocity": 72}, {"time": 1130, "pitch": 77, "duration": 6, "velocity": 76}, {"time": 1136, "pitch": 72, "duration": 9, "velocity": 84}, {"time": 1505, "pitch": 82, "duration": 2, "velocity": 61}, {"time": 1506, "pitch": 77, "duration": 3, "velocity": 73}, {"time": 1507, "pitch": 74, "duration": 2, "velocity": 79}, {"time": 1508, "pitch": 70, "duration": 8, "velocity": 80}, {"time": 1514, "pitch": 72, "duration": 6, "velocity": 80}, {"time": 1520, "pitch": 74, "duration": 17, "velocity": 80}, {"time": 1598, "pitch": 65, "duration": 3, "velocity": 80}, {"time": 1598, "pitch": 77, "duration": 4, "velocity": 93}, {"time": 1604, "pitch": 67, "duration": 3, "velocity": 75}, {"time": 1604, "pitch": 79, "duration": 4, "velocity": 94}, {"time": 1610, "pitch": 70, "duration": 4, "velocity": 71}, {"time": 1610, "pitch": 82, "duration": 5, "velocity": 94}, {"time": 1616, "pitch": 72, "duration": 19, "velocity": 78}, {"time": 1616, "pitch": 84, "duration": 21, "velocity": 90}, {"time": 1634, "pitch": 74, "duration": 3, "velocity": 96}, {"time": 1634, "pitch": 86, "duration": 3, "velocity": 96}, {"time": 1640, "pitch": 72, "duration": 8, "velocity": 86}, {"time": 1640, "pitch": 84, "duration": 8, "velocity": 86}, {"time": 1646, "pitch": 72, "duration": 2, "velocity": 84}, {"time": 1646, "pitch": 84, "duration": 2, "velocity": 86}, {"time": 1652, "pitch": 67, "duration": 8, "velocity": 90}, {"time": 1652, "pitch": 79, "duration": 8, "velocity": 93}, {"time": 1664, "pitch": 70, "duration": 18, "velocity": 86}, {"time": 1664, "pitch": 82, "duration": 18, "velocity": 101}, {"time": 1886, "pitch": 77, "duration": 1, "velocity": 107}, {"time": 1888, "pitch": 74, "duration": 2, "velocity": 105}, {"time": 1889, "pitch": 72, "duration": 3, "velocity": 105}, {"time": 1892, "pitch": 70, "duration": 6, "velocity": 125}, {"time": 1898, "pitch": 72, "duration": 3, "velocity": 111}, {"time": 1901, "pitch": 74, "duration": 3, "velocity": 110}, {"time": 1904, "pitch": 77, "duration": 35, "velocity": 127}, {"time": 1940, "pitch": 74, "duration": 6, "velocity": 127}, {"time": 1946, "pitch": 77, "duration": 6, "velocity": 127}, {"time": 1952, "pitch": 79, "duration": 23, "velocity": 127}, {"time": 1982, "pitch": 77, "duration": 6, "velocity": 122}, {"time": 1988, "pitch": 79, "duration": 7, "velocity": 125}, {"time": 1994, "pitch": 82, "duration": 6, "velocity": 127}, {"time": 2000, "pitch": 84, "duration": 22, "velocity": 127}, {"time": 2018, "pitch": 86, "duration": 6, "velocity": 127}, {"time": 2024, "pitch": 84, "duration": 6, "velocity": 127}, {"time": 2030, "pitch": 82, "duration": 6, "velocity": 116}, {"time": 2036, "pitch": 79, "duration": 12, "velocity": 127}, {"time": 2048, "pitch": 82, "duration": 24, "velocity": 126}, {"time": 2075, "pitch": 72, "duration": 3, "velocity": 118}, {"time": 2078, "pitch": 74, "duration": 3, "velocity": 106}, {"time": 2081, "pitch": 77, "duration": 3, "velocity": 109}, {"time": 2084, "pitch": 72, "duration": 3, "velocity": 120}, {"time": 2087, "pitch": 74, "duration": 3, "velocity": 113}, {"time": 2090, "pitch": 77, "duration": 3, "velocity": 100}, {"time": 2093, "pitch": 79, "duration": 1, "velocity": 123}, {"time": 2096, "pitch": 82, "duration": 27, "velocity": 127}, {"time": 2132, "pitch": 86, "duration": 13, "velocity": 123}, {"time": 2144, "pitch": 84, "duration": 31, "velocity": 127}, {"time": 2180, "pitch": 86, "duration": 11, "velocity": 127}, {"time": 2192, "pitch": 89, "duration": 30, "velocity": 127}, {"time": 2216, "pitch": 91, "duration": 13, "velocity": 127}, {"time": 2228, "pitch": 89, "duration": 11, "velocity": 127}, {"time": 2240, "pitch": 91, "duration": 24, "velocity": 127}, {"time": 2276, "pitch": 82, "duration": 6, "velocity": 117}, {"time": 2282, "pitch": 84, "duration": 6, "velocity": 121}, {"time": 2288, "pitch": 86, "duration": 12, "velocity": 127}, {"time": 2324, "pitch": 89, "duration": 12, "velocity": 127}, {"time": 2336, "pitch": 91, "duration": 29, "velocity": 127}, {"time": 2360, "pitch": 89, "duration": 24, "velocity": 127}, {"time": 2384, "pitch": 84, "duration": 15, "velocity": 127}, {"time": 2420, "pitch": 86, "duration": 13, "velocity": 127}, {"time": 2432, "pitch": 89, "duration": 27, "velocity": 127}, {"time": 2456, "pitch": 65, "duration": 3, "velocity": 114}, {"time": 2459, "pitch": 67, "duration": 3, "velocity": 127}, {"time": 2462, "pitch": 69, "duration": 3, "velocity": 127}, {"time": 2465, "pitch": 65, "duration": 3, "velocity": 111}, {"time": 2468, "pitch": 67, "duration": 3, "velocity": 127}, {"time": 2471, "pitch": 69, "duration": 2, "velocity": 127}, {"time": 2474, "pitch": 72, "duration": 3, "velocity": 127}, {"time": 2477, "pitch": 74, "duration": 2, "velocity": 108}, {"time": 2480, "pitch": 77, "duration": 11, "velocity": 127}, {"time": 2492, "pitch": 79, "duration": 23, "velocity": 127}, {"time": 2540, "pitch": 82, "duration": 50, "velocity": 127}, {"time": 2588, "pitch": 77, "duration": 5, "velocity": 114}, {"time": 2594, "pitch": 79, "duration": 6, "velocity": 123}, {"time": 2600, "pitch": 82, "duration": 7, "velocity": 123}, {"time": 2606, "pitch": 79, "duration": 6, "velocity": 127}, {"time": 2612, "pitch": 82, "duration": 9, "velocity": 119}, {"time": 2624, "pitch": 89, "duration": 11, "velocity": 127}, {"time": 2636, "pitch": 86, "duration": 39, "velocity": 127}, {"time": 2684, "pitch": 77, "duration": 5, "velocity": 126}, {"time": 2690, "pitch": 79, "duration": 6, "velocity": 121}, {"time": 2696, "pitch": 82, "duration": 6, "velocity": 127}, {"time": 2702, "pitch": 79, "duration": 6, "velocity": 127}, {"time": 2708, "pitch": 82, "duration": 7, "velocity": 127}, {"time": 2720, "pitch": 89, "duration": 10, "velocity": 127}, {"time": 2732, "pitch": 84, "duration": 36, "velocity": 127}, {"time": 2780, "pitch": 77, "duration": 5, "velocity": 113}, {"time": 2786, "pitch": 79, "duration": 6, "velocity": 127}, {"time": 2792, "pitch": 82, "duration": 5, "velocity": 127}, {"time": 2798, "pitch": 79, "duration": 6, "velocity": 118}, {"time": 2804, "pitch": 82, "duration": 3, "velocity": 106}, {"time": 2810, "pitch": 94, "duration": 2, "velocity": 127}, {"time": 2816, "pitch": 94, "duration": 5, "velocity": 127}, {"time": 2822, "pitch": 91, "duration": 3, "velocity": 127}, {"time": 2828, "pitch": 91, "duration": 4, "velocity": 127}, {"time": 2834, "pitch": 89, "duration": 3, "velocity": 127}, {"time": 2840, "pitch": 89, "duration": 6, "velocity": 127}, {"time": 2846, "pitch": 86, "duration": 3, "velocity": 108}, {"time": 2852, "pitch": 86, "duration": 4, "velocity": 127}, {"time": 2858, "pitch": 84, "duration": 3, "velocity": 118}, {"time": 2864, "pitch": 84, "duration": 7, "velocity": 127}, {"time": 2870, "pitch": 82, "duration": 6, "velocity": 122}, {"time": 2876, "pitch": 84, "duration": 22, "velocity": 127}, {"time": 2894, "pitch": 82, "duration": 5, "velocity": 127}, {"time": 2900, "pitch": 79, "duration": 15, "velocity": 127}, {"time": 2912, "pitch": 84, "duration": 9, "velocity": 127}, {"time": 2924, "pitch": 82, "duration": 31, "velocity": 127}], "annotations": [{"time": 260, "annotation": {"number": 64, "value": 127}, "group": "control_change"}, {"time": 261, "annotation": {"number": 64, "value": 0}, "group": "control_change"}, {"time": 261, "annotation": {"number": 64, "value": 127}, "group": "control_change"}, {"time": 282, "annotation": {"number": 64, "value": 0}, "group": "control_change"}, {"time": 288, "annotation": {"number": 64, "value": 127}, "group": "control_change"}, {"time": 326, "annotation": {"number": 64, "value": 0}, "group": "control_change"}, {"time": 326, "annotation": {"number": 64, "value": 127}, "group": "control_change"}, {"time": 338, "annotation": {"number": 64, "value": 127}, "group": "control_change"}, {"time": 375, "annotation": {"number": 64, "value": 0}, "group": "control_change"}, {"time": 378, "annotation": {"number": 64, "value": 127}, "group": "control_change"}, {"time": 378, "annotation": {"number": 64, "value": 0}, "group": "control_change"}, {"time": 483, "annotation": {"number": 64, "value": 127}, "group": "control_change"}, {"time": 572, "annotation": {"number": 64, "value": 0}, "group": "control_change"}]}, {"program": 0, "is_drum": false, "name": "PIANO", "notes": [{"time": 188, "pitch": 46, "duration": 40, "velocity": 73}, {"time": 188, "pitch": 53, "duration": 2, "velocity": 63}, {"time": 188, "pitch": 60, "duration": 13, "velocity": 57}, {"time": 188, "pitch": 62, "duration": 12, "velocity": 60}, {"time": 188, "pitch": 65, "duration": 12, "velocity": 78}, {"time": 188, "pitch": 70, "duration": 21, "velocity": 62}, {"time": 194, "pitch": 53, "duration": 37, "velocity": 58}, {"time": 200, "pitch": 58, "duration": 6, "velocity": 68}, {"time": 206, "pitch": 60, "duration": 2, "velocity": 49}, {"time": 206, "pitch": 65, "duration": 22, "velocity": 72}, {"time": 212, "pitch": 60, "duration": 15, "velocity": 20}, {"time": 212, "pitch": 62, "duration": 16, "velocity": 62}, {"time": 224, "pitch": 58, "duration": 6, "velocity": 69}, {"time": 236, "pitch": 46, "duration": 43, "velocity": 80}, {"time": 236, "pitch": 60, "duration": 9, "velocity": 32}, {"time": 236, "pitch": 62, "duration": 11, "velocity": 59}, {"time": 236, "pitch": 65, "duration": 2, "velocity": 62}, {"time": 236, "pitch": 70, "duration": 13, "velocity": 80}, {"time": 242, "pitch": 53, "duration": 12, "velocity": 73}, {"time": 248, "pitch": 58, "duration": 13, "velocity": 73}, {"time": 254, "pitch": 60, "duration": 12, "velocity": 59}, {"time": 254, "pitch": 65, "duration": 10, "velocity": 75}, {"time": 260, "pitch": 53, "duration": 14, "velocity": 73}, {"time": 260, "pitch": 62, "duration": 8, "velocity": 76}, {"time": 266, "pitch": 58, "duration": 7, "velocity": 55}, {"time": 272, "pitch": 60, "duration": 6, "velocity": 78}, {"time": 272, "pitch": 65, "duration": 9, "velocity": 79}, {"time": 278, "pitch": 53, "duration": 6, "velocity": 71}, {"time": 284, "pitch": 46, "duration": 37, "velocity": 82}, {"time": 284, "pitch": 58, "duration": 9, "velocity": 72}, {"time": 284, "pitch": 65, "duration": 12, "velocity": 47}, {"time": 296, "pitch": 53, "duration": 26, "velocity": 54}, {"time": 302, "pitch": 60, "duration": 7, "velocity": 68}, {"time": 308, "pitch": 58, "duration": 13, "velocity": 42}, {"time": 308, "pitch": 65, "duration": 1, "velocity": 79}, {"time": 320, "pitch": 74, "duration": 1, "velocity": 58}, {"time": 320, "pitch": 86, "duration": 1, "velocity": 63}, {"time": 332, "pitch": 46, "duration": 42, "velocity": 70}, {"time": 332, "pitch": 70, "duration": 5, "velocity": 53}, {"time": 332, "pitch": 82, "duration": 2, "velocity": 52}, {"time": 338, "pitch": 53, "duration": 33, "velocity": 62}, {"time": 344, "pitch": 58, "duration": 15, "velocity": 58}, {"time": 350, "pitch": 65, "duration": 8, "velocity": 53}, {"time": 350, "pitch": 72, "duration": 6, "velocity": 68}, {"time": 356, "pitch": 70, "duration": 10, "velocity": 79}, {"time": 368, "pitch": 58, "duration": 4, "velocity": 63}, {"time": 368, "pitch": 60, "duration": 5, "velocity": 77}, {"time": 368, "pitch": 67, "duration": 5, "velocity": 77}, {"time": 374, "pitch": 65, "duration": 4, "velocity": 78}, {"time": 380, "pitch": 46, "duration": 37, "velocity": 70}, {"time": 380, "pitch": 53, "duration": 26, "velocity": 70}, {"time": 380, "pitch": 60, "duration": 12, "velocity": 67}, {"time": 380, "pitch": 62, "duration": 12, "velocity": 69}, {"time": 380, "pitch": 65, "duration": 12, "velocity": 75}, {"time": 392, "pitch": 58, "duration": 5, "velocity": 59}, {"time": 398, "pitch": 60, "duration": 7, "velocity": 69}, {"time": 404, "pitch": 65, "duration": 2, "velocity": 77}, {"time": 416, "pitch": 58, "duration": 3, "velocity": 74}, {"time": 416, "pitch": 65, "duration": 4, "velocity": 73}, {"time": 422, "pitch": 41, "duration": 2, "velocity": 32}, {"time": 422, "pitch": 60, "duration": 5, "velocity": 79}, {"time": 428, "pitch": 34, "duration": 1, "velocity": 98}, {"time": 428, "pitch": 53, "duration": 6, "velocity": 55}, {"time": 428, "pitch": 58, "duration": 7, "velocity": 72}, {"time": 428, "pitch": 62, "duration": 8, "velocity": 62}, {"time": 440, "pitch": 46, "duration": 20, "velocity": 50}, {"time": 446, "pitch": 53, "duration": 7, "velocity": 61}, {"time": 446, "pitch": 60, "duration": 2, "velocity": 67}, {"time": 446, "pitch": 65, "duration": 6, "velocity": 75}, {"time": 452, "pitch": 58, "duration": 6, "velocity": 61}, {"time": 452, "pitch": 62, "duration": 3, "velocity": 76}, {"time": 452, "pitch": 70, "duration": 5, "velocity": 83}, {"time": 458, "pitch": 53, "duration": 9, "velocity": 73}, {"time": 458, "pitch": 65, "duration": 3, "velocity": 78}, {"time": 464, "pitch": 60, "duration": 3, "velocity": 78}, {"time": 464, "pitch": 65, "duration": 2, "velocity": 84}, {"time": 476, "pitch": 36, "duration": 5, "velocity": 81}, {"time": 476, "pitch": 55, "duration": 12, "velocity": 74}, {"time": 476, "pitch": 64, "duration": 15, "velocity": 82}, {"time": 482, "pitch": 48, "duration": 6, "velocity": 73}, {"time": 488, "pitch": 52, "duration": 27, "velocity": 63}, {"time": 494, "pitch": 55, "duration": 20, "velocity": 61}, {"time": 500, "pitch": 60, "duration": 12, "velocity": 68}, {"time": 500, "pitch": 64, "duration": 8, "velocity": 76}, {"time": 500, "pitch": 72, "duration": 7, "velocity": 83}, {"time": 512, "pitch": 67, "duration": 1, "velocity": 82}, {"time": 524, "pitch": 41, "duration": 40, "velocity": 77}, {"time": 524, "pitch": 58, "duration": 13, "velocity": 79}, {"time": 524, "pitch": 65, "duration": 14, "velocity": 76}, {"time": 530, "pitch": 48, "duration": 33, "velocity": 59}, {"time": 536, "pitch": 53, "duration": 27, "velocity": 58}, {"time": 542, "pitch": 58, "duration": 5, "velocity": 63}, {"time": 548, "pitch": 57, "duration": 16, "velocity": 62}, {"time": 548, "pitch": 60, "duration": 16, "velocity": 76}, {"time": 548, "pitch": 65, "duration": 16, "velocity": 37}, {"time": 572, "pitch": 46, "duration": 13, "velocity": 75}, {"time": 572, "pitch": 58, "duration": 11, "velocity": 73}, {"time": 572, "pitch": 62, "duration": 26, "velocity": 70}, {"time": 572, "pitch": 65, "duration": 26, "velocity": 77}, {"time": 572, "pitch": 70, "duration": 16, "velocity": 78}, {"time": 596, "pitch": 41, "duration": 24, "velocity": 66}, {"time": 596, "pitch": 53, "duration": 24, "velocity": 62}, {"time": 608, "pitch": 65, "duration": 2, "velocity": 68}, {"time": 620, "pitch": 43, "duration": 13, "velocity": 70}, {"time": 620, "pitch": 55, "duration": 12, "velocity": 58}, {"time": 620, "pitch": 58, "duration": 14, "velocity": 68}, {"time": 620, "pitch": 62, "duration": 25, "velocity": 76}, {"time": 620, "pitch": 67, "duration": 13, "velocity": 71}, {"time": 644, "pitch": 43, "duration": 15, "velocity": 71}, {"time": 656, "pitch": 58, "duration": 3, "velocity": 78}, {"time": 656, "pitch": 67, "duration": 4, "velocity": 80}, {"time": 668, "pitch": 39, "duration": 41, "velocity": 75}, {"time": 668, "pitch": 51, "duration": 41, "velocity": 60}, {"time": 668, "pitch": 55, "duration": 9, "velocity": 30}, {"time": 668, "pitch": 58, "duration": 9, "velocity": 78}, {"time": 668, "pitch": 63, "duration": 10, "velocity": 73}, {"time": 686, "pitch": 65, "duration": 6, "velocity": 72}, {"time": 692, "pitch": 58, "duration": 13, "velocity": 70}, {"time": 692, "pitch": 63, "duration": 12, "velocity": 75}, {"time": 692, "pitch": 67, "duration": 16, "velocity": 72}, {"time": 704, "pitch": 70, "duration": 4, "velocity": 79}, {"time": 716, "pitch": 41, "duration": 40, "velocity": 76}, {"time": 716, "pitch": 57, "duration": 13, "velocity": 70}, {"time": 716, "pitch": 65, "duration": 11, "velocity": 75}, {"time": 740, "pitch": 53, "duration": 14, "velocity": 57}, {"time": 740, "pitch": 57, "duration": 4, "velocity": 70}, {"time": 740, "pitch": 60, "duration": 4, "velocity": 68}, {"time": 740, "pitch": 65, "duration": 3, "velocity": 62}, {"time": 752, "pitch": 55, "duration": 3, "velocity": 59}, {"time": 752, "pitch": 58, "duration": 3, "velocity": 80}, {"time": 752, "pitch": 63, "duration": 3, "velocity": 77}, {"time": 764, "pitch": 34, "duration": 2, "velocity": 81}, {"time": 764, "pitch": 53, "duration": 4, "velocity": 68}, {"time": 764, "pitch": 58, "duration": 5, "velocity": 82}, {"time": 764, "pitch": 65, "duration": 6, "velocity": 73}, {"time": 788, "pitch": 46, "duration": 16, "velocity": 73}, {"time": 788, "pitch": 62, "duration": 4, "velocity": 67}, {"time": 788, "pitch": 65, "duration": 4, "velocity": 71}, {"time": 788, "pitch": 70, "duration": 8, "velocity": 77}, {"time": 800, "pitch": 60, "duration": 2, "velocity": 70}, {"time": 800, "pitch": 65, "duration": 3, "velocity": 84}, {"time": 812, "pitch": 43, "duration": 38, "velocity": 75}, {"time": 812, "pitch": 62, "duration": 7, "velocity": 74}, {"time": 812, "pitch": 65, "duration": 6, "velocity": 79}, {"time": 812, "pitch": 70, "duration": 6, "velocity": 79}, {"time": 836, "pitch": 53, "duration": 7, "velocity": 60}, {"time": 836, "pitch": 58, "duration": 7, "velocity": 76}, {"time": 836, "pitch": 65, "duration": 13, "velocity": 69}, {"time": 842, "pitch": 50, "duration": 10, "velocity": 57}, {"time": 848, "pitch": 60, "duration": 5, "velocity": 82}, {"time": 854, "pitch": 65, "duration": 3, "velocity": 75}, {"time": 860, "pitch": 39, "duration": 40, "velocity": 79}, {"time": 860, "pitch": 55, "duration": 15, "velocity": 71}, {"time": 860, "pitch": 58, "duration": 14, "velocity": 82}, {"time": 860, "pitch": 63, "duration": 17, "velocity": 75}, {"time": 878, "pitch": 62, "duration": 5, "velocity": 51}, {"time": 884, "pitch": 51, "duration": 15, "velocity": 52}, {"time": 884, "pitch": 55, "duration": 14, "velocity": 53}, {"time": 884, "pitch": 58, "duration": 14, "velocity": 68}, {"time": 884, "pitch": 63, "duration": 13, "velocity": 67}, {"time": 908, "pitch": 41, "duration": 37, "velocity": 75}, {"time": 908, "pitch": 58, "duration": 12, "velocity": 69}, {"time": 908, "pitch": 60, "duration": 11, "velocity": 82}, {"time": 920, "pitch": 58, "duration": 1, "velocity": 72}, {"time": 926, "pitch": 53, "duration": 7, "velocity": 51}, {"time": 926, "pitch": 57, "duration": 5, "velocity": 71}, {"time": 926, "pitch": 60, "duration": 4, "velocity": 80}, {"time": 932, "pitch": 58, "duration": 5, "velocity": 83}, {"time": 935, "pitch": 53, "duration": 5, "velocity": 40}, {"time": 938, "pitch": 60, "duration": 3, "velocity": 82}, {"time": 941, "pitch": 65, "duration": 3, "velocity": 80}, {"time": 944, "pitch": 46, "duration": 43, "velocity": 74}, {"time": 944, "pitch": 74, "duration": 4, "velocity": 76}, {"time": 950, "pitch": 53, "duration": 33, "velocity": 71}, {"time": 956, "pitch": 58, "duration": 16, "velocity": 66}, {"time": 962, "pitch": 65, "duration": 11, "velocity": 80}, {"time": 974, "pitch": 62, "duration": 6, "velocity": 68}, {"time": 974, "pitch": 70, "duration": 7, "velocity": 73}, {"time": 980, "pitch": 65, "duration": 7, "velocity": 80}, {"time": 992, "pitch": 43, "duration": 43, "velocity": 74}, {"time": 992, "pitch": 58, "duration": 10, "velocity": 80}, {"time": 992, "pitch": 65, "duration": 11, "velocity": 82}, {"time": 998, "pitch": 50, "duration": 31, "velocity": 72}, {"time": 1004, "pitch": 55, "duration": 29, "velocity": 54}, {"time": 1010, "pitch": 60, "duration": 6, "velocity": 72}, {"time": 1016, "pitch": 58, "duration": 14, "velocity": 43}, {"time": 1016, "pitch": 62, "duration": 15, "velocity": 57}, {"time": 1028, "pitch": 65, "duration": 7, "velocity": 77}, {"time": 1034, "pitch": 50, "duration": 1, "velocity": 80}, {"time": 1040, "pitch": 39, "duration": 40, "velocity": 83}, {"time": 1040, "pitch": 55, "duration": 7, "velocity": 68}, {"time": 1040, "pitch": 58, "duration": 7, "velocity": 81}, {"time": 1046, "pitch": 51, "duration": 36, "velocity": 41}, {"time": 1052, "pitch": 55, "duration": 7, "velocity": 68}, {"time": 1058, "pitch": 62, "duration": 6, "velocity": 72}, {"time": 1064, "pitch": 55, "duration": 14, "velocity": 57}, {"time": 1064, "pitch": 58, "duration": 12, "velocity": 75}, {"time": 1064, "pitch": 63, "duration": 14, "velocity": 73}, {"time": 1076, "pitch": 62, "duration": 10, "velocity": 80}, {"time": 1088, "pitch": 41, "duration": 40, "velocity": 77}, {"time": 1088, "pitch": 60, "duration": 14, "velocity": 83}, {"time": 1100, "pitch": 53, "duration": 7, "velocity": 47}, {"time": 1106, "pitch": 58, "duration": 6, "velocity": 79}, {"time": 1112, "pitch": 60, "duration": 5, "velocity": 80}, {"time": 1118, "pitch": 62, "duration": 3, "velocity": 78}, {"time": 1124, "pitch": 63, "duration": 2, "velocity": 79}, {"time": 1130, "pitch": 65, "duration": 2, "velocity": 77}, {"time": 1136, "pitch": 46, "duration": 43, "velocity": 84}, {"time": 1136, "pitch": 62, "duration": 14, "velocity": 80}, {"time": 1136, "pitch": 70, "duration": 15, "velocity": 91}, {"time": 1142, "pitch": 53, "duration": 31, "velocity": 72}, {"time": 1148, "pitch": 58, "duration": 19, "velocity": 86}, {"time": 1154, "pitch": 65, "duration": 6, "velocity": 83}, {"time": 1160, "pitch": 67, "duration": 5, "velocity": 82}, {"time": 1166, "pitch": 65, "duration": 7, "velocity": 78}, {"time": 1172, "pitch": 60, "duration": 6, "velocity": 75}, {"time": 1178, "pitch": 53, "duration": 7, "velocity": 75}, {"time": 1178, "pitch": 62, "duration": 6, "velocity": 82}, {"time": 1184, "pitch": 46, "duration": 41, "velocity": 81}, {"time": 1184, "pitch": 60, "duration": 14, "velocity": 72}, {"time": 1184, "pitch": 65, "duration": 14, "velocity": 83}, {"time": 1190, "pitch": 53, "duration": 17, "velocity": 76}, {"time": 1196, "pitch": 58, "duration": 15, "velocity": 77}, {"time": 1202, "pitch": 67, "duration": 7, "velocity": 73}, {"time": 1208, "pitch": 65, "duration": 13, "velocity": 79}, {"time": 1214, "pitch": 53, "duration": 10, "velocity": 73}, {"time": 1220, "pitch": 62, "duration": 5, "velocity": 93}, {"time": 1226, "pitch": 60, "duration": 11, "velocity": 82}, {"time": 1232, "pitch": 41, "duration": 40, "velocity": 78}, {"time": 1232, "pitch": 57, "duration": 13, "velocity": 82}, {"time": 1232, "pitch": 65, "duration": 12, "velocity": 83}, {"time": 1238, "pitch": 48, "duration": 29, "velocity": 75}, {"time": 1244, "pitch": 53, "duration": 9, "velocity": 76}, {"time": 1250, "pitch": 57, "duration": 14, "velocity": 75}, {"time": 1256, "pitch": 63, "duration": 9, "velocity": 84}, {"time": 1262, "pitch": 53, "duration": 7, "velocity": 63}, {"time": 1268, "pitch": 60, "duration": 6, "velocity": 84}, {"time": 1274, "pitch": 63, "duration": 5, "velocity": 84}, {"time": 1280, "pitch": 34, "duration": 5, "velocity": 79}, {"time": 1280, "pitch": 53, "duration": 13, "velocity": 78}, {"time": 1280, "pitch": 58, "duration": 13, "velocity": 86}, {"time": 1280, "pitch": 62, "duration": 18, "velocity": 84}, {"time": 1286, "pitch": 46, "duration": 6, "velocity": 76}, {"time": 1292, "pitch": 48, "duration": 26, "velocity": 76}, {"time": 1298, "pitch": 50, "duration": 20, "velocity": 79}, {"time": 1304, "pitch": 53, "duration": 15, "velocity": 79}, {"time": 1307, "pitch": 58, "duration": 3, "velocity": 75}, {"time": 1310, "pitch": 60, "duration": 3, "velocity": 76}, {"time": 1313, "pitch": 62, "duration": 1, "velocity": 78}, {"time": 1316, "pitch": 65, "duration": 3, "velocity": 84}, {"time": 1319, "pitch": 70, "duration": 3, "velocity": 80}, {"time": 1322, "pitch": 72, "duration": 2, "velocity": 82}, {"time": 1325, "pitch": 77, "duration": 2, "velocity": 82}, {"time": 1328, "pitch": 46, "duration": 24, "velocity": 91}, {"time": 1328, "pitch": 62, "duration": 8, "velocity": 86}, {"time": 1328, "pitch": 65, "duration": 10, "velocity": 84}, {"time": 1328, "pitch": 70, "duration": 11, "velocity": 98}, {"time": 1334, "pitch": 53, "duration": 18, "velocity": 79}, {"time": 1340, "pitch": 58, "duration": 12, "velocity": 80}, {"time": 1346, "pitch": 62, "duration": 6, "velocity": 73}, {"time": 1352, "pitch": 65, "duration": 1, "velocity": 83}, {"time": 1352, "pitch": 70, "duration": 1, "velocity": 83}, {"time": 1374, "pitch": 70, "duration": 4, "velocity": 76}, {"time": 1375, "pitch": 75, "duration": 6, "velocity": 61}, {"time": 1376, "pitch": 51, "duration": 15, "velocity": 76}, {"time": 1376, "pitch": 82, "duration": 10, "velocity": 61}, {"time": 1382, "pitch": 58, "duration": 9, "velocity": 68}, {"time": 1388, "pitch": 63, "duration": 3, "velocity": 75}, {"time": 1398, "pitch": 72, "duration": 7, "velocity": 59}, {"time": 1399, "pitch": 77, "duration": 7, "velocity": 71}, {"time": 1400, "pitch": 53, "duration": 18, "velocity": 72}, {"time": 1400, "pitch": 81, "duration": 6, "velocity": 82}, {"time": 1406, "pitch": 60, "duration": 10, "velocity": 71}, {"time": 1412, "pitch": 65, "duration": 3, "velocity": 55}, {"time": 1412, "pitch": 69, "duration": 5, "velocity": 70}, {"time": 1418, "pitch": 72, "duration": 1, "velocity": 90}, {"time": 1424, "pitch": 43, "duration": 12, "velocity": 75}, {"time": 1424, "pitch": 62, "duration": 20, "velocity": 80}, {"time": 1424, "pitch": 70, "duration": 18, "velocity": 86}, {"time": 1430, "pitch": 50, "duration": 6, "velocity": 52}, {"time": 1436, "pitch": 55, "duration": 7, "velocity": 68}, {"time": 1442, "pitch": 57, "duration": 7, "velocity": 75}, {"time": 1442, "pitch": 69, "duration": 6, "velocity": 82}, {"time": 1448, "pitch": 58, "duration": 12, "velocity": 78}, {"time": 1448, "pitch": 62, "duration": 11, "velocity": 71}, {"time": 1448, "pitch": 70, "duration": 10, "velocity": 90}, {"time": 1460, "pitch": 57, "duration": 5, "velocity": 79}, {"time": 1460, "pitch": 65, "duration": 7, "velocity": 83}, {"time": 1470, "pitch": 59, "duration": 6, "velocity": 60}, {"time": 1470, "pitch": 62, "duration": 13, "velocity": 71}, {"time": 1472, "pitch": 43, "duration": 11, "velocity": 73}, {"time": 1472, "pitch": 65, "duration": 11, "velocity": 72}, {"time": 1478, "pitch": 50, "duration": 5, "velocity": 69}, {"time": 1484, "pitch": 53, "duration": 8, "velocity": 75}, {"time": 1490, "pitch": 59, "duration": 1, "velocity": 82}, {"time": 1496, "pitch": 48, "duration": 16, "velocity": 71}, {"time": 1496, "pitch": 58, "duration": 7, "velocity": 62}, {"time": 1496, "pitch": 63, "duration": 6, "velocity": 80}, {"time": 1496, "pitch": 67, "duration": 7, "velocity": 70}, {"time": 1496, "pitch": 70, "duration": 8, "velocity": 69}, {"time": 1502, "pitch": 55, "duration": 12, "velocity": 61}, {"time": 1508, "pitch": 65, "duration": 5, "velocity": 79}, {"time": 1514, "pitch": 67, "duration": 4, "velocity": 81}, {"time": 1520, "pitch": 46, "duration": 17, "velocity": 78}, {"time": 1520, "pitch": 62, "duration": 13, "velocity": 76}, {"time": 1520, "pitch": 65, "duration": 13, "velocity": 79}, {"time": 1520, "pitch": 70, "duration": 12, "velocity": 84}, {"time": 1526, "pitch": 53, "duration": 11, "velocity": 69}, {"time": 1532, "pitch": 58, "duration": 5, "velocity": 76}, {"time": 1538, "pitch": 70, "duration": 6, "velocity": 83}, {"time": 1544, "pitch": 50, "duration": 18, "velocity": 72}, {"time": 1544, "pitch": 57, "duration": 18, "velocity": 80}, {"time": 1544, "pitch": 60, "duration": 6, "velocity": 75}, {"time": 1544, "pitch": 65, "duration": 6, "velocity": 80}, {"time": 1544, "pitch": 69, "duration": 7, "velocity": 83}, {"time": 1556, "pitch": 72, "duration": 3, "velocity": 80}, {"time": 1562, "pitch": 69, "duration": 5, "velocity": 84}, {"time": 1568, "pitch": 55, "duration": 17, "velocity": 72}, {"time": 1568, "pitch": 62, "duration": 7, "velocity": 76}, {"time": 1568, "pitch": 70, "duration": 8, "velocity": 84}, {"time": 1574, "pitch": 58, "duration": 9, "velocity": 80}, {"time": 1580, "pitch": 62, "duration": 4, "velocity": 72}, {"time": 1580, "pitch": 69, "duration": 6, "velocity": 78}, {"time": 1586, "pitch": 70, "duration": 1, "velocity": 91}, {"time": 1592, "pitch": 43, "duration": 10, "velocity": 68}, {"time": 1592, "pitch": 62, "duration": 8, "velocity": 75}, {"time": 1592, "pitch": 70, "duration": 7, "velocity": 83}, {"time": 1598, "pitch": 50, "duration": 6, "velocity": 74}, {"time": 1598, "pitch": 69, "duration": 6, "velocity": 78}, {"time": 1604, "pitch": 55, "duration": 7, "velocity": 56}, {"time": 1604, "pitch": 62, "duration": 2, "velocity": 56}, {"time": 1604, "pitch": 70, "duration": 2, "velocity": 84}, {"time": 1610, "pitch": 57, "duration": 1, "velocity": 80}, {"time": 1610, "pitch": 72, "duration": 1, "velocity": 83}, {"time": 1616, "pitch": 48, "duration": 30, "velocity": 76}, {"time": 1616, "pitch": 63, "duration": 5, "velocity": 75}, {"time": 1616, "pitch": 67, "duration": 5, "velocity": 78}, {"time": 1622, "pitch": 55, "duration": 27, "velocity": 63}, {"time": 1622, "pitch": 62, "duration": 6, "velocity": 73}, {"time": 1628, "pitch": 60, "duration": 7, "velocity": 73}, {"time": 1628, "pitch": 63, "duration": 1, "velocity": 84}, {"time": 1634, "pitch": 67, "duration": 5, "velocity": 50}, {"time": 1640, "pitch": 60, "duration": 4, "velocity": 58}, {"time": 1640, "pitch": 67, "duration": 3, "velocity": 34}, {"time": 1640, "pitch": 75, "duration": 4, "velocity": 81}, {"time": 1652, "pitch": 53, "duration": 6, "velocity": 80}, {"time": 1652, "pitch": 65, "duration": 7, "velocity": 76}, {"time": 1652, "pitch": 74, "duration": 6, "velocity": 84}, {"time": 1658, "pitch": 72, "duration": 2, "velocity": 83}, {"time": 1664, "pitch": 46, "duration": 39, "velocity": 79}, {"time": 1664, "pitch": 65, "duration": 7, "velocity": 73}, {"time": 1664, "pitch": 70, "duration": 14, "velocity": 84}, {"time": 1670, "pitch": 53, "duration": 23, "velocity": 60}, {"time": 1676, "pitch": 58, "duration": 7, "velocity": 75}, {"time": 1682, "pitch": 67, "duration": 6, "velocity": 78}, {"time": 1688, "pitch": 58, "duration": 5, "velocity": 55}, {"time": 1688, "pitch": 62, "duration": 4, "velocity": 77}, {"time": 1688, "pitch": 65, "duration": 5, "velocity": 82}, {"time": 1700, "pitch": 53, "duration": 2, "velocity": 80}, {"time": 1700, "pitch": 58, "duration": 2, "velocity": 72}, {"time": 1700, "pitch": 62, "duration": 3, "velocity": 81}, {"time": 1712, "pitch": 46, "duration": 24, "velocity": 91}, {"time": 1712, "pitch": 62, "duration": 8, "velocity": 86}, {"time": 1712, "pitch": 65, "duration": 10, "velocity": 84}, {"time": 1712, "pitch": 70, "duration": 11, "velocity": 98}, {"time": 1718, "pitch": 53, "duration": 18, "velocity": 79}, {"time": 1724, "pitch": 58, "duration": 12, "velocity": 80}, {"time": 1730, "pitch": 62, "duration": 6, "velocity": 73}, {"time": 1736, "pitch": 65, "duration": 1, "velocity": 83}, {"time": 1736, "pitch": 70, "duration": 1, "velocity": 83}, {"time": 1758, "pitch": 70, "duration": 4, "velocity": 76}, {"time": 1759, "pitch": 75, "duration": 6, "velocity": 61}, {"time": 1760, "pitch": 51, "duration": 15, "velocity": 76}, {"time": 1760, "pitch": 82, "duration": 10, "velocity": 61}, {"time": 1766, "pitch": 58, "duration": 9, "velocity": 68}, {"time": 1772, "pitch": 63, "duration": 3, "velocity": 75}, {"time": 1781, "pitch": 72, "duration": 7, "velocity": 59}, {"time": 1782, "pitch": 77, "duration": 8, "velocity": 71}, {"time": 1784, "pitch": 53, "duration": 18, "velocity": 72}, {"time": 1784, "pitch": 81, "duration": 6, "velocity": 82}, {"time": 1790, "pitch": 60, "duration": 10, "velocity": 71}, {"time": 1796, "pitch": 65, "duration": 3, "velocity": 55}, {"time": 1796, "pitch": 69, "duration": 5, "velocity": 70}, {"time": 1802, "pitch": 72, "duration": 1, "velocity": 90}, {"time": 1808, "pitch": 43, "duration": 12, "velocity": 75}, {"time": 1808, "pitch": 62, "duration": 20, "velocity": 80}, {"time": 1808, "pitch": 70, "duration": 18, "velocity": 86}, {"time": 1814, "pitch": 50, "duration": 6, "velocity": 52}, {"time": 1820, "pitch": 55, "duration": 7, "velocity": 68}, {"time": 1826, "pitch": 57, "duration": 7, "velocity": 75}, {"time": 1826, "pitch": 69, "duration": 6, "velocity": 82}, {"time": 1832, "pitch": 58, "duration": 12, "velocity": 78}, {"time": 1832, "pitch": 62, "duration": 11, "velocity": 71}, {"time": 1832, "pitch": 70, "duration": 10, "velocity": 90}, {"time": 1844, "pitch": 57, "duration": 5, "velocity": 79}, {"time": 1844, "pitch": 65, "duration": 7, "velocity": 83}, {"time": 1855, "pitch": 62, "duration": 12, "velocity": 71}, {"time": 1856, "pitch": 43, "duration": 11, "velocity": 73}, {"time": 1856, "pitch": 65, "duration": 11, "velocity": 72}, {"time": 1862, "pitch": 50, "duration": 5, "velocity": 69}, {"time": 1868, "pitch": 53, "duration": 8, "velocity": 75}, {"time": 1874, "pitch": 59, "duration": 1, "velocity": 82}, {"time": 1880, "pitch": 48, "duration": 16, "velocity": 71}, {"time": 1880, "pitch": 58, "duration": 7, "velocity": 62}, {"time": 1880, "pitch": 63, "duration": 6, "velocity": 80}, {"time": 1880, "pitch": 67, "duration": 7, "velocity": 70}, {"time": 1880, "pitch": 70, "duration": 8, "velocity": 69}, {"time": 1886, "pitch": 55, "duration": 12, "velocity": 61}, {"time": 1892, "pitch": 65, "duration": 5, "velocity": 79}, {"time": 1898, "pitch": 67, "duration": 4, "velocity": 81}, {"time": 1904, "pitch": 46, "duration": 17, "velocity": 78}, {"time": 1904, "pitch": 62, "duration": 13, "velocity": 76}, {"time": 1904, "pitch": 65, "duration": 13, "velocity": 79}, {"time": 1904, "pitch": 70, "duration": 12, "velocity": 84}, {"time": 1910, "pitch": 53, "duration": 11, "velocity": 69}, {"time": 1916, "pitch": 58, "duration": 5, "velocity": 76}, {"time": 1922, "pitch": 70, "duration": 6, "velocity": 83}, {"time": 1928, "pitch": 50, "duration": 18, "velocity": 72}, {"time": 1928, "pitch": 57, "duration": 18, "velocity": 80}, {"time": 1928, "pitch": 60, "duration": 6, "velocity": 75}, {"time": 1928, "pitch": 65, "duration": 6, "velocity": 80}, {"time": 1928, "pitch": 69, "duration": 7, "velocity": 83}, {"time": 1940, "pitch": 72, "duration": 3, "velocity": 80}, {"time": 1946, "pitch": 69, "duration": 5, "velocity": 84}, {"time": 1952, "pitch": 55, "duration": 17, "velocity": 72}, {"time": 1952, "pitch": 62, "duration": 7, "velocity": 76}, {"time": 1952, "pitch": 70, "duration": 8, "velocity": 84}, {"time": 1958, "pitch": 58, "duration": 9, "velocity": 80}, {"time": 1964, "pitch": 62, "duration": 4, "velocity": 72}, {"time": 1964, "pitch": 69, "duration": 6, "velocity": 78}, {"time": 1970, "pitch": 70, "duration": 1, "velocity": 91}, {"time": 1976, "pitch": 43, "duration": 10, "velocity": 68}, {"time": 1976, "pitch": 62, "duration": 8, "velocity": 75}, {"time": 1976, "pitch": 70, "duration": 7, "velocity": 83}, {"time": 1982, "pitch": 50, "duration": 6, "velocity": 74}, {"time": 1982, "pitch": 69, "duration": 6, "velocity": 78}, {"time": 1988, "pitch": 55, "duration": 7, "velocity": 56}, {"time": 1988, "pitch": 62, "duration": 2, "velocity": 56}, {"time": 1988, "pitch": 70, "duration": 2, "velocity": 84}, {"time": 1994, "pitch": 57, "duration": 1, "velocity": 80}, {"time": 1994, "pitch": 72, "duration": 1, "velocity": 83}, {"time": 2000, "pitch": 48, "duration": 30, "velocity": 76}, {"time": 2000, "pitch": 63, "duration": 5, "velocity": 75}, {"time": 2000, "pitch": 67, "duration": 5, "velocity": 78}, {"time": 2006, "pitch": 55, "duration": 27, "velocity": 63}, {"time": 2006, "pitch": 62, "duration": 6, "velocity": 73}, {"time": 2012, "pitch": 60, "duration": 7, "velocity": 73}, {"time": 2012, "pitch": 63, "duration": 1, "velocity": 84}, {"time": 2018, "pitch": 67, "duration": 5, "velocity": 50}, {"time": 2024, "pitch": 60, "duration": 4, "velocity": 58}, {"time": 2024, "pitch": 67, "duration": 3, "velocity": 34}, {"time": 2036, "pitch": 53, "duration": 6, "velocity": 80}, {"time": 2036, "pitch": 65, "duration": 7, "velocity": 76}, {"time": 2036, "pitch": 74, "duration": 6, "velocity": 84}, {"time": 2042, "pitch": 72, "duration": 2, "velocity": 83}, {"time": 2045, "pitch": 62, "duration": 5, "velocity": 43}, {"time": 2048, "pitch": 46, "duration": 17, "velocity": 84}, {"time": 2048, "pitch": 65, "duration": 7, "velocity": 76}, {"time": 2048, "pitch": 70, "duration": 6, "velocity": 90}, {"time": 2054, "pitch": 53, "duration": 16, "velocity": 77}, {"time": 2060, "pitch": 58, "duration": 6, "velocity": 86}, {"time": 2066, "pitch": 60, "duration": 6, "velocity": 82}, {"time": 2072, "pitch": 46, "duration": 9, "velocity": 83}, {"time": 2072, "pitch": 62, "duration": 3, "velocity": 79}, {"time": 2075, "pitch": 63, "duration": 1, "velocity": 80}, {"time": 2078, "pitch": 53, "duration": 5, "velocity": 73}, {"time": 2078, "pitch": 65, "duration": 3, "velocity": 84}, {"time": 2081, "pitch": 67, "duration": 4, "velocity": 75}, {"time": 2084, "pitch": 58, "duration": 6, "velocity": 60}, {"time": 2084, "pitch": 69, "duration": 2, "velocity": 84}, {"time": 2087, "pitch": 70, "duration": 4, "velocity": 98}, {"time": 2090, "pitch": 60, "duration": 1, "velocity": 83}, {"time": 2090, "pitch": 72, "duration": 3, "velocity": 80}, {"time": 2093, "pitch": 74, "duration": 4, "velocity": 83}, {"time": 2096, "pitch": 51, "duration": 43, "velocity": 83}, {"time": 2096, "pitch": 67, "duration": 13, "velocity": 83}, {"time": 2096, "pitch": 70, "duration": 13, "velocity": 96}, {"time": 2096, "pitch": 75, "duration": 14, "velocity": 93}, {"time": 2102, "pitch": 58, "duration": 20, "velocity": 79}, {"time": 2108, "pitch": 63, "duration": 6, "velocity": 84}, {"time": 2114, "pitch": 67, "duration": 3, "velocity": 76}, {"time": 2114, "pitch": 74, "duration": 6, "velocity": 84}, {"time": 2120, "pitch": 63, "duration": 13, "velocity": 84}, {"time": 2120, "pitch": 67, "duration": 3, "velocity": 80}, {"time": 2120, "pitch": 70, "duration": 3, "velocity": 79}, {"time": 2120, "pitch": 75, "duration": 7, "velocity": 90}, {"time": 2126, "pitch": 58, "duration": 6, "velocity": 69}, {"time": 2132, "pitch": 65, "duration": 4, "velocity": 82}, {"time": 2132, "pitch": 74, "duration": 4, "velocity": 90}, {"time": 2138, "pitch": 58, "duration": 1, "velocity": 86}, {"time": 2138, "pitch": 70, "duration": 5, "velocity": 90}, {"time": 2144, "pitch": 48, "duration": 18, "velocity": 83}, {"time": 2144, "pitch": 63, "duration": 10, "velocity": 73}, {"time": 2144, "pitch": 65, "duration": 1, "velocity": 73}, {"time": 2144, "pitch": 72, "duration": 10, "velocity": 83}, {"time": 2150, "pitch": 55, "duration": 12, "velocity": 76}, {"time": 2156, "pitch": 60, "duration": 4, "velocity": 84}, {"time": 2156, "pitch": 63, "duration": 4, "velocity": 79}, {"time": 2156, "pitch": 70, "duration": 5, "velocity": 84}, {"time": 2162, "pitch": 67, "duration": 5, "velocity": 82}, {"time": 2168, "pitch": 50, "duration": 18, "velocity": 86}, {"time": 2168, "pitch": 60, "duration": 7, "velocity": 84}, {"time": 2168, "pitch": 65, "duration": 7, "velocity": 86}, {"time": 2174, "pitch": 57, "duration": 12, "velocity": 82}, {"time": 2180, "pitch": 60, "duration": 7, "velocity": 78}, {"time": 2180, "pitch": 72, "duration": 5, "velocity": 83}, {"time": 2186, "pitch": 69, "duration": 4, "velocity": 84}, {"time": 2192, "pitch": 46, "duration": 43, "velocity": 84}, {"time": 2192, "pitch": 62, "duration": 10, "velocity": 77}, {"time": 2192, "pitch": 65, "duration": 9, "velocity": 84}, {"time": 2192, "pitch": 70, "duration": 12, "velocity": 90}, {"time": 2198, "pitch": 53, "duration": 21, "velocity": 75}, {"time": 2204, "pitch": 58, "duration": 8, "velocity": 79}, {"time": 2210, "pitch": 62, "duration": 3, "velocity": 76}, {"time": 2210, "pitch": 69, "duration": 6, "velocity": 84}, {"time": 2216, "pitch": 58, "duration": 6, "velocity": 80}, {"time": 2216, "pitch": 62, "duration": 4, "velocity": 80}, {"time": 2216, "pitch": 65, "duration": 4, "velocity": 80}, {"time": 2216, "pitch": 70, "duration": 7, "velocity": 90}, {"time": 2222, "pitch": 53, "duration": 7, "velocity": 69}, {"time": 2228, "pitch": 60, "duration": 6, "velocity": 83}, {"time": 2228, "pitch": 65, "duration": 7, "velocity": 91}, {"time": 2234, "pitch": 53, "duration": 1, "velocity": 78}, {"time": 2240, "pitch": 43, "duration": 9, "velocity": 81}, {"time": 2240, "pitch": 62, "duration": 9, "velocity": 73}, {"time": 2240, "pitch": 70, "duration": 9, "velocity": 81}, {"time": 2246, "pitch": 50, "duration": 6, "velocity": 79}, {"time": 2252, "pitch": 55, "duration": 8, "velocity": 56}, {"time": 2252, "pitch": 62, "duration": 5, "velocity": 75}, {"time": 2252, "pitch": 67, "duration": 5, "velocity": 84}, {"time": 2258, "pitch": 57, "duration": 5, "velocity": 80}, {"time": 2258, "pitch": 65, "duration": 6, "velocity": 79}, {"time": 2264, "pitch": 48, "duration": 18, "velocity": 83}, {"time": 2264, "pitch": 58, "duration": 7, "velocity": 80}, {"time": 2264, "pitch": 63, "duration": 7, "velocity": 80}, {"time": 2264, "pitch": 67, "duration": 7, "velocity": 80}, {"time": 2270, "pitch": 55, "duration": 13, "velocity": 76}, {"time": 2276, "pitch": 58, "duration": 7, "velocity": 78}, {"time": 2282, "pitch": 70, "duration": 4, "velocity": 86}, {"time": 2288, "pitch": 50, "duration": 38, "velocity": 73}, {"time": 2294, "pitch": 57, "duration": 10, "velocity": 82}, {"time": 2300, "pitch": 62, "duration": 6, "velocity": 75}, {"time": 2300, "pitch": 72, "duration": 6, "velocity": 83}, {"time": 2306, "pitch": 69, "duration": 5, "velocity": 90}, {"time": 2312, "pitch": 57, "duration": 14, "velocity": 79}, {"time": 2312, "pitch": 60, "duration": 5, "velocity": 78}, {"time": 2312, "pitch": 65, "duration": 9, "velocity": 82}, {"time": 2324, "pitch": 60, "duration": 4, "velocity": 78}, {"time": 2324, "pitch": 69, "duration": 5, "velocity": 86}, {"time": 2336, "pitch": 48, "duration": 18, "velocity": 77}, {"time": 2336, "pitch": 63, "duration": 11, "velocity": 83}, {"time": 2336, "pitch": 67, "duration": 11, "velocity": 78}, {"time": 2342, "pitch": 55, "duration": 13, "velocity": 76}, {"time": 2348, "pitch": 60, "duration": 7, "velocity": 83}, {"time": 2354, "pitch": 67, "duration": 5, "velocity": 76}, {"time": 2360, "pitch": 50, "duration": 17, "velocity": 84}, {"time": 2360, "pitch": 60, "duration": 5, "velocity": 73}, {"time": 2360, "pitch": 65, "duration": 8, "velocity": 77}, {"time": 2366, "pitch": 57, "duration": 12, "velocity": 78}, {"time": 2372, "pitch": 62, "duration": 4, "velocity": 72}, {"time": 2372, "pitch": 65, "duration": 6, "velocity": 75}, {"time": 2372, "pitch": 72, "duration": 4, "velocity": 79}, {"time": 2378, "pitch": 69, "duration": 2, "velocity": 86}, {"time": 2384, "pitch": 48, "duration": 25, "velocity": 79}, {"time": 2384, "pitch": 60, "duration": 7, "velocity": 78}, {"time": 2384, "pitch": 67, "duration": 10, "velocity": 80}, {"time": 2390, "pitch": 55, "duration": 9, "velocity": 72}, {"time": 2396, "pitch": 60, "duration": 4, "velocity": 55}, {"time": 2396, "pitch": 65, "duration": 5, "velocity": 83}, {"time": 2402, "pitch": 67, "duration": 5, "velocity": 81}, {"time": 2408, "pitch": 52, "duration": 17, "velocity": 84}, {"time": 2408, "pitch": 60, "duration": 6, "velocity": 79}, {"time": 2408, "pitch": 64, "duration": 7, "velocity": 84}, {"time": 2414, "pitch": 55, "duration": 11, "velocity": 69}, {"time": 2420, "pitch": 60, "duration": 4, "velocity": 62}, {"time": 2420, "pitch": 64, "duration": 4, "velocity": 77}, {"time": 2420, "pitch": 72, "duration": 5, "velocity": 86}, {"time": 2432, "pitch": 41, "duration": 10, "velocity": 80}, {"time": 2432, "pitch": 58, "duration": 18, "velocity": 54}, {"time": 2432, "pitch": 63, "duration": 18, "velocity": 79}, {"time": 2432, "pitch": 67, "duration": 25, "velocity": 75}, {"time": 2438, "pitch": 48, "duration": 5, "velocity": 80}, {"time": 2444, "pitch": 53, "duration": 7, "velocity": 58}, {"time": 2450, "pitch": 55, "duration": 22, "velocity": 73}, {"time": 2456, "pitch": 57, "duration": 16, "velocity": 81}, {"time": 2462, "pitch": 60, "duration": 8, "velocity": 80}, {"time": 2465, "pitch": 63, "duration": 3, "velocity": 83}, {"time": 2468, "pitch": 65, "duration": 1, "velocity": 82}, {"time": 2471, "pitch": 67, "duration": 1, "velocity": 68}, {"time": 2474, "pitch": 70, "duration": 3, "velocity": 84}, {"time": 2477, "pitch": 72, "duration": 1, "velocity": 82}, {"time": 2480, "pitch": 39, "duration": 20, "velocity": 83}, {"time": 2480, "pitch": 51, "duration": 15, "velocity": 67}, {"time": 2480, "pitch": 55, "duration": 8, "velocity": 79}, {"time": 2480, "pitch": 58, "duration": 6, "velocity": 90}, {"time": 2480, "pitch": 63, "duration": 6, "velocity": 84}, {"time": 2492, "pitch": 55, "duration": 7, "velocity": 69}, {"time": 2492, "pitch": 58, "duration": 7, "velocity": 83}, {"time": 2492, "pitch": 63, "duration": 6, "velocity": 80}, {"time": 2498, "pitch": 51, "duration": 2, "velocity": 74}, {"time": 2504, "pitch": 39, "duration": 21, "velocity": 90}, {"time": 2504, "pitch": 51, "duration": 16, "velocity": 81}, {"time": 2504, "pitch": 57, "duration": 8, "velocity": 90}, {"time": 2504, "pitch": 60, "duration": 9, "velocity": 90}, {"time": 2504, "pitch": 65, "duration": 7, "velocity": 84}, {"time": 2516, "pitch": 57, "duration": 8, "velocity": 84}, {"time": 2516, "pitch": 60, "duration": 9, "velocity": 90}, {"time": 2516, "pitch": 65, "duration": 8, "velocity": 80}, {"time": 2522, "pitch": 51, "duration": 2, "velocity": 57}, {"time": 2540, "pitch": 34, "duration": 2, "velocity": 94}, {"time": 2540, "pitch": 53, "duration": 6, "velocity": 81}, {"time": 2540, "pitch": 58, "duration": 6, "velocity": 80}, {"time": 2540, "pitch": 62, "duration": 7, "velocity": 83}, {"time": 2552, "pitch": 46, "duration": 31, "velocity": 79}, {"time": 2552, "pitch": 60, "duration": 4, "velocity": 83}, {"time": 2552, "pitch": 65, "duration": 5, "velocity": 82}, {"time": 2558, "pitch": 53, "duration": 7, "velocity": 76}, {"time": 2564, "pitch": 58, "duration": 7, "velocity": 71}, {"time": 2564, "pitch": 62, "duration": 2, "velocity": 84}, {"time": 2564, "pitch": 65, "duration": 2, "velocity": 79}, {"time": 2564, "pitch": 70, "duration": 5, "velocity": 91}, {"time": 2570, "pitch": 53, "duration": 15, "velocity": 58}, {"time": 2576, "pitch": 60, "duration": 7, "velocity": 84}, {"time": 2576, "pitch": 65, "duration": 8, "velocity": 86}, {"time": 2576, "pitch": 70, "duration": 1, "velocity": 68}, {"time": 2582, "pitch": 58, "duration": 2, "velocity": 80}, {"time": 2588, "pitch": 46, "duration": 10, "velocity": 83}, {"time": 2588, "pitch": 62, "duration": 8, "velocity": 81}, {"time": 2588, "pitch": 65, "duration": 8, "velocity": 82}, {"time": 2588, "pitch": 70, "duration": 8, "velocity": 90}, {"time": 2594, "pitch": 53, "duration": 6, "velocity": 76}, {"time": 2600, "pitch": 58, "duration": 7, "velocity": 86}, {"time": 2600, "pitch": 62, "duration": 2, "velocity": 78}, {"time": 2600, "pitch": 69, "duration": 3, "velocity": 81}, {"time": 2606, "pitch": 60, "duration": 8, "velocity": 80}, {"time": 2606, "pitch": 62, "duration": 1, "velocity": 61}, {"time": 2606, "pitch": 70, "duration": 1, "velocity": 90}, {"time": 2612, "pitch": 62, "duration": 6, "velocity": 81}, {"time": 2612, "pitch": 65, "duration": 1, "velocity": 77}, {"time": 2612, "pitch": 74, "duration": 2, "velocity": 82}, {"time": 2618, "pitch": 60, "duration": 2, "velocity": 78}, {"time": 2624, "pitch": 65, "duration": 6, "velocity": 83}, {"time": 2624, "pitch": 70, "duration": 5, "velocity": 84}, {"time": 2624, "pitch": 77, "duration": 5, "velocity": 84}, {"time": 2636, "pitch": 46, "duration": 39, "velocity": 90}, {"time": 2642, "pitch": 53, "duration": 37, "velocity": 79}, {"time": 2645, "pitch": 58, "duration": 6, "velocity": 81}, {"time": 2648, "pitch": 60, "duration": 3, "velocity": 80}, {"time": 2651, "pitch": 65, "duration": 2, "velocity": 72}, {"time": 2654, "pitch": 70, "duration": 2, "velocity": 80}, {"time": 2657, "pitch": 72, "duration": 2, "velocity": 76}, {"time": 2660, "pitch": 58, "duration": 4, "velocity": 44}, {"time": 2660, "pitch": 74, "duration": 2, "velocity": 73}, {"time": 2663, "pitch": 77, "duration": 2, "velocity": 73}, {"time": 2666, "pitch": 72, "duration": 3, "velocity": 79}, {"time": 2669, "pitch": 70, "duration": 3, "velocity": 79}, {"time": 2672, "pitch": 58, "duration": 3, "velocity": 56}, {"time": 2672, "pitch": 65, "duration": 2, "velocity": 79}, {"time": 2675, "pitch": 63, "duration": 2, "velocity": 75}, {"time": 2678, "pitch": 62, "duration": 3, "velocity": 73}, {"time": 2681, "pitch": 60, "duration": 3, "velocity": 84}, {"time": 2684, "pitch": 51, "duration": 10, "velocity": 73}, {"time": 2684, "pitch": 58, "duration": 6, "velocity": 80}, {"time": 2684, "pitch": 63, "duration": 6, "velocity": 83}, {"time": 2684, "pitch": 67, "duration": 6, "velocity": 83}, {"time": 2684, "pitch": 70, "duration": 6, "velocity": 74}, {"time": 2690, "pitch": 55, "duration": 22, "velocity": 58}, {"time": 2696, "pitch": 58, "duration": 5, "velocity": 84}, {"time": 2696, "pitch": 63, "duration": 5, "velocity": 86}, {"time": 2696, "pitch": 67, "duration": 5, "velocity": 81}, {"time": 2708, "pitch": 58, "duration": 7, "velocity": 80}, {"time": 2708, "pitch": 63, "duration": 6, "velocity": 84}, {"time": 2708, "pitch": 70, "duration": 8, "velocity": 84}, {"time": 2714, "pitch": 55, "duration": 10, "velocity": 77}, {"time": 2720, "pitch": 58, "duration": 4, "velocity": 86}, {"time": 2720, "pitch": 67, "duration": 5, "velocity": 84}, {"time": 2726, "pitch": 63, "duration": 4, "velocity": 84}, {"time": 2732, "pitch": 41, "duration": 40, "velocity": 82}, {"time": 2732, "pitch": 60, "duration": 8, "velocity": 79}, {"time": 2732, "pitch": 65, "duration": 7, "velocity": 83}, {"time": 2738, "pitch": 48, "duration": 6, "velocity": 81}, {"time": 2744, "pitch": 53, "duration": 6, "velocity": 56}, {"time": 2744, "pitch": 58, "duration": 5, "velocity": 82}, {"time": 2744, "pitch": 65, "duration": 6, "velocity": 86}, {"time": 2750, "pitch": 48, "duration": 9, "velocity": 78}, {"time": 2756, "pitch": 53, "duration": 4, "velocity": 69}, {"time": 2756, "pitch": 57, "duration": 2, "velocity": 84}, {"time": 2756, "pitch": 60, "duration": 2, "velocity": 91}, {"time": 2762, "pitch": 55, "duration": 2, "velocity": 79}, {"time": 2762, "pitch": 58, "duration": 2, "velocity": 79}, {"time": 2762, "pitch": 63, "duration": 2, "velocity": 84}, {"time": 2768, "pitch": 45, "duration": 7, "velocity": 82}, {"time": 2768, "pitch": 58, "duration": 2, "velocity": 84}, {"time": 2768, "pitch": 65, "duration": 4, "velocity": 82}, {"time": 2774, "pitch": 67, "duration": 2, "velocity": 82}, {"time": 2780, "pitch": 46, "duration": 20, "velocity": 86}, {"time": 2780, "pitch": 62, "duration": 6, "velocity": 82}, {"time": 2780, "pitch": 65, "duration": 6, "velocity": 81}, {"time": 2780, "pitch": 70, "duration": 8, "velocity": 91}, {"time": 2786, "pitch": 53, "duration": 7, "velocity": 75}, {"time": 2792, "pitch": 58, "duration": 5, "velocity": 76}, {"time": 2792, "pitch": 60, "duration": 5, "velocity": 80}, {"time": 2792, "pitch": 65, "duration": 6, "velocity": 84}, {"time": 2798, "pitch": 53, "duration": 6, "velocity": 72}, {"time": 2801, "pitch": 58, "duration": 2, "velocity": 77}, {"time": 2804, "pitch": 46, "duration": 19, "velocity": 84}, {"time": 2804, "pitch": 62, "duration": 4, "velocity": 75}, {"time": 2807, "pitch": 65, "duration": 3, "velocity": 78}, {"time": 2810, "pitch": 53, "duration": 7, "velocity": 72}, {"time": 2810, "pitch": 70, "duration": 2, "velocity": 84}, {"time": 2813, "pitch": 72, "duration": 3, "velocity": 82}, {"time": 2816, "pitch": 58, "duration": 6, "velocity": 75}, {"time": 2816, "pitch": 74, "duration": 3, "velocity": 78}, {"time": 2819, "pitch": 77, "duration": 3, "velocity": 81}, {"time": 2822, "pitch": 53, "duration": 4, "velocity": 75}, {"time": 2822, "pitch": 74, "duration": 2, "velocity": 79}, {"time": 2825, "pitch": 72, "duration": 2, "velocity": 76}, {"time": 2828, "pitch": 46, "duration": 9, "velocity": 84}, {"time": 2828, "pitch": 70, "duration": 7, "velocity": 83}, {"time": 2834, "pitch": 53, "duration": 6, "velocity": 76}, {"time": 2837, "pitch": 65, "duration": 3, "velocity": 60}, {"time": 2840, "pitch": 58, "duration": 7, "velocity": 82}, {"time": 2840, "pitch": 72, "duration": 3, "velocity": 82}, {"time": 2843, "pitch": 74, "duration": 3, "velocity": 83}, {"time": 2846, "pitch": 60, "duration": 4, "velocity": 77}, {"time": 2846, "pitch": 65, "duration": 6, "velocity": 69}, {"time": 2849, "pitch": 70, "duration": 3, "velocity": 82}, {"time": 2852, "pitch": 77, "duration": 4, "velocity": 82}, {"time": 2855, "pitch": 65, "duration": 4, "velocity": 68}, {"time": 2858, "pitch": 72, "duration": 3, "velocity": 83}, {"time": 2861, "pitch": 65, "duration": 3, "velocity": 78}, {"time": 2864, "pitch": 45, "duration": 6, "velocity": 86}, {"time": 2864, "pitch": 72, "duration": 3, "velocity": 83}, {"time": 2867, "pitch": 65, "duration": 4, "velocity": 79}, {"time": 2870, "pitch": 70, "duration": 3, "velocity": 83}, {"time": 2873, "pitch": 72, "duration": 2, "velocity": 81}, {"time": 2876, "pitch": 39, "duration": 16, "velocity": 82}, {"time": 2876, "pitch": 67, "duration": 7, "velocity": 74}, {"time": 2876, "pitch": 75, "duration": 5, "velocity": 93}, {"time": 2882, "pitch": 46, "duration": 7, "velocity": 83}, {"time": 2888, "pitch": 51, "duration": 8, "velocity": 68}, {"time": 2888, "pitch": 58, "duration": 4, "velocity": 77}, {"time": 2888, "pitch": 67, "duration": 5, "velocity": 81}, {"time": 2894, "pitch": 53, "duration": 8, "velocity": 61}, {"time": 2894, "pitch": 58, "duration": 4, "velocity": 83}, {"time": 2894, "pitch": 70, "duration": 4, "velocity": 83}, {"time": 2900, "pitch": 55, "duration": 3, "velocity": 76}, {"time": 2900, "pitch": 58, "duration": 4, "velocity": 79}, {"time": 2900, "pitch": 63, "duration": 6, "velocity": 90}, {"time": 2906, "pitch": 67, "duration": 2, "velocity": 78}, {"time": 2912, "pitch": 40, "duration": 2, "velocity": 79}, {"time": 2912, "pitch": 58, "duration": 4, "velocity": 76}, {"time": 2912, "pitch": 67, "duration": 4, "velocity": 83}, {"time": 2918, "pitch": 41, "duration": 1, "velocity": 82}, {"time": 2918, "pitch": 63, "duration": 2, "velocity": 83}, {"time": 2924, "pitch": 58, "duration": 5, "velocity": 84}, {"time": 2924, "pitch": 65, "duration": 9, "velocity": 83}, {"time": 2927, "pitch": 46, "duration": 54, "velocity": 84}, {"time": 2930, "pitch": 53, "duration": 49, "velocity": 76}, {"time": 2933, "pitch": 58, "duration": 46, "velocity": 90}, {"time": 2936, "pitch": 63, "duration": 3, "velocity": 83}, {"time": 2939, "pitch": 65, "duration": 1, "velocity": 81}, {"time": 2942, "pitch": 70, "duration": 3, "velocity": 93}, {"time": 2945, "pitch": 72, "duration": 3, "velocity": 79}, {"time": 2948, "pitch": 74, "duration": 1, "velocity": 82}, {"time": 2951, "pitch": 77, "duration": 3, "velocity": 82}, {"time": 2954, "pitch": 82, "duration": 4, "velocity": 51}, {"time": 2957, "pitch": 84, "duration": 2, "velocity": 79}, {"time": 2960, "pitch": 86, "duration": 1, "velocity": 84}, {"time": 2963, "pitch": 87, "duration": 2, "velocity": 83}, {"time": 2966, "pitch": 89, "duration": 1, "velocity": 82}, {"time": 2969, "pitch": 93, "duration": 1, "velocity": 84}, {"time": 2975, "pitch": 82, "duration": 7, "velocity": 63}, {"time": 2975, "pitch": 86, "duration": 6, "velocity": 62}, {"time": 2975, "pitch": 94, "duration": 5, "velocity": 80}], "annotations": [{"time": 189, "annotation": {"number": 64, "value": 127}, "group": "control_change"}, {"time": 236, "annotation": {"number": 64, "value": 0}, "group": "control_change"}, {"time": 239, "annotation": {"number": 64, "value": 127}, "group": "control_change"}, {"time": 283, "annotation": {"number": 64, "value": 0}, "group": "control_change"}, {"time": 286, "annotation": {"number": 64, "value": 127}, "group": "control_change"}, {"time": 379, "annotation": {"number": 64, "value": 0}, "group": "control_change"}, {"time": 382, "annotation": {"number": 64, "value": 127}, "group": "control_change"}, {"time": 475, "annotation": {"number": 64, "value": 0}, "group": "control_change"}, {"time": 478, "annotation": {"number": 64, "value": 127}, "group": "control_change"}, {"time": 524, "annotation": {"number": 64, "value": 0}, "group": "control_change"}, {"time": 528, "annotation": {"number": 64, "value": 127}, "group": "control_change"}, {"time": 570, "annotation": {"number": 64, "value": 127}, "group": "control_change"}, {"time": 572, "annotation": {"number": 64, "value": 0}, "group": "control_change"}, {"time": 621, "annotation": {"number": 64, "value": 0}, "group": "control_change"}, {"time": 623, "annotation": {"number": 64, "value": 127}, "group": "control_change"}, {"time": 665, "annotation": {"number": 64, "value": 0}, "group": "control_change"}, {"time": 668, "annotation": {"number": 64, "value": 127}, "group": "control_change"}, {"time": 716, "annotation": {"number": 64, "value": 0}, "group": "control_change"}, {"time": 719, "annotation": {"number": 64, "value": 127}, "group": "control_change"}, {"time": 763, "annotation": {"number": 64, "value": 0}, "group": "control_change"}, {"time": 766, "annotation": {"number": 64, "value": 127}, "group": "control_change"}, {"time": 811, "annotation": {"number": 64, "value": 0}, "group": "control_change"}, {"time": 814, "annotation": {"number": 64, "value": 127}, "group": "control_change"}, {"time": 858, "annotation": {"number": 64, "value": 0}, "group": "control_change"}, {"time": 861, "annotation": {"number": 64, "value": 127}, "group": "control_change"}, {"time": 905, "annotation": {"number": 64, "value": 0}, "group": "control_change"}, {"time": 907, "annotation": {"number": 64, "value": 127}, "group": "control_change"}, {"time": 942, "annotation": {"number": 64, "value": 127}, "group": "control_change"}, {"time": 943, "annotation": {"number": 64, "value": 0}, "group": "control_change"}, {"time": 991, "annotation": {"number": 64, "value": 0}, "group": "control_change"}, {"time": 995, "annotation": {"number": 64, "value": 127}, "group": "control_change"}, {"time": 1039, "annotation": {"number": 64, "value": 0}, "group": "control_change"}, {"time": 1043, "annotation": {"number": 64, "value": 127}, "group": "control_change"}, {"time": 1086, "annotation": {"number": 64, "value": 0}, "group": "control_change"}, {"time": 1086, "annotation": {"number": 64, "value": 127}, "group": "control_change"}, {"time": 1087, "annotation": {"number": 64, "value": 0}, "group": "control_change"}, {"time": 1089, "annotation": {"number": 64, "value": 127}, "group": "control_change"}, {"time": 1136, "annotation": {"number": 64, "value": 0}, "group": "control_change"}, {"time": 1142, "annotation": {"number": 64, "value": 127}, "group": "control_change"}, {"time": 1185, "annotation": {"number": 64, "value": 0}, "group": "control_change"}, {"time": 1190, "annotation": {"number": 64, "value": 127}, "group": "control_change"}, {"time": 1233, "annotation": {"number": 64, "value": 0}, "group": "control_change"}, {"time": 1236, "annotation": {"number": 64, "value": 127}, "group": "control_change"}, {"time": 1280, "annotation": {"number": 64, "value": 0}, "group": "control_change"}, {"time": 1282, "annotation": {"number": 64, "value": 127}, "group": "control_change"}, {"time": 1326, "annotation": {"number": 64, "value": 0}, "group": "control_change"}, {"time": 1328, "annotation": {"number": 64, "value": 127}, "group": "control_change"}, {"time": 1374, "annotation": {"number": 64, "value": 0}, "group": "control_change"}, {"time": 1378, "annotation": {"number": 64, "value": 127}, "group": "control_change"}, {"time": 1397, "annotation": {"number": 64, "value": 0}, "group": "control_change"}, {"time": 1401, "annotation": {"number": 64, "value": 127}, "group": "control_change"}, {"time": 1421, "annotation": {"number": 64, "value": 0}, "group": "control_change"}, {"time": 1421, "annotation": {"number": 64, "value": 127}, "group": "control_change"}, {"time": 1422, "annotation": {"number": 64, "value": 0}, "group": "control_change"}, {"time": 1426, "annotation": {"number": 64, "value": 127}, "group": "control_change"}, {"time": 1471, "annotation": {"number": 64, "value": 127}, "group": "control_change"}, {"time": 1496, "annotation": {"number": 64, "value": 0}, "group": "control_change"}, {"time": 1499, "annotation": {"number": 64, "value": 127}, "group": "control_change"}, {"time": 1519, "annotation": {"number": 64, "value": 0}, "group": "control_change"}, {"time": 1522, "annotation": {"number": 64, "value": 127}, "group": "control_change"}, {"time": 1544, "annotation": {"number": 64, "value": 0}, "group": "control_change"}, {"time": 1548, "annotation": {"number": 64, "value": 127}, "group": "control_change"}, {"time": 1568, "annotation": {"number": 64, "value": 0}, "group": "control_change"}, {"time": 1572, "annotation": {"number": 64, "value": 127}, "group": "control_change"}, {"time": 1588, "annotation": {"number": 64, "value": 0}, "group": "control_change"}, {"time": 1595, "annotation": {"number": 64, "value": 127}, "group": "control_change"}, {"time": 1616, "annotation": {"number": 64, "value": 0}, "group": "control_change"}, {"time": 1617, "annotation": {"number": 64, "value": 127}, "group": "control_change"}, {"time": 1652, "annotation": {"number": 64, "value": 0}, "group": "control_change"}, {"time": 1655, "annotation": {"number": 64, "value": 127}, "group": "control_change"}, {"time": 1664, "annotation": {"number": 64, "value": 0}, "group": "control_change"}, {"time": 1668, "annotation": {"number": 64, "value": 127}, "group": "control_change"}, {"time": 1712, "annotation": {"number": 64, "value": 127}, "group": "control_change"}, {"time": 1758, "annotation": {"number": 64, "value": 0}, "group": "control_change"}, {"time": 1762, "annotation": {"number": 64, "value": 127}, "group": "control_change"}, {"time": 1781, "annotation": {"number": 64, "value": 0}, "group": "control_change"}, {"time": 1785, "annotation": {"number": 64, "value": 127}, "group": "control_change"}, {"time": 1805, "annotation": {"number": 64, "value": 0}, "group": "control_change"}, {"time": 1805, "annotation": {"number": 64, "value": 127}, "group": "control_change"}, {"time": 1806, "annotation": {"number": 64, "value": 0}, "group": "control_change"}, {"time": 1810, "annotation": {"number": 64, "value": 127}, "group": "control_change"}, {"time": 1855, "annotation": {"number": 64, "value": 127}, "group": "control_change"}, {"time": 1880, "annotation": {"number": 64, "value": 0}, "group": "control_change"}, {"time": 1883, "annotation": {"number": 64, "value": 127}, "group": "control_change"}, {"time": 1903, "annotation": {"number": 64, "value": 0}, "group": "control_change"}, {"time": 1906, "annotation": {"number": 64, "value": 127}, "group": "control_change"}, {"time": 1928, "annotation": {"number": 64, "value": 0}, "group": "control_change"}, {"time": 1932, "annotation": {"number": 64, "value": 127}, "group": "control_change"}, {"time": 1952, "annotation": {"number": 64, "value": 0}, "group": "control_change"}, {"time": 1956, "annotation": {"number": 64, "value": 127}, "group": "control_change"}, {"time": 1972, "annotation": {"number": 64, "value": 0}, "group": "control_change"}, {"time": 1979, "annotation": {"number": 64, "value": 127}, "group": "control_change"}, {"time": 2000, "annotation": {"number": 64, "value": 0}, "group": "control_change"}, {"time": 2001, "annotation": {"number": 64, "value": 127}, "group": "control_change"}, {"time": 2036, "annotation": {"number": 64, "value": 0}, "group": "control_change"}, {"time": 2039, "annotation": {"number": 64, "value": 127}, "group": "control_change"}, {"time": 2048, "annotation": {"number": 64, "value": 0}, "group": "control_change"}, {"time": 2048, "annotation": {"number": 64, "value": 127}, "group": "control_change"}, {"time": 2094, "annotation": {"number": 64, "value": 0}, "group": "control_change"}, {"time": 2098, "annotation": {"number": 64, "value": 127}, "group": "control_change"}, {"time": 2102, "annotation": {"number": 64, "value": 127}, "group": "control_change"}, {"time": 2143, "annotation": {"number": 64, "value": 0}, "group": "control_change"}, {"time": 2147, "annotation": {"number": 64, "value": 127}, "group": "control_change"}, {"time": 2168, "annotation": {"number": 64, "value": 0}, "group": "control_change"}, {"time": 2174, "annotation": {"number": 64, "value": 127}, "group": "control_change"}, {"time": 2192, "annotation": {"number": 64, "value": 0}, "group": "control_change"}, {"time": 2192, "annotation": {"number": 64, "value": 127}, "group": "control_change"}, {"time": 2197, "annotation": {"number": 64, "value": 127}, "group": "control_change"}, {"time": 2238, "annotation": {"number": 64, "value": 0}, "group": "control_change"}, {"time": 2246, "annotation": {"number": 64, "value": 127}, "group": "control_change"}, {"time": 2263, "annotation": {"number": 64, "value": 0}, "group": "control_change"}, {"time": 2269, "annotation": {"number": 64, "value": 127}, "group": "control_change"}, {"time": 2287, "annotation": {"number": 64, "value": 0}, "group": "control_change"}, {"time": 2291, "annotation": {"number": 64, "value": 127}, "group": "control_change"}, {"time": 2333, "annotation": {"number": 64, "value": 0}, "group": "control_change"}, {"time": 2336, "annotation": {"number": 64, "value": 127}, "group": "control_change"}, {"time": 2360, "annotation": {"number": 64, "value": 0}, "group": "control_change"}, {"time": 2366, "annotation": {"number": 64, "value": 127}, "group": "control_change"}, {"time": 2382, "annotation": {"number": 64, "value": 0}, "group": "control_change"}, {"time": 2383, "annotation": {"number": 64, "value": 127}, "group": "control_change"}, {"time": 2408, "annotation": {"number": 64, "value": 0}, "group": "control_change"}, {"time": 2412, "annotation": {"number": 64, "value": 127}, "group": "control_change"}, {"time": 2431, "annotation": {"number": 64, "value": 0}, "group": "control_change"}, {"time": 2437, "annotation": {"number": 64, "value": 127}, "group": "control_change"}, {"time": 2477, "annotation": {"number": 64, "value": 0}, "group": "control_change"}, {"time": 2477, "annotation": {"number": 64, "value": 127}, "group": "control_change"}, {"time": 2481, "annotation": {"number": 64, "value": 127}, "group": "control_change"}, {"time": 2491, "annotation": {"number": 64, "value": 0}, "group": "control_change"}, {"time": 2504, "annotation": {"number": 64, "value": 0}, "group": "control_change"}, {"time": 2508, "annotation": {"number": 64, "value": 127}, "group": "control_change"}, {"time": 2539, "annotation": {"number": 64, "value": 0}, "group": "control_change"}, {"time": 2542, "annotation": {"number": 64, "value": 127}, "group": "control_change"}, {"time": 2590, "annotation": {"number": 64, "value": 0}, "group": "control_change"}, {"time": 2595, "annotation": {"number": 64, "value": 127}, "group": "control_change"}, {"time": 2638, "annotation": {"number": 64, "value": 0}, "group": "control_change"}, {"time": 2643, "annotation": {"number": 64, "value": 127}, "group": "control_change"}, {"time": 2683, "annotation": {"number": 64, "value": 0}, "group": "control_change"}, {"time": 2686, "annotation": {"number": 64, "value": 127}, "group": "control_change"}, {"time": 2689, "annotation": {"number": 64, "value": 127}, "group": "control_change"}, {"time": 2702, "annotation": {"number": 64, "value": 0}, "group": "control_change"}, {"time": 2731, "annotation": {"number": 64, "value": 0}, "group": "control_change"}, {"time": 2736, "annotation": {"number": 64, "value": 127}, "group": "control_change"}, {"time": 2736, "annotation": {"number": 64, "value": 0}, "group": "control_change"}, {"time": 2737, "annotation": {"number": 64, "value": 127}, "group": "control_change"}, {"time": 2767, "annotation": {"number": 64, "value": 0}, "group": "control_change"}, {"time": 2770, "annotation": {"number": 64, "value": 127}, "group": "control_change"}, {"time": 2779, "annotation": {"number": 64, "value": 0}, "group": "control_change"}, {"time": 2785, "annotation": {"number": 64, "value": 127}, "group": "control_change"}, {"time": 2827, "annotation": {"number": 64, "value": 0}, "group": "control_change"}, {"time": 2834, "annotation": {"number": 64, "value": 127}, "group": "control_change"}, {"time": 2874, "annotation": {"number": 64, "value": 0}, "group": "control_change"}, {"time": 2882, "annotation": {"number": 64, "value": 127}, "group": "control_change"}, {"time": 2925, "annotation": {"number": 64, "value": 0}, "group": "control_change"}, {"time": 2928, "annotation": {"number": 64, "value": 127}, "group": "control_change"}, {"time": 2989, "annotation": {"number": 64, "value": 0}, "group": "control_change"}]}]}