{"metadata": {"schema_version": "0.2", "title": "None", "source_filename": "271.mid", "source_format": "midi"}, "resolution": 12, "tempos": [{"time": 0, "qpm": 74.000074000074}], "time_signatures": [{"time": 0, "numerator": 4, "denominator": 4}], "tracks": [{"program": 0, "is_drum": false, "name": "MELODY", "notes": [{"time": 482, "pitch": 58, "duration": 9, "velocity": 104}, {"time": 491, "pitch": 63, "duration": 3, "velocity": 91}, {"time": 494, "pitch": 63, "duration": 6, "velocity": 92}, {"time": 500, "pitch": 63, "duration": 3, "velocity": 93}, {"time": 503, "pitch": 63, "duration": 3, "velocity": 90}, {"time": 506, "pitch": 66, "duration": 6, "velocity": 98}, {"time": 512, "pitch": 63, "duration": 6, "velocity": 96}, {"time": 518, "pitch": 61, "duration": 6, "velocity": 98}, {"time": 524, "pitch": 58, "duration": 6, "velocity": 98}, {"time": 530, "pitch": 63, "duration": 42, "velocity": 104}, {"time": 572, "pitch": 63, "duration": 3, "velocity": 80}, {"time": 575, "pitch": 66, "duration": 3, "velocity": 84}, {"time": 578, "pitch": 68, "duration": 9, "velocity": 86}, {"time": 587, "pitch": 68, "duration": 4, "velocity": 83}, {"time": 590, "pitch": 68, "duration": 1, "velocity": 86}, {"time": 596, "pitch": 66, "duration": 6, "velocity": 84}, {"time": 602, "pitch": 68, "duration": 12, "velocity": 87}, {"time": 614, "pitch": 73, "duration": 12, "velocity": 100}, {"time": 626, "pitch": 70, "duration": 48, "velocity": 93}, {"time": 674, "pitch": 70, "duration": 6, "velocity": 102}, {"time": 680, "pitch": 75, "duration": 6, "velocity": 107}, {"time": 686, "pitch": 75, "duration": 6, "velocity": 102}, {"time": 692, "pitch": 73, "duration": 6, "velocity": 98}, {"time": 698, "pitch": 75, "duration": 6, "velocity": 86}, {"time": 704, "pitch": 78, "duration": 6, "velocity": 100}, {"time": 710, "pitch": 75, "duration": 6, "velocity": 98}, {"time": 716, "pitch": 73, "duration": 6, "velocity": 90}, {"time": 722, "pitch": 68, "duration": 6, "velocity": 88}, {"time": 728, "pitch": 68, "duration": 6, "velocity": 100}, {"time": 734, "pitch": 68, "duration": 6, "velocity": 89}, {"time": 740, "pitch": 66, "duration": 6, "velocity": 91}, {"time": 746, "pitch": 70, "duration": 6, "velocity": 94}, {"time": 752, "pitch": 68, "duration": 12, "velocity": 92}, {"time": 764, "pitch": 68, "duration": 3, "velocity": 88}, {"time": 767, "pitch": 70, "duration": 3, "velocity": 87}, {"time": 770, "pitch": 73, "duration": 9, "velocity": 96}, {"time": 779, "pitch": 75, "duration": 3, "velocity": 86}, {"time": 782, "pitch": 73, "duration": 6, "velocity": 94}, {"time": 788, "pitch": 70, "duration": 6, "velocity": 88}, {"time": 794, "pitch": 68, "duration": 6, "velocity": 87}, {"time": 800, "pitch": 70, "duration": 6, "velocity": 93}, {"time": 806, "pitch": 68, "duration": 6, "velocity": 89}, {"time": 812, "pitch": 66, "duration": 3, "velocity": 93}, {"time": 815, "pitch": 65, "duration": 3, "velocity": 88}, {"time": 818, "pitch": 63, "duration": 48, "velocity": 94}, {"time": 866, "pitch": 58, "duration": 9, "velocity": 104}, {"time": 875, "pitch": 63, "duration": 3, "velocity": 91}, {"time": 878, "pitch": 63, "duration": 6, "velocity": 92}, {"time": 884, "pitch": 63, "duration": 3, "velocity": 93}, {"time": 887, "pitch": 63, "duration": 3, "velocity": 90}, {"time": 890, "pitch": 66, "duration": 6, "velocity": 98}, {"time": 896, "pitch": 63, "duration": 6, "velocity": 96}, {"time": 902, "pitch": 61, "duration": 6, "velocity": 98}, {"time": 908, "pitch": 58, "duration": 6, "velocity": 98}, {"time": 914, "pitch": 63, "duration": 42, "velocity": 104}, {"time": 956, "pitch": 63, "duration": 3, "velocity": 80}, {"time": 959, "pitch": 66, "duration": 3, "velocity": 84}, {"time": 962, "pitch": 68, "duration": 9, "velocity": 86}, {"time": 971, "pitch": 68, "duration": 4, "velocity": 83}, {"time": 974, "pitch": 68, "duration": 1, "velocity": 86}, {"time": 980, "pitch": 66, "duration": 6, "velocity": 84}, {"time": 986, "pitch": 68, "duration": 12, "velocity": 87}, {"time": 998, "pitch": 73, "duration": 12, "velocity": 100}, {"time": 1010, "pitch": 70, "duration": 48, "velocity": 93}, {"time": 1058, "pitch": 70, "duration": 6, "velocity": 102}, {"time": 1064, "pitch": 75, "duration": 6, "velocity": 107}, {"time": 1070, "pitch": 75, "duration": 6, "velocity": 102}, {"time": 1076, "pitch": 73, "duration": 6, "velocity": 98}, {"time": 1082, "pitch": 75, "duration": 6, "velocity": 86}, {"time": 1088, "pitch": 78, "duration": 6, "velocity": 100}, {"time": 1094, "pitch": 75, "duration": 6, "velocity": 98}, {"time": 1100, "pitch": 73, "duration": 6, "velocity": 90}, {"time": 1106, "pitch": 68, "duration": 6, "velocity": 88}, {"time": 1112, "pitch": 68, "duration": 6, "velocity": 100}, {"time": 1118, "pitch": 68, "duration": 6, "velocity": 89}, {"time": 1124, "pitch": 66, "duration": 6, "velocity": 91}, {"time": 1130, "pitch": 70, "duration": 6, "velocity": 94}, {"time": 1136, "pitch": 68, "duration": 12, "velocity": 92}, {"time": 1148, "pitch": 68, "duration": 3, "velocity": 88}, {"time": 1151, "pitch": 70, "duration": 3, "velocity": 87}, {"time": 1154, "pitch": 73, "duration": 9, "velocity": 96}, {"time": 1163, "pitch": 75, "duration": 3, "velocity": 86}, {"time": 1166, "pitch": 73, "duration": 6, "velocity": 94}, {"time": 1172, "pitch": 70, "duration": 6, "velocity": 88}, {"time": 1178, "pitch": 68, "duration": 6, "velocity": 87}, {"time": 1184, "pitch": 70, "duration": 6, "velocity": 93}, {"time": 1190, "pitch": 68, "duration": 6, "velocity": 89}, {"time": 1196, "pitch": 66, "duration": 3, "velocity": 93}, {"time": 1199, "pitch": 65, "duration": 3, "velocity": 88}, {"time": 1202, "pitch": 63, "duration": 48, "velocity": 94}, {"time": 1250, "pitch": 70, "duration": 6, "velocity": 89}, {"time": 1256, "pitch": 75, "duration": 3, "velocity": 91}, {"time": 1259, "pitch": 75, "duration": 3, "velocity": 92}, {"time": 1262, "pitch": 75, "duration": 6, "velocity": 107}, {"time": 1268, "pitch": 75, "duration": 3, "velocity": 98}, {"time": 1271, "pitch": 78, "duration": 3, "velocity": 94}, {"time": 1274, "pitch": 77, "duration": 6, "velocity": 110}, {"time": 1280, "pitch": 75, "duration": 6, "velocity": 102}, {"time": 1286, "pitch": 75, "duration": 1, "velocity": 90}, {"time": 1292, "pitch": 73, "duration": 3, "velocity": 92}, {"time": 1295, "pitch": 73, "duration": 3, "velocity": 93}, {"time": 1298, "pitch": 75, "duration": 42, "velocity": 108}, {"time": 1340, "pitch": 75, "duration": 3, "velocity": 86}, {"time": 1343, "pitch": 75, "duration": 3, "velocity": 87}, {"time": 1346, "pitch": 77, "duration": 9, "velocity": 104}, {"time": 1355, "pitch": 77, "duration": 3, "velocity": 91}, {"time": 1358, "pitch": 77, "duration": 6, "velocity": 108}, {"time": 1364, "pitch": 77, "duration": 3, "velocity": 107}, {"time": 1367, "pitch": 75, "duration": 3, "velocity": 93}, {"time": 1370, "pitch": 73, "duration": 6, "velocity": 107}, {"time": 1376, "pitch": 75, "duration": 6, "velocity": 104}, {"time": 1382, "pitch": 75, "duration": 6, "velocity": 108}, {"time": 1388, "pitch": 68, "duration": 6, "velocity": 108}, {"time": 1394, "pitch": 70, "duration": 48, "velocity": 104}, {"time": 1442, "pitch": 70, "duration": 6, "velocity": 102}, {"time": 1448, "pitch": 75, "duration": 12, "velocity": 113}, {"time": 1460, "pitch": 77, "duration": 6, "velocity": 110}, {"time": 1466, "pitch": 75, "duration": 6, "velocity": 108}, {"time": 1472, "pitch": 78, "duration": 3, "velocity": 83}, {"time": 1478, "pitch": 75, "duration": 6, "velocity": 86}, {"time": 1484, "pitch": 70, "duration": 3, "velocity": 87}, {"time": 1487, "pitch": 70, "duration": 1, "velocity": 85}, {"time": 1490, "pitch": 68, "duration": 6, "velocity": 86}, {"time": 1496, "pitch": 66, "duration": 12, "velocity": 98}, {"time": 1508, "pitch": 70, "duration": 6, "velocity": 96}, {"time": 1514, "pitch": 68, "duration": 21, "velocity": 91}, {"time": 1535, "pitch": 70, "duration": 3, "velocity": 89}, {"time": 1538, "pitch": 73, "duration": 9, "velocity": 104}, {"time": 1547, "pitch": 75, "duration": 3, "velocity": 100}, {"time": 1550, "pitch": 73, "duration": 6, "velocity": 102}, {"time": 1556, "pitch": 70, "duration": 6, "velocity": 108}, {"time": 1562, "pitch": 68, "duration": 6, "velocity": 100}, {"time": 1568, "pitch": 68, "duration": 3, "velocity": 89}, {"time": 1571, "pitch": 70, "duration": 3, "velocity": 88}, {"time": 1574, "pitch": 65, "duration": 6, "velocity": 89}, {"time": 1580, "pitch": 61, "duration": 3, "velocity": 88}, {"time": 1583, "pitch": 65, "duration": 3, "velocity": 84}, {"time": 1586, "pitch": 63, "duration": 48, "velocity": 91}, {"time": 1634, "pitch": 70, "duration": 6, "velocity": 89}, {"time": 1640, "pitch": 75, "duration": 3, "velocity": 91}, {"time": 1643, "pitch": 75, "duration": 3, "velocity": 92}, {"time": 1646, "pitch": 75, "duration": 6, "velocity": 107}, {"time": 1652, "pitch": 75, "duration": 3, "velocity": 98}, {"time": 1655, "pitch": 78, "duration": 3, "velocity": 94}, {"time": 1658, "pitch": 77, "duration": 6, "velocity": 110}, {"time": 1664, "pitch": 75, "duration": 6, "velocity": 102}, {"time": 1670, "pitch": 75, "duration": 6, "velocity": 90}, {"time": 1676, "pitch": 73, "duration": 3, "velocity": 92}, {"time": 1679, "pitch": 73, "duration": 3, "velocity": 93}, {"time": 1682, "pitch": 75, "duration": 42, "velocity": 108}, {"time": 1724, "pitch": 75, "duration": 3, "velocity": 86}, {"time": 1727, "pitch": 75, "duration": 3, "velocity": 87}, {"time": 1730, "pitch": 77, "duration": 9, "velocity": 104}, {"time": 1739, "pitch": 77, "duration": 3, "velocity": 91}, {"time": 1742, "pitch": 77, "duration": 6, "velocity": 108}, {"time": 1748, "pitch": 77, "duration": 3, "velocity": 107}, {"time": 1751, "pitch": 75, "duration": 3, "velocity": 93}, {"time": 1754, "pitch": 73, "duration": 6, "velocity": 107}, {"time": 1760, "pitch": 75, "duration": 6, "velocity": 104}, {"time": 1766, "pitch": 75, "duration": 6, "velocity": 108}, {"time": 1772, "pitch": 68, "duration": 6, "velocity": 108}, {"time": 1778, "pitch": 70, "duration": 48, "velocity": 104}, {"time": 1826, "pitch": 70, "duration": 6, "velocity": 102}, {"time": 1832, "pitch": 75, "duration": 5, "velocity": 113}, {"time": 1838, "pitch": 75, "duration": 5, "velocity": 97}, {"time": 1844, "pitch": 77, "duration": 6, "velocity": 110}, {"time": 1850, "pitch": 75, "duration": 6, "velocity": 108}, {"time": 1856, "pitch": 78, "duration": 5, "velocity": 85}, {"time": 1862, "pitch": 73, "duration": 6, "velocity": 86}, {"time": 1868, "pitch": 70, "duration": 6, "velocity": 87}, {"time": 1874, "pitch": 68, "duration": 6, "velocity": 86}, {"time": 1880, "pitch": 66, "duration": 12, "velocity": 98}, {"time": 1892, "pitch": 70, "duration": 6, "velocity": 96}, {"time": 1898, "pitch": 68, "duration": 21, "velocity": 91}, {"time": 1919, "pitch": 70, "duration": 3, "velocity": 89}, {"time": 1922, "pitch": 73, "duration": 9, "velocity": 104}, {"time": 1931, "pitch": 75, "duration": 3, "velocity": 100}, {"time": 1934, "pitch": 73, "duration": 6, "velocity": 102}, {"time": 1940, "pitch": 70, "duration": 6, "velocity": 108}, {"time": 1946, "pitch": 68, "duration": 6, "velocity": 100}, {"time": 1952, "pitch": 68, "duration": 3, "velocity": 89}, {"time": 1955, "pitch": 70, "duration": 3, "velocity": 88}, {"time": 1958, "pitch": 65, "duration": 6, "velocity": 89}, {"time": 1964, "pitch": 61, "duration": 3, "velocity": 88}, {"time": 1967, "pitch": 65, "duration": 3, "velocity": 84}, {"time": 1970, "pitch": 63, "duration": 48, "velocity": 91}, {"time": 2402, "pitch": 58, "duration": 9, "velocity": 104}, {"time": 2411, "pitch": 63, "duration": 3, "velocity": 91}, {"time": 2414, "pitch": 63, "duration": 6, "velocity": 92}, {"time": 2420, "pitch": 63, "duration": 3, "velocity": 93}, {"time": 2423, "pitch": 63, "duration": 3, "velocity": 90}, {"time": 2426, "pitch": 66, "duration": 6, "velocity": 98}, {"time": 2432, "pitch": 63, "duration": 6, "velocity": 96}, {"time": 2438, "pitch": 61, "duration": 6, "velocity": 98}, {"time": 2444, "pitch": 58, "duration": 6, "velocity": 98}, {"time": 2450, "pitch": 63, "duration": 42, "velocity": 104}, {"time": 2492, "pitch": 63, "duration": 3, "velocity": 80}, {"time": 2495, "pitch": 66, "duration": 3, "velocity": 84}, {"time": 2498, "pitch": 68, "duration": 9, "velocity": 86}, {"time": 2507, "pitch": 68, "duration": 3, "velocity": 83}, {"time": 2510, "pitch": 68, "duration": 6, "velocity": 83}, {"time": 2516, "pitch": 66, "duration": 6, "velocity": 84}, {"time": 2522, "pitch": 68, "duration": 12, "velocity": 87}, {"time": 2534, "pitch": 73, "duration": 12, "velocity": 100}, {"time": 2546, "pitch": 70, "duration": 48, "velocity": 93}, {"time": 2594, "pitch": 70, "duration": 6, "velocity": 102}, {"time": 2600, "pitch": 75, "duration": 6, "velocity": 107}, {"time": 2606, "pitch": 75, "duration": 6, "velocity": 102}, {"time": 2612, "pitch": 73, "duration": 6, "velocity": 98}, {"time": 2618, "pitch": 75, "duration": 6, "velocity": 86}, {"time": 2624, "pitch": 78, "duration": 6, "velocity": 100}, {"time": 2630, "pitch": 75, "duration": 6, "velocity": 98}, {"time": 2636, "pitch": 73, "duration": 6, "velocity": 90}, {"time": 2642, "pitch": 68, "duration": 6, "velocity": 88}, {"time": 2648, "pitch": 68, "duration": 6, "velocity": 100}, {"time": 2654, "pitch": 68, "duration": 6, "velocity": 89}, {"time": 2660, "pitch": 66, "duration": 6, "velocity": 91}, {"time": 2666, "pitch": 70, "duration": 6, "velocity": 94}, {"time": 2672, "pitch": 68, "duration": 12, "velocity": 92}, {"time": 2684, "pitch": 68, "duration": 3, "velocity": 88}, {"time": 2687, "pitch": 70, "duration": 3, "velocity": 87}, {"time": 2690, "pitch": 73, "duration": 9, "velocity": 96}, {"time": 2699, "pitch": 75, "duration": 3, "velocity": 86}, {"time": 2702, "pitch": 73, "duration": 6, "velocity": 94}, {"time": 2708, "pitch": 70, "duration": 6, "velocity": 88}, {"time": 2714, "pitch": 68, "duration": 6, "velocity": 87}, {"time": 2720, "pitch": 70, "duration": 6, "velocity": 93}, {"time": 2726, "pitch": 68, "duration": 6, "velocity": 89}, {"time": 2732, "pitch": 66, "duration": 3, "velocity": 93}, {"time": 2735, "pitch": 65, "duration": 3, "velocity": 88}, {"time": 2738, "pitch": 63, "duration": 48, "velocity": 94}, {"time": 2786, "pitch": 70, "duration": 6, "velocity": 104}, {"time": 2792, "pitch": 75, "duration": 3, "velocity": 91}, {"time": 2795, "pitch": 75, "duration": 3, "velocity": 91}, {"time": 2798, "pitch": 75, "duration": 6, "velocity": 92}, {"time": 2804, "pitch": 75, "duration": 3, "velocity": 93}, {"time": 2807, "pitch": 78, "duration": 3, "velocity": 98}, {"time": 2810, "pitch": 77, "duration": 6, "velocity": 98}, {"time": 2816, "pitch": 75, "duration": 6, "velocity": 96}, {"time": 2822, "pitch": 75, "duration": 6, "velocity": 98}, {"time": 2828, "pitch": 73, "duration": 3, "velocity": 98}, {"time": 2831, "pitch": 73, "duration": 3, "velocity": 98}, {"time": 2834, "pitch": 75, "duration": 42, "velocity": 104}, {"time": 2876, "pitch": 75, "duration": 3, "velocity": 80}, {"time": 2879, "pitch": 75, "duration": 3, "velocity": 84}, {"time": 2882, "pitch": 77, "duration": 9, "velocity": 86}, {"time": 2891, "pitch": 77, "duration": 3, "velocity": 83}, {"time": 2894, "pitch": 77, "duration": 6, "velocity": 86}, {"time": 2900, "pitch": 77, "duration": 3, "velocity": 84}, {"time": 2903, "pitch": 75, "duration": 3, "velocity": 84}, {"time": 2906, "pitch": 73, "duration": 6, "velocity": 97}, {"time": 2912, "pitch": 75, "duration": 6, "velocity": 97}, {"time": 2918, "pitch": 75, "duration": 6, "velocity": 97}, {"time": 2924, "pitch": 68, "duration": 6, "velocity": 97}, {"time": 2930, "pitch": 70, "duration": 48, "velocity": 97}, {"time": 2978, "pitch": 70, "duration": 6, "velocity": 102}, {"time": 2984, "pitch": 75, "duration": 6, "velocity": 107}, {"time": 2990, "pitch": 75, "duration": 6, "velocity": 102}, {"time": 2996, "pitch": 78, "duration": 6, "velocity": 98}, {"time": 3002, "pitch": 75, "duration": 6, "velocity": 86}, {"time": 3008, "pitch": 77, "duration": 3, "velocity": 100}, {"time": 3011, "pitch": 75, "duration": 3, "velocity": 100}, {"time": 3014, "pitch": 73, "duration": 6, "velocity": 98}, {"time": 3020, "pitch": 73, "duration": 3, "velocity": 90}, {"time": 3023, "pitch": 70, "duration": 3, "velocity": 90}, {"time": 3026, "pitch": 68, "duration": 6, "velocity": 88}, {"time": 3032, "pitch": 66, "duration": 12, "velocity": 100}, {"time": 3044, "pitch": 70, "duration": 6, "velocity": 91}, {"time": 3050, "pitch": 68, "duration": 18, "velocity": 94}, {"time": 3068, "pitch": 68, "duration": 3, "velocity": 88}, {"time": 3071, "pitch": 70, "duration": 3, "velocity": 87}, {"time": 3074, "pitch": 73, "duration": 9, "velocity": 96}, {"time": 3083, "pitch": 75, "duration": 3, "velocity": 86}, {"time": 3086, "pitch": 73, "duration": 6, "velocity": 94}, {"time": 3092, "pitch": 70, "duration": 6, "velocity": 88}, {"time": 3098, "pitch": 68, "duration": 6, "velocity": 87}, {"time": 3104, "pitch": 70, "duration": 6, "velocity": 93}, {"time": 3110, "pitch": 68, "duration": 6, "velocity": 89}, {"time": 3116, "pitch": 61, "duration": 3, "velocity": 93}, {"time": 3119, "pitch": 65, "duration": 3, "velocity": 88}, {"time": 3122, "pitch": 63, "duration": 48, "velocity": 94}, {"time": 3170, "pitch": 70, "duration": 6, "velocity": 89}, {"time": 3176, "pitch": 75, "duration": 3, "velocity": 91}, {"time": 3179, "pitch": 75, "duration": 3, "velocity": 92}, {"time": 3182, "pitch": 75, "duration": 6, "velocity": 107}, {"time": 3188, "pitch": 75, "duration": 3, "velocity": 98}, {"time": 3191, "pitch": 78, "duration": 3, "velocity": 94}, {"time": 3194, "pitch": 77, "duration": 6, "velocity": 110}, {"time": 3200, "pitch": 75, "duration": 6, "velocity": 102}, {"time": 3206, "pitch": 75, "duration": 6, "velocity": 90}, {"time": 3212, "pitch": 73, "duration": 3, "velocity": 92}, {"time": 3215, "pitch": 73, "duration": 3, "velocity": 93}, {"time": 3218, "pitch": 75, "duration": 42, "velocity": 108}, {"time": 3260, "pitch": 75, "duration": 3, "velocity": 86}, {"time": 3263, "pitch": 75, "duration": 3, "velocity": 87}, {"time": 3266, "pitch": 77, "duration": 9, "velocity": 104}, {"time": 3275, "pitch": 77, "duration": 3, "velocity": 91}, {"time": 3278, "pitch": 77, "duration": 6, "velocity": 108}, {"time": 3284, "pitch": 77, "duration": 3, "velocity": 107}, {"time": 3287, "pitch": 75, "duration": 3, "velocity": 93}, {"time": 3290, "pitch": 73, "duration": 6, "velocity": 107}, {"time": 3296, "pitch": 75, "duration": 6, "velocity": 104}, {"time": 3302, "pitch": 75, "duration": 6, "velocity": 108}, {"time": 3308, "pitch": 68, "duration": 6, "velocity": 108}, {"time": 3314, "pitch": 70, "duration": 48, "velocity": 104}, {"time": 3362, "pitch": 70, "duration": 6, "velocity": 102}, {"time": 3368, "pitch": 75, "duration": 6, "velocity": 113}, {"time": 3374, "pitch": 75, "duration": 6, "velocity": 113}, {"time": 3380, "pitch": 78, "duration": 6, "velocity": 110}, {"time": 3386, "pitch": 75, "duration": 6, "velocity": 108}, {"time": 3392, "pitch": 78, "duration": 3, "velocity": 83}, {"time": 3395, "pitch": 75, "duration": 3, "velocity": 85}, {"time": 3398, "pitch": 73, "duration": 6, "velocity": 86}, {"time": 3404, "pitch": 70, "duration": 6, "velocity": 88}, {"time": 3410, "pitch": 68, "duration": 6, "velocity": 86}, {"time": 3416, "pitch": 66, "duration": 12, "velocity": 98}, {"time": 3428, "pitch": 70, "duration": 6, "velocity": 96}, {"time": 3434, "pitch": 68, "duration": 21, "velocity": 91}, {"time": 3455, "pitch": 63, "duration": 3, "velocity": 89}, {"time": 3458, "pitch": 73, "duration": 9, "velocity": 104}, {"time": 3467, "pitch": 75, "duration": 3, "velocity": 100}, {"time": 3470, "pitch": 73, "duration": 6, "velocity": 102}, {"time": 3476, "pitch": 73, "duration": 3, "velocity": 108}, {"time": 3479, "pitch": 70, "duration": 3, "velocity": 108}, {"time": 3482, "pitch": 68, "duration": 6, "velocity": 100}, {"time": 3488, "pitch": 68, "duration": 3, "velocity": 89}, {"time": 3491, "pitch": 70, "duration": 3, "velocity": 88}, {"time": 3494, "pitch": 61, "duration": 6, "velocity": 89}, {"time": 3500, "pitch": 65, "duration": 6, "velocity": 88}, {"time": 3506, "pitch": 63, "duration": 48, "velocity": 91}, {"time": 3554, "pitch": 70, "duration": 6, "velocity": 102}, {"time": 3560, "pitch": 75, "duration": 6, "velocity": 113}, {"time": 3566, "pitch": 75, "duration": 6, "velocity": 113}, {"time": 3572, "pitch": 78, "duration": 6, "velocity": 110}, {"time": 3578, "pitch": 75, "duration": 6, "velocity": 108}, {"time": 3584, "pitch": 78, "duration": 3, "velocity": 83}, {"time": 3587, "pitch": 75, "duration": 3, "velocity": 85}, {"time": 3590, "pitch": 73, "duration": 6, "velocity": 86}, {"time": 3596, "pitch": 70, "duration": 6, "velocity": 88}, {"time": 3602, "pitch": 68, "duration": 6, "velocity": 86}, {"time": 3608, "pitch": 66, "duration": 12, "velocity": 98}, {"time": 3620, "pitch": 70, "duration": 6, "velocity": 96}, {"time": 3626, "pitch": 68, "duration": 21, "velocity": 91}, {"time": 3647, "pitch": 63, "duration": 3, "velocity": 89}, {"time": 3650, "pitch": 73, "duration": 9, "velocity": 104}, {"time": 3659, "pitch": 75, "duration": 3, "velocity": 100}, {"time": 3662, "pitch": 73, "duration": 6, "velocity": 102}, {"time": 3668, "pitch": 73, "duration": 3, "velocity": 108}, {"time": 3671, "pitch": 70, "duration": 3, "velocity": 108}, {"time": 3674, "pitch": 68, "duration": 6, "velocity": 100}, {"time": 3680, "pitch": 68, "duration": 6, "velocity": 89}, {"time": 3686, "pitch": 61, "duration": 6, "velocity": 89}, {"time": 3692, "pitch": 65, "duration": 6, "velocity": 88}, {"time": 3698, "pitch": 63, "duration": 48, "velocity": 91}, {"time": 3746, "pitch": 70, "duration": 6, "velocity": 107}, {"time": 3752, "pitch": 73, "duration": 6, "velocity": 108}, {"time": 3758, "pitch": 73, "duration": 6, "velocity": 104}, {"time": 3764, "pitch": 70, "duration": 6, "velocity": 102}, {"time": 3770, "pitch": 68, "duration": 6, "velocity": 107}, {"time": 3776, "pitch": 66, "duration": 12, "velocity": 107}, {"time": 3788, "pitch": 61, "duration": 6, "velocity": 102}, {"time": 3794, "pitch": 63, "duration": 26, "velocity": 98}]}, {"program": 0, "is_drum": false, "name": "BRIDGE", "notes": [{"time": 2, "pitch": 82, "duration": 8, "velocity": 103}, {"time": 8, "pitch": 77, "duration": 6, "velocity": 86}, {"time": 14, "pitch": 78, "duration": 6, "velocity": 90}, {"time": 20, "pitch": 75, "duration": 6, "velocity": 87}, {"time": 26, "pitch": 82, "duration": 6, "velocity": 83}, {"time": 32, "pitch": 77, "duration": 6, "velocity": 85}, {"time": 38, "pitch": 78, "duration": 6, "velocity": 86}, {"time": 44, "pitch": 75, "duration": 6, "velocity": 83}, {"time": 50, "pitch": 82, "duration": 6, "velocity": 85}, {"time": 56, "pitch": 77, "duration": 7, "velocity": 87}, {"time": 62, "pitch": 78, "duration": 6, "velocity": 88}, {"time": 68, "pitch": 75, "duration": 6, "velocity": 84}, {"time": 74, "pitch": 82, "duration": 6, "velocity": 84}, {"time": 80, "pitch": 77, "duration": 6, "velocity": 86}, {"time": 86, "pitch": 78, "duration": 6, "velocity": 86}, {"time": 92, "pitch": 75, "duration": 6, "velocity": 86}, {"time": 98, "pitch": 70, "duration": 6, "velocity": 108}, {"time": 104, "pitch": 75, "duration": 6, "velocity": 110}, {"time": 110, "pitch": 75, "duration": 6, "velocity": 110}, {"time": 116, "pitch": 75, "duration": 3, "velocity": 104}, {"time": 119, "pitch": 78, "duration": 3, "velocity": 108}, {"time": 122, "pitch": 77, "duration": 6, "velocity": 108}, {"time": 128, "pitch": 75, "duration": 6, "velocity": 110}, {"time": 134, "pitch": 75, "duration": 6, "velocity": 108}, {"time": 140, "pitch": 73, "duration": 6, "velocity": 102}, {"time": 146, "pitch": 75, "duration": 48, "velocity": 107}, {"time": 194, "pitch": 77, "duration": 12, "velocity": 110}, {"time": 206, "pitch": 77, "duration": 6, "velocity": 114}, {"time": 212, "pitch": 75, "duration": 6, "velocity": 108}, {"time": 218, "pitch": 73, "duration": 6, "velocity": 110}, {"time": 224, "pitch": 75, "duration": 6, "velocity": 107}, {"time": 230, "pitch": 75, "duration": 6, "velocity": 107}, {"time": 236, "pitch": 73, "duration": 6, "velocity": 107}, {"time": 242, "pitch": 70, "duration": 48, "velocity": 108}, {"time": 290, "pitch": 70, "duration": 6, "velocity": 114}, {"time": 296, "pitch": 75, "duration": 6, "velocity": 110}, {"time": 302, "pitch": 75, "duration": 6, "velocity": 110}, {"time": 308, "pitch": 75, "duration": 3, "velocity": 104}, {"time": 311, "pitch": 78, "duration": 3, "velocity": 90}, {"time": 314, "pitch": 75, "duration": 6, "velocity": 88}, {"time": 320, "pitch": 75, "duration": 6, "velocity": 91}, {"time": 326, "pitch": 73, "duration": 6, "velocity": 93}, {"time": 332, "pitch": 70, "duration": 6, "velocity": 102}, {"time": 338, "pitch": 68, "duration": 6, "velocity": 104}, {"time": 344, "pitch": 66, "duration": 12, "velocity": 108}, {"time": 356, "pitch": 70, "duration": 6, "velocity": 108}, {"time": 362, "pitch": 68, "duration": 18, "velocity": 107}, {"time": 380, "pitch": 68, "duration": 3, "velocity": 88}, {"time": 383, "pitch": 70, "duration": 3, "velocity": 92}, {"time": 386, "pitch": 73, "duration": 6, "velocity": 108}, {"time": 392, "pitch": 73, "duration": 3, "velocity": 94}, {"time": 395, "pitch": 75, "duration": 3, "velocity": 98}, {"time": 398, "pitch": 73, "duration": 6, "velocity": 104}, {"time": 404, "pitch": 70, "duration": 6, "velocity": 104}, {"time": 410, "pitch": 68, "duration": 6, "velocity": 100}, {"time": 416, "pitch": 68, "duration": 6, "velocity": 98}, {"time": 422, "pitch": 61, "duration": 6, "velocity": 107}, {"time": 428, "pitch": 65, "duration": 6, "velocity": 107}, {"time": 434, "pitch": 63, "duration": 22, "velocity": 100}, {"time": 530, "pitch": 63, "duration": 6, "velocity": 91}, {"time": 536, "pitch": 65, "duration": 6, "velocity": 88}, {"time": 542, "pitch": 66, "duration": 6, "velocity": 88}, {"time": 548, "pitch": 70, "duration": 6, "velocity": 89}, {"time": 554, "pitch": 65, "duration": 5, "velocity": 87}, {"time": 626, "pitch": 63, "duration": 6, "velocity": 91}, {"time": 632, "pitch": 65, "duration": 6, "velocity": 88}, {"time": 638, "pitch": 66, "duration": 6, "velocity": 88}, {"time": 644, "pitch": 70, "duration": 6, "velocity": 89}, {"time": 650, "pitch": 65, "duration": 5, "velocity": 87}, {"time": 818, "pitch": 63, "duration": 6, "velocity": 91}, {"time": 824, "pitch": 65, "duration": 6, "velocity": 88}, {"time": 830, "pitch": 66, "duration": 6, "velocity": 88}, {"time": 836, "pitch": 70, "duration": 6, "velocity": 89}, {"time": 842, "pitch": 65, "duration": 5, "velocity": 87}, {"time": 956, "pitch": 68, "duration": 3, "velocity": 90}, {"time": 959, "pitch": 70, "duration": 4, "velocity": 86}, {"time": 962, "pitch": 68, "duration": 4, "velocity": 87}, {"time": 1046, "pitch": 70, "duration": 5, "velocity": 89}, {"time": 1052, "pitch": 73, "duration": 6, "velocity": 90}, {"time": 1058, "pitch": 75, "duration": 6, "velocity": 90}, {"time": 1232, "pitch": 70, "duration": 6, "velocity": 102}, {"time": 1238, "pitch": 68, "duration": 5, "velocity": 96}, {"time": 1244, "pitch": 65, "duration": 6, "velocity": 91}, {"time": 1250, "pitch": 66, "duration": 7, "velocity": 89}, {"time": 1298, "pitch": 78, "duration": 28, "velocity": 107}, {"time": 1400, "pitch": 73, "duration": 4, "velocity": 104}, {"time": 1412, "pitch": 68, "duration": 5, "velocity": 100}, {"time": 1418, "pitch": 70, "duration": 6, "velocity": 98}, {"time": 1616, "pitch": 70, "duration": 6, "velocity": 98}, {"time": 1622, "pitch": 68, "duration": 6, "velocity": 92}, {"time": 1628, "pitch": 66, "duration": 5, "velocity": 91}, {"time": 1634, "pitch": 63, "duration": 6, "velocity": 92}, {"time": 1688, "pitch": 70, "duration": 4, "velocity": 102}, {"time": 1694, "pitch": 70, "duration": 5, "velocity": 104}, {"time": 1700, "pitch": 68, "duration": 5, "velocity": 96}, {"time": 1706, "pitch": 70, "duration": 7, "velocity": 96}, {"time": 1730, "pitch": 77, "duration": 26, "velocity": 107}, {"time": 1784, "pitch": 75, "duration": 4, "velocity": 94}, {"time": 1790, "pitch": 73, "duration": 5, "velocity": 91}, {"time": 1796, "pitch": 68, "duration": 6, "velocity": 91}, {"time": 1802, "pitch": 70, "duration": 4, "velocity": 88}, {"time": 1904, "pitch": 70, "duration": 2, "velocity": 86}, {"time": 1910, "pitch": 70, "duration": 3, "velocity": 87}, {"time": 1913, "pitch": 68, "duration": 2, "velocity": 82}, {"time": 1916, "pitch": 66, "duration": 3, "velocity": 82}, {"time": 1919, "pitch": 68, "duration": 4, "velocity": 86}, {"time": 2018, "pitch": 70, "duration": 6, "velocity": 108}, {"time": 2024, "pitch": 75, "duration": 6, "velocity": 110}, {"time": 2030, "pitch": 75, "duration": 6, "velocity": 110}, {"time": 2036, "pitch": 75, "duration": 3, "velocity": 104}, {"time": 2039, "pitch": 78, "duration": 3, "velocity": 108}, {"time": 2042, "pitch": 77, "duration": 6, "velocity": 108}, {"time": 2048, "pitch": 75, "duration": 6, "velocity": 110}, {"time": 2054, "pitch": 75, "duration": 1, "velocity": 108}, {"time": 2060, "pitch": 73, "duration": 6, "velocity": 102}, {"time": 2066, "pitch": 75, "duration": 48, "velocity": 107}, {"time": 2114, "pitch": 77, "duration": 12, "velocity": 110}, {"time": 2126, "pitch": 77, "duration": 6, "velocity": 114}, {"time": 2132, "pitch": 75, "duration": 6, "velocity": 108}, {"time": 2138, "pitch": 73, "duration": 6, "velocity": 110}, {"time": 2144, "pitch": 75, "duration": 6, "velocity": 107}, {"time": 2150, "pitch": 75, "duration": 6, "velocity": 107}, {"time": 2156, "pitch": 73, "duration": 6, "velocity": 107}, {"time": 2162, "pitch": 70, "duration": 48, "velocity": 108}, {"time": 2210, "pitch": 70, "duration": 6, "velocity": 114}, {"time": 2216, "pitch": 75, "duration": 6, "velocity": 110}, {"time": 2222, "pitch": 75, "duration": 6, "velocity": 110}, {"time": 2228, "pitch": 75, "duration": 3, "velocity": 104}, {"time": 2231, "pitch": 78, "duration": 3, "velocity": 90}, {"time": 2234, "pitch": 75, "duration": 6, "velocity": 88}, {"time": 2240, "pitch": 75, "duration": 6, "velocity": 91}, {"time": 2246, "pitch": 73, "duration": 6, "velocity": 93}, {"time": 2252, "pitch": 70, "duration": 6, "velocity": 102}, {"time": 2258, "pitch": 68, "duration": 6, "velocity": 104}, {"time": 2264, "pitch": 66, "duration": 12, "velocity": 108}, {"time": 2276, "pitch": 70, "duration": 6, "velocity": 108}, {"time": 2282, "pitch": 68, "duration": 18, "velocity": 107}, {"time": 2300, "pitch": 68, "duration": 3, "velocity": 88}, {"time": 2303, "pitch": 70, "duration": 3, "velocity": 92}, {"time": 2306, "pitch": 73, "duration": 6, "velocity": 108}, {"time": 2312, "pitch": 73, "duration": 3, "velocity": 94}, {"time": 2315, "pitch": 75, "duration": 3, "velocity": 98}, {"time": 2318, "pitch": 73, "duration": 6, "velocity": 104}, {"time": 2324, "pitch": 70, "duration": 6, "velocity": 104}, {"time": 2330, "pitch": 68, "duration": 6, "velocity": 100}, {"time": 2336, "pitch": 68, "duration": 1, "velocity": 98}, {"time": 2342, "pitch": 61, "duration": 6, "velocity": 107}, {"time": 2348, "pitch": 65, "duration": 6, "velocity": 107}, {"time": 2354, "pitch": 63, "duration": 22, "velocity": 100}, {"time": 2456, "pitch": 70, "duration": 6, "velocity": 91}, {"time": 2462, "pitch": 73, "duration": 6, "velocity": 91}, {"time": 2468, "pitch": 70, "duration": 5, "velocity": 91}, {"time": 2474, "pitch": 77, "duration": 3, "velocity": 92}, {"time": 2477, "pitch": 75, "duration": 17, "velocity": 92}, {"time": 2492, "pitch": 82, "duration": 6, "velocity": 93}, {"time": 2498, "pitch": 80, "duration": 24, "velocity": 94}, {"time": 2534, "pitch": 78, "duration": 6, "velocity": 98}, {"time": 2540, "pitch": 80, "duration": 7, "velocity": 98}, {"time": 2546, "pitch": 82, "duration": 20, "velocity": 98}, {"time": 2582, "pitch": 82, "duration": 6, "velocity": 98}, {"time": 2588, "pitch": 85, "duration": 6, "velocity": 98}, {"time": 2594, "pitch": 87, "duration": 17, "velocity": 98}, {"time": 2684, "pitch": 80, "duration": 3, "velocity": 98}, {"time": 2687, "pitch": 82, "duration": 3, "velocity": 98}, {"time": 2690, "pitch": 85, "duration": 22, "velocity": 98}, {"time": 2714, "pitch": 82, "duration": 6, "velocity": 98}, {"time": 2720, "pitch": 80, "duration": 9, "velocity": 98}, {"time": 2738, "pitch": 77, "duration": 6, "velocity": 99}, {"time": 2744, "pitch": 75, "duration": 19, "velocity": 99}, {"time": 2768, "pitch": 87, "duration": 6, "velocity": 99}, {"time": 2774, "pitch": 85, "duration": 6, "velocity": 99}, {"time": 2780, "pitch": 82, "duration": 6, "velocity": 99}, {"time": 2786, "pitch": 87, "duration": 33, "velocity": 99}, {"time": 2876, "pitch": 68, "duration": 3, "velocity": 90}, {"time": 2879, "pitch": 70, "duration": 4, "velocity": 86}, {"time": 2882, "pitch": 68, "duration": 4, "velocity": 87}, {"time": 2936, "pitch": 85, "duration": 3, "velocity": 95}, {"time": 2942, "pitch": 85, "duration": 5, "velocity": 91}, {"time": 2948, "pitch": 80, "duration": 6, "velocity": 89}, {"time": 2954, "pitch": 82, "duration": 14, "velocity": 89}, {"time": 2966, "pitch": 70, "duration": 5, "velocity": 89}, {"time": 2972, "pitch": 73, "duration": 6, "velocity": 90}, {"time": 2978, "pitch": 75, "duration": 6, "velocity": 90}, {"time": 3055, "pitch": 85, "duration": 4, "velocity": 95}, {"time": 3062, "pitch": 85, "duration": 9, "velocity": 95}, {"time": 3071, "pitch": 82, "duration": 4, "velocity": 95}, {"time": 3074, "pitch": 85, "duration": 20, "velocity": 98}, {"time": 3152, "pitch": 70, "duration": 6, "velocity": 102}, {"time": 3158, "pitch": 68, "duration": 5, "velocity": 96}, {"time": 3164, "pitch": 65, "duration": 6, "velocity": 91}, {"time": 3170, "pitch": 66, "duration": 7, "velocity": 89}, {"time": 3218, "pitch": 78, "duration": 28, "velocity": 98}, {"time": 3223, "pitch": 87, "duration": 4, "velocity": 98}, {"time": 3229, "pitch": 87, "duration": 6, "velocity": 98}, {"time": 3235, "pitch": 85, "duration": 6, "velocity": 98}, {"time": 3241, "pitch": 87, "duration": 17, "velocity": 98}, {"time": 3320, "pitch": 73, "duration": 4, "velocity": 104}, {"time": 3326, "pitch": 73, "duration": 5, "velocity": 98}, {"time": 3332, "pitch": 68, "duration": 5, "velocity": 100}, {"time": 3338, "pitch": 70, "duration": 6, "velocity": 98}, {"time": 3440, "pitch": 85, "duration": 6, "velocity": 95}, {"time": 3446, "pitch": 85, "duration": 6, "velocity": 95}, {"time": 3452, "pitch": 78, "duration": 3, "velocity": 95}, {"time": 3455, "pitch": 80, "duration": 20, "velocity": 94}, {"time": 3536, "pitch": 70, "duration": 6, "velocity": 98}, {"time": 3542, "pitch": 68, "duration": 6, "velocity": 92}, {"time": 3548, "pitch": 66, "duration": 5, "velocity": 91}, {"time": 3554, "pitch": 63, "duration": 6, "velocity": 92}, {"time": 3632, "pitch": 85, "duration": 3, "velocity": 99}, {"time": 3638, "pitch": 85, "duration": 5, "velocity": 99}, {"time": 3644, "pitch": 78, "duration": 3, "velocity": 99}, {"time": 3647, "pitch": 80, "duration": 18, "velocity": 98}]}, {"program": 0, "is_drum": false, "name": "PIANO", "notes": [{"time": 98, "pitch": 51, "duration": 18, "velocity": 87}, {"time": 104, "pitch": 58, "duration": 12, "velocity": 68}, {"time": 110, "pitch": 63, "duration": 6, "velocity": 80}, {"time": 116, "pitch": 66, "duration": 12, "velocity": 85}, {"time": 122, "pitch": 49, "duration": 18, "velocity": 86}, {"time": 128, "pitch": 56, "duration": 13, "velocity": 74}, {"time": 134, "pitch": 61, "duration": 6, "velocity": 77}, {"time": 140, "pitch": 65, "duration": 11, "velocity": 83}, {"time": 146, "pitch": 51, "duration": 20, "velocity": 84}, {"time": 152, "pitch": 58, "duration": 14, "velocity": 71}, {"time": 158, "pitch": 63, "duration": 6, "velocity": 83}, {"time": 164, "pitch": 66, "duration": 17, "velocity": 82}, {"time": 170, "pitch": 51, "duration": 18, "velocity": 83}, {"time": 176, "pitch": 58, "duration": 12, "velocity": 78}, {"time": 182, "pitch": 63, "duration": 6, "velocity": 81}, {"time": 188, "pitch": 66, "duration": 12, "velocity": 86}, {"time": 194, "pitch": 49, "duration": 19, "velocity": 85}, {"time": 200, "pitch": 56, "duration": 14, "velocity": 72}, {"time": 206, "pitch": 61, "duration": 5, "velocity": 77}, {"time": 212, "pitch": 65, "duration": 16, "velocity": 87}, {"time": 218, "pitch": 49, "duration": 17, "velocity": 84}, {"time": 224, "pitch": 56, "duration": 11, "velocity": 82}, {"time": 230, "pitch": 61, "duration": 7, "velocity": 87}, {"time": 236, "pitch": 65, "duration": 13, "velocity": 85}, {"time": 242, "pitch": 42, "duration": 19, "velocity": 86}, {"time": 248, "pitch": 54, "duration": 16, "velocity": 38}, {"time": 254, "pitch": 58, "duration": 10, "velocity": 87}, {"time": 260, "pitch": 61, "duration": 5, "velocity": 77}, {"time": 266, "pitch": 46, "duration": 16, "velocity": 87}, {"time": 272, "pitch": 53, "duration": 10, "velocity": 81}, {"time": 278, "pitch": 62, "duration": 14, "velocity": 85}, {"time": 284, "pitch": 70, "duration": 9, "velocity": 83}, {"time": 290, "pitch": 51, "duration": 20, "velocity": 87}, {"time": 296, "pitch": 58, "duration": 14, "velocity": 74}, {"time": 302, "pitch": 63, "duration": 12, "velocity": 83}, {"time": 308, "pitch": 66, "duration": 7, "velocity": 83}, {"time": 314, "pitch": 51, "duration": 14, "velocity": 87}, {"time": 320, "pitch": 63, "duration": 8, "velocity": 70}, {"time": 326, "pitch": 66, "duration": 6, "velocity": 83}, {"time": 332, "pitch": 63, "duration": 8, "velocity": 84}, {"time": 338, "pitch": 44, "duration": 20, "velocity": 86}, {"time": 344, "pitch": 56, "duration": 15, "velocity": 69}, {"time": 350, "pitch": 59, "duration": 12, "velocity": 81}, {"time": 356, "pitch": 63, "duration": 4, "velocity": 72}, {"time": 362, "pitch": 49, "duration": 18, "velocity": 88}, {"time": 368, "pitch": 56, "duration": 12, "velocity": 76}, {"time": 374, "pitch": 61, "duration": 8, "velocity": 77}, {"time": 380, "pitch": 65, "duration": 5, "velocity": 86}, {"time": 386, "pitch": 49, "duration": 18, "velocity": 89}, {"time": 392, "pitch": 56, "duration": 12, "velocity": 74}, {"time": 398, "pitch": 61, "duration": 11, "velocity": 82}, {"time": 410, "pitch": 46, "duration": 18, "velocity": 81}, {"time": 410, "pitch": 65, "duration": 18, "velocity": 86}, {"time": 416, "pitch": 53, "duration": 12, "velocity": 67}, {"time": 422, "pitch": 58, "duration": 9, "velocity": 82}, {"time": 428, "pitch": 68, "duration": 6, "velocity": 83}, {"time": 434, "pitch": 51, "duration": 40, "velocity": 83}, {"time": 434, "pitch": 63, "duration": 6, "velocity": 79}, {"time": 434, "pitch": 66, "duration": 12, "velocity": 83}, {"time": 440, "pitch": 58, "duration": 33, "velocity": 44}, {"time": 446, "pitch": 63, "duration": 27, "velocity": 82}, {"time": 452, "pitch": 68, "duration": 6, "velocity": 76}, {"time": 458, "pitch": 66, "duration": 17, "velocity": 84}, {"time": 482, "pitch": 51, "duration": 42, "velocity": 87}, {"time": 488, "pitch": 58, "duration": 36, "velocity": 71}, {"time": 494, "pitch": 63, "duration": 27, "velocity": 82}, {"time": 500, "pitch": 66, "duration": 6, "velocity": 83}, {"time": 506, "pitch": 70, "duration": 23, "velocity": 80}, {"time": 530, "pitch": 51, "duration": 39, "velocity": 86}, {"time": 536, "pitch": 58, "duration": 32, "velocity": 65}, {"time": 542, "pitch": 63, "duration": 26, "velocity": 81}, {"time": 548, "pitch": 65, "duration": 6, "velocity": 78}, {"time": 554, "pitch": 66, "duration": 25, "velocity": 87}, {"time": 578, "pitch": 44, "duration": 39, "velocity": 84}, {"time": 584, "pitch": 51, "duration": 33, "velocity": 73}, {"time": 590, "pitch": 56, "duration": 27, "velocity": 76}, {"time": 596, "pitch": 59, "duration": 31, "velocity": 73}, {"time": 602, "pitch": 68, "duration": 22, "velocity": 71}, {"time": 626, "pitch": 42, "duration": 41, "velocity": 82}, {"time": 632, "pitch": 49, "duration": 35, "velocity": 72}, {"time": 638, "pitch": 54, "duration": 31, "velocity": 79}, {"time": 644, "pitch": 56, "duration": 6, "velocity": 78}, {"time": 650, "pitch": 58, "duration": 1, "velocity": 85}, {"time": 656, "pitch": 61, "duration": 10, "velocity": 80}, {"time": 662, "pitch": 66, "duration": 5, "velocity": 81}, {"time": 668, "pitch": 68, "duration": 6, "velocity": 79}, {"time": 674, "pitch": 51, "duration": 39, "velocity": 74}, {"time": 674, "pitch": 63, "duration": 5, "velocity": 73}, {"time": 674, "pitch": 70, "duration": 14, "velocity": 78}, {"time": 680, "pitch": 58, "duration": 32, "velocity": 72}, {"time": 686, "pitch": 63, "duration": 25, "velocity": 76}, {"time": 692, "pitch": 65, "duration": 6, "velocity": 68}, {"time": 698, "pitch": 66, "duration": 24, "velocity": 77}, {"time": 722, "pitch": 44, "duration": 39, "velocity": 86}, {"time": 728, "pitch": 51, "duration": 34, "velocity": 73}, {"time": 734, "pitch": 56, "duration": 30, "velocity": 78}, {"time": 740, "pitch": 63, "duration": 6, "velocity": 75}, {"time": 746, "pitch": 59, "duration": 19, "velocity": 78}, {"time": 746, "pitch": 66, "duration": 19, "velocity": 79}, {"time": 770, "pitch": 46, "duration": 40, "velocity": 85}, {"time": 776, "pitch": 53, "duration": 34, "velocity": 66}, {"time": 782, "pitch": 58, "duration": 30, "velocity": 78}, {"time": 788, "pitch": 61, "duration": 28, "velocity": 81}, {"time": 794, "pitch": 65, "duration": 23, "velocity": 77}, {"time": 818, "pitch": 51, "duration": 41, "velocity": 82}, {"time": 824, "pitch": 58, "duration": 35, "velocity": 73}, {"time": 830, "pitch": 63, "duration": 21, "velocity": 83}, {"time": 836, "pitch": 65, "duration": 6, "velocity": 77}, {"time": 842, "pitch": 70, "duration": 6, "velocity": 92}, {"time": 848, "pitch": 68, "duration": 6, "velocity": 87}, {"time": 854, "pitch": 65, "duration": 6, "velocity": 90}, {"time": 860, "pitch": 66, "duration": 23, "velocity": 85}, {"time": 866, "pitch": 51, "duration": 44, "velocity": 82}, {"time": 866, "pitch": 63, "duration": 18, "velocity": 77}, {"time": 866, "pitch": 70, "duration": 17, "velocity": 84}, {"time": 890, "pitch": 63, "duration": 10, "velocity": 74}, {"time": 890, "pitch": 66, "duration": 11, "velocity": 68}, {"time": 890, "pitch": 70, "duration": 11, "velocity": 71}, {"time": 902, "pitch": 63, "duration": 8, "velocity": 87}, {"time": 902, "pitch": 66, "duration": 8, "velocity": 87}, {"time": 902, "pitch": 70, "duration": 8, "velocity": 80}, {"time": 914, "pitch": 51, "duration": 37, "velocity": 81}, {"time": 914, "pitch": 63, "duration": 8, "velocity": 76}, {"time": 914, "pitch": 66, "duration": 8, "velocity": 76}, {"time": 914, "pitch": 70, "duration": 9, "velocity": 73}, {"time": 926, "pitch": 63, "duration": 9, "velocity": 52}, {"time": 926, "pitch": 66, "duration": 9, "velocity": 63}, {"time": 926, "pitch": 70, "duration": 9, "velocity": 38}, {"time": 938, "pitch": 63, "duration": 8, "velocity": 79}, {"time": 938, "pitch": 66, "duration": 6, "velocity": 76}, {"time": 938, "pitch": 70, "duration": 9, "velocity": 81}, {"time": 950, "pitch": 63, "duration": 7, "velocity": 82}, {"time": 950, "pitch": 66, "duration": 8, "velocity": 88}, {"time": 950, "pitch": 70, "duration": 6, "velocity": 83}, {"time": 962, "pitch": 44, "duration": 43, "velocity": 75}, {"time": 962, "pitch": 56, "duration": 43, "velocity": 72}, {"time": 962, "pitch": 63, "duration": 8, "velocity": 84}, {"time": 962, "pitch": 68, "duration": 8, "velocity": 81}, {"time": 962, "pitch": 71, "duration": 7, "velocity": 83}, {"time": 974, "pitch": 63, "duration": 8, "velocity": 77}, {"time": 974, "pitch": 68, "duration": 9, "velocity": 78}, {"time": 974, "pitch": 71, "duration": 8, "velocity": 77}, {"time": 986, "pitch": 63, "duration": 9, "velocity": 77}, {"time": 986, "pitch": 68, "duration": 8, "velocity": 73}, {"time": 986, "pitch": 71, "duration": 8, "velocity": 73}, {"time": 998, "pitch": 63, "duration": 6, "velocity": 73}, {"time": 998, "pitch": 68, "duration": 6, "velocity": 76}, {"time": 998, "pitch": 71, "duration": 6, "velocity": 72}, {"time": 1010, "pitch": 46, "duration": 40, "velocity": 86}, {"time": 1010, "pitch": 61, "duration": 7, "velocity": 81}, {"time": 1010, "pitch": 65, "duration": 6, "velocity": 85}, {"time": 1010, "pitch": 70, "duration": 6, "velocity": 86}, {"time": 1016, "pitch": 53, "duration": 35, "velocity": 71}, {"time": 1022, "pitch": 61, "duration": 6, "velocity": 79}, {"time": 1022, "pitch": 65, "duration": 6, "velocity": 80}, {"time": 1022, "pitch": 70, "duration": 6, "velocity": 85}, {"time": 1028, "pitch": 58, "duration": 10, "velocity": 64}, {"time": 1034, "pitch": 61, "duration": 8, "velocity": 78}, {"time": 1034, "pitch": 65, "duration": 8, "velocity": 82}, {"time": 1034, "pitch": 70, "duration": 7, "velocity": 83}, {"time": 1040, "pitch": 58, "duration": 8, "velocity": 71}, {"time": 1046, "pitch": 61, "duration": 6, "velocity": 83}, {"time": 1046, "pitch": 65, "duration": 8, "velocity": 87}, {"time": 1046, "pitch": 70, "duration": 6, "velocity": 88}, {"time": 1052, "pitch": 58, "duration": 4, "velocity": 74}, {"time": 1058, "pitch": 51, "duration": 39, "velocity": 85}, {"time": 1058, "pitch": 63, "duration": 7, "velocity": 84}, {"time": 1058, "pitch": 66, "duration": 6, "velocity": 87}, {"time": 1058, "pitch": 70, "duration": 6, "velocity": 87}, {"time": 1064, "pitch": 58, "duration": 20, "velocity": 65}, {"time": 1070, "pitch": 63, "duration": 7, "velocity": 83}, {"time": 1070, "pitch": 66, "duration": 7, "velocity": 86}, {"time": 1070, "pitch": 70, "duration": 7, "velocity": 83}, {"time": 1082, "pitch": 63, "duration": 7, "velocity": 84}, {"time": 1082, "pitch": 66, "duration": 7, "velocity": 86}, {"time": 1082, "pitch": 70, "duration": 6, "velocity": 85}, {"time": 1088, "pitch": 58, "duration": 8, "velocity": 38}, {"time": 1094, "pitch": 63, "duration": 6, "velocity": 88}, {"time": 1094, "pitch": 66, "duration": 5, "velocity": 86}, {"time": 1094, "pitch": 70, "duration": 4, "velocity": 87}, {"time": 1106, "pitch": 44, "duration": 43, "velocity": 78}, {"time": 1106, "pitch": 60, "duration": 1, "velocity": 87}, {"time": 1106, "pitch": 63, "duration": 6, "velocity": 86}, {"time": 1106, "pitch": 68, "duration": 6, "velocity": 86}, {"time": 1112, "pitch": 56, "duration": 6, "velocity": 50}, {"time": 1118, "pitch": 59, "duration": 7, "velocity": 80}, {"time": 1118, "pitch": 63, "duration": 6, "velocity": 77}, {"time": 1118, "pitch": 68, "duration": 5, "velocity": 70}, {"time": 1124, "pitch": 56, "duration": 7, "velocity": 52}, {"time": 1130, "pitch": 59, "duration": 6, "velocity": 83}, {"time": 1130, "pitch": 63, "duration": 6, "velocity": 85}, {"time": 1130, "pitch": 68, "duration": 5, "velocity": 83}, {"time": 1136, "pitch": 56, "duration": 12, "velocity": 40}, {"time": 1142, "pitch": 59, "duration": 5, "velocity": 85}, {"time": 1142, "pitch": 63, "duration": 5, "velocity": 87}, {"time": 1142, "pitch": 68, "duration": 5, "velocity": 86}, {"time": 1154, "pitch": 46, "duration": 42, "velocity": 86}, {"time": 1154, "pitch": 61, "duration": 6, "velocity": 80}, {"time": 1154, "pitch": 65, "duration": 6, "velocity": 80}, {"time": 1154, "pitch": 68, "duration": 6, "velocity": 84}, {"time": 1160, "pitch": 53, "duration": 6, "velocity": 38}, {"time": 1166, "pitch": 61, "duration": 7, "velocity": 83}, {"time": 1166, "pitch": 65, "duration": 7, "velocity": 84}, {"time": 1166, "pitch": 68, "duration": 6, "velocity": 83}, {"time": 1178, "pitch": 61, "duration": 7, "velocity": 81}, {"time": 1178, "pitch": 65, "duration": 7, "velocity": 86}, {"time": 1178, "pitch": 68, "duration": 6, "velocity": 85}, {"time": 1184, "pitch": 53, "duration": 10, "velocity": 64}, {"time": 1190, "pitch": 61, "duration": 5, "velocity": 82}, {"time": 1190, "pitch": 65, "duration": 5, "velocity": 84}, {"time": 1190, "pitch": 68, "duration": 5, "velocity": 84}, {"time": 1202, "pitch": 51, "duration": 20, "velocity": 84}, {"time": 1202, "pitch": 63, "duration": 7, "velocity": 83}, {"time": 1202, "pitch": 66, "duration": 12, "velocity": 86}, {"time": 1202, "pitch": 70, "duration": 12, "velocity": 86}, {"time": 1208, "pitch": 58, "duration": 15, "velocity": 74}, {"time": 1214, "pitch": 63, "duration": 7, "velocity": 86}, {"time": 1220, "pitch": 65, "duration": 3, "velocity": 84}, {"time": 1226, "pitch": 51, "duration": 18, "velocity": 76}, {"time": 1226, "pitch": 63, "duration": 5, "velocity": 86}, {"time": 1226, "pitch": 66, "duration": 5, "velocity": 83}, {"time": 1226, "pitch": 70, "duration": 5, "velocity": 78}, {"time": 1232, "pitch": 58, "duration": 7, "velocity": 46}, {"time": 1238, "pitch": 66, "duration": 7, "velocity": 86}, {"time": 1238, "pitch": 70, "duration": 7, "velocity": 89}, {"time": 1238, "pitch": 75, "duration": 6, "velocity": 88}, {"time": 1244, "pitch": 58, "duration": 5, "velocity": 75}, {"time": 1250, "pitch": 51, "duration": 19, "velocity": 85}, {"time": 1250, "pitch": 63, "duration": 8, "velocity": 87}, {"time": 1250, "pitch": 66, "duration": 7, "velocity": 88}, {"time": 1250, "pitch": 70, "duration": 6, "velocity": 87}, {"time": 1256, "pitch": 58, "duration": 8, "velocity": 64}, {"time": 1262, "pitch": 63, "duration": 7, "velocity": 87}, {"time": 1262, "pitch": 66, "duration": 10, "velocity": 87}, {"time": 1262, "pitch": 70, "duration": 8, "velocity": 88}, {"time": 1268, "pitch": 58, "duration": 2, "velocity": 77}, {"time": 1274, "pitch": 49, "duration": 19, "velocity": 86}, {"time": 1274, "pitch": 61, "duration": 7, "velocity": 84}, {"time": 1274, "pitch": 65, "duration": 7, "velocity": 89}, {"time": 1274, "pitch": 68, "duration": 7, "velocity": 87}, {"time": 1280, "pitch": 56, "duration": 7, "velocity": 64}, {"time": 1286, "pitch": 61, "duration": 7, "velocity": 88}, {"time": 1286, "pitch": 65, "duration": 10, "velocity": 91}, {"time": 1286, "pitch": 68, "duration": 7, "velocity": 88}, {"time": 1292, "pitch": 56, "duration": 6, "velocity": 75}, {"time": 1298, "pitch": 51, "duration": 19, "velocity": 84}, {"time": 1298, "pitch": 63, "duration": 7, "velocity": 87}, {"time": 1298, "pitch": 66, "duration": 7, "velocity": 88}, {"time": 1298, "pitch": 70, "duration": 7, "velocity": 85}, {"time": 1304, "pitch": 58, "duration": 7, "velocity": 64}, {"time": 1310, "pitch": 63, "duration": 8, "velocity": 87}, {"time": 1310, "pitch": 66, "duration": 9, "velocity": 88}, {"time": 1310, "pitch": 70, "duration": 7, "velocity": 88}, {"time": 1316, "pitch": 58, "duration": 6, "velocity": 68}, {"time": 1322, "pitch": 51, "duration": 19, "velocity": 85}, {"time": 1322, "pitch": 63, "duration": 8, "velocity": 85}, {"time": 1322, "pitch": 66, "duration": 8, "velocity": 38}, {"time": 1322, "pitch": 70, "duration": 7, "velocity": 83}, {"time": 1328, "pitch": 58, "duration": 7, "velocity": 78}, {"time": 1334, "pitch": 63, "duration": 7, "velocity": 89}, {"time": 1334, "pitch": 66, "duration": 8, "velocity": 90}, {"time": 1334, "pitch": 70, "duration": 7, "velocity": 89}, {"time": 1340, "pitch": 58, "duration": 1, "velocity": 84}, {"time": 1346, "pitch": 49, "duration": 18, "velocity": 82}, {"time": 1346, "pitch": 61, "duration": 8, "velocity": 85}, {"time": 1346, "pitch": 65, "duration": 7, "velocity": 88}, {"time": 1346, "pitch": 68, "duration": 6, "velocity": 86}, {"time": 1352, "pitch": 56, "duration": 6, "velocity": 38}, {"time": 1358, "pitch": 61, "duration": 8, "velocity": 81}, {"time": 1358, "pitch": 65, "duration": 8, "velocity": 86}, {"time": 1358, "pitch": 68, "duration": 7, "velocity": 84}, {"time": 1364, "pitch": 56, "duration": 7, "velocity": 71}, {"time": 1370, "pitch": 49, "duration": 18, "velocity": 83}, {"time": 1370, "pitch": 61, "duration": 7, "velocity": 86}, {"time": 1370, "pitch": 65, "duration": 7, "velocity": 87}, {"time": 1370, "pitch": 68, "duration": 6, "velocity": 86}, {"time": 1376, "pitch": 56, "duration": 7, "velocity": 71}, {"time": 1382, "pitch": 61, "duration": 7, "velocity": 87}, {"time": 1382, "pitch": 65, "duration": 8, "velocity": 88}, {"time": 1382, "pitch": 68, "duration": 6, "velocity": 87}, {"time": 1388, "pitch": 56, "duration": 1, "velocity": 81}, {"time": 1394, "pitch": 42, "duration": 42, "velocity": 85}, {"time": 1394, "pitch": 61, "duration": 8, "velocity": 86}, {"time": 1394, "pitch": 66, "duration": 8, "velocity": 88}, {"time": 1394, "pitch": 70, "duration": 8, "velocity": 89}, {"time": 1400, "pitch": 54, "duration": 6, "velocity": 56}, {"time": 1406, "pitch": 61, "duration": 8, "velocity": 86}, {"time": 1406, "pitch": 66, "duration": 8, "velocity": 87}, {"time": 1406, "pitch": 70, "duration": 8, "velocity": 87}, {"time": 1412, "pitch": 54, "duration": 6, "velocity": 69}, {"time": 1418, "pitch": 61, "duration": 7, "velocity": 86}, {"time": 1418, "pitch": 66, "duration": 7, "velocity": 86}, {"time": 1418, "pitch": 70, "duration": 6, "velocity": 84}, {"time": 1424, "pitch": 54, "duration": 6, "velocity": 71}, {"time": 1430, "pitch": 61, "duration": 7, "velocity": 87}, {"time": 1430, "pitch": 66, "duration": 7, "velocity": 87}, {"time": 1430, "pitch": 70, "duration": 7, "velocity": 88}, {"time": 1436, "pitch": 54, "duration": 2, "velocity": 79}, {"time": 1442, "pitch": 51, "duration": 43, "velocity": 79}, {"time": 1442, "pitch": 63, "duration": 7, "velocity": 88}, {"time": 1442, "pitch": 66, "duration": 7, "velocity": 88}, {"time": 1442, "pitch": 70, "duration": 6, "velocity": 88}, {"time": 1448, "pitch": 58, "duration": 7, "velocity": 48}, {"time": 1454, "pitch": 63, "duration": 7, "velocity": 89}, {"time": 1454, "pitch": 66, "duration": 7, "velocity": 88}, {"time": 1454, "pitch": 70, "duration": 7, "velocity": 88}, {"time": 1460, "pitch": 58, "duration": 6, "velocity": 42}, {"time": 1466, "pitch": 63, "duration": 8, "velocity": 88}, {"time": 1466, "pitch": 66, "duration": 7, "velocity": 89}, {"time": 1466, "pitch": 70, "duration": 8, "velocity": 89}, {"time": 1472, "pitch": 58, "duration": 5, "velocity": 66}, {"time": 1478, "pitch": 63, "duration": 7, "velocity": 88}, {"time": 1478, "pitch": 66, "duration": 4, "velocity": 90}, {"time": 1478, "pitch": 70, "duration": 4, "velocity": 88}, {"time": 1490, "pitch": 44, "duration": 19, "velocity": 81}, {"time": 1490, "pitch": 59, "duration": 7, "velocity": 83}, {"time": 1490, "pitch": 63, "duration": 6, "velocity": 89}, {"time": 1490, "pitch": 68, "duration": 6, "velocity": 88}, {"time": 1496, "pitch": 51, "duration": 12, "velocity": 63}, {"time": 1502, "pitch": 59, "duration": 7, "velocity": 86}, {"time": 1502, "pitch": 63, "duration": 7, "velocity": 90}, {"time": 1502, "pitch": 68, "duration": 6, "velocity": 90}, {"time": 1514, "pitch": 49, "duration": 13, "velocity": 83}, {"time": 1514, "pitch": 61, "duration": 7, "velocity": 86}, {"time": 1514, "pitch": 65, "duration": 7, "velocity": 89}, {"time": 1514, "pitch": 68, "duration": 6, "velocity": 87}, {"time": 1520, "pitch": 56, "duration": 7, "velocity": 66}, {"time": 1526, "pitch": 61, "duration": 6, "velocity": 85}, {"time": 1526, "pitch": 65, "duration": 6, "velocity": 87}, {"time": 1526, "pitch": 68, "duration": 6, "velocity": 87}, {"time": 1532, "pitch": 49, "duration": 1, "velocity": 83}, {"time": 1538, "pitch": 46, "duration": 18, "velocity": 83}, {"time": 1538, "pitch": 61, "duration": 7, "velocity": 87}, {"time": 1538, "pitch": 65, "duration": 7, "velocity": 91}, {"time": 1538, "pitch": 70, "duration": 7, "velocity": 88}, {"time": 1544, "pitch": 58, "duration": 7, "velocity": 68}, {"time": 1550, "pitch": 61, "duration": 7, "velocity": 85}, {"time": 1550, "pitch": 65, "duration": 8, "velocity": 88}, {"time": 1550, "pitch": 70, "duration": 7, "velocity": 89}, {"time": 1556, "pitch": 58, "duration": 5, "velocity": 82}, {"time": 1562, "pitch": 46, "duration": 20, "velocity": 84}, {"time": 1562, "pitch": 61, "duration": 8, "velocity": 83}, {"time": 1562, "pitch": 65, "duration": 8, "velocity": 87}, {"time": 1562, "pitch": 70, "duration": 7, "velocity": 86}, {"time": 1574, "pitch": 61, "duration": 6, "velocity": 83}, {"time": 1574, "pitch": 65, "duration": 9, "velocity": 86}, {"time": 1574, "pitch": 70, "duration": 7, "velocity": 86}, {"time": 1586, "pitch": 51, "duration": 41, "velocity": 84}, {"time": 1586, "pitch": 63, "duration": 8, "velocity": 84}, {"time": 1586, "pitch": 66, "duration": 8, "velocity": 84}, {"time": 1586, "pitch": 70, "duration": 7, "velocity": 82}, {"time": 1598, "pitch": 63, "duration": 7, "velocity": 81}, {"time": 1598, "pitch": 66, "duration": 7, "velocity": 79}, {"time": 1598, "pitch": 70, "duration": 7, "velocity": 83}, {"time": 1610, "pitch": 63, "duration": 8, "velocity": 84}, {"time": 1610, "pitch": 66, "duration": 8, "velocity": 84}, {"time": 1610, "pitch": 70, "duration": 8, "velocity": 83}, {"time": 1622, "pitch": 63, "duration": 8, "velocity": 84}, {"time": 1622, "pitch": 66, "duration": 8, "velocity": 84}, {"time": 1622, "pitch": 70, "duration": 8, "velocity": 84}, {"time": 1634, "pitch": 51, "duration": 18, "velocity": 83}, {"time": 1634, "pitch": 63, "duration": 6, "velocity": 87}, {"time": 1634, "pitch": 66, "duration": 7, "velocity": 87}, {"time": 1634, "pitch": 70, "duration": 6, "velocity": 87}, {"time": 1640, "pitch": 58, "duration": 7, "velocity": 63}, {"time": 1646, "pitch": 63, "duration": 7, "velocity": 88}, {"time": 1646, "pitch": 66, "duration": 7, "velocity": 88}, {"time": 1646, "pitch": 70, "duration": 6, "velocity": 88}, {"time": 1652, "pitch": 58, "duration": 2, "velocity": 74}, {"time": 1658, "pitch": 49, "duration": 18, "velocity": 77}, {"time": 1658, "pitch": 61, "duration": 5, "velocity": 78}, {"time": 1658, "pitch": 65, "duration": 6, "velocity": 84}, {"time": 1658, "pitch": 68, "duration": 5, "velocity": 85}, {"time": 1670, "pitch": 61, "duration": 8, "velocity": 88}, {"time": 1670, "pitch": 65, "duration": 10, "velocity": 90}, {"time": 1670, "pitch": 68, "duration": 9, "velocity": 89}, {"time": 1682, "pitch": 51, "duration": 19, "velocity": 85}, {"time": 1682, "pitch": 63, "duration": 6, "velocity": 87}, {"time": 1682, "pitch": 66, "duration": 6, "velocity": 88}, {"time": 1682, "pitch": 70, "duration": 6, "velocity": 89}, {"time": 1688, "pitch": 58, "duration": 6, "velocity": 44}, {"time": 1694, "pitch": 63, "duration": 7, "velocity": 86}, {"time": 1694, "pitch": 66, "duration": 8, "velocity": 86}, {"time": 1694, "pitch": 70, "duration": 7, "velocity": 82}, {"time": 1700, "pitch": 58, "duration": 7, "velocity": 80}, {"time": 1706, "pitch": 51, "duration": 19, "velocity": 83}, {"time": 1706, "pitch": 63, "duration": 5, "velocity": 88}, {"time": 1706, "pitch": 66, "duration": 7, "velocity": 87}, {"time": 1706, "pitch": 70, "duration": 6, "velocity": 87}, {"time": 1712, "pitch": 58, "duration": 8, "velocity": 77}, {"time": 1718, "pitch": 65, "duration": 8, "velocity": 96}, {"time": 1724, "pitch": 58, "duration": 2, "velocity": 83}, {"time": 1730, "pitch": 49, "duration": 18, "velocity": 81}, {"time": 1730, "pitch": 65, "duration": 8, "velocity": 84}, {"time": 1730, "pitch": 68, "duration": 7, "velocity": 86}, {"time": 1730, "pitch": 73, "duration": 7, "velocity": 84}, {"time": 1736, "pitch": 56, "duration": 6, "velocity": 38}, {"time": 1742, "pitch": 65, "duration": 8, "velocity": 86}, {"time": 1742, "pitch": 68, "duration": 9, "velocity": 86}, {"time": 1742, "pitch": 73, "duration": 8, "velocity": 83}, {"time": 1748, "pitch": 56, "duration": 6, "velocity": 52}, {"time": 1754, "pitch": 49, "duration": 17, "velocity": 83}, {"time": 1754, "pitch": 65, "duration": 7, "velocity": 86}, {"time": 1754, "pitch": 68, "duration": 7, "velocity": 86}, {"time": 1754, "pitch": 73, "duration": 7, "velocity": 84}, {"time": 1766, "pitch": 65, "duration": 6, "velocity": 86}, {"time": 1766, "pitch": 68, "duration": 7, "velocity": 87}, {"time": 1766, "pitch": 73, "duration": 6, "velocity": 84}, {"time": 1778, "pitch": 54, "duration": 41, "velocity": 80}, {"time": 1778, "pitch": 61, "duration": 9, "velocity": 83}, {"time": 1778, "pitch": 66, "duration": 7, "velocity": 89}, {"time": 1778, "pitch": 70, "duration": 9, "velocity": 88}, {"time": 1790, "pitch": 61, "duration": 8, "velocity": 84}, {"time": 1790, "pitch": 66, "duration": 8, "velocity": 88}, {"time": 1790, "pitch": 70, "duration": 8, "velocity": 83}, {"time": 1802, "pitch": 61, "duration": 9, "velocity": 83}, {"time": 1802, "pitch": 66, "duration": 9, "velocity": 87}, {"time": 1802, "pitch": 70, "duration": 9, "velocity": 82}, {"time": 1814, "pitch": 61, "duration": 6, "velocity": 84}, {"time": 1814, "pitch": 66, "duration": 8, "velocity": 86}, {"time": 1814, "pitch": 70, "duration": 8, "velocity": 85}, {"time": 1826, "pitch": 51, "duration": 41, "velocity": 87}, {"time": 1826, "pitch": 63, "duration": 6, "velocity": 87}, {"time": 1826, "pitch": 66, "duration": 6, "velocity": 87}, {"time": 1826, "pitch": 70, "duration": 6, "velocity": 86}, {"time": 1832, "pitch": 58, "duration": 19, "velocity": 71}, {"time": 1838, "pitch": 63, "duration": 6, "velocity": 86}, {"time": 1838, "pitch": 66, "duration": 6, "velocity": 84}, {"time": 1838, "pitch": 70, "duration": 6, "velocity": 83}, {"time": 1850, "pitch": 63, "duration": 7, "velocity": 86}, {"time": 1850, "pitch": 66, "duration": 7, "velocity": 88}, {"time": 1850, "pitch": 70, "duration": 6, "velocity": 83}, {"time": 1856, "pitch": 58, "duration": 6, "velocity": 56}, {"time": 1862, "pitch": 63, "duration": 5, "velocity": 88}, {"time": 1862, "pitch": 66, "duration": 4, "velocity": 88}, {"time": 1862, "pitch": 70, "duration": 3, "velocity": 87}, {"time": 1874, "pitch": 44, "duration": 21, "velocity": 81}, {"time": 1874, "pitch": 59, "duration": 7, "velocity": 82}, {"time": 1874, "pitch": 63, "duration": 7, "velocity": 84}, {"time": 1874, "pitch": 68, "duration": 6, "velocity": 83}, {"time": 1886, "pitch": 59, "duration": 5, "velocity": 84}, {"time": 1886, "pitch": 63, "duration": 9, "velocity": 87}, {"time": 1886, "pitch": 68, "duration": 5, "velocity": 87}, {"time": 1898, "pitch": 49, "duration": 19, "velocity": 81}, {"time": 1898, "pitch": 61, "duration": 9, "velocity": 84}, {"time": 1898, "pitch": 65, "duration": 9, "velocity": 86}, {"time": 1898, "pitch": 68, "duration": 8, "velocity": 85}, {"time": 1910, "pitch": 61, "duration": 6, "velocity": 82}, {"time": 1910, "pitch": 65, "duration": 6, "velocity": 86}, {"time": 1910, "pitch": 68, "duration": 6, "velocity": 86}, {"time": 1922, "pitch": 46, "duration": 21, "velocity": 83}, {"time": 1922, "pitch": 61, "duration": 8, "velocity": 88}, {"time": 1922, "pitch": 65, "duration": 8, "velocity": 89}, {"time": 1922, "pitch": 68, "duration": 7, "velocity": 89}, {"time": 1934, "pitch": 61, "duration": 7, "velocity": 84}, {"time": 1934, "pitch": 65, "duration": 8, "velocity": 86}, {"time": 1934, "pitch": 68, "duration": 7, "velocity": 85}, {"time": 1946, "pitch": 49, "duration": 10, "velocity": 87}, {"time": 1946, "pitch": 61, "duration": 8, "velocity": 82}, {"time": 1946, "pitch": 65, "duration": 9, "velocity": 85}, {"time": 1946, "pitch": 68, "duration": 6, "velocity": 83}, {"time": 1958, "pitch": 46, "duration": 9, "velocity": 79}, {"time": 1958, "pitch": 58, "duration": 9, "velocity": 84}, {"time": 1958, "pitch": 61, "duration": 8, "velocity": 81}, {"time": 1958, "pitch": 65, "duration": 9, "velocity": 81}, {"time": 1958, "pitch": 68, "duration": 7, "velocity": 84}, {"time": 1970, "pitch": 51, "duration": 45, "velocity": 84}, {"time": 1970, "pitch": 63, "duration": 9, "velocity": 83}, {"time": 1970, "pitch": 66, "duration": 9, "velocity": 83}, {"time": 1970, "pitch": 70, "duration": 8, "velocity": 87}, {"time": 1982, "pitch": 63, "duration": 8, "velocity": 77}, {"time": 1982, "pitch": 66, "duration": 8, "velocity": 75}, {"time": 1982, "pitch": 70, "duration": 8, "velocity": 84}, {"time": 1994, "pitch": 63, "duration": 8, "velocity": 83}, {"time": 1994, "pitch": 66, "duration": 8, "velocity": 83}, {"time": 1994, "pitch": 70, "duration": 8, "velocity": 84}, {"time": 2006, "pitch": 63, "duration": 7, "velocity": 77}, {"time": 2006, "pitch": 66, "duration": 7, "velocity": 79}, {"time": 2006, "pitch": 70, "duration": 7, "velocity": 83}, {"time": 2018, "pitch": 51, "duration": 18, "velocity": 87}, {"time": 2024, "pitch": 58, "duration": 12, "velocity": 68}, {"time": 2030, "pitch": 63, "duration": 6, "velocity": 80}, {"time": 2036, "pitch": 66, "duration": 12, "velocity": 85}, {"time": 2042, "pitch": 49, "duration": 18, "velocity": 86}, {"time": 2048, "pitch": 56, "duration": 13, "velocity": 74}, {"time": 2054, "pitch": 61, "duration": 6, "velocity": 77}, {"time": 2060, "pitch": 65, "duration": 11, "velocity": 83}, {"time": 2066, "pitch": 51, "duration": 20, "velocity": 84}, {"time": 2072, "pitch": 58, "duration": 14, "velocity": 71}, {"time": 2078, "pitch": 63, "duration": 6, "velocity": 83}, {"time": 2084, "pitch": 66, "duration": 17, "velocity": 82}, {"time": 2090, "pitch": 51, "duration": 18, "velocity": 83}, {"time": 2096, "pitch": 58, "duration": 12, "velocity": 78}, {"time": 2102, "pitch": 63, "duration": 6, "velocity": 81}, {"time": 2108, "pitch": 66, "duration": 12, "velocity": 86}, {"time": 2114, "pitch": 49, "duration": 19, "velocity": 85}, {"time": 2120, "pitch": 56, "duration": 14, "velocity": 72}, {"time": 2126, "pitch": 61, "duration": 5, "velocity": 77}, {"time": 2132, "pitch": 65, "duration": 16, "velocity": 87}, {"time": 2138, "pitch": 49, "duration": 17, "velocity": 84}, {"time": 2144, "pitch": 56, "duration": 11, "velocity": 82}, {"time": 2150, "pitch": 61, "duration": 7, "velocity": 87}, {"time": 2156, "pitch": 65, "duration": 13, "velocity": 85}, {"time": 2162, "pitch": 42, "duration": 19, "velocity": 86}, {"time": 2168, "pitch": 54, "duration": 16, "velocity": 38}, {"time": 2174, "pitch": 58, "duration": 10, "velocity": 87}, {"time": 2180, "pitch": 61, "duration": 5, "velocity": 77}, {"time": 2186, "pitch": 46, "duration": 16, "velocity": 87}, {"time": 2192, "pitch": 53, "duration": 10, "velocity": 81}, {"time": 2198, "pitch": 62, "duration": 14, "velocity": 85}, {"time": 2204, "pitch": 70, "duration": 9, "velocity": 83}, {"time": 2210, "pitch": 51, "duration": 20, "velocity": 87}, {"time": 2216, "pitch": 58, "duration": 14, "velocity": 74}, {"time": 2222, "pitch": 63, "duration": 12, "velocity": 83}, {"time": 2228, "pitch": 66, "duration": 7, "velocity": 83}, {"time": 2234, "pitch": 51, "duration": 14, "velocity": 87}, {"time": 2240, "pitch": 63, "duration": 8, "velocity": 70}, {"time": 2246, "pitch": 66, "duration": 6, "velocity": 83}, {"time": 2252, "pitch": 63, "duration": 8, "velocity": 84}, {"time": 2258, "pitch": 44, "duration": 20, "velocity": 86}, {"time": 2264, "pitch": 56, "duration": 15, "velocity": 69}, {"time": 2270, "pitch": 59, "duration": 12, "velocity": 81}, {"time": 2276, "pitch": 63, "duration": 4, "velocity": 72}, {"time": 2282, "pitch": 49, "duration": 18, "velocity": 88}, {"time": 2288, "pitch": 56, "duration": 12, "velocity": 76}, {"time": 2294, "pitch": 61, "duration": 8, "velocity": 77}, {"time": 2300, "pitch": 65, "duration": 5, "velocity": 86}, {"time": 2306, "pitch": 49, "duration": 18, "velocity": 89}, {"time": 2312, "pitch": 56, "duration": 12, "velocity": 74}, {"time": 2318, "pitch": 61, "duration": 5, "velocity": 82}, {"time": 2324, "pitch": 68, "duration": 6, "velocity": 85}, {"time": 2330, "pitch": 46, "duration": 18, "velocity": 81}, {"time": 2330, "pitch": 65, "duration": 18, "velocity": 86}, {"time": 2336, "pitch": 53, "duration": 12, "velocity": 67}, {"time": 2342, "pitch": 58, "duration": 9, "velocity": 82}, {"time": 2348, "pitch": 68, "duration": 6, "velocity": 83}, {"time": 2354, "pitch": 51, "duration": 40, "velocity": 83}, {"time": 2354, "pitch": 63, "duration": 6, "velocity": 79}, {"time": 2354, "pitch": 66, "duration": 12, "velocity": 83}, {"time": 2360, "pitch": 58, "duration": 33, "velocity": 44}, {"time": 2366, "pitch": 63, "duration": 27, "velocity": 82}, {"time": 2372, "pitch": 68, "duration": 6, "velocity": 76}, {"time": 2378, "pitch": 66, "duration": 17, "velocity": 84}, {"time": 2402, "pitch": 51, "duration": 42, "velocity": 87}, {"time": 2408, "pitch": 58, "duration": 36, "velocity": 71}, {"time": 2414, "pitch": 63, "duration": 27, "velocity": 82}, {"time": 2420, "pitch": 66, "duration": 6, "velocity": 83}, {"time": 2426, "pitch": 70, "duration": 23, "velocity": 80}, {"time": 2450, "pitch": 51, "duration": 39, "velocity": 86}, {"time": 2456, "pitch": 58, "duration": 32, "velocity": 65}, {"time": 2462, "pitch": 63, "duration": 26, "velocity": 81}, {"time": 2468, "pitch": 65, "duration": 6, "velocity": 78}, {"time": 2474, "pitch": 66, "duration": 25, "velocity": 87}, {"time": 2498, "pitch": 44, "duration": 39, "velocity": 84}, {"time": 2504, "pitch": 51, "duration": 33, "velocity": 73}, {"time": 2510, "pitch": 56, "duration": 27, "velocity": 76}, {"time": 2516, "pitch": 59, "duration": 31, "velocity": 73}, {"time": 2522, "pitch": 68, "duration": 22, "velocity": 71}, {"time": 2546, "pitch": 42, "duration": 41, "velocity": 82}, {"time": 2552, "pitch": 49, "duration": 35, "velocity": 72}, {"time": 2558, "pitch": 54, "duration": 31, "velocity": 79}, {"time": 2564, "pitch": 56, "duration": 6, "velocity": 78}, {"time": 2570, "pitch": 58, "duration": 1, "velocity": 85}, {"time": 2576, "pitch": 61, "duration": 10, "velocity": 80}, {"time": 2582, "pitch": 66, "duration": 5, "velocity": 81}, {"time": 2588, "pitch": 68, "duration": 6, "velocity": 79}, {"time": 2594, "pitch": 51, "duration": 39, "velocity": 74}, {"time": 2594, "pitch": 63, "duration": 5, "velocity": 73}, {"time": 2594, "pitch": 70, "duration": 14, "velocity": 78}, {"time": 2600, "pitch": 58, "duration": 32, "velocity": 72}, {"time": 2606, "pitch": 63, "duration": 25, "velocity": 76}, {"time": 2612, "pitch": 65, "duration": 6, "velocity": 68}, {"time": 2618, "pitch": 66, "duration": 24, "velocity": 77}, {"time": 2642, "pitch": 44, "duration": 39, "velocity": 86}, {"time": 2648, "pitch": 51, "duration": 34, "velocity": 73}, {"time": 2654, "pitch": 56, "duration": 30, "velocity": 78}, {"time": 2660, "pitch": 63, "duration": 6, "velocity": 75}, {"time": 2666, "pitch": 59, "duration": 19, "velocity": 78}, {"time": 2666, "pitch": 66, "duration": 19, "velocity": 79}, {"time": 2690, "pitch": 46, "duration": 40, "velocity": 85}, {"time": 2696, "pitch": 53, "duration": 34, "velocity": 66}, {"time": 2702, "pitch": 58, "duration": 30, "velocity": 78}, {"time": 2708, "pitch": 61, "duration": 28, "velocity": 81}, {"time": 2708, "pitch": 68, "duration": 7, "velocity": 82}, {"time": 2714, "pitch": 65, "duration": 23, "velocity": 77}, {"time": 2738, "pitch": 51, "duration": 41, "velocity": 82}, {"time": 2744, "pitch": 58, "duration": 35, "velocity": 73}, {"time": 2750, "pitch": 63, "duration": 21, "velocity": 83}, {"time": 2756, "pitch": 65, "duration": 6, "velocity": 77}, {"time": 2762, "pitch": 70, "duration": 6, "velocity": 92}, {"time": 2768, "pitch": 68, "duration": 6, "velocity": 87}, {"time": 2774, "pitch": 65, "duration": 6, "velocity": 90}, {"time": 2780, "pitch": 66, "duration": 23, "velocity": 85}, {"time": 2786, "pitch": 51, "duration": 44, "velocity": 82}, {"time": 2786, "pitch": 63, "duration": 18, "velocity": 77}, {"time": 2786, "pitch": 70, "duration": 17, "velocity": 84}, {"time": 2810, "pitch": 63, "duration": 10, "velocity": 74}, {"time": 2810, "pitch": 66, "duration": 11, "velocity": 68}, {"time": 2810, "pitch": 70, "duration": 11, "velocity": 71}, {"time": 2822, "pitch": 63, "duration": 8, "velocity": 87}, {"time": 2822, "pitch": 66, "duration": 8, "velocity": 87}, {"time": 2822, "pitch": 70, "duration": 8, "velocity": 80}, {"time": 2834, "pitch": 51, "duration": 37, "velocity": 81}, {"time": 2834, "pitch": 63, "duration": 8, "velocity": 76}, {"time": 2834, "pitch": 66, "duration": 8, "velocity": 76}, {"time": 2834, "pitch": 70, "duration": 9, "velocity": 73}, {"time": 2846, "pitch": 63, "duration": 9, "velocity": 52}, {"time": 2846, "pitch": 66, "duration": 9, "velocity": 63}, {"time": 2846, "pitch": 70, "duration": 9, "velocity": 38}, {"time": 2858, "pitch": 63, "duration": 8, "velocity": 79}, {"time": 2858, "pitch": 66, "duration": 6, "velocity": 76}, {"time": 2858, "pitch": 70, "duration": 9, "velocity": 81}, {"time": 2870, "pitch": 63, "duration": 7, "velocity": 82}, {"time": 2870, "pitch": 66, "duration": 8, "velocity": 88}, {"time": 2870, "pitch": 70, "duration": 6, "velocity": 83}, {"time": 2882, "pitch": 44, "duration": 43, "velocity": 75}, {"time": 2882, "pitch": 56, "duration": 43, "velocity": 72}, {"time": 2882, "pitch": 63, "duration": 8, "velocity": 84}, {"time": 2882, "pitch": 68, "duration": 8, "velocity": 81}, {"time": 2882, "pitch": 71, "duration": 7, "velocity": 83}, {"time": 2894, "pitch": 63, "duration": 8, "velocity": 77}, {"time": 2894, "pitch": 68, "duration": 9, "velocity": 78}, {"time": 2894, "pitch": 71, "duration": 8, "velocity": 77}, {"time": 2906, "pitch": 63, "duration": 9, "velocity": 77}, {"time": 2906, "pitch": 68, "duration": 8, "velocity": 73}, {"time": 2906, "pitch": 71, "duration": 8, "velocity": 73}, {"time": 2918, "pitch": 63, "duration": 6, "velocity": 73}, {"time": 2918, "pitch": 68, "duration": 6, "velocity": 76}, {"time": 2918, "pitch": 71, "duration": 6, "velocity": 72}, {"time": 2930, "pitch": 46, "duration": 40, "velocity": 86}, {"time": 2930, "pitch": 61, "duration": 7, "velocity": 81}, {"time": 2930, "pitch": 65, "duration": 6, "velocity": 85}, {"time": 2930, "pitch": 70, "duration": 6, "velocity": 86}, {"time": 2936, "pitch": 53, "duration": 35, "velocity": 71}, {"time": 2942, "pitch": 61, "duration": 6, "velocity": 79}, {"time": 2942, "pitch": 65, "duration": 6, "velocity": 80}, {"time": 2942, "pitch": 70, "duration": 6, "velocity": 85}, {"time": 2948, "pitch": 58, "duration": 10, "velocity": 64}, {"time": 2954, "pitch": 61, "duration": 8, "velocity": 78}, {"time": 2954, "pitch": 65, "duration": 8, "velocity": 82}, {"time": 2954, "pitch": 70, "duration": 7, "velocity": 83}, {"time": 2960, "pitch": 58, "duration": 8, "velocity": 71}, {"time": 2966, "pitch": 61, "duration": 6, "velocity": 83}, {"time": 2966, "pitch": 65, "duration": 8, "velocity": 87}, {"time": 2966, "pitch": 70, "duration": 6, "velocity": 88}, {"time": 2972, "pitch": 58, "duration": 4, "velocity": 74}, {"time": 2978, "pitch": 51, "duration": 39, "velocity": 85}, {"time": 2978, "pitch": 63, "duration": 7, "velocity": 84}, {"time": 2978, "pitch": 66, "duration": 6, "velocity": 87}, {"time": 2978, "pitch": 70, "duration": 6, "velocity": 87}, {"time": 2984, "pitch": 58, "duration": 20, "velocity": 65}, {"time": 2990, "pitch": 63, "duration": 7, "velocity": 83}, {"time": 2990, "pitch": 66, "duration": 7, "velocity": 86}, {"time": 2990, "pitch": 70, "duration": 7, "velocity": 83}, {"time": 3002, "pitch": 63, "duration": 7, "velocity": 84}, {"time": 3002, "pitch": 66, "duration": 7, "velocity": 86}, {"time": 3002, "pitch": 70, "duration": 6, "velocity": 85}, {"time": 3008, "pitch": 58, "duration": 8, "velocity": 38}, {"time": 3014, "pitch": 63, "duration": 6, "velocity": 88}, {"time": 3014, "pitch": 66, "duration": 5, "velocity": 86}, {"time": 3014, "pitch": 70, "duration": 4, "velocity": 87}, {"time": 3026, "pitch": 44, "duration": 43, "velocity": 78}, {"time": 3026, "pitch": 60, "duration": 1, "velocity": 87}, {"time": 3026, "pitch": 63, "duration": 6, "velocity": 86}, {"time": 3026, "pitch": 68, "duration": 6, "velocity": 86}, {"time": 3032, "pitch": 56, "duration": 6, "velocity": 50}, {"time": 3038, "pitch": 59, "duration": 7, "velocity": 80}, {"time": 3038, "pitch": 63, "duration": 6, "velocity": 77}, {"time": 3038, "pitch": 68, "duration": 5, "velocity": 70}, {"time": 3044, "pitch": 56, "duration": 7, "velocity": 52}, {"time": 3050, "pitch": 59, "duration": 6, "velocity": 83}, {"time": 3050, "pitch": 63, "duration": 6, "velocity": 85}, {"time": 3050, "pitch": 68, "duration": 5, "velocity": 83}, {"time": 3056, "pitch": 56, "duration": 12, "velocity": 40}, {"time": 3062, "pitch": 59, "duration": 5, "velocity": 85}, {"time": 3062, "pitch": 63, "duration": 5, "velocity": 87}, {"time": 3062, "pitch": 68, "duration": 5, "velocity": 86}, {"time": 3074, "pitch": 46, "duration": 42, "velocity": 86}, {"time": 3074, "pitch": 61, "duration": 6, "velocity": 80}, {"time": 3074, "pitch": 65, "duration": 6, "velocity": 80}, {"time": 3074, "pitch": 68, "duration": 6, "velocity": 84}, {"time": 3080, "pitch": 53, "duration": 6, "velocity": 38}, {"time": 3086, "pitch": 61, "duration": 7, "velocity": 83}, {"time": 3086, "pitch": 65, "duration": 7, "velocity": 84}, {"time": 3086, "pitch": 68, "duration": 6, "velocity": 83}, {"time": 3098, "pitch": 61, "duration": 7, "velocity": 81}, {"time": 3098, "pitch": 65, "duration": 7, "velocity": 86}, {"time": 3098, "pitch": 68, "duration": 6, "velocity": 85}, {"time": 3104, "pitch": 53, "duration": 10, "velocity": 64}, {"time": 3110, "pitch": 61, "duration": 5, "velocity": 82}, {"time": 3110, "pitch": 65, "duration": 5, "velocity": 84}, {"time": 3110, "pitch": 68, "duration": 5, "velocity": 84}, {"time": 3122, "pitch": 51, "duration": 20, "velocity": 84}, {"time": 3122, "pitch": 63, "duration": 7, "velocity": 83}, {"time": 3122, "pitch": 66, "duration": 12, "velocity": 86}, {"time": 3122, "pitch": 70, "duration": 12, "velocity": 86}, {"time": 3128, "pitch": 58, "duration": 15, "velocity": 74}, {"time": 3134, "pitch": 63, "duration": 7, "velocity": 86}, {"time": 3140, "pitch": 65, "duration": 3, "velocity": 84}, {"time": 3146, "pitch": 51, "duration": 18, "velocity": 76}, {"time": 3146, "pitch": 63, "duration": 5, "velocity": 86}, {"time": 3146, "pitch": 66, "duration": 5, "velocity": 83}, {"time": 3146, "pitch": 70, "duration": 5, "velocity": 78}, {"time": 3152, "pitch": 58, "duration": 7, "velocity": 46}, {"time": 3158, "pitch": 66, "duration": 7, "velocity": 86}, {"time": 3158, "pitch": 70, "duration": 7, "velocity": 89}, {"time": 3158, "pitch": 75, "duration": 6, "velocity": 88}, {"time": 3164, "pitch": 58, "duration": 5, "velocity": 75}, {"time": 3170, "pitch": 51, "duration": 19, "velocity": 85}, {"time": 3170, "pitch": 63, "duration": 8, "velocity": 87}, {"time": 3170, "pitch": 66, "duration": 7, "velocity": 88}, {"time": 3170, "pitch": 70, "duration": 6, "velocity": 87}, {"time": 3176, "pitch": 58, "duration": 8, "velocity": 64}, {"time": 3182, "pitch": 63, "duration": 7, "velocity": 87}, {"time": 3182, "pitch": 66, "duration": 10, "velocity": 87}, {"time": 3182, "pitch": 70, "duration": 8, "velocity": 88}, {"time": 3188, "pitch": 58, "duration": 2, "velocity": 77}, {"time": 3194, "pitch": 49, "duration": 19, "velocity": 86}, {"time": 3194, "pitch": 61, "duration": 7, "velocity": 84}, {"time": 3194, "pitch": 65, "duration": 7, "velocity": 89}, {"time": 3194, "pitch": 68, "duration": 7, "velocity": 87}, {"time": 3200, "pitch": 56, "duration": 7, "velocity": 64}, {"time": 3206, "pitch": 61, "duration": 7, "velocity": 88}, {"time": 3206, "pitch": 65, "duration": 10, "velocity": 91}, {"time": 3206, "pitch": 68, "duration": 7, "velocity": 88}, {"time": 3212, "pitch": 56, "duration": 6, "velocity": 75}, {"time": 3218, "pitch": 51, "duration": 19, "velocity": 84}, {"time": 3218, "pitch": 63, "duration": 7, "velocity": 87}, {"time": 3218, "pitch": 66, "duration": 7, "velocity": 88}, {"time": 3218, "pitch": 70, "duration": 7, "velocity": 85}, {"time": 3224, "pitch": 58, "duration": 7, "velocity": 64}, {"time": 3230, "pitch": 63, "duration": 8, "velocity": 87}, {"time": 3230, "pitch": 66, "duration": 9, "velocity": 88}, {"time": 3230, "pitch": 70, "duration": 7, "velocity": 88}, {"time": 3236, "pitch": 58, "duration": 6, "velocity": 68}, {"time": 3242, "pitch": 51, "duration": 19, "velocity": 85}, {"time": 3242, "pitch": 63, "duration": 8, "velocity": 85}, {"time": 3242, "pitch": 66, "duration": 8, "velocity": 38}, {"time": 3242, "pitch": 70, "duration": 7, "velocity": 83}, {"time": 3248, "pitch": 58, "duration": 7, "velocity": 78}, {"time": 3254, "pitch": 63, "duration": 7, "velocity": 89}, {"time": 3254, "pitch": 66, "duration": 8, "velocity": 90}, {"time": 3254, "pitch": 70, "duration": 7, "velocity": 89}, {"time": 3260, "pitch": 58, "duration": 1, "velocity": 84}, {"time": 3266, "pitch": 49, "duration": 18, "velocity": 82}, {"time": 3266, "pitch": 61, "duration": 8, "velocity": 85}, {"time": 3266, "pitch": 65, "duration": 7, "velocity": 88}, {"time": 3266, "pitch": 68, "duration": 6, "velocity": 86}, {"time": 3272, "pitch": 56, "duration": 6, "velocity": 38}, {"time": 3278, "pitch": 61, "duration": 8, "velocity": 81}, {"time": 3278, "pitch": 65, "duration": 8, "velocity": 86}, {"time": 3278, "pitch": 68, "duration": 7, "velocity": 84}, {"time": 3284, "pitch": 56, "duration": 7, "velocity": 71}, {"time": 3290, "pitch": 49, "duration": 18, "velocity": 83}, {"time": 3290, "pitch": 61, "duration": 7, "velocity": 86}, {"time": 3290, "pitch": 65, "duration": 7, "velocity": 87}, {"time": 3290, "pitch": 68, "duration": 6, "velocity": 86}, {"time": 3296, "pitch": 56, "duration": 7, "velocity": 71}, {"time": 3302, "pitch": 61, "duration": 7, "velocity": 87}, {"time": 3302, "pitch": 65, "duration": 8, "velocity": 88}, {"time": 3302, "pitch": 68, "duration": 6, "velocity": 87}, {"time": 3308, "pitch": 56, "duration": 1, "velocity": 81}, {"time": 3314, "pitch": 42, "duration": 42, "velocity": 85}, {"time": 3314, "pitch": 61, "duration": 8, "velocity": 86}, {"time": 3314, "pitch": 66, "duration": 8, "velocity": 88}, {"time": 3314, "pitch": 70, "duration": 8, "velocity": 89}, {"time": 3320, "pitch": 54, "duration": 6, "velocity": 56}, {"time": 3326, "pitch": 61, "duration": 8, "velocity": 86}, {"time": 3326, "pitch": 66, "duration": 8, "velocity": 87}, {"time": 3326, "pitch": 70, "duration": 8, "velocity": 87}, {"time": 3332, "pitch": 54, "duration": 6, "velocity": 69}, {"time": 3338, "pitch": 61, "duration": 7, "velocity": 86}, {"time": 3338, "pitch": 66, "duration": 7, "velocity": 86}, {"time": 3338, "pitch": 70, "duration": 6, "velocity": 84}, {"time": 3344, "pitch": 54, "duration": 6, "velocity": 71}, {"time": 3350, "pitch": 61, "duration": 7, "velocity": 87}, {"time": 3350, "pitch": 66, "duration": 7, "velocity": 87}, {"time": 3350, "pitch": 70, "duration": 7, "velocity": 88}, {"time": 3356, "pitch": 54, "duration": 2, "velocity": 79}, {"time": 3362, "pitch": 51, "duration": 43, "velocity": 79}, {"time": 3362, "pitch": 63, "duration": 7, "velocity": 88}, {"time": 3362, "pitch": 66, "duration": 7, "velocity": 88}, {"time": 3362, "pitch": 70, "duration": 6, "velocity": 88}, {"time": 3368, "pitch": 58, "duration": 7, "velocity": 48}, {"time": 3374, "pitch": 63, "duration": 7, "velocity": 89}, {"time": 3374, "pitch": 66, "duration": 7, "velocity": 88}, {"time": 3374, "pitch": 70, "duration": 7, "velocity": 88}, {"time": 3380, "pitch": 58, "duration": 6, "velocity": 42}, {"time": 3386, "pitch": 63, "duration": 8, "velocity": 88}, {"time": 3386, "pitch": 66, "duration": 7, "velocity": 89}, {"time": 3386, "pitch": 70, "duration": 8, "velocity": 89}, {"time": 3392, "pitch": 58, "duration": 5, "velocity": 66}, {"time": 3398, "pitch": 63, "duration": 7, "velocity": 88}, {"time": 3398, "pitch": 66, "duration": 4, "velocity": 90}, {"time": 3398, "pitch": 70, "duration": 4, "velocity": 88}, {"time": 3410, "pitch": 44, "duration": 19, "velocity": 81}, {"time": 3410, "pitch": 59, "duration": 7, "velocity": 83}, {"time": 3410, "pitch": 63, "duration": 6, "velocity": 89}, {"time": 3410, "pitch": 68, "duration": 6, "velocity": 88}, {"time": 3416, "pitch": 51, "duration": 12, "velocity": 63}, {"time": 3422, "pitch": 59, "duration": 7, "velocity": 86}, {"time": 3422, "pitch": 63, "duration": 7, "velocity": 90}, {"time": 3422, "pitch": 68, "duration": 6, "velocity": 90}, {"time": 3434, "pitch": 49, "duration": 13, "velocity": 83}, {"time": 3434, "pitch": 61, "duration": 7, "velocity": 86}, {"time": 3434, "pitch": 65, "duration": 7, "velocity": 89}, {"time": 3434, "pitch": 68, "duration": 6, "velocity": 87}, {"time": 3440, "pitch": 56, "duration": 7, "velocity": 66}, {"time": 3446, "pitch": 61, "duration": 6, "velocity": 85}, {"time": 3446, "pitch": 65, "duration": 6, "velocity": 87}, {"time": 3446, "pitch": 68, "duration": 6, "velocity": 87}, {"time": 3452, "pitch": 49, "duration": 1, "velocity": 83}, {"time": 3458, "pitch": 46, "duration": 18, "velocity": 83}, {"time": 3458, "pitch": 61, "duration": 7, "velocity": 87}, {"time": 3458, "pitch": 65, "duration": 7, "velocity": 91}, {"time": 3458, "pitch": 70, "duration": 7, "velocity": 88}, {"time": 3464, "pitch": 58, "duration": 7, "velocity": 68}, {"time": 3470, "pitch": 61, "duration": 7, "velocity": 85}, {"time": 3470, "pitch": 65, "duration": 8, "velocity": 88}, {"time": 3470, "pitch": 70, "duration": 7, "velocity": 89}, {"time": 3476, "pitch": 58, "duration": 5, "velocity": 82}, {"time": 3482, "pitch": 46, "duration": 20, "velocity": 84}, {"time": 3482, "pitch": 61, "duration": 8, "velocity": 83}, {"time": 3482, "pitch": 65, "duration": 8, "velocity": 87}, {"time": 3482, "pitch": 70, "duration": 7, "velocity": 86}, {"time": 3494, "pitch": 61, "duration": 6, "velocity": 83}, {"time": 3494, "pitch": 65, "duration": 9, "velocity": 86}, {"time": 3494, "pitch": 70, "duration": 7, "velocity": 86}, {"time": 3506, "pitch": 51, "duration": 41, "velocity": 84}, {"time": 3506, "pitch": 63, "duration": 8, "velocity": 84}, {"time": 3506, "pitch": 66, "duration": 8, "velocity": 84}, {"time": 3506, "pitch": 70, "duration": 7, "velocity": 82}, {"time": 3518, "pitch": 63, "duration": 7, "velocity": 81}, {"time": 3518, "pitch": 66, "duration": 7, "velocity": 79}, {"time": 3518, "pitch": 70, "duration": 7, "velocity": 83}, {"time": 3530, "pitch": 63, "duration": 8, "velocity": 84}, {"time": 3530, "pitch": 66, "duration": 8, "velocity": 84}, {"time": 3530, "pitch": 70, "duration": 8, "velocity": 83}, {"time": 3542, "pitch": 63, "duration": 8, "velocity": 84}, {"time": 3542, "pitch": 66, "duration": 8, "velocity": 84}, {"time": 3542, "pitch": 70, "duration": 8, "velocity": 84}, {"time": 3554, "pitch": 51, "duration": 43, "velocity": 79}, {"time": 3554, "pitch": 63, "duration": 7, "velocity": 88}, {"time": 3554, "pitch": 66, "duration": 7, "velocity": 88}, {"time": 3554, "pitch": 70, "duration": 6, "velocity": 88}, {"time": 3560, "pitch": 58, "duration": 7, "velocity": 48}, {"time": 3566, "pitch": 63, "duration": 7, "velocity": 89}, {"time": 3566, "pitch": 66, "duration": 7, "velocity": 88}, {"time": 3566, "pitch": 70, "duration": 7, "velocity": 88}, {"time": 3572, "pitch": 58, "duration": 6, "velocity": 42}, {"time": 3578, "pitch": 63, "duration": 8, "velocity": 88}, {"time": 3578, "pitch": 66, "duration": 7, "velocity": 89}, {"time": 3578, "pitch": 70, "duration": 8, "velocity": 89}, {"time": 3584, "pitch": 58, "duration": 5, "velocity": 66}, {"time": 3590, "pitch": 63, "duration": 7, "velocity": 88}, {"time": 3590, "pitch": 66, "duration": 4, "velocity": 90}, {"time": 3590, "pitch": 70, "duration": 4, "velocity": 88}, {"time": 3602, "pitch": 44, "duration": 19, "velocity": 81}, {"time": 3602, "pitch": 59, "duration": 7, "velocity": 83}, {"time": 3602, "pitch": 63, "duration": 6, "velocity": 89}, {"time": 3602, "pitch": 68, "duration": 6, "velocity": 88}, {"time": 3608, "pitch": 51, "duration": 12, "velocity": 63}, {"time": 3614, "pitch": 59, "duration": 7, "velocity": 86}, {"time": 3614, "pitch": 63, "duration": 7, "velocity": 90}, {"time": 3614, "pitch": 68, "duration": 6, "velocity": 90}, {"time": 3626, "pitch": 49, "duration": 13, "velocity": 83}, {"time": 3626, "pitch": 61, "duration": 7, "velocity": 86}, {"time": 3626, "pitch": 65, "duration": 7, "velocity": 89}, {"time": 3626, "pitch": 68, "duration": 6, "velocity": 87}, {"time": 3632, "pitch": 56, "duration": 7, "velocity": 66}, {"time": 3638, "pitch": 61, "duration": 6, "velocity": 85}, {"time": 3638, "pitch": 65, "duration": 6, "velocity": 87}, {"time": 3638, "pitch": 68, "duration": 6, "velocity": 87}, {"time": 3644, "pitch": 49, "duration": 1, "velocity": 83}, {"time": 3650, "pitch": 46, "duration": 18, "velocity": 83}, {"time": 3650, "pitch": 61, "duration": 7, "velocity": 87}, {"time": 3650, "pitch": 65, "duration": 7, "velocity": 91}, {"time": 3650, "pitch": 70, "duration": 7, "velocity": 88}, {"time": 3656, "pitch": 58, "duration": 7, "velocity": 68}, {"time": 3662, "pitch": 61, "duration": 7, "velocity": 85}, {"time": 3662, "pitch": 65, "duration": 8, "velocity": 88}, {"time": 3662, "pitch": 70, "duration": 7, "velocity": 89}, {"time": 3668, "pitch": 58, "duration": 5, "velocity": 82}, {"time": 3674, "pitch": 46, "duration": 20, "velocity": 84}, {"time": 3674, "pitch": 61, "duration": 8, "velocity": 83}, {"time": 3674, "pitch": 65, "duration": 8, "velocity": 87}, {"time": 3674, "pitch": 70, "duration": 7, "velocity": 86}, {"time": 3686, "pitch": 61, "duration": 6, "velocity": 83}, {"time": 3686, "pitch": 65, "duration": 9, "velocity": 86}, {"time": 3686, "pitch": 70, "duration": 7, "velocity": 86}, {"time": 3698, "pitch": 51, "duration": 41, "velocity": 84}, {"time": 3698, "pitch": 63, "duration": 8, "velocity": 84}, {"time": 3698, "pitch": 66, "duration": 8, "velocity": 84}, {"time": 3698, "pitch": 70, "duration": 7, "velocity": 82}, {"time": 3710, "pitch": 63, "duration": 7, "velocity": 81}, {"time": 3710, "pitch": 66, "duration": 7, "velocity": 79}, {"time": 3710, "pitch": 70, "duration": 7, "velocity": 83}, {"time": 3722, "pitch": 63, "duration": 8, "velocity": 84}, {"time": 3722, "pitch": 66, "duration": 8, "velocity": 84}, {"time": 3722, "pitch": 70, "duration": 8, "velocity": 83}, {"time": 3734, "pitch": 63, "duration": 8, "velocity": 84}, {"time": 3734, "pitch": 66, "duration": 8, "velocity": 84}, {"time": 3734, "pitch": 70, "duration": 8, "velocity": 84}, {"time": 3746, "pitch": 46, "duration": 19, "velocity": 88}, {"time": 3752, "pitch": 53, "duration": 12, "velocity": 70}, {"time": 3758, "pitch": 58, "duration": 12, "velocity": 83}, {"time": 3764, "pitch": 61, "duration": 9, "velocity": 77}, {"time": 3770, "pitch": 49, "duration": 21, "velocity": 86}, {"time": 3776, "pitch": 56, "duration": 16, "velocity": 67}, {"time": 3782, "pitch": 61, "duration": 8, "velocity": 81}, {"time": 3794, "pitch": 51, "duration": 41, "velocity": 81}, {"time": 3800, "pitch": 58, "duration": 34, "velocity": 70}, {"time": 3806, "pitch": 63, "duration": 27, "velocity": 79}, {"time": 3812, "pitch": 65, "duration": 6, "velocity": 74}, {"time": 3818, "pitch": 66, "duration": 15, "velocity": 76}]}]}