{"metadata": {"schema_version": "0.2", "title": "None", "source_filename": "275.mid", "source_format": "midi"}, "resolution": 12, "tempos": [{"time": 0, "qpm": 67.00002903334591}], "time_signatures": [{"time": 0, "numerator": 4, "denominator": 4}], "tracks": [{"program": 0, "is_drum": false, "name": "MELODY", "notes": [{"time": 211, "pitch": 74, "duration": 4, "velocity": 104}, {"time": 216, "pitch": 71, "duration": 1, "velocity": 90}, {"time": 217, "pitch": 74, "duration": 4, "velocity": 90}, {"time": 222, "pitch": 71, "duration": 1, "velocity": 89}, {"time": 223, "pitch": 74, "duration": 3, "velocity": 88}, {"time": 228, "pitch": 71, "duration": 1, "velocity": 87}, {"time": 229, "pitch": 74, "duration": 3, "velocity": 91}, {"time": 234, "pitch": 71, "duration": 1, "velocity": 87}, {"time": 235, "pitch": 74, "duration": 2, "velocity": 89}, {"time": 240, "pitch": 71, "duration": 1, "velocity": 90}, {"time": 241, "pitch": 74, "duration": 3, "velocity": 89}, {"time": 246, "pitch": 71, "duration": 1, "velocity": 88}, {"time": 247, "pitch": 74, "duration": 3, "velocity": 90}, {"time": 250, "pitch": 76, "duration": 3, "velocity": 102}, {"time": 259, "pitch": 73, "duration": 4, "velocity": 106}, {"time": 264, "pitch": 71, "duration": 1, "velocity": 91}, {"time": 265, "pitch": 73, "duration": 4, "velocity": 87}, {"time": 270, "pitch": 71, "duration": 1, "velocity": 90}, {"time": 271, "pitch": 73, "duration": 4, "velocity": 88}, {"time": 276, "pitch": 71, "duration": 1, "velocity": 88}, {"time": 277, "pitch": 73, "duration": 4, "velocity": 87}, {"time": 282, "pitch": 71, "duration": 1, "velocity": 90}, {"time": 283, "pitch": 73, "duration": 4, "velocity": 86}, {"time": 288, "pitch": 71, "duration": 1, "velocity": 87}, {"time": 289, "pitch": 73, "duration": 4, "velocity": 85}, {"time": 294, "pitch": 71, "duration": 2, "velocity": 87}, {"time": 295, "pitch": 76, "duration": 3, "velocity": 88}, {"time": 298, "pitch": 74, "duration": 2, "velocity": 98}, {"time": 307, "pitch": 74, "duration": 4, "velocity": 107}, {"time": 312, "pitch": 71, "duration": 1, "velocity": 87}, {"time": 313, "pitch": 74, "duration": 4, "velocity": 94}, {"time": 318, "pitch": 71, "duration": 1, "velocity": 91}, {"time": 319, "pitch": 74, "duration": 4, "velocity": 91}, {"time": 324, "pitch": 71, "duration": 1, "velocity": 88}, {"time": 325, "pitch": 74, "duration": 4, "velocity": 92}, {"time": 330, "pitch": 71, "duration": 1, "velocity": 86}, {"time": 331, "pitch": 74, "duration": 3, "velocity": 100}, {"time": 336, "pitch": 71, "duration": 1, "velocity": 91}, {"time": 337, "pitch": 74, "duration": 3, "velocity": 89}, {"time": 342, "pitch": 74, "duration": 1, "velocity": 89}, {"time": 343, "pitch": 74, "duration": 2, "velocity": 96}, {"time": 346, "pitch": 76, "duration": 3, "velocity": 94}, {"time": 352, "pitch": 71, "duration": 2, "velocity": 91}, {"time": 355, "pitch": 78, "duration": 4, "velocity": 113}, {"time": 361, "pitch": 71, "duration": 2, "velocity": 92}, {"time": 364, "pitch": 78, "duration": 3, "velocity": 116}, {"time": 373, "pitch": 71, "duration": 2, "velocity": 104}, {"time": 376, "pitch": 78, "duration": 5, "velocity": 116}, {"time": 385, "pitch": 71, "duration": 2, "velocity": 98}, {"time": 388, "pitch": 78, "duration": 4, "velocity": 116}, {"time": 403, "pitch": 74, "duration": 4, "velocity": 104}, {"time": 408, "pitch": 71, "duration": 1, "velocity": 90}, {"time": 409, "pitch": 74, "duration": 4, "velocity": 90}, {"time": 414, "pitch": 71, "duration": 1, "velocity": 89}, {"time": 415, "pitch": 74, "duration": 3, "velocity": 88}, {"time": 420, "pitch": 71, "duration": 1, "velocity": 87}, {"time": 421, "pitch": 74, "duration": 3, "velocity": 91}, {"time": 426, "pitch": 71, "duration": 1, "velocity": 87}, {"time": 427, "pitch": 74, "duration": 2, "velocity": 89}, {"time": 432, "pitch": 71, "duration": 1, "velocity": 90}, {"time": 433, "pitch": 74, "duration": 3, "velocity": 89}, {"time": 438, "pitch": 71, "duration": 1, "velocity": 88}, {"time": 439, "pitch": 74, "duration": 3, "velocity": 90}, {"time": 442, "pitch": 76, "duration": 3, "velocity": 102}, {"time": 451, "pitch": 73, "duration": 4, "velocity": 106}, {"time": 456, "pitch": 71, "duration": 1, "velocity": 91}, {"time": 457, "pitch": 73, "duration": 4, "velocity": 87}, {"time": 462, "pitch": 71, "duration": 1, "velocity": 90}, {"time": 463, "pitch": 73, "duration": 4, "velocity": 88}, {"time": 468, "pitch": 71, "duration": 1, "velocity": 88}, {"time": 469, "pitch": 73, "duration": 4, "velocity": 87}, {"time": 474, "pitch": 71, "duration": 1, "velocity": 90}, {"time": 475, "pitch": 73, "duration": 4, "velocity": 86}, {"time": 480, "pitch": 71, "duration": 1, "velocity": 87}, {"time": 481, "pitch": 73, "duration": 4, "velocity": 85}, {"time": 486, "pitch": 71, "duration": 2, "velocity": 87}, {"time": 487, "pitch": 76, "duration": 3, "velocity": 88}, {"time": 490, "pitch": 74, "duration": 2, "velocity": 98}, {"time": 499, "pitch": 74, "duration": 4, "velocity": 107}, {"time": 504, "pitch": 71, "duration": 1, "velocity": 87}, {"time": 505, "pitch": 74, "duration": 4, "velocity": 94}, {"time": 510, "pitch": 71, "duration": 1, "velocity": 91}, {"time": 511, "pitch": 74, "duration": 4, "velocity": 91}, {"time": 516, "pitch": 71, "duration": 1, "velocity": 88}, {"time": 517, "pitch": 74, "duration": 4, "velocity": 92}, {"time": 522, "pitch": 71, "duration": 1, "velocity": 86}, {"time": 523, "pitch": 74, "duration": 3, "velocity": 100}, {"time": 528, "pitch": 71, "duration": 1, "velocity": 91}, {"time": 529, "pitch": 74, "duration": 3, "velocity": 89}, {"time": 534, "pitch": 74, "duration": 1, "velocity": 89}, {"time": 535, "pitch": 74, "duration": 2, "velocity": 96}, {"time": 538, "pitch": 76, "duration": 3, "velocity": 94}, {"time": 544, "pitch": 71, "duration": 2, "velocity": 91}, {"time": 547, "pitch": 78, "duration": 4, "velocity": 113}, {"time": 553, "pitch": 71, "duration": 2, "velocity": 92}, {"time": 556, "pitch": 78, "duration": 3, "velocity": 116}, {"time": 565, "pitch": 71, "duration": 2, "velocity": 104}, {"time": 568, "pitch": 78, "duration": 5, "velocity": 116}, {"time": 577, "pitch": 71, "duration": 2, "velocity": 98}, {"time": 580, "pitch": 78, "duration": 4, "velocity": 116}, {"time": 595, "pitch": 67, "duration": 3, "velocity": 119}, {"time": 601, "pitch": 67, "duration": 1, "velocity": 107}, {"time": 604, "pitch": 67, "duration": 2, "velocity": 94}, {"time": 607, "pitch": 69, "duration": 4, "velocity": 117}, {"time": 613, "pitch": 62, "duration": 2, "velocity": 104}, {"time": 616, "pitch": 64, "duration": 5, "velocity": 114}, {"time": 643, "pitch": 66, "duration": 3, "velocity": 113}, {"time": 648, "pitch": 66, "duration": 2, "velocity": 100}, {"time": 652, "pitch": 66, "duration": 3, "velocity": 103}, {"time": 655, "pitch": 69, "duration": 3, "velocity": 110}, {"time": 661, "pitch": 61, "duration": 3, "velocity": 103}, {"time": 664, "pitch": 62, "duration": 4, "velocity": 110}, {"time": 691, "pitch": 67, "duration": 4, "velocity": 113}, {"time": 697, "pitch": 67, "duration": 1, "velocity": 107}, {"time": 700, "pitch": 67, "duration": 2, "velocity": 98}, {"time": 703, "pitch": 69, "duration": 4, "velocity": 117}, {"time": 709, "pitch": 62, "duration": 3, "velocity": 108}, {"time": 712, "pitch": 64, "duration": 4, "velocity": 113}, {"time": 727, "pitch": 64, "duration": 4, "velocity": 116}, {"time": 732, "pitch": 57, "duration": 3, "velocity": 100}, {"time": 736, "pitch": 57, "duration": 3, "velocity": 113}, {"time": 739, "pitch": 66, "duration": 4, "velocity": 119}, {"time": 745, "pitch": 66, "duration": 5, "velocity": 109}, {"time": 787, "pitch": 67, "duration": 3, "velocity": 119}, {"time": 793, "pitch": 67, "duration": 1, "velocity": 107}, {"time": 796, "pitch": 67, "duration": 2, "velocity": 94}, {"time": 799, "pitch": 69, "duration": 4, "velocity": 117}, {"time": 805, "pitch": 62, "duration": 2, "velocity": 104}, {"time": 808, "pitch": 64, "duration": 5, "velocity": 114}, {"time": 835, "pitch": 66, "duration": 3, "velocity": 113}, {"time": 840, "pitch": 66, "duration": 2, "velocity": 100}, {"time": 844, "pitch": 66, "duration": 3, "velocity": 103}, {"time": 847, "pitch": 69, "duration": 3, "velocity": 110}, {"time": 853, "pitch": 61, "duration": 3, "velocity": 103}, {"time": 856, "pitch": 62, "duration": 4, "velocity": 110}, {"time": 883, "pitch": 67, "duration": 4, "velocity": 113}, {"time": 889, "pitch": 67, "duration": 1, "velocity": 107}, {"time": 892, "pitch": 67, "duration": 2, "velocity": 98}, {"time": 895, "pitch": 69, "duration": 4, "velocity": 117}, {"time": 901, "pitch": 62, "duration": 3, "velocity": 108}, {"time": 904, "pitch": 64, "duration": 4, "velocity": 113}, {"time": 916, "pitch": 57, "duration": 2, "velocity": 93}, {"time": 919, "pitch": 57, "duration": 4, "velocity": 98}, {"time": 925, "pitch": 57, "duration": 3, "velocity": 98}, {"time": 931, "pitch": 64, "duration": 5, "velocity": 107}, {"time": 937, "pitch": 62, "duration": 5, "velocity": 98}, {"time": 979, "pitch": 62, "duration": 4, "velocity": 104}, {"time": 984, "pitch": 59, "duration": 1, "velocity": 90}, {"time": 985, "pitch": 62, "duration": 4, "velocity": 90}, {"time": 990, "pitch": 59, "duration": 1, "velocity": 89}, {"time": 991, "pitch": 62, "duration": 3, "velocity": 88}, {"time": 996, "pitch": 59, "duration": 1, "velocity": 87}, {"time": 997, "pitch": 62, "duration": 3, "velocity": 91}, {"time": 1002, "pitch": 59, "duration": 1, "velocity": 87}, {"time": 1003, "pitch": 62, "duration": 2, "velocity": 89}, {"time": 1008, "pitch": 59, "duration": 1, "velocity": 90}, {"time": 1009, "pitch": 62, "duration": 3, "velocity": 89}, {"time": 1014, "pitch": 59, "duration": 1, "velocity": 88}, {"time": 1015, "pitch": 62, "duration": 3, "velocity": 90}, {"time": 1018, "pitch": 64, "duration": 3, "velocity": 102}, {"time": 1027, "pitch": 61, "duration": 4, "velocity": 106}, {"time": 1032, "pitch": 59, "duration": 1, "velocity": 91}, {"time": 1033, "pitch": 61, "duration": 4, "velocity": 87}, {"time": 1038, "pitch": 59, "duration": 1, "velocity": 90}, {"time": 1039, "pitch": 61, "duration": 4, "velocity": 88}, {"time": 1044, "pitch": 59, "duration": 1, "velocity": 88}, {"time": 1045, "pitch": 61, "duration": 4, "velocity": 87}, {"time": 1050, "pitch": 59, "duration": 1, "velocity": 90}, {"time": 1051, "pitch": 61, "duration": 4, "velocity": 86}, {"time": 1056, "pitch": 59, "duration": 1, "velocity": 87}, {"time": 1057, "pitch": 61, "duration": 4, "velocity": 85}, {"time": 1062, "pitch": 59, "duration": 2, "velocity": 87}, {"time": 1063, "pitch": 64, "duration": 3, "velocity": 88}, {"time": 1066, "pitch": 62, "duration": 2, "velocity": 98}, {"time": 1075, "pitch": 62, "duration": 4, "velocity": 107}, {"time": 1080, "pitch": 59, "duration": 1, "velocity": 87}, {"time": 1081, "pitch": 62, "duration": 4, "velocity": 94}, {"time": 1086, "pitch": 59, "duration": 1, "velocity": 91}, {"time": 1087, "pitch": 62, "duration": 4, "velocity": 91}, {"time": 1092, "pitch": 59, "duration": 1, "velocity": 88}, {"time": 1093, "pitch": 62, "duration": 4, "velocity": 92}, {"time": 1098, "pitch": 59, "duration": 1, "velocity": 86}, {"time": 1099, "pitch": 62, "duration": 3, "velocity": 100}, {"time": 1104, "pitch": 59, "duration": 1, "velocity": 91}, {"time": 1105, "pitch": 62, "duration": 3, "velocity": 89}, {"time": 1110, "pitch": 62, "duration": 1, "velocity": 89}, {"time": 1111, "pitch": 62, "duration": 2, "velocity": 96}, {"time": 1114, "pitch": 64, "duration": 3, "velocity": 94}, {"time": 1120, "pitch": 59, "duration": 2, "velocity": 91}, {"time": 1123, "pitch": 66, "duration": 4, "velocity": 113}, {"time": 1129, "pitch": 59, "duration": 2, "velocity": 92}, {"time": 1132, "pitch": 66, "duration": 3, "velocity": 116}, {"time": 1141, "pitch": 59, "duration": 2, "velocity": 104}, {"time": 1144, "pitch": 66, "duration": 5, "velocity": 116}, {"time": 1153, "pitch": 59, "duration": 2, "velocity": 98}, {"time": 1156, "pitch": 66, "duration": 4, "velocity": 116}, {"time": 1555, "pitch": 67, "duration": 3, "velocity": 119}, {"time": 1561, "pitch": 67, "duration": 1, "velocity": 107}, {"time": 1564, "pitch": 67, "duration": 2, "velocity": 94}, {"time": 1567, "pitch": 69, "duration": 4, "velocity": 117}, {"time": 1573, "pitch": 62, "duration": 2, "velocity": 104}, {"time": 1576, "pitch": 64, "duration": 5, "velocity": 114}, {"time": 1603, "pitch": 66, "duration": 3, "velocity": 113}, {"time": 1608, "pitch": 66, "duration": 2, "velocity": 100}, {"time": 1612, "pitch": 66, "duration": 3, "velocity": 103}, {"time": 1615, "pitch": 69, "duration": 3, "velocity": 110}, {"time": 1621, "pitch": 61, "duration": 3, "velocity": 103}, {"time": 1624, "pitch": 62, "duration": 4, "velocity": 110}, {"time": 1651, "pitch": 67, "duration": 4, "velocity": 113}, {"time": 1657, "pitch": 67, "duration": 1, "velocity": 107}, {"time": 1660, "pitch": 67, "duration": 2, "velocity": 98}, {"time": 1663, "pitch": 69, "duration": 4, "velocity": 117}, {"time": 1669, "pitch": 62, "duration": 3, "velocity": 108}, {"time": 1672, "pitch": 64, "duration": 4, "velocity": 113}, {"time": 1687, "pitch": 64, "duration": 4, "velocity": 116}, {"time": 1692, "pitch": 57, "duration": 3, "velocity": 100}, {"time": 1696, "pitch": 57, "duration": 3, "velocity": 113}, {"time": 1699, "pitch": 66, "duration": 4, "velocity": 119}, {"time": 1705, "pitch": 66, "duration": 5, "velocity": 109}, {"time": 1747, "pitch": 67, "duration": 3, "velocity": 119}, {"time": 1753, "pitch": 67, "duration": 1, "velocity": 107}, {"time": 1756, "pitch": 67, "duration": 2, "velocity": 94}, {"time": 1759, "pitch": 69, "duration": 4, "velocity": 117}, {"time": 1765, "pitch": 62, "duration": 2, "velocity": 104}, {"time": 1768, "pitch": 64, "duration": 5, "velocity": 114}, {"time": 1795, "pitch": 66, "duration": 3, "velocity": 113}, {"time": 1800, "pitch": 66, "duration": 2, "velocity": 100}, {"time": 1804, "pitch": 66, "duration": 3, "velocity": 103}, {"time": 1807, "pitch": 69, "duration": 3, "velocity": 110}, {"time": 1813, "pitch": 61, "duration": 3, "velocity": 103}, {"time": 1816, "pitch": 62, "duration": 4, "velocity": 110}, {"time": 1843, "pitch": 67, "duration": 4, "velocity": 113}, {"time": 1849, "pitch": 67, "duration": 1, "velocity": 107}, {"time": 1852, "pitch": 67, "duration": 2, "velocity": 98}, {"time": 1855, "pitch": 69, "duration": 4, "velocity": 117}, {"time": 1861, "pitch": 62, "duration": 3, "velocity": 108}, {"time": 1864, "pitch": 64, "duration": 4, "velocity": 113}, {"time": 1876, "pitch": 57, "duration": 2, "velocity": 93}, {"time": 1879, "pitch": 57, "duration": 4, "velocity": 98}, {"time": 1885, "pitch": 57, "duration": 3, "velocity": 98}, {"time": 1891, "pitch": 64, "duration": 5, "velocity": 107}, {"time": 1897, "pitch": 62, "duration": 5, "velocity": 98}, {"time": 1939, "pitch": 67, "duration": 3, "velocity": 119}, {"time": 1945, "pitch": 67, "duration": 1, "velocity": 107}, {"time": 1948, "pitch": 67, "duration": 2, "velocity": 94}, {"time": 1951, "pitch": 69, "duration": 4, "velocity": 117}, {"time": 1957, "pitch": 62, "duration": 2, "velocity": 104}, {"time": 1960, "pitch": 64, "duration": 5, "velocity": 114}, {"time": 1987, "pitch": 66, "duration": 3, "velocity": 113}, {"time": 1992, "pitch": 66, "duration": 2, "velocity": 100}, {"time": 1996, "pitch": 66, "duration": 3, "velocity": 103}, {"time": 1999, "pitch": 69, "duration": 3, "velocity": 110}, {"time": 2005, "pitch": 61, "duration": 3, "velocity": 103}, {"time": 2008, "pitch": 62, "duration": 4, "velocity": 110}, {"time": 2035, "pitch": 67, "duration": 4, "velocity": 113}, {"time": 2041, "pitch": 67, "duration": 1, "velocity": 107}, {"time": 2044, "pitch": 67, "duration": 2, "velocity": 98}, {"time": 2047, "pitch": 69, "duration": 4, "velocity": 117}, {"time": 2053, "pitch": 62, "duration": 3, "velocity": 108}, {"time": 2056, "pitch": 64, "duration": 4, "velocity": 113}, {"time": 2071, "pitch": 64, "duration": 4, "velocity": 116}, {"time": 2076, "pitch": 57, "duration": 3, "velocity": 100}, {"time": 2080, "pitch": 57, "duration": 3, "velocity": 113}, {"time": 2083, "pitch": 66, "duration": 4, "velocity": 119}, {"time": 2089, "pitch": 66, "duration": 5, "velocity": 109}, {"time": 2131, "pitch": 67, "duration": 3, "velocity": 119}, {"time": 2137, "pitch": 67, "duration": 1, "velocity": 107}, {"time": 2140, "pitch": 67, "duration": 2, "velocity": 94}, {"time": 2143, "pitch": 69, "duration": 4, "velocity": 117}, {"time": 2149, "pitch": 62, "duration": 2, "velocity": 104}, {"time": 2152, "pitch": 64, "duration": 5, "velocity": 114}, {"time": 2179, "pitch": 66, "duration": 3, "velocity": 113}, {"time": 2184, "pitch": 66, "duration": 2, "velocity": 100}, {"time": 2188, "pitch": 66, "duration": 3, "velocity": 103}, {"time": 2191, "pitch": 69, "duration": 3, "velocity": 110}, {"time": 2197, "pitch": 61, "duration": 3, "velocity": 103}, {"time": 2200, "pitch": 62, "duration": 4, "velocity": 110}, {"time": 2227, "pitch": 67, "duration": 4, "velocity": 113}, {"time": 2233, "pitch": 67, "duration": 1, "velocity": 107}, {"time": 2236, "pitch": 67, "duration": 2, "velocity": 98}, {"time": 2239, "pitch": 69, "duration": 4, "velocity": 117}, {"time": 2245, "pitch": 62, "duration": 3, "velocity": 108}, {"time": 2248, "pitch": 64, "duration": 4, "velocity": 113}, {"time": 2275, "pitch": 64, "duration": 4, "velocity": 107}, {"time": 2281, "pitch": 64, "duration": 2, "velocity": 96}, {"time": 2284, "pitch": 64, "duration": 4, "velocity": 98}, {"time": 2287, "pitch": 62, "duration": 6, "velocity": 102}, {"time": 2293, "pitch": 59, "duration": 4, "velocity": 100}, {"time": 2299, "pitch": 62, "duration": 7, "velocity": 100}, {"time": 2323, "pitch": 67, "duration": 3, "velocity": 113}, {"time": 2329, "pitch": 67, "duration": 1, "velocity": 100}, {"time": 2332, "pitch": 67, "duration": 2, "velocity": 100}, {"time": 2335, "pitch": 69, "duration": 5, "velocity": 110}, {"time": 2341, "pitch": 62, "duration": 4, "velocity": 93}, {"time": 2347, "pitch": 64, "duration": 8, "velocity": 102}, {"time": 2371, "pitch": 66, "duration": 4, "velocity": 109}, {"time": 2377, "pitch": 66, "duration": 2, "velocity": 93}, {"time": 2380, "pitch": 66, "duration": 2, "velocity": 90}, {"time": 2383, "pitch": 69, "duration": 4, "velocity": 108}, {"time": 2389, "pitch": 61, "duration": 6, "velocity": 109}, {"time": 2395, "pitch": 62, "duration": 4, "velocity": 104}, {"time": 2419, "pitch": 67, "duration": 4, "velocity": 107}, {"time": 2425, "pitch": 67, "duration": 1, "velocity": 93}, {"time": 2428, "pitch": 67, "duration": 3, "velocity": 92}, {"time": 2431, "pitch": 69, "duration": 4, "velocity": 98}, {"time": 2437, "pitch": 62, "duration": 4, "velocity": 90}, {"time": 2443, "pitch": 64, "duration": 4, "velocity": 86}, {"time": 2467, "pitch": 64, "duration": 5, "velocity": 86}, {"time": 2473, "pitch": 64, "duration": 4, "velocity": 88}, {"time": 2479, "pitch": 57, "duration": 4, "velocity": 84}, {"time": 2485, "pitch": 59, "duration": 4, "velocity": 84}, {"time": 2490, "pitch": 62, "duration": 4, "velocity": 88}]}, {"program": 0, "is_drum": false, "name": "BRIDGE", "notes": [{"time": 10, "pitch": 57, "duration": 3, "velocity": 87}, {"time": 13, "pitch": 62, "duration": 3, "velocity": 88}, {"time": 16, "pitch": 66, "duration": 3, "velocity": 88}, {"time": 19, "pitch": 66, "duration": 3, "velocity": 88}, {"time": 22, "pitch": 67, "duration": 3, "velocity": 107}, {"time": 25, "pitch": 66, "duration": 3, "velocity": 89}, {"time": 28, "pitch": 69, "duration": 3, "velocity": 114}, {"time": 34, "pitch": 62, "duration": 4, "velocity": 93}, {"time": 40, "pitch": 64, "duration": 4, "velocity": 96}, {"time": 52, "pitch": 62, "duration": 3, "velocity": 97}, {"time": 58, "pitch": 61, "duration": 3, "velocity": 97}, {"time": 67, "pitch": 66, "duration": 10, "velocity": 113}, {"time": 76, "pitch": 64, "duration": 7, "velocity": 93}, {"time": 85, "pitch": 61, "duration": 5, "velocity": 109}, {"time": 91, "pitch": 62, "duration": 5, "velocity": 102}, {"time": 115, "pitch": 66, "duration": 3, "velocity": 106}, {"time": 118, "pitch": 67, "duration": 3, "velocity": 93}, {"time": 121, "pitch": 66, "duration": 3, "velocity": 84}, {"time": 124, "pitch": 69, "duration": 5, "velocity": 102}, {"time": 130, "pitch": 62, "duration": 5, "velocity": 98}, {"time": 136, "pitch": 64, "duration": 4, "velocity": 88}, {"time": 148, "pitch": 62, "duration": 3, "velocity": 97}, {"time": 163, "pitch": 66, "duration": 15, "velocity": 109}, {"time": 181, "pitch": 61, "duration": 6, "velocity": 109}, {"time": 187, "pitch": 59, "duration": 7, "velocity": 108}, {"time": 211, "pitch": 43, "duration": 20, "velocity": 74}, {"time": 216, "pitch": 50, "duration": 14, "velocity": 88}, {"time": 217, "pitch": 55, "duration": 13, "velocity": 92}, {"time": 220, "pitch": 67, "duration": 6, "velocity": 94}, {"time": 226, "pitch": 62, "duration": 6, "velocity": 97}, {"time": 235, "pitch": 45, "duration": 18, "velocity": 83}, {"time": 235, "pitch": 52, "duration": 12, "velocity": 83}, {"time": 244, "pitch": 62, "duration": 3, "velocity": 97}, {"time": 250, "pitch": 61, "duration": 9, "velocity": 97}, {"time": 259, "pitch": 42, "duration": 20, "velocity": 74}, {"time": 264, "pitch": 49, "duration": 14, "velocity": 88}, {"time": 265, "pitch": 57, "duration": 3, "velocity": 92}, {"time": 268, "pitch": 61, "duration": 6, "velocity": 94}, {"time": 274, "pitch": 57, "duration": 6, "velocity": 97}, {"time": 283, "pitch": 47, "duration": 20, "velocity": 74}, {"time": 288, "pitch": 54, "duration": 14, "velocity": 88}, {"time": 289, "pitch": 59, "duration": 3, "velocity": 92}, {"time": 292, "pitch": 62, "duration": 6, "velocity": 94}, {"time": 298, "pitch": 59, "duration": 6, "velocity": 97}, {"time": 307, "pitch": 43, "duration": 20, "velocity": 74}, {"time": 312, "pitch": 50, "duration": 14, "velocity": 88}, {"time": 313, "pitch": 55, "duration": 13, "velocity": 92}, {"time": 316, "pitch": 67, "duration": 6, "velocity": 94}, {"time": 322, "pitch": 62, "duration": 6, "velocity": 97}, {"time": 331, "pitch": 45, "duration": 18, "velocity": 83}, {"time": 331, "pitch": 52, "duration": 12, "velocity": 83}, {"time": 340, "pitch": 62, "duration": 3, "velocity": 97}, {"time": 346, "pitch": 61, "duration": 9, "velocity": 97}, {"time": 355, "pitch": 42, "duration": 20, "velocity": 74}, {"time": 360, "pitch": 49, "duration": 14, "velocity": 88}, {"time": 361, "pitch": 57, "duration": 3, "velocity": 92}, {"time": 364, "pitch": 61, "duration": 6, "velocity": 94}, {"time": 370, "pitch": 57, "duration": 6, "velocity": 97}, {"time": 379, "pitch": 47, "duration": 20, "velocity": 74}, {"time": 384, "pitch": 54, "duration": 14, "velocity": 88}, {"time": 385, "pitch": 59, "duration": 3, "velocity": 92}, {"time": 388, "pitch": 62, "duration": 6, "velocity": 94}, {"time": 394, "pitch": 59, "duration": 6, "velocity": 97}, {"time": 403, "pitch": 43, "duration": 20, "velocity": 74}, {"time": 408, "pitch": 50, "duration": 14, "velocity": 88}, {"time": 409, "pitch": 55, "duration": 13, "velocity": 92}, {"time": 412, "pitch": 67, "duration": 6, "velocity": 94}, {"time": 418, "pitch": 62, "duration": 6, "velocity": 97}, {"time": 427, "pitch": 45, "duration": 18, "velocity": 83}, {"time": 427, "pitch": 52, "duration": 12, "velocity": 83}, {"time": 436, "pitch": 62, "duration": 3, "velocity": 97}, {"time": 442, "pitch": 61, "duration": 9, "velocity": 97}, {"time": 451, "pitch": 42, "duration": 20, "velocity": 74}, {"time": 456, "pitch": 49, "duration": 14, "velocity": 88}, {"time": 457, "pitch": 57, "duration": 3, "velocity": 92}, {"time": 460, "pitch": 61, "duration": 6, "velocity": 94}, {"time": 466, "pitch": 57, "duration": 6, "velocity": 97}, {"time": 475, "pitch": 47, "duration": 20, "velocity": 74}, {"time": 480, "pitch": 54, "duration": 14, "velocity": 88}, {"time": 481, "pitch": 59, "duration": 3, "velocity": 92}, {"time": 484, "pitch": 62, "duration": 6, "velocity": 94}, {"time": 490, "pitch": 59, "duration": 6, "velocity": 97}, {"time": 499, "pitch": 43, "duration": 20, "velocity": 74}, {"time": 504, "pitch": 50, "duration": 14, "velocity": 88}, {"time": 505, "pitch": 55, "duration": 13, "velocity": 92}, {"time": 508, "pitch": 67, "duration": 6, "velocity": 94}, {"time": 514, "pitch": 62, "duration": 6, "velocity": 97}, {"time": 523, "pitch": 45, "duration": 18, "velocity": 83}, {"time": 523, "pitch": 52, "duration": 12, "velocity": 83}, {"time": 532, "pitch": 62, "duration": 3, "velocity": 97}, {"time": 538, "pitch": 61, "duration": 9, "velocity": 97}, {"time": 547, "pitch": 42, "duration": 20, "velocity": 74}, {"time": 552, "pitch": 49, "duration": 14, "velocity": 88}, {"time": 553, "pitch": 57, "duration": 3, "velocity": 92}, {"time": 556, "pitch": 61, "duration": 6, "velocity": 94}, {"time": 562, "pitch": 57, "duration": 6, "velocity": 97}, {"time": 571, "pitch": 47, "duration": 20, "velocity": 74}, {"time": 576, "pitch": 54, "duration": 14, "velocity": 88}, {"time": 577, "pitch": 59, "duration": 3, "velocity": 92}, {"time": 580, "pitch": 62, "duration": 6, "velocity": 94}, {"time": 586, "pitch": 59, "duration": 6, "velocity": 97}, {"time": 625, "pitch": 73, "duration": 7, "velocity": 119}, {"time": 631, "pitch": 71, "duration": 6, "velocity": 114}, {"time": 637, "pitch": 69, "duration": 6, "velocity": 102}, {"time": 643, "pitch": 66, "duration": 8, "velocity": 100}, {"time": 673, "pitch": 74, "duration": 7, "velocity": 114}, {"time": 679, "pitch": 73, "duration": 6, "velocity": 113}, {"time": 685, "pitch": 69, "duration": 6, "velocity": 107}, {"time": 691, "pitch": 71, "duration": 7, "velocity": 108}, {"time": 715, "pitch": 69, "duration": 10, "velocity": 113}, {"time": 817, "pitch": 73, "duration": 7, "velocity": 119}, {"time": 823, "pitch": 71, "duration": 6, "velocity": 114}, {"time": 829, "pitch": 69, "duration": 6, "velocity": 102}, {"time": 835, "pitch": 66, "duration": 8, "velocity": 100}, {"time": 859, "pitch": 74, "duration": 13, "velocity": 114}, {"time": 871, "pitch": 73, "duration": 11, "velocity": 116}, {"time": 883, "pitch": 71, "duration": 5, "velocity": 110}, {"time": 907, "pitch": 69, "duration": 10, "velocity": 113}, {"time": 979, "pitch": 43, "duration": 20, "velocity": 74}, {"time": 984, "pitch": 50, "duration": 14, "velocity": 88}, {"time": 985, "pitch": 55, "duration": 13, "velocity": 92}, {"time": 988, "pitch": 67, "duration": 6, "velocity": 94}, {"time": 994, "pitch": 62, "duration": 6, "velocity": 97}, {"time": 1003, "pitch": 45, "duration": 18, "velocity": 83}, {"time": 1003, "pitch": 52, "duration": 12, "velocity": 83}, {"time": 1012, "pitch": 62, "duration": 3, "velocity": 97}, {"time": 1018, "pitch": 61, "duration": 9, "velocity": 97}, {"time": 1027, "pitch": 42, "duration": 20, "velocity": 74}, {"time": 1032, "pitch": 49, "duration": 14, "velocity": 88}, {"time": 1033, "pitch": 57, "duration": 3, "velocity": 92}, {"time": 1036, "pitch": 61, "duration": 6, "velocity": 94}, {"time": 1042, "pitch": 57, "duration": 6, "velocity": 97}, {"time": 1051, "pitch": 47, "duration": 20, "velocity": 74}, {"time": 1056, "pitch": 54, "duration": 14, "velocity": 88}, {"time": 1057, "pitch": 59, "duration": 3, "velocity": 92}, {"time": 1060, "pitch": 62, "duration": 6, "velocity": 94}, {"time": 1066, "pitch": 59, "duration": 6, "velocity": 97}, {"time": 1075, "pitch": 43, "duration": 20, "velocity": 74}, {"time": 1080, "pitch": 50, "duration": 14, "velocity": 88}, {"time": 1081, "pitch": 55, "duration": 13, "velocity": 92}, {"time": 1084, "pitch": 67, "duration": 6, "velocity": 94}, {"time": 1090, "pitch": 62, "duration": 6, "velocity": 97}, {"time": 1099, "pitch": 45, "duration": 18, "velocity": 83}, {"time": 1099, "pitch": 52, "duration": 12, "velocity": 83}, {"time": 1108, "pitch": 62, "duration": 3, "velocity": 97}, {"time": 1114, "pitch": 61, "duration": 9, "velocity": 97}, {"time": 1123, "pitch": 42, "duration": 20, "velocity": 74}, {"time": 1128, "pitch": 49, "duration": 14, "velocity": 88}, {"time": 1129, "pitch": 57, "duration": 3, "velocity": 92}, {"time": 1132, "pitch": 61, "duration": 6, "velocity": 94}, {"time": 1138, "pitch": 57, "duration": 6, "velocity": 97}, {"time": 1147, "pitch": 47, "duration": 20, "velocity": 74}, {"time": 1152, "pitch": 54, "duration": 14, "velocity": 88}, {"time": 1153, "pitch": 59, "duration": 3, "velocity": 92}, {"time": 1156, "pitch": 62, "duration": 6, "velocity": 94}, {"time": 1162, "pitch": 59, "duration": 6, "velocity": 97}, {"time": 1168, "pitch": 74, "duration": 3, "velocity": 77}, {"time": 1170, "pitch": 76, "duration": 1, "velocity": 78}, {"time": 1171, "pitch": 78, "duration": 25, "velocity": 116}, {"time": 1195, "pitch": 76, "duration": 11, "velocity": 93}, {"time": 1207, "pitch": 81, "duration": 12, "velocity": 110}, {"time": 1219, "pitch": 73, "duration": 41, "velocity": 116}, {"time": 1267, "pitch": 76, "duration": 23, "velocity": 114}, {"time": 1291, "pitch": 73, "duration": 11, "velocity": 116}, {"time": 1303, "pitch": 69, "duration": 9, "velocity": 114}, {"time": 1315, "pitch": 76, "duration": 12, "velocity": 117}, {"time": 1327, "pitch": 75, "duration": 12, "velocity": 116}, {"time": 1339, "pitch": 76, "duration": 12, "velocity": 117}, {"time": 1351, "pitch": 78, "duration": 12, "velocity": 119}, {"time": 1363, "pitch": 83, "duration": 5, "velocity": 114}, {"time": 1387, "pitch": 79, "duration": 8, "velocity": 119}, {"time": 1408, "pitch": 81, "duration": 5, "velocity": 81}, {"time": 1411, "pitch": 88, "duration": 12, "velocity": 86}, {"time": 1435, "pitch": 86, "duration": 11, "velocity": 117}, {"time": 1447, "pitch": 88, "duration": 12, "velocity": 113}, {"time": 1459, "pitch": 85, "duration": 16, "velocity": 117}, {"time": 1483, "pitch": 81, "duration": 17, "velocity": 97}, {"time": 1507, "pitch": 91, "duration": 13, "velocity": 114}, {"time": 1519, "pitch": 90, "duration": 13, "velocity": 116}, {"time": 1531, "pitch": 91, "duration": 12, "velocity": 108}, {"time": 1543, "pitch": 93, "duration": 12, "velocity": 116}, {"time": 1555, "pitch": 95, "duration": 10, "velocity": 116}, {"time": 1585, "pitch": 73, "duration": 7, "velocity": 119}, {"time": 1591, "pitch": 71, "duration": 6, "velocity": 114}, {"time": 1597, "pitch": 69, "duration": 6, "velocity": 102}, {"time": 1603, "pitch": 66, "duration": 8, "velocity": 100}, {"time": 1627, "pitch": 74, "duration": 13, "velocity": 114}, {"time": 1639, "pitch": 73, "duration": 11, "velocity": 116}, {"time": 1651, "pitch": 71, "duration": 5, "velocity": 110}, {"time": 1675, "pitch": 69, "duration": 10, "velocity": 113}, {"time": 1777, "pitch": 73, "duration": 7, "velocity": 119}, {"time": 1783, "pitch": 71, "duration": 6, "velocity": 114}, {"time": 1789, "pitch": 69, "duration": 6, "velocity": 102}, {"time": 1795, "pitch": 66, "duration": 8, "velocity": 100}, {"time": 1819, "pitch": 74, "duration": 13, "velocity": 114}, {"time": 1831, "pitch": 73, "duration": 11, "velocity": 116}, {"time": 1843, "pitch": 71, "duration": 5, "velocity": 110}, {"time": 1867, "pitch": 69, "duration": 10, "velocity": 113}, {"time": 1915, "pitch": 67, "duration": 8, "velocity": 116}, {"time": 1927, "pitch": 69, "duration": 9, "velocity": 113}, {"time": 1969, "pitch": 73, "duration": 7, "velocity": 116}, {"time": 1975, "pitch": 71, "duration": 6, "velocity": 113}, {"time": 1981, "pitch": 69, "duration": 6, "velocity": 89}, {"time": 1987, "pitch": 66, "duration": 8, "velocity": 109}, {"time": 2011, "pitch": 74, "duration": 13, "velocity": 113}, {"time": 2023, "pitch": 73, "duration": 12, "velocity": 113}, {"time": 2035, "pitch": 71, "duration": 4, "velocity": 110}, {"time": 2059, "pitch": 69, "duration": 10, "velocity": 98}, {"time": 2071, "pitch": 64, "duration": 13, "velocity": 107}, {"time": 2083, "pitch": 62, "duration": 7, "velocity": 98}, {"time": 2161, "pitch": 73, "duration": 7, "velocity": 116}, {"time": 2167, "pitch": 71, "duration": 6, "velocity": 113}, {"time": 2173, "pitch": 69, "duration": 6, "velocity": 89}, {"time": 2179, "pitch": 66, "duration": 8, "velocity": 109}, {"time": 2203, "pitch": 74, "duration": 6, "velocity": 114}, {"time": 2209, "pitch": 73, "duration": 6, "velocity": 109}, {"time": 2215, "pitch": 69, "duration": 6, "velocity": 108}, {"time": 2221, "pitch": 66, "duration": 6, "velocity": 100}, {"time": 2227, "pitch": 71, "duration": 6, "velocity": 92}, {"time": 2251, "pitch": 76, "duration": 11, "velocity": 116}, {"time": 2263, "pitch": 74, "duration": 9, "velocity": 116}, {"time": 2275, "pitch": 78, "duration": 5, "velocity": 119}]}, {"program": 0, "is_drum": false, "name": "PIANO", "notes": [{"time": 19, "pitch": 50, "duration": 20, "velocity": 85}, {"time": 22, "pitch": 57, "duration": 16, "velocity": 82}, {"time": 25, "pitch": 62, "duration": 11, "velocity": 86}, {"time": 28, "pitch": 74, "duration": 15, "velocity": 92}, {"time": 34, "pitch": 69, "duration": 9, "velocity": 86}, {"time": 43, "pitch": 45, "duration": 19, "velocity": 83}, {"time": 46, "pitch": 52, "duration": 16, "velocity": 77}, {"time": 49, "pitch": 57, "duration": 12, "velocity": 83}, {"time": 52, "pitch": 61, "duration": 16, "velocity": 86}, {"time": 61, "pitch": 64, "duration": 9, "velocity": 88}, {"time": 67, "pitch": 42, "duration": 18, "velocity": 83}, {"time": 70, "pitch": 49, "duration": 16, "velocity": 73}, {"time": 73, "pitch": 54, "duration": 5, "velocity": 84}, {"time": 76, "pitch": 66, "duration": 17, "velocity": 95}, {"time": 82, "pitch": 54, "duration": 6, "velocity": 83}, {"time": 85, "pitch": 61, "duration": 7, "velocity": 83}, {"time": 88, "pitch": 57, "duration": 4, "velocity": 83}, {"time": 91, "pitch": 47, "duration": 18, "velocity": 71}, {"time": 94, "pitch": 54, "duration": 17, "velocity": 77}, {"time": 97, "pitch": 59, "duration": 13, "velocity": 83}, {"time": 100, "pitch": 62, "duration": 4, "velocity": 88}, {"time": 103, "pitch": 66, "duration": 12, "velocity": 119}, {"time": 109, "pitch": 69, "duration": 7, "velocity": 93}, {"time": 115, "pitch": 43, "duration": 21, "velocity": 98}, {"time": 121, "pitch": 50, "duration": 18, "velocity": 76}, {"time": 124, "pitch": 55, "duration": 14, "velocity": 88}, {"time": 130, "pitch": 59, "duration": 7, "velocity": 89}, {"time": 136, "pitch": 62, "duration": 8, "velocity": 88}, {"time": 139, "pitch": 45, "duration": 19, "velocity": 84}, {"time": 142, "pitch": 52, "duration": 17, "velocity": 80}, {"time": 145, "pitch": 57, "duration": 8, "velocity": 83}, {"time": 148, "pitch": 61, "duration": 10, "velocity": 87}, {"time": 154, "pitch": 57, "duration": 9, "velocity": 86}, {"time": 157, "pitch": 64, "duration": 6, "velocity": 65}, {"time": 160, "pitch": 69, "duration": 6, "velocity": 87}, {"time": 163, "pitch": 42, "duration": 18, "velocity": 85}, {"time": 169, "pitch": 49, "duration": 12, "velocity": 68}, {"time": 172, "pitch": 54, "duration": 10, "velocity": 86}, {"time": 178, "pitch": 57, "duration": 8, "velocity": 80}, {"time": 181, "pitch": 61, "duration": 6, "velocity": 84}, {"time": 184, "pitch": 66, "duration": 3, "velocity": 77}, {"time": 187, "pitch": 47, "duration": 18, "velocity": 81}, {"time": 187, "pitch": 59, "duration": 18, "velocity": 72}, {"time": 187, "pitch": 62, "duration": 18, "velocity": 86}, {"time": 187, "pitch": 66, "duration": 18, "velocity": 75}, {"time": 211, "pitch": 43, "duration": 20, "velocity": 84}, {"time": 211, "pitch": 59, "duration": 9, "velocity": 84}, {"time": 211, "pitch": 62, "duration": 9, "velocity": 87}, {"time": 211, "pitch": 67, "duration": 10, "velocity": 85}, {"time": 235, "pitch": 45, "duration": 14, "velocity": 82}, {"time": 235, "pitch": 57, "duration": 11, "velocity": 81}, {"time": 235, "pitch": 61, "duration": 11, "velocity": 84}, {"time": 235, "pitch": 64, "duration": 10, "velocity": 86}, {"time": 259, "pitch": 42, "duration": 7, "velocity": 79}, {"time": 259, "pitch": 54, "duration": 7, "velocity": 83}, {"time": 259, "pitch": 57, "duration": 11, "velocity": 83}, {"time": 259, "pitch": 61, "duration": 12, "velocity": 82}, {"time": 259, "pitch": 66, "duration": 10, "velocity": 86}, {"time": 268, "pitch": 42, "duration": 6, "velocity": 74}, {"time": 283, "pitch": 47, "duration": 17, "velocity": 71}, {"time": 283, "pitch": 59, "duration": 10, "velocity": 79}, {"time": 283, "pitch": 62, "duration": 10, "velocity": 86}, {"time": 283, "pitch": 66, "duration": 10, "velocity": 83}, {"time": 307, "pitch": 43, "duration": 15, "velocity": 93}, {"time": 307, "pitch": 59, "duration": 6, "velocity": 89}, {"time": 307, "pitch": 62, "duration": 7, "velocity": 94}, {"time": 307, "pitch": 67, "duration": 8, "velocity": 87}, {"time": 316, "pitch": 50, "duration": 5, "velocity": 81}, {"time": 325, "pitch": 43, "duration": 4, "velocity": 76}, {"time": 331, "pitch": 45, "duration": 7, "velocity": 82}, {"time": 331, "pitch": 57, "duration": 10, "velocity": 81}, {"time": 331, "pitch": 61, "duration": 10, "velocity": 84}, {"time": 331, "pitch": 64, "duration": 9, "velocity": 81}, {"time": 340, "pitch": 45, "duration": 4, "velocity": 78}, {"time": 355, "pitch": 42, "duration": 16, "velocity": 74}, {"time": 355, "pitch": 54, "duration": 7, "velocity": 82}, {"time": 355, "pitch": 57, "duration": 10, "velocity": 81}, {"time": 355, "pitch": 61, "duration": 10, "velocity": 83}, {"time": 355, "pitch": 66, "duration": 9, "velocity": 83}, {"time": 379, "pitch": 47, "duration": 16, "velocity": 81}, {"time": 379, "pitch": 59, "duration": 10, "velocity": 84}, {"time": 379, "pitch": 62, "duration": 10, "velocity": 86}, {"time": 379, "pitch": 66, "duration": 10, "velocity": 79}, {"time": 391, "pitch": 59, "duration": 6, "velocity": 88}, {"time": 391, "pitch": 62, "duration": 6, "velocity": 94}, {"time": 391, "pitch": 66, "duration": 6, "velocity": 85}, {"time": 403, "pitch": 43, "duration": 15, "velocity": 84}, {"time": 403, "pitch": 55, "duration": 3, "velocity": 84}, {"time": 403, "pitch": 59, "duration": 5, "velocity": 87}, {"time": 403, "pitch": 62, "duration": 5, "velocity": 84}, {"time": 421, "pitch": 43, "duration": 5, "velocity": 74}, {"time": 427, "pitch": 45, "duration": 7, "velocity": 82}, {"time": 427, "pitch": 57, "duration": 9, "velocity": 87}, {"time": 427, "pitch": 61, "duration": 9, "velocity": 85}, {"time": 427, "pitch": 64, "duration": 9, "velocity": 89}, {"time": 436, "pitch": 45, "duration": 3, "velocity": 81}, {"time": 445, "pitch": 45, "duration": 1, "velocity": 84}, {"time": 451, "pitch": 42, "duration": 13, "velocity": 86}, {"time": 451, "pitch": 57, "duration": 9, "velocity": 87}, {"time": 451, "pitch": 61, "duration": 10, "velocity": 86}, {"time": 451, "pitch": 66, "duration": 10, "velocity": 85}, {"time": 460, "pitch": 54, "duration": 4, "velocity": 74}, {"time": 469, "pitch": 42, "duration": 5, "velocity": 84}, {"time": 475, "pitch": 47, "duration": 8, "velocity": 84}, {"time": 475, "pitch": 59, "duration": 10, "velocity": 87}, {"time": 475, "pitch": 62, "duration": 10, "velocity": 90}, {"time": 475, "pitch": 66, "duration": 10, "velocity": 83}, {"time": 484, "pitch": 47, "duration": 3, "velocity": 74}, {"time": 493, "pitch": 47, "duration": 4, "velocity": 83}, {"time": 499, "pitch": 43, "duration": 7, "velocity": 86}, {"time": 499, "pitch": 55, "duration": 6, "velocity": 90}, {"time": 499, "pitch": 59, "duration": 10, "velocity": 91}, {"time": 499, "pitch": 62, "duration": 9, "velocity": 89}, {"time": 508, "pitch": 43, "duration": 3, "velocity": 84}, {"time": 517, "pitch": 43, "duration": 4, "velocity": 73}, {"time": 523, "pitch": 45, "duration": 6, "velocity": 81}, {"time": 523, "pitch": 57, "duration": 10, "velocity": 87}, {"time": 523, "pitch": 61, "duration": 10, "velocity": 93}, {"time": 523, "pitch": 64, "duration": 10, "velocity": 88}, {"time": 538, "pitch": 45, "duration": 2, "velocity": 88}, {"time": 547, "pitch": 42, "duration": 12, "velocity": 79}, {"time": 547, "pitch": 54, "duration": 6, "velocity": 82}, {"time": 547, "pitch": 57, "duration": 9, "velocity": 86}, {"time": 547, "pitch": 61, "duration": 9, "velocity": 87}, {"time": 547, "pitch": 66, "duration": 9, "velocity": 85}, {"time": 556, "pitch": 54, "duration": 4, "velocity": 78}, {"time": 562, "pitch": 57, "duration": 6, "velocity": 92}, {"time": 562, "pitch": 61, "duration": 6, "velocity": 106}, {"time": 562, "pitch": 66, "duration": 6, "velocity": 103}, {"time": 565, "pitch": 42, "duration": 5, "velocity": 77}, {"time": 571, "pitch": 47, "duration": 6, "velocity": 86}, {"time": 571, "pitch": 59, "duration": 10, "velocity": 88}, {"time": 571, "pitch": 62, "duration": 9, "velocity": 93}, {"time": 571, "pitch": 66, "duration": 9, "velocity": 86}, {"time": 580, "pitch": 47, "duration": 3, "velocity": 87}, {"time": 583, "pitch": 59, "duration": 7, "velocity": 100}, {"time": 583, "pitch": 62, "duration": 8, "velocity": 110}, {"time": 583, "pitch": 66, "duration": 8, "velocity": 106}, {"time": 589, "pitch": 47, "duration": 4, "velocity": 87}, {"time": 595, "pitch": 43, "duration": 21, "velocity": 92}, {"time": 598, "pitch": 50, "duration": 21, "velocity": 87}, {"time": 601, "pitch": 55, "duration": 8, "velocity": 92}, {"time": 604, "pitch": 59, "duration": 4, "velocity": 92}, {"time": 610, "pitch": 55, "duration": 9, "velocity": 90}, {"time": 613, "pitch": 59, "duration": 4, "velocity": 86}, {"time": 619, "pitch": 45, "duration": 19, "velocity": 85}, {"time": 622, "pitch": 52, "duration": 15, "velocity": 80}, {"time": 625, "pitch": 57, "duration": 6, "velocity": 85}, {"time": 628, "pitch": 69, "duration": 7, "velocity": 110}, {"time": 634, "pitch": 57, "duration": 3, "velocity": 88}, {"time": 637, "pitch": 64, "duration": 8, "velocity": 87}, {"time": 640, "pitch": 69, "duration": 5, "velocity": 91}, {"time": 643, "pitch": 42, "duration": 16, "velocity": 88}, {"time": 646, "pitch": 49, "duration": 14, "velocity": 80}, {"time": 649, "pitch": 54, "duration": 7, "velocity": 97}, {"time": 652, "pitch": 57, "duration": 7, "velocity": 96}, {"time": 655, "pitch": 66, "duration": 14, "velocity": 119}, {"time": 658, "pitch": 54, "duration": 4, "velocity": 97}, {"time": 661, "pitch": 57, "duration": 5, "velocity": 91}, {"time": 667, "pitch": 47, "duration": 19, "velocity": 88}, {"time": 670, "pitch": 54, "duration": 16, "velocity": 82}, {"time": 673, "pitch": 59, "duration": 7, "velocity": 93}, {"time": 676, "pitch": 62, "duration": 3, "velocity": 96}, {"time": 679, "pitch": 62, "duration": 4, "velocity": 81}, {"time": 679, "pitch": 66, "duration": 4, "velocity": 116}, {"time": 679, "pitch": 69, "duration": 4, "velocity": 119}, {"time": 682, "pitch": 59, "duration": 3, "velocity": 110}, {"time": 685, "pitch": 62, "duration": 8, "velocity": 98}, {"time": 685, "pitch": 66, "duration": 8, "velocity": 119}, {"time": 685, "pitch": 69, "duration": 9, "velocity": 96}, {"time": 691, "pitch": 43, "duration": 21, "velocity": 107}, {"time": 697, "pitch": 50, "duration": 18, "velocity": 86}, {"time": 700, "pitch": 55, "duration": 15, "velocity": 107}, {"time": 703, "pitch": 59, "duration": 4, "velocity": 108}, {"time": 706, "pitch": 62, "duration": 4, "velocity": 100}, {"time": 709, "pitch": 67, "duration": 9, "velocity": 96}, {"time": 712, "pitch": 61, "duration": 6, "velocity": 113}, {"time": 715, "pitch": 45, "duration": 19, "velocity": 89}, {"time": 718, "pitch": 52, "duration": 17, "velocity": 86}, {"time": 721, "pitch": 57, "duration": 7, "velocity": 93}, {"time": 724, "pitch": 61, "duration": 7, "velocity": 86}, {"time": 727, "pitch": 64, "duration": 9, "velocity": 94}, {"time": 730, "pitch": 57, "duration": 5, "velocity": 96}, {"time": 733, "pitch": 69, "duration": 7, "velocity": 93}, {"time": 736, "pitch": 61, "duration": 3, "velocity": 86}, {"time": 739, "pitch": 50, "duration": 40, "velocity": 93}, {"time": 745, "pitch": 57, "duration": 35, "velocity": 77}, {"time": 748, "pitch": 62, "duration": 13, "velocity": 89}, {"time": 751, "pitch": 66, "duration": 5, "velocity": 109}, {"time": 757, "pitch": 66, "duration": 2, "velocity": 84}, {"time": 757, "pitch": 69, "duration": 2, "velocity": 30}, {"time": 760, "pitch": 66, "duration": 7, "velocity": 90}, {"time": 760, "pitch": 69, "duration": 7, "velocity": 94}, {"time": 760, "pitch": 74, "duration": 6, "velocity": 100}, {"time": 766, "pitch": 62, "duration": 6, "velocity": 84}, {"time": 769, "pitch": 66, "duration": 1, "velocity": 66}, {"time": 772, "pitch": 66, "duration": 4, "velocity": 82}, {"time": 772, "pitch": 69, "duration": 6, "velocity": 89}, {"time": 775, "pitch": 62, "duration": 2, "velocity": 114}, {"time": 778, "pitch": 66, "duration": 4, "velocity": 100}, {"time": 781, "pitch": 69, "duration": 5, "velocity": 91}, {"time": 784, "pitch": 74, "duration": 4, "velocity": 88}, {"time": 787, "pitch": 43, "duration": 21, "velocity": 91}, {"time": 787, "pitch": 67, "duration": 4, "velocity": 87}, {"time": 787, "pitch": 71, "duration": 3, "velocity": 91}, {"time": 790, "pitch": 50, "duration": 22, "velocity": 86}, {"time": 793, "pitch": 55, "duration": 5, "velocity": 89}, {"time": 796, "pitch": 59, "duration": 9, "velocity": 100}, {"time": 796, "pitch": 67, "duration": 7, "velocity": 104}, {"time": 802, "pitch": 55, "duration": 7, "velocity": 93}, {"time": 805, "pitch": 62, "duration": 7, "velocity": 90}, {"time": 808, "pitch": 59, "duration": 4, "velocity": 96}, {"time": 811, "pitch": 45, "duration": 18, "velocity": 86}, {"time": 814, "pitch": 52, "duration": 15, "velocity": 81}, {"time": 817, "pitch": 57, "duration": 6, "velocity": 89}, {"time": 820, "pitch": 61, "duration": 4, "velocity": 78}, {"time": 823, "pitch": 69, "duration": 8, "velocity": 104}, {"time": 826, "pitch": 57, "duration": 3, "velocity": 94}, {"time": 829, "pitch": 61, "duration": 4, "velocity": 100}, {"time": 832, "pitch": 64, "duration": 3, "velocity": 83}, {"time": 835, "pitch": 42, "duration": 19, "velocity": 90}, {"time": 835, "pitch": 61, "duration": 6, "velocity": 91}, {"time": 835, "pitch": 66, "duration": 6, "velocity": 88}, {"time": 835, "pitch": 69, "duration": 5, "velocity": 92}, {"time": 841, "pitch": 49, "duration": 13, "velocity": 75}, {"time": 844, "pitch": 54, "duration": 4, "velocity": 90}, {"time": 847, "pitch": 57, "duration": 2, "velocity": 93}, {"time": 847, "pitch": 66, "duration": 5, "velocity": 109}, {"time": 850, "pitch": 54, "duration": 6, "velocity": 87}, {"time": 853, "pitch": 57, "duration": 5, "velocity": 83}, {"time": 853, "pitch": 66, "duration": 2, "velocity": 69}, {"time": 859, "pitch": 47, "duration": 19, "velocity": 88}, {"time": 862, "pitch": 54, "duration": 16, "velocity": 83}, {"time": 865, "pitch": 59, "duration": 7, "velocity": 98}, {"time": 868, "pitch": 62, "duration": 2, "velocity": 88}, {"time": 871, "pitch": 62, "duration": 1, "velocity": 76}, {"time": 871, "pitch": 69, "duration": 9, "velocity": 119}, {"time": 874, "pitch": 59, "duration": 3, "velocity": 104}, {"time": 877, "pitch": 62, "duration": 4, "velocity": 110}, {"time": 880, "pitch": 66, "duration": 5, "velocity": 106}, {"time": 883, "pitch": 43, "duration": 21, "velocity": 89}, {"time": 886, "pitch": 50, "duration": 21, "velocity": 83}, {"time": 889, "pitch": 55, "duration": 7, "velocity": 91}, {"time": 892, "pitch": 59, "duration": 4, "velocity": 87}, {"time": 895, "pitch": 67, "duration": 9, "velocity": 114}, {"time": 898, "pitch": 55, "duration": 7, "velocity": 93}, {"time": 901, "pitch": 59, "duration": 4, "velocity": 86}, {"time": 907, "pitch": 45, "duration": 20, "velocity": 88}, {"time": 910, "pitch": 52, "duration": 17, "velocity": 76}, {"time": 913, "pitch": 57, "duration": 15, "velocity": 88}, {"time": 916, "pitch": 61, "duration": 4, "velocity": 89}, {"time": 919, "pitch": 64, "duration": 6, "velocity": 102}, {"time": 922, "pitch": 69, "duration": 10, "velocity": 87}, {"time": 925, "pitch": 61, "duration": 4, "velocity": 86}, {"time": 928, "pitch": 64, "duration": 3, "velocity": 84}, {"time": 931, "pitch": 50, "duration": 44, "velocity": 90}, {"time": 934, "pitch": 57, "duration": 40, "velocity": 81}, {"time": 937, "pitch": 62, "duration": 8, "velocity": 89}, {"time": 943, "pitch": 66, "duration": 9, "velocity": 97}, {"time": 943, "pitch": 74, "duration": 6, "velocity": 94}, {"time": 949, "pitch": 62, "duration": 12, "velocity": 83}, {"time": 952, "pitch": 69, "duration": 6, "velocity": 93}, {"time": 958, "pitch": 66, "duration": 7, "velocity": 81}, {"time": 964, "pitch": 62, "duration": 8, "velocity": 84}, {"time": 967, "pitch": 66, "duration": 6, "velocity": 106}, {"time": 967, "pitch": 74, "duration": 6, "velocity": 110}, {"time": 979, "pitch": 43, "duration": 20, "velocity": 84}, {"time": 979, "pitch": 59, "duration": 9, "velocity": 84}, {"time": 979, "pitch": 62, "duration": 9, "velocity": 87}, {"time": 979, "pitch": 67, "duration": 10, "velocity": 85}, {"time": 1003, "pitch": 45, "duration": 14, "velocity": 82}, {"time": 1003, "pitch": 57, "duration": 11, "velocity": 81}, {"time": 1003, "pitch": 61, "duration": 11, "velocity": 84}, {"time": 1003, "pitch": 64, "duration": 10, "velocity": 86}, {"time": 1027, "pitch": 42, "duration": 7, "velocity": 79}, {"time": 1027, "pitch": 54, "duration": 7, "velocity": 83}, {"time": 1027, "pitch": 57, "duration": 11, "velocity": 83}, {"time": 1027, "pitch": 61, "duration": 12, "velocity": 82}, {"time": 1027, "pitch": 66, "duration": 10, "velocity": 86}, {"time": 1051, "pitch": 47, "duration": 17, "velocity": 71}, {"time": 1051, "pitch": 59, "duration": 10, "velocity": 79}, {"time": 1051, "pitch": 62, "duration": 10, "velocity": 86}, {"time": 1051, "pitch": 66, "duration": 10, "velocity": 83}, {"time": 1075, "pitch": 43, "duration": 15, "velocity": 93}, {"time": 1075, "pitch": 59, "duration": 6, "velocity": 89}, {"time": 1075, "pitch": 62, "duration": 7, "velocity": 94}, {"time": 1075, "pitch": 67, "duration": 8, "velocity": 87}, {"time": 1093, "pitch": 43, "duration": 4, "velocity": 76}, {"time": 1099, "pitch": 45, "duration": 7, "velocity": 82}, {"time": 1099, "pitch": 57, "duration": 10, "velocity": 81}, {"time": 1099, "pitch": 61, "duration": 10, "velocity": 84}, {"time": 1099, "pitch": 64, "duration": 9, "velocity": 81}, {"time": 1108, "pitch": 45, "duration": 4, "velocity": 78}, {"time": 1123, "pitch": 42, "duration": 16, "velocity": 74}, {"time": 1123, "pitch": 54, "duration": 7, "velocity": 82}, {"time": 1123, "pitch": 57, "duration": 10, "velocity": 81}, {"time": 1123, "pitch": 61, "duration": 10, "velocity": 83}, {"time": 1123, "pitch": 66, "duration": 9, "velocity": 83}, {"time": 1147, "pitch": 47, "duration": 16, "velocity": 81}, {"time": 1147, "pitch": 59, "duration": 10, "velocity": 84}, {"time": 1147, "pitch": 62, "duration": 10, "velocity": 86}, {"time": 1147, "pitch": 66, "duration": 10, "velocity": 79}, {"time": 1159, "pitch": 59, "duration": 6, "velocity": 88}, {"time": 1159, "pitch": 62, "duration": 6, "velocity": 94}, {"time": 1159, "pitch": 66, "duration": 6, "velocity": 85}, {"time": 1171, "pitch": 50, "duration": 37, "velocity": 89}, {"time": 1171, "pitch": 62, "duration": 4, "velocity": 94}, {"time": 1171, "pitch": 66, "duration": 5, "velocity": 103}, {"time": 1171, "pitch": 69, "duration": 6, "velocity": 93}, {"time": 1174, "pitch": 57, "duration": 19, "velocity": 81}, {"time": 1177, "pitch": 62, "duration": 7, "velocity": 88}, {"time": 1183, "pitch": 66, "duration": 5, "velocity": 95}, {"time": 1183, "pitch": 69, "duration": 5, "velocity": 104}, {"time": 1183, "pitch": 74, "duration": 5, "velocity": 104}, {"time": 1189, "pitch": 62, "duration": 1, "velocity": 78}, {"time": 1192, "pitch": 62, "duration": 5, "velocity": 88}, {"time": 1192, "pitch": 66, "duration": 1, "velocity": 80}, {"time": 1192, "pitch": 66, "duration": 1, "velocity": 89}, {"time": 1192, "pitch": 69, "duration": 5, "velocity": 100}, {"time": 1198, "pitch": 62, "duration": 7, "velocity": 85}, {"time": 1198, "pitch": 66, "duration": 7, "velocity": 85}, {"time": 1198, "pitch": 69, "duration": 6, "velocity": 88}, {"time": 1204, "pitch": 57, "duration": 5, "velocity": 87}, {"time": 1207, "pitch": 62, "duration": 7, "velocity": 113}, {"time": 1207, "pitch": 69, "duration": 6, "velocity": 113}, {"time": 1210, "pitch": 50, "duration": 4, "velocity": 89}, {"time": 1213, "pitch": 66, "duration": 11, "velocity": 97}, {"time": 1216, "pitch": 69, "duration": 6, "velocity": 92}, {"time": 1219, "pitch": 45, "duration": 34, "velocity": 88}, {"time": 1222, "pitch": 52, "duration": 34, "velocity": 81}, {"time": 1225, "pitch": 57, "duration": 7, "velocity": 93}, {"time": 1228, "pitch": 61, "duration": 12, "velocity": 84}, {"time": 1231, "pitch": 69, "duration": 8, "velocity": 108}, {"time": 1237, "pitch": 57, "duration": 16, "velocity": 80}, {"time": 1240, "pitch": 64, "duration": 6, "velocity": 102}, {"time": 1246, "pitch": 61, "duration": 14, "velocity": 93}, {"time": 1252, "pitch": 69, "duration": 8, "velocity": 96}, {"time": 1255, "pitch": 45, "duration": 8, "velocity": 98}, {"time": 1258, "pitch": 52, "duration": 6, "velocity": 87}, {"time": 1261, "pitch": 57, "duration": 2, "velocity": 98}, {"time": 1264, "pitch": 61, "duration": 6, "velocity": 106}, {"time": 1264, "pitch": 69, "duration": 5, "velocity": 88}, {"time": 1267, "pitch": 42, "duration": 48, "velocity": 86}, {"time": 1273, "pitch": 49, "duration": 41, "velocity": 73}, {"time": 1276, "pitch": 54, "duration": 6, "velocity": 86}, {"time": 1279, "pitch": 66, "duration": 15, "velocity": 123}, {"time": 1285, "pitch": 54, "duration": 4, "velocity": 83}, {"time": 1288, "pitch": 61, "duration": 6, "velocity": 113}, {"time": 1291, "pitch": 54, "duration": 10, "velocity": 97}, {"time": 1294, "pitch": 57, "duration": 4, "velocity": 86}, {"time": 1297, "pitch": 61, "duration": 2, "velocity": 103}, {"time": 1300, "pitch": 61, "duration": 6, "velocity": 90}, {"time": 1300, "pitch": 66, "duration": 8, "velocity": 119}, {"time": 1303, "pitch": 54, "duration": 11, "velocity": 109}, {"time": 1306, "pitch": 57, "duration": 4, "velocity": 90}, {"time": 1309, "pitch": 61, "duration": 3, "velocity": 113}, {"time": 1312, "pitch": 66, "duration": 3, "velocity": 116}, {"time": 1315, "pitch": 47, "duration": 11, "velocity": 93}, {"time": 1315, "pitch": 59, "duration": 11, "velocity": 93}, {"time": 1315, "pitch": 64, "duration": 12, "velocity": 96}, {"time": 1327, "pitch": 47, "duration": 8, "velocity": 93}, {"time": 1327, "pitch": 59, "duration": 11, "velocity": 96}, {"time": 1327, "pitch": 63, "duration": 11, "velocity": 100}, {"time": 1336, "pitch": 47, "duration": 8, "velocity": 94}, {"time": 1339, "pitch": 59, "duration": 10, "velocity": 104}, {"time": 1339, "pitch": 63, "duration": 10, "velocity": 116}, {"time": 1348, "pitch": 47, "duration": 6, "velocity": 110}, {"time": 1351, "pitch": 59, "duration": 7, "velocity": 113}, {"time": 1351, "pitch": 63, "duration": 7, "velocity": 119}, {"time": 1357, "pitch": 47, "duration": 5, "velocity": 113}, {"time": 1363, "pitch": 52, "duration": 47, "velocity": 104}, {"time": 1363, "pitch": 64, "duration": 6, "velocity": 102}, {"time": 1363, "pitch": 67, "duration": 9, "velocity": 110}, {"time": 1363, "pitch": 71, "duration": 10, "velocity": 104}, {"time": 1369, "pitch": 59, "duration": 23, "velocity": 76}, {"time": 1372, "pitch": 64, "duration": 6, "velocity": 88}, {"time": 1375, "pitch": 67, "duration": 8, "velocity": 110}, {"time": 1375, "pitch": 74, "duration": 6, "velocity": 114}, {"time": 1381, "pitch": 64, "duration": 5, "velocity": 81}, {"time": 1384, "pitch": 67, "duration": 6, "velocity": 108}, {"time": 1384, "pitch": 71, "duration": 13, "velocity": 110}, {"time": 1390, "pitch": 62, "duration": 3, "velocity": 88}, {"time": 1390, "pitch": 67, "duration": 8, "velocity": 80}, {"time": 1396, "pitch": 59, "duration": 4, "velocity": 88}, {"time": 1399, "pitch": 67, "duration": 10, "velocity": 119}, {"time": 1399, "pitch": 71, "duration": 10, "velocity": 117}, {"time": 1405, "pitch": 59, "duration": 5, "velocity": 88}, {"time": 1411, "pitch": 43, "duration": 31, "velocity": 92}, {"time": 1411, "pitch": 62, "duration": 10, "velocity": 113}, {"time": 1411, "pitch": 71, "duration": 9, "velocity": 117}, {"time": 1417, "pitch": 50, "duration": 23, "velocity": 74}, {"time": 1420, "pitch": 55, "duration": 5, "velocity": 83}, {"time": 1423, "pitch": 62, "duration": 8, "velocity": 107}, {"time": 1423, "pitch": 67, "duration": 8, "velocity": 114}, {"time": 1429, "pitch": 55, "duration": 10, "velocity": 80}, {"time": 1432, "pitch": 62, "duration": 4, "velocity": 98}, {"time": 1432, "pitch": 67, "duration": 4, "velocity": 113}, {"time": 1432, "pitch": 71, "duration": 3, "velocity": 104}, {"time": 1438, "pitch": 62, "duration": 12, "velocity": 90}, {"time": 1438, "pitch": 67, "duration": 14, "velocity": 93}, {"time": 1438, "pitch": 71, "duration": 13, "velocity": 92}, {"time": 1444, "pitch": 43, "duration": 13, "velocity": 89}, {"time": 1447, "pitch": 55, "duration": 9, "velocity": 89}, {"time": 1453, "pitch": 62, "duration": 4, "velocity": 108}, {"time": 1453, "pitch": 67, "duration": 6, "velocity": 110}, {"time": 1453, "pitch": 71, "duration": 6, "velocity": 102}, {"time": 1459, "pitch": 45, "duration": 45, "velocity": 91}, {"time": 1459, "pitch": 61, "duration": 10, "velocity": 113}, {"time": 1459, "pitch": 69, "duration": 9, "velocity": 110}, {"time": 1465, "pitch": 52, "duration": 31, "velocity": 63}, {"time": 1468, "pitch": 57, "duration": 5, "velocity": 86}, {"time": 1471, "pitch": 64, "duration": 6, "velocity": 110}, {"time": 1471, "pitch": 69, "duration": 6, "velocity": 110}, {"time": 1477, "pitch": 57, "duration": 18, "velocity": 83}, {"time": 1480, "pitch": 61, "duration": 2, "velocity": 113}, {"time": 1480, "pitch": 69, "duration": 1, "velocity": 102}, {"time": 1486, "pitch": 64, "duration": 6, "velocity": 96}, {"time": 1486, "pitch": 69, "duration": 3, "velocity": 92}, {"time": 1492, "pitch": 61, "duration": 2, "velocity": 84}, {"time": 1492, "pitch": 69, "duration": 2, "velocity": 84}, {"time": 1495, "pitch": 61, "duration": 5, "velocity": 106}, {"time": 1495, "pitch": 69, "duration": 4, "velocity": 110}, {"time": 1498, "pitch": 57, "duration": 6, "velocity": 92}, {"time": 1501, "pitch": 64, "duration": 5, "velocity": 114}, {"time": 1501, "pitch": 69, "duration": 5, "velocity": 107}, {"time": 1507, "pitch": 43, "duration": 19, "velocity": 94}, {"time": 1507, "pitch": 59, "duration": 9, "velocity": 113}, {"time": 1507, "pitch": 67, "duration": 9, "velocity": 110}, {"time": 1513, "pitch": 50, "duration": 17, "velocity": 44}, {"time": 1516, "pitch": 55, "duration": 4, "velocity": 88}, {"time": 1519, "pitch": 59, "duration": 7, "velocity": 116}, {"time": 1519, "pitch": 67, "duration": 10, "velocity": 110}, {"time": 1525, "pitch": 55, "duration": 4, "velocity": 85}, {"time": 1531, "pitch": 45, "duration": 25, "velocity": 93}, {"time": 1531, "pitch": 57, "duration": 9, "velocity": 93}, {"time": 1531, "pitch": 61, "duration": 9, "velocity": 100}, {"time": 1531, "pitch": 64, "duration": 10, "velocity": 93}, {"time": 1531, "pitch": 67, "duration": 10, "velocity": 96}, {"time": 1540, "pitch": 52, "duration": 15, "velocity": 91}, {"time": 1543, "pitch": 57, "duration": 12, "velocity": 113}, {"time": 1546, "pitch": 61, "duration": 4, "velocity": 93}, {"time": 1549, "pitch": 64, "duration": 6, "velocity": 102}, {"time": 1552, "pitch": 69, "duration": 3, "velocity": 100}, {"time": 1555, "pitch": 43, "duration": 21, "velocity": 92}, {"time": 1558, "pitch": 50, "duration": 21, "velocity": 87}, {"time": 1561, "pitch": 55, "duration": 8, "velocity": 92}, {"time": 1564, "pitch": 59, "duration": 4, "velocity": 92}, {"time": 1567, "pitch": 67, "duration": 9, "velocity": 114}, {"time": 1570, "pitch": 55, "duration": 9, "velocity": 90}, {"time": 1573, "pitch": 59, "duration": 4, "velocity": 86}, {"time": 1576, "pitch": 62, "duration": 6, "velocity": 108}, {"time": 1579, "pitch": 45, "duration": 19, "velocity": 85}, {"time": 1582, "pitch": 52, "duration": 15, "velocity": 80}, {"time": 1585, "pitch": 57, "duration": 6, "velocity": 85}, {"time": 1588, "pitch": 61, "duration": 15, "velocity": 100}, {"time": 1588, "pitch": 69, "duration": 7, "velocity": 110}, {"time": 1594, "pitch": 57, "duration": 3, "velocity": 88}, {"time": 1597, "pitch": 64, "duration": 8, "velocity": 87}, {"time": 1600, "pitch": 69, "duration": 5, "velocity": 91}, {"time": 1603, "pitch": 42, "duration": 16, "velocity": 88}, {"time": 1606, "pitch": 49, "duration": 14, "velocity": 80}, {"time": 1609, "pitch": 54, "duration": 7, "velocity": 97}, {"time": 1612, "pitch": 57, "duration": 7, "velocity": 96}, {"time": 1615, "pitch": 66, "duration": 14, "velocity": 119}, {"time": 1618, "pitch": 54, "duration": 4, "velocity": 97}, {"time": 1621, "pitch": 57, "duration": 5, "velocity": 91}, {"time": 1624, "pitch": 61, "duration": 4, "velocity": 106}, {"time": 1627, "pitch": 47, "duration": 19, "velocity": 88}, {"time": 1630, "pitch": 54, "duration": 16, "velocity": 82}, {"time": 1633, "pitch": 59, "duration": 7, "velocity": 93}, {"time": 1636, "pitch": 62, "duration": 3, "velocity": 96}, {"time": 1639, "pitch": 62, "duration": 4, "velocity": 81}, {"time": 1639, "pitch": 66, "duration": 4, "velocity": 116}, {"time": 1639, "pitch": 69, "duration": 4, "velocity": 119}, {"time": 1642, "pitch": 59, "duration": 3, "velocity": 110}, {"time": 1645, "pitch": 62, "duration": 8, "velocity": 98}, {"time": 1645, "pitch": 66, "duration": 8, "velocity": 119}, {"time": 1645, "pitch": 69, "duration": 9, "velocity": 96}, {"time": 1651, "pitch": 43, "duration": 21, "velocity": 107}, {"time": 1657, "pitch": 50, "duration": 18, "velocity": 86}, {"time": 1660, "pitch": 55, "duration": 15, "velocity": 107}, {"time": 1663, "pitch": 59, "duration": 4, "velocity": 108}, {"time": 1666, "pitch": 62, "duration": 4, "velocity": 100}, {"time": 1669, "pitch": 67, "duration": 9, "velocity": 96}, {"time": 1672, "pitch": 61, "duration": 6, "velocity": 113}, {"time": 1675, "pitch": 45, "duration": 19, "velocity": 89}, {"time": 1678, "pitch": 52, "duration": 17, "velocity": 86}, {"time": 1681, "pitch": 57, "duration": 7, "velocity": 93}, {"time": 1684, "pitch": 61, "duration": 7, "velocity": 86}, {"time": 1687, "pitch": 64, "duration": 9, "velocity": 94}, {"time": 1690, "pitch": 57, "duration": 5, "velocity": 96}, {"time": 1693, "pitch": 69, "duration": 7, "velocity": 93}, {"time": 1696, "pitch": 61, "duration": 3, "velocity": 86}, {"time": 1699, "pitch": 50, "duration": 40, "velocity": 93}, {"time": 1705, "pitch": 57, "duration": 35, "velocity": 77}, {"time": 1708, "pitch": 62, "duration": 13, "velocity": 89}, {"time": 1711, "pitch": 66, "duration": 5, "velocity": 109}, {"time": 1717, "pitch": 66, "duration": 2, "velocity": 84}, {"time": 1717, "pitch": 69, "duration": 2, "velocity": 30}, {"time": 1720, "pitch": 66, "duration": 7, "velocity": 90}, {"time": 1720, "pitch": 69, "duration": 7, "velocity": 94}, {"time": 1720, "pitch": 74, "duration": 6, "velocity": 100}, {"time": 1726, "pitch": 62, "duration": 6, "velocity": 84}, {"time": 1729, "pitch": 66, "duration": 1, "velocity": 66}, {"time": 1732, "pitch": 66, "duration": 4, "velocity": 82}, {"time": 1732, "pitch": 69, "duration": 6, "velocity": 89}, {"time": 1735, "pitch": 62, "duration": 2, "velocity": 114}, {"time": 1738, "pitch": 66, "duration": 4, "velocity": 100}, {"time": 1741, "pitch": 69, "duration": 5, "velocity": 91}, {"time": 1744, "pitch": 74, "duration": 4, "velocity": 88}, {"time": 1747, "pitch": 43, "duration": 21, "velocity": 91}, {"time": 1747, "pitch": 67, "duration": 4, "velocity": 87}, {"time": 1747, "pitch": 71, "duration": 3, "velocity": 91}, {"time": 1750, "pitch": 50, "duration": 22, "velocity": 86}, {"time": 1753, "pitch": 55, "duration": 5, "velocity": 89}, {"time": 1756, "pitch": 59, "duration": 9, "velocity": 100}, {"time": 1756, "pitch": 67, "duration": 7, "velocity": 104}, {"time": 1762, "pitch": 55, "duration": 7, "velocity": 93}, {"time": 1765, "pitch": 62, "duration": 7, "velocity": 90}, {"time": 1768, "pitch": 59, "duration": 4, "velocity": 96}, {"time": 1771, "pitch": 45, "duration": 18, "velocity": 86}, {"time": 1774, "pitch": 52, "duration": 15, "velocity": 81}, {"time": 1777, "pitch": 57, "duration": 6, "velocity": 89}, {"time": 1780, "pitch": 61, "duration": 4, "velocity": 78}, {"time": 1783, "pitch": 69, "duration": 8, "velocity": 104}, {"time": 1786, "pitch": 57, "duration": 3, "velocity": 94}, {"time": 1789, "pitch": 61, "duration": 4, "velocity": 100}, {"time": 1792, "pitch": 64, "duration": 3, "velocity": 83}, {"time": 1795, "pitch": 42, "duration": 19, "velocity": 90}, {"time": 1795, "pitch": 61, "duration": 6, "velocity": 91}, {"time": 1795, "pitch": 66, "duration": 6, "velocity": 88}, {"time": 1795, "pitch": 69, "duration": 5, "velocity": 92}, {"time": 1801, "pitch": 49, "duration": 13, "velocity": 75}, {"time": 1804, "pitch": 54, "duration": 4, "velocity": 90}, {"time": 1807, "pitch": 57, "duration": 2, "velocity": 93}, {"time": 1807, "pitch": 66, "duration": 5, "velocity": 109}, {"time": 1810, "pitch": 54, "duration": 6, "velocity": 87}, {"time": 1813, "pitch": 57, "duration": 5, "velocity": 83}, {"time": 1813, "pitch": 66, "duration": 2, "velocity": 69}, {"time": 1819, "pitch": 47, "duration": 19, "velocity": 88}, {"time": 1822, "pitch": 54, "duration": 16, "velocity": 83}, {"time": 1825, "pitch": 59, "duration": 7, "velocity": 98}, {"time": 1828, "pitch": 62, "duration": 2, "velocity": 88}, {"time": 1831, "pitch": 62, "duration": 1, "velocity": 76}, {"time": 1831, "pitch": 69, "duration": 9, "velocity": 119}, {"time": 1834, "pitch": 59, "duration": 3, "velocity": 104}, {"time": 1837, "pitch": 62, "duration": 4, "velocity": 110}, {"time": 1840, "pitch": 66, "duration": 5, "velocity": 106}, {"time": 1843, "pitch": 43, "duration": 21, "velocity": 89}, {"time": 1846, "pitch": 50, "duration": 21, "velocity": 83}, {"time": 1849, "pitch": 55, "duration": 7, "velocity": 91}, {"time": 1852, "pitch": 59, "duration": 4, "velocity": 87}, {"time": 1855, "pitch": 67, "duration": 9, "velocity": 114}, {"time": 1858, "pitch": 55, "duration": 7, "velocity": 93}, {"time": 1861, "pitch": 59, "duration": 4, "velocity": 86}, {"time": 1867, "pitch": 45, "duration": 20, "velocity": 88}, {"time": 1870, "pitch": 52, "duration": 17, "velocity": 76}, {"time": 1873, "pitch": 57, "duration": 15, "velocity": 88}, {"time": 1876, "pitch": 61, "duration": 4, "velocity": 89}, {"time": 1879, "pitch": 64, "duration": 6, "velocity": 102}, {"time": 1882, "pitch": 69, "duration": 10, "velocity": 87}, {"time": 1885, "pitch": 61, "duration": 4, "velocity": 86}, {"time": 1888, "pitch": 64, "duration": 3, "velocity": 84}, {"time": 1891, "pitch": 50, "duration": 44, "velocity": 90}, {"time": 1894, "pitch": 57, "duration": 40, "velocity": 81}, {"time": 1897, "pitch": 62, "duration": 8, "velocity": 89}, {"time": 1903, "pitch": 66, "duration": 9, "velocity": 97}, {"time": 1903, "pitch": 74, "duration": 6, "velocity": 94}, {"time": 1909, "pitch": 62, "duration": 12, "velocity": 83}, {"time": 1912, "pitch": 69, "duration": 6, "velocity": 93}, {"time": 1924, "pitch": 62, "duration": 8, "velocity": 84}, {"time": 1927, "pitch": 66, "duration": 6, "velocity": 106}, {"time": 1927, "pitch": 74, "duration": 6, "velocity": 110}, {"time": 1939, "pitch": 43, "duration": 21, "velocity": 92}, {"time": 1942, "pitch": 50, "duration": 21, "velocity": 87}, {"time": 1945, "pitch": 55, "duration": 8, "velocity": 92}, {"time": 1948, "pitch": 59, "duration": 4, "velocity": 92}, {"time": 1954, "pitch": 55, "duration": 9, "velocity": 90}, {"time": 1957, "pitch": 59, "duration": 4, "velocity": 86}, {"time": 1966, "pitch": 52, "duration": 15, "velocity": 80}, {"time": 1969, "pitch": 57, "duration": 6, "velocity": 85}, {"time": 1972, "pitch": 61, "duration": 15, "velocity": 100}, {"time": 1972, "pitch": 69, "duration": 7, "velocity": 110}, {"time": 1978, "pitch": 57, "duration": 3, "velocity": 88}, {"time": 1981, "pitch": 64, "duration": 8, "velocity": 87}, {"time": 1984, "pitch": 69, "duration": 5, "velocity": 91}, {"time": 1987, "pitch": 42, "duration": 16, "velocity": 88}, {"time": 1990, "pitch": 49, "duration": 14, "velocity": 80}, {"time": 1993, "pitch": 54, "duration": 7, "velocity": 97}, {"time": 1996, "pitch": 57, "duration": 7, "velocity": 96}, {"time": 1999, "pitch": 66, "duration": 14, "velocity": 119}, {"time": 2002, "pitch": 54, "duration": 4, "velocity": 97}, {"time": 2005, "pitch": 57, "duration": 5, "velocity": 91}, {"time": 2011, "pitch": 47, "duration": 19, "velocity": 88}, {"time": 2014, "pitch": 54, "duration": 16, "velocity": 82}, {"time": 2017, "pitch": 59, "duration": 7, "velocity": 93}, {"time": 2020, "pitch": 62, "duration": 3, "velocity": 96}, {"time": 2023, "pitch": 62, "duration": 4, "velocity": 81}, {"time": 2023, "pitch": 66, "duration": 4, "velocity": 116}, {"time": 2023, "pitch": 69, "duration": 4, "velocity": 119}, {"time": 2026, "pitch": 59, "duration": 3, "velocity": 110}, {"time": 2029, "pitch": 62, "duration": 8, "velocity": 98}, {"time": 2029, "pitch": 66, "duration": 8, "velocity": 119}, {"time": 2029, "pitch": 69, "duration": 9, "velocity": 96}, {"time": 2035, "pitch": 43, "duration": 21, "velocity": 107}, {"time": 2041, "pitch": 50, "duration": 18, "velocity": 86}, {"time": 2044, "pitch": 55, "duration": 15, "velocity": 107}, {"time": 2047, "pitch": 59, "duration": 4, "velocity": 108}, {"time": 2050, "pitch": 62, "duration": 4, "velocity": 100}, {"time": 2053, "pitch": 67, "duration": 9, "velocity": 96}, {"time": 2056, "pitch": 61, "duration": 6, "velocity": 113}, {"time": 2059, "pitch": 45, "duration": 19, "velocity": 89}, {"time": 2062, "pitch": 52, "duration": 17, "velocity": 86}, {"time": 2065, "pitch": 57, "duration": 7, "velocity": 93}, {"time": 2068, "pitch": 61, "duration": 7, "velocity": 86}, {"time": 2071, "pitch": 64, "duration": 9, "velocity": 94}, {"time": 2074, "pitch": 57, "duration": 5, "velocity": 96}, {"time": 2077, "pitch": 69, "duration": 7, "velocity": 93}, {"time": 2080, "pitch": 61, "duration": 3, "velocity": 86}, {"time": 2083, "pitch": 50, "duration": 40, "velocity": 93}, {"time": 2089, "pitch": 57, "duration": 35, "velocity": 77}, {"time": 2092, "pitch": 62, "duration": 13, "velocity": 89}, {"time": 2095, "pitch": 66, "duration": 5, "velocity": 109}, {"time": 2101, "pitch": 66, "duration": 2, "velocity": 84}, {"time": 2101, "pitch": 69, "duration": 2, "velocity": 30}, {"time": 2104, "pitch": 66, "duration": 7, "velocity": 90}, {"time": 2104, "pitch": 69, "duration": 7, "velocity": 94}, {"time": 2104, "pitch": 74, "duration": 6, "velocity": 100}, {"time": 2110, "pitch": 62, "duration": 6, "velocity": 84}, {"time": 2113, "pitch": 66, "duration": 1, "velocity": 66}, {"time": 2116, "pitch": 66, "duration": 4, "velocity": 82}, {"time": 2116, "pitch": 69, "duration": 6, "velocity": 89}, {"time": 2119, "pitch": 62, "duration": 2, "velocity": 114}, {"time": 2122, "pitch": 66, "duration": 4, "velocity": 100}, {"time": 2125, "pitch": 69, "duration": 5, "velocity": 91}, {"time": 2128, "pitch": 74, "duration": 4, "velocity": 88}, {"time": 2131, "pitch": 43, "duration": 21, "velocity": 91}, {"time": 2131, "pitch": 67, "duration": 4, "velocity": 87}, {"time": 2131, "pitch": 71, "duration": 3, "velocity": 91}, {"time": 2134, "pitch": 50, "duration": 22, "velocity": 86}, {"time": 2137, "pitch": 55, "duration": 5, "velocity": 89}, {"time": 2140, "pitch": 59, "duration": 9, "velocity": 100}, {"time": 2140, "pitch": 67, "duration": 7, "velocity": 104}, {"time": 2146, "pitch": 55, "duration": 7, "velocity": 93}, {"time": 2149, "pitch": 62, "duration": 7, "velocity": 90}, {"time": 2152, "pitch": 59, "duration": 4, "velocity": 96}, {"time": 2155, "pitch": 45, "duration": 18, "velocity": 86}, {"time": 2158, "pitch": 52, "duration": 15, "velocity": 81}, {"time": 2161, "pitch": 57, "duration": 6, "velocity": 89}, {"time": 2164, "pitch": 61, "duration": 4, "velocity": 78}, {"time": 2167, "pitch": 69, "duration": 8, "velocity": 104}, {"time": 2170, "pitch": 57, "duration": 3, "velocity": 94}, {"time": 2173, "pitch": 61, "duration": 4, "velocity": 100}, {"time": 2176, "pitch": 64, "duration": 3, "velocity": 83}, {"time": 2179, "pitch": 42, "duration": 19, "velocity": 90}, {"time": 2179, "pitch": 61, "duration": 6, "velocity": 91}, {"time": 2179, "pitch": 66, "duration": 6, "velocity": 88}, {"time": 2179, "pitch": 69, "duration": 5, "velocity": 92}, {"time": 2185, "pitch": 49, "duration": 13, "velocity": 75}, {"time": 2188, "pitch": 54, "duration": 4, "velocity": 90}, {"time": 2191, "pitch": 57, "duration": 2, "velocity": 93}, {"time": 2191, "pitch": 66, "duration": 5, "velocity": 109}, {"time": 2194, "pitch": 54, "duration": 6, "velocity": 87}, {"time": 2197, "pitch": 57, "duration": 5, "velocity": 83}, {"time": 2197, "pitch": 66, "duration": 2, "velocity": 69}, {"time": 2203, "pitch": 47, "duration": 19, "velocity": 88}, {"time": 2206, "pitch": 54, "duration": 16, "velocity": 83}, {"time": 2209, "pitch": 59, "duration": 7, "velocity": 98}, {"time": 2212, "pitch": 62, "duration": 2, "velocity": 88}, {"time": 2215, "pitch": 62, "duration": 1, "velocity": 76}, {"time": 2215, "pitch": 69, "duration": 9, "velocity": 119}, {"time": 2218, "pitch": 59, "duration": 3, "velocity": 104}, {"time": 2221, "pitch": 62, "duration": 4, "velocity": 110}, {"time": 2224, "pitch": 66, "duration": 5, "velocity": 106}, {"time": 2227, "pitch": 43, "duration": 21, "velocity": 89}, {"time": 2230, "pitch": 50, "duration": 21, "velocity": 83}, {"time": 2233, "pitch": 55, "duration": 7, "velocity": 91}, {"time": 2236, "pitch": 59, "duration": 4, "velocity": 87}, {"time": 2239, "pitch": 67, "duration": 9, "velocity": 114}, {"time": 2242, "pitch": 55, "duration": 7, "velocity": 93}, {"time": 2245, "pitch": 59, "duration": 4, "velocity": 86}, {"time": 2251, "pitch": 45, "duration": 20, "velocity": 88}, {"time": 2254, "pitch": 52, "duration": 17, "velocity": 76}, {"time": 2257, "pitch": 57, "duration": 15, "velocity": 88}, {"time": 2260, "pitch": 61, "duration": 4, "velocity": 89}, {"time": 2263, "pitch": 64, "duration": 6, "velocity": 102}, {"time": 2266, "pitch": 69, "duration": 10, "velocity": 87}, {"time": 2269, "pitch": 61, "duration": 4, "velocity": 86}, {"time": 2272, "pitch": 64, "duration": 3, "velocity": 84}, {"time": 2275, "pitch": 50, "duration": 44, "velocity": 90}, {"time": 2278, "pitch": 57, "duration": 40, "velocity": 81}, {"time": 2287, "pitch": 66, "duration": 9, "velocity": 97}, {"time": 2287, "pitch": 74, "duration": 6, "velocity": 94}, {"time": 2293, "pitch": 62, "duration": 12, "velocity": 83}, {"time": 2296, "pitch": 69, "duration": 6, "velocity": 93}, {"time": 2302, "pitch": 66, "duration": 7, "velocity": 81}, {"time": 2308, "pitch": 62, "duration": 8, "velocity": 84}, {"time": 2311, "pitch": 66, "duration": 6, "velocity": 106}, {"time": 2311, "pitch": 74, "duration": 6, "velocity": 110}, {"time": 2323, "pitch": 59, "duration": 21, "velocity": 80}, {"time": 2323, "pitch": 67, "duration": 22, "velocity": 83}, {"time": 2325, "pitch": 43, "duration": 20, "velocity": 73}, {"time": 2347, "pitch": 45, "duration": 18, "velocity": 84}, {"time": 2355, "pitch": 52, "duration": 11, "velocity": 40}, {"time": 2359, "pitch": 57, "duration": 30, "velocity": 76}, {"time": 2365, "pitch": 62, "duration": 6, "velocity": 85}, {"time": 2371, "pitch": 42, "duration": 18, "velocity": 66}, {"time": 2371, "pitch": 61, "duration": 18, "velocity": 79}, {"time": 2395, "pitch": 47, "duration": 18, "velocity": 76}, {"time": 2395, "pitch": 66, "duration": 12, "velocity": 85}, {"time": 2407, "pitch": 59, "duration": 10, "velocity": 83}, {"time": 2407, "pitch": 64, "duration": 12, "velocity": 84}, {"time": 2419, "pitch": 43, "duration": 19, "velocity": 77}, {"time": 2419, "pitch": 59, "duration": 25, "velocity": 81}, {"time": 2419, "pitch": 62, "duration": 24, "velocity": 81}, {"time": 2443, "pitch": 45, "duration": 16, "velocity": 71}, {"time": 2443, "pitch": 57, "duration": 20, "velocity": 76}, {"time": 2443, "pitch": 64, "duration": 16, "velocity": 80}, {"time": 2467, "pitch": 45, "duration": 17, "velocity": 74}, {"time": 2473, "pitch": 52, "duration": 11, "velocity": 65}, {"time": 2479, "pitch": 57, "duration": 25, "velocity": 66}, {"time": 2485, "pitch": 64, "duration": 9, "velocity": 78}, {"time": 2491, "pitch": 38, "duration": 47, "velocity": 81}, {"time": 2499, "pitch": 45, "duration": 40, "velocity": 50}, {"time": 2505, "pitch": 50, "duration": 33, "velocity": 70}, {"time": 2511, "pitch": 55, "duration": 8, "velocity": 67}, {"time": 2520, "pitch": 54, "duration": 19, "velocity": 71}], "annotations": [{"time": 211, "annotation": {"number": 64, "value": 127}, "group": "control_change"}, {"time": 234, "annotation": {"number": 64, "value": 38}, "group": "control_change"}, {"time": 234, "annotation": {"number": 64, "value": 0}, "group": "control_change"}, {"time": 236, "annotation": {"number": 64, "value": 127}, "group": "control_change"}, {"time": 257, "annotation": {"number": 64, "value": 0}, "group": "control_change"}, {"time": 259, "annotation": {"number": 64, "value": 127}, "group": "control_change"}, {"time": 270, "annotation": {"number": 64, "value": 38}, "group": "control_change"}, {"time": 270, "annotation": {"number": 64, "value": 0}, "group": "control_change"}, {"time": 271, "annotation": {"number": 64, "value": 127}, "group": "control_change"}, {"time": 281, "annotation": {"number": 64, "value": 74}, "group": "control_change"}, {"time": 281, "annotation": {"number": 64, "value": 0}, "group": "control_change"}, {"time": 283, "annotation": {"number": 64, "value": 127}, "group": "control_change"}, {"time": 305, "annotation": {"number": 64, "value": 74}, "group": "control_change"}, {"time": 305, "annotation": {"number": 64, "value": 0}, "group": "control_change"}, {"time": 307, "annotation": {"number": 64, "value": 127}, "group": "control_change"}, {"time": 318, "annotation": {"number": 64, "value": 38}, "group": "control_change"}, {"time": 318, "annotation": {"number": 64, "value": 0}, "group": "control_change"}, {"time": 319, "annotation": {"number": 64, "value": 127}, "group": "control_change"}, {"time": 329, "annotation": {"number": 64, "value": 74}, "group": "control_change"}, {"time": 329, "annotation": {"number": 64, "value": 0}, "group": "control_change"}, {"time": 331, "annotation": {"number": 64, "value": 127}, "group": "control_change"}, {"time": 353, "annotation": {"number": 64, "value": 38}, "group": "control_change"}, {"time": 354, "annotation": {"number": 64, "value": 0}, "group": "control_change"}, {"time": 355, "annotation": {"number": 64, "value": 127}, "group": "control_change"}, {"time": 376, "annotation": {"number": 64, "value": 38}, "group": "control_change"}, {"time": 376, "annotation": {"number": 64, "value": 0}, "group": "control_change"}, {"time": 379, "annotation": {"number": 64, "value": 127}, "group": "control_change"}, {"time": 380, "annotation": {"number": 64, "value": 127}, "group": "control_change"}, {"time": 382, "annotation": {"number": 64, "value": 38}, "group": "control_change"}, {"time": 382, "annotation": {"number": 64, "value": 0}, "group": "control_change"}, {"time": 401, "annotation": {"number": 64, "value": 38}, "group": "control_change"}, {"time": 402, "annotation": {"number": 64, "value": 0}, "group": "control_change"}, {"time": 403, "annotation": {"number": 64, "value": 127}, "group": "control_change"}, {"time": 425, "annotation": {"number": 64, "value": 0}, "group": "control_change"}, {"time": 427, "annotation": {"number": 64, "value": 127}, "group": "control_change"}, {"time": 449, "annotation": {"number": 64, "value": 74}, "group": "control_change"}, {"time": 449, "annotation": {"number": 64, "value": 0}, "group": "control_change"}, {"time": 451, "annotation": {"number": 64, "value": 127}, "group": "control_change"}, {"time": 473, "annotation": {"number": 64, "value": 74}, "group": "control_change"}, {"time": 473, "annotation": {"number": 64, "value": 0}, "group": "control_change"}, {"time": 475, "annotation": {"number": 64, "value": 127}, "group": "control_change"}, {"time": 497, "annotation": {"number": 64, "value": 38}, "group": "control_change"}, {"time": 497, "annotation": {"number": 64, "value": 0}, "group": "control_change"}, {"time": 499, "annotation": {"number": 64, "value": 127}, "group": "control_change"}, {"time": 520, "annotation": {"number": 64, "value": 74}, "group": "control_change"}, {"time": 521, "annotation": {"number": 64, "value": 0}, "group": "control_change"}, {"time": 523, "annotation": {"number": 64, "value": 127}, "group": "control_change"}, {"time": 545, "annotation": {"number": 64, "value": 0}, "group": "control_change"}, {"time": 547, "annotation": {"number": 64, "value": 127}, "group": "control_change"}, {"time": 569, "annotation": {"number": 64, "value": 38}, "group": "control_change"}, {"time": 569, "annotation": {"number": 64, "value": 0}, "group": "control_change"}, {"time": 571, "annotation": {"number": 64, "value": 127}, "group": "control_change"}, {"time": 591, "annotation": {"number": 64, "value": 74}, "group": "control_change"}, {"time": 592, "annotation": {"number": 64, "value": 0}, "group": "control_change"}, {"time": 594, "annotation": {"number": 64, "value": 127}, "group": "control_change"}, {"time": 618, "annotation": {"number": 64, "value": 38}, "group": "control_change"}, {"time": 618, "annotation": {"number": 64, "value": 0}, "group": "control_change"}, {"time": 619, "annotation": {"number": 64, "value": 127}, "group": "control_change"}, {"time": 641, "annotation": {"number": 64, "value": 0}, "group": "control_change"}, {"time": 643, "annotation": {"number": 64, "value": 127}, "group": "control_change"}, {"time": 664, "annotation": {"number": 64, "value": 74}, "group": "control_change"}, {"time": 665, "annotation": {"number": 64, "value": 0}, "group": "control_change"}, {"time": 667, "annotation": {"number": 64, "value": 127}, "group": "control_change"}, {"time": 688, "annotation": {"number": 64, "value": 74}, "group": "control_change"}, {"time": 688, "annotation": {"number": 64, "value": 0}, "group": "control_change"}, {"time": 691, "annotation": {"number": 64, "value": 127}, "group": "control_change"}, {"time": 713, "annotation": {"number": 64, "value": 0}, "group": "control_change"}, {"time": 715, "annotation": {"number": 64, "value": 127}, "group": "control_change"}, {"time": 737, "annotation": {"number": 64, "value": 74}, "group": "control_change"}, {"time": 737, "annotation": {"number": 64, "value": 0}, "group": "control_change"}, {"time": 739, "annotation": {"number": 64, "value": 74}, "group": "control_change"}, {"time": 739, "annotation": {"number": 64, "value": 127}, "group": "control_change"}, {"time": 739, "annotation": {"number": 64, "value": 38}, "group": "control_change"}, {"time": 760, "annotation": {"number": 64, "value": 0}, "group": "control_change"}, {"time": 761, "annotation": {"number": 64, "value": 38}, "group": "control_change"}, {"time": 761, "annotation": {"number": 64, "value": 0}, "group": "control_change"}, {"time": 762, "annotation": {"number": 64, "value": 127}, "group": "control_change"}, {"time": 763, "annotation": {"number": 64, "value": 127}, "group": "control_change"}, {"time": 766, "annotation": {"number": 64, "value": 0}, "group": "control_change"}, {"time": 771, "annotation": {"number": 64, "value": 0}, "group": "control_change"}, {"time": 772, "annotation": {"number": 64, "value": 127}, "group": "control_change"}, {"time": 785, "annotation": {"number": 64, "value": 0}, "group": "control_change"}, {"time": 788, "annotation": {"number": 64, "value": 127}, "group": "control_change"}, {"time": 809, "annotation": {"number": 64, "value": 38}, "group": "control_change"}, {"time": 809, "annotation": {"number": 64, "value": 0}, "group": "control_change"}, {"time": 811, "annotation": {"number": 64, "value": 74}, "group": "control_change"}, {"time": 811, "annotation": {"number": 64, "value": 127}, "group": "control_change"}, {"time": 834, "annotation": {"number": 64, "value": 0}, "group": "control_change"}, {"time": 835, "annotation": {"number": 64, "value": 74}, "group": "control_change"}, {"time": 835, "annotation": {"number": 64, "value": 127}, "group": "control_change"}, {"time": 856, "annotation": {"number": 64, "value": 38}, "group": "control_change"}, {"time": 856, "annotation": {"number": 64, "value": 0}, "group": "control_change"}, {"time": 859, "annotation": {"number": 64, "value": 127}, "group": "control_change"}, {"time": 880, "annotation": {"number": 64, "value": 38}, "group": "control_change"}, {"time": 880, "annotation": {"number": 64, "value": 0}, "group": "control_change"}, {"time": 883, "annotation": {"number": 64, "value": 127}, "group": "control_change"}, {"time": 894, "annotation": {"number": 64, "value": 38}, "group": "control_change"}, {"time": 894, "annotation": {"number": 64, "value": 0}, "group": "control_change"}, {"time": 895, "annotation": {"number": 64, "value": 127}, "group": "control_change"}, {"time": 905, "annotation": {"number": 64, "value": 74}, "group": "control_change"}, {"time": 905, "annotation": {"number": 64, "value": 0}, "group": "control_change"}, {"time": 907, "annotation": {"number": 64, "value": 127}, "group": "control_change"}, {"time": 928, "annotation": {"number": 64, "value": 74}, "group": "control_change"}, {"time": 928, "annotation": {"number": 64, "value": 0}, "group": "control_change"}, {"time": 931, "annotation": {"number": 64, "value": 74}, "group": "control_change"}, {"time": 931, "annotation": {"number": 64, "value": 127}, "group": "control_change"}, {"time": 946, "annotation": {"number": 64, "value": 38}, "group": "control_change"}, {"time": 947, "annotation": {"number": 64, "value": 0}, "group": "control_change"}, {"time": 953, "annotation": {"number": 64, "value": 74}, "group": "control_change"}, {"time": 953, "annotation": {"number": 64, "value": 0}, "group": "control_change"}, {"time": 954, "annotation": {"number": 64, "value": 127}, "group": "control_change"}, {"time": 977, "annotation": {"number": 64, "value": 38}, "group": "control_change"}, {"time": 978, "annotation": {"number": 64, "value": 0}, "group": "control_change"}, {"time": 979, "annotation": {"number": 64, "value": 127}, "group": "control_change"}, {"time": 1002, "annotation": {"number": 64, "value": 38}, "group": "control_change"}, {"time": 1002, "annotation": {"number": 64, "value": 0}, "group": "control_change"}, {"time": 1004, "annotation": {"number": 64, "value": 127}, "group": "control_change"}, {"time": 1025, "annotation": {"number": 64, "value": 0}, "group": "control_change"}, {"time": 1027, "annotation": {"number": 64, "value": 127}, "group": "control_change"}, {"time": 1038, "annotation": {"number": 64, "value": 38}, "group": "control_change"}, {"time": 1038, "annotation": {"number": 64, "value": 0}, "group": "control_change"}, {"time": 1039, "annotation": {"number": 64, "value": 127}, "group": "control_change"}, {"time": 1049, "annotation": {"number": 64, "value": 74}, "group": "control_change"}, {"time": 1049, "annotation": {"number": 64, "value": 0}, "group": "control_change"}, {"time": 1051, "annotation": {"number": 64, "value": 127}, "group": "control_change"}, {"time": 1073, "annotation": {"number": 64, "value": 74}, "group": "control_change"}, {"time": 1073, "annotation": {"number": 64, "value": 0}, "group": "control_change"}, {"time": 1075, "annotation": {"number": 64, "value": 127}, "group": "control_change"}, {"time": 1086, "annotation": {"number": 64, "value": 38}, "group": "control_change"}, {"time": 1086, "annotation": {"number": 64, "value": 0}, "group": "control_change"}, {"time": 1087, "annotation": {"number": 64, "value": 127}, "group": "control_change"}, {"time": 1097, "annotation": {"number": 64, "value": 74}, "group": "control_change"}, {"time": 1097, "annotation": {"number": 64, "value": 0}, "group": "control_change"}, {"time": 1099, "annotation": {"number": 64, "value": 127}, "group": "control_change"}, {"time": 1121, "annotation": {"number": 64, "value": 38}, "group": "control_change"}, {"time": 1122, "annotation": {"number": 64, "value": 0}, "group": "control_change"}, {"time": 1123, "annotation": {"number": 64, "value": 127}, "group": "control_change"}, {"time": 1144, "annotation": {"number": 64, "value": 38}, "group": "control_change"}, {"time": 1144, "annotation": {"number": 64, "value": 0}, "group": "control_change"}, {"time": 1147, "annotation": {"number": 64, "value": 127}, "group": "control_change"}, {"time": 1148, "annotation": {"number": 64, "value": 127}, "group": "control_change"}, {"time": 1150, "annotation": {"number": 64, "value": 38}, "group": "control_change"}, {"time": 1150, "annotation": {"number": 64, "value": 0}, "group": "control_change"}, {"time": 1169, "annotation": {"number": 64, "value": 38}, "group": "control_change"}, {"time": 1170, "annotation": {"number": 64, "value": 0}, "group": "control_change"}, {"time": 1578, "annotation": {"number": 64, "value": 38}, "group": "control_change"}, {"time": 1578, "annotation": {"number": 64, "value": 0}, "group": "control_change"}, {"time": 1579, "annotation": {"number": 64, "value": 127}, "group": "control_change"}, {"time": 1601, "annotation": {"number": 64, "value": 0}, "group": "control_change"}, {"time": 1603, "annotation": {"number": 64, "value": 127}, "group": "control_change"}, {"time": 1624, "annotation": {"number": 64, "value": 74}, "group": "control_change"}, {"time": 1625, "annotation": {"number": 64, "value": 0}, "group": "control_change"}, {"time": 1627, "annotation": {"number": 64, "value": 127}, "group": "control_change"}, {"time": 1648, "annotation": {"number": 64, "value": 74}, "group": "control_change"}, {"time": 1648, "annotation": {"number": 64, "value": 0}, "group": "control_change"}, {"time": 1651, "annotation": {"number": 64, "value": 127}, "group": "control_change"}, {"time": 1673, "annotation": {"number": 64, "value": 0}, "group": "control_change"}, {"time": 1675, "annotation": {"number": 64, "value": 127}, "group": "control_change"}, {"time": 1697, "annotation": {"number": 64, "value": 74}, "group": "control_change"}, {"time": 1697, "annotation": {"number": 64, "value": 0}, "group": "control_change"}, {"time": 1699, "annotation": {"number": 64, "value": 74}, "group": "control_change"}, {"time": 1699, "annotation": {"number": 64, "value": 127}, "group": "control_change"}, {"time": 1699, "annotation": {"number": 64, "value": 38}, "group": "control_change"}, {"time": 1720, "annotation": {"number": 64, "value": 0}, "group": "control_change"}, {"time": 1721, "annotation": {"number": 64, "value": 38}, "group": "control_change"}, {"time": 1721, "annotation": {"number": 64, "value": 0}, "group": "control_change"}, {"time": 1722, "annotation": {"number": 64, "value": 127}, "group": "control_change"}, {"time": 1723, "annotation": {"number": 64, "value": 127}, "group": "control_change"}, {"time": 1726, "annotation": {"number": 64, "value": 0}, "group": "control_change"}, {"time": 1731, "annotation": {"number": 64, "value": 0}, "group": "control_change"}, {"time": 1732, "annotation": {"number": 64, "value": 127}, "group": "control_change"}, {"time": 1745, "annotation": {"number": 64, "value": 0}, "group": "control_change"}, {"time": 1748, "annotation": {"number": 64, "value": 127}, "group": "control_change"}, {"time": 1769, "annotation": {"number": 64, "value": 38}, "group": "control_change"}, {"time": 1769, "annotation": {"number": 64, "value": 0}, "group": "control_change"}, {"time": 1771, "annotation": {"number": 64, "value": 74}, "group": "control_change"}, {"time": 1771, "annotation": {"number": 64, "value": 127}, "group": "control_change"}, {"time": 1794, "annotation": {"number": 64, "value": 0}, "group": "control_change"}, {"time": 1795, "annotation": {"number": 64, "value": 74}, "group": "control_change"}, {"time": 1795, "annotation": {"number": 64, "value": 127}, "group": "control_change"}, {"time": 1816, "annotation": {"number": 64, "value": 38}, "group": "control_change"}, {"time": 1816, "annotation": {"number": 64, "value": 0}, "group": "control_change"}, {"time": 1819, "annotation": {"number": 64, "value": 127}, "group": "control_change"}, {"time": 1840, "annotation": {"number": 64, "value": 38}, "group": "control_change"}, {"time": 1840, "annotation": {"number": 64, "value": 0}, "group": "control_change"}, {"time": 1843, "annotation": {"number": 64, "value": 127}, "group": "control_change"}, {"time": 1854, "annotation": {"number": 64, "value": 38}, "group": "control_change"}, {"time": 1854, "annotation": {"number": 64, "value": 0}, "group": "control_change"}, {"time": 1855, "annotation": {"number": 64, "value": 127}, "group": "control_change"}, {"time": 1865, "annotation": {"number": 64, "value": 74}, "group": "control_change"}, {"time": 1865, "annotation": {"number": 64, "value": 0}, "group": "control_change"}, {"time": 1867, "annotation": {"number": 64, "value": 127}, "group": "control_change"}, {"time": 1888, "annotation": {"number": 64, "value": 74}, "group": "control_change"}, {"time": 1888, "annotation": {"number": 64, "value": 0}, "group": "control_change"}, {"time": 1891, "annotation": {"number": 64, "value": 74}, "group": "control_change"}, {"time": 1891, "annotation": {"number": 64, "value": 127}, "group": "control_change"}, {"time": 1906, "annotation": {"number": 64, "value": 38}, "group": "control_change"}, {"time": 1907, "annotation": {"number": 64, "value": 0}, "group": "control_change"}, {"time": 1913, "annotation": {"number": 64, "value": 74}, "group": "control_change"}, {"time": 1913, "annotation": {"number": 64, "value": 0}, "group": "control_change"}, {"time": 1914, "annotation": {"number": 64, "value": 127}, "group": "control_change"}, {"time": 1937, "annotation": {"number": 64, "value": 38}, "group": "control_change"}, {"time": 1938, "annotation": {"number": 64, "value": 0}, "group": "control_change"}, {"time": 1962, "annotation": {"number": 64, "value": 38}, "group": "control_change"}, {"time": 1962, "annotation": {"number": 64, "value": 0}, "group": "control_change"}, {"time": 1963, "annotation": {"number": 64, "value": 127}, "group": "control_change"}, {"time": 1985, "annotation": {"number": 64, "value": 0}, "group": "control_change"}, {"time": 1987, "annotation": {"number": 64, "value": 127}, "group": "control_change"}, {"time": 2008, "annotation": {"number": 64, "value": 74}, "group": "control_change"}, {"time": 2009, "annotation": {"number": 64, "value": 0}, "group": "control_change"}, {"time": 2011, "annotation": {"number": 64, "value": 127}, "group": "control_change"}, {"time": 2032, "annotation": {"number": 64, "value": 74}, "group": "control_change"}, {"time": 2032, "annotation": {"number": 64, "value": 0}, "group": "control_change"}, {"time": 2035, "annotation": {"number": 64, "value": 127}, "group": "control_change"}, {"time": 2057, "annotation": {"number": 64, "value": 0}, "group": "control_change"}, {"time": 2059, "annotation": {"number": 64, "value": 127}, "group": "control_change"}, {"time": 2081, "annotation": {"number": 64, "value": 74}, "group": "control_change"}, {"time": 2081, "annotation": {"number": 64, "value": 0}, "group": "control_change"}, {"time": 2083, "annotation": {"number": 64, "value": 74}, "group": "control_change"}, {"time": 2083, "annotation": {"number": 64, "value": 127}, "group": "control_change"}, {"time": 2083, "annotation": {"number": 64, "value": 38}, "group": "control_change"}, {"time": 2104, "annotation": {"number": 64, "value": 0}, "group": "control_change"}, {"time": 2105, "annotation": {"number": 64, "value": 38}, "group": "control_change"}, {"time": 2105, "annotation": {"number": 64, "value": 0}, "group": "control_change"}, {"time": 2106, "annotation": {"number": 64, "value": 127}, "group": "control_change"}, {"time": 2107, "annotation": {"number": 64, "value": 127}, "group": "control_change"}, {"time": 2110, "annotation": {"number": 64, "value": 0}, "group": "control_change"}, {"time": 2115, "annotation": {"number": 64, "value": 0}, "group": "control_change"}, {"time": 2116, "annotation": {"number": 64, "value": 127}, "group": "control_change"}, {"time": 2129, "annotation": {"number": 64, "value": 0}, "group": "control_change"}, {"time": 2132, "annotation": {"number": 64, "value": 127}, "group": "control_change"}, {"time": 2153, "annotation": {"number": 64, "value": 38}, "group": "control_change"}, {"time": 2153, "annotation": {"number": 64, "value": 0}, "group": "control_change"}, {"time": 2155, "annotation": {"number": 64, "value": 74}, "group": "control_change"}, {"time": 2155, "annotation": {"number": 64, "value": 127}, "group": "control_change"}, {"time": 2178, "annotation": {"number": 64, "value": 0}, "group": "control_change"}, {"time": 2179, "annotation": {"number": 64, "value": 74}, "group": "control_change"}, {"time": 2179, "annotation": {"number": 64, "value": 127}, "group": "control_change"}, {"time": 2200, "annotation": {"number": 64, "value": 38}, "group": "control_change"}, {"time": 2200, "annotation": {"number": 64, "value": 0}, "group": "control_change"}, {"time": 2203, "annotation": {"number": 64, "value": 127}, "group": "control_change"}, {"time": 2224, "annotation": {"number": 64, "value": 38}, "group": "control_change"}, {"time": 2224, "annotation": {"number": 64, "value": 0}, "group": "control_change"}, {"time": 2227, "annotation": {"number": 64, "value": 127}, "group": "control_change"}, {"time": 2238, "annotation": {"number": 64, "value": 38}, "group": "control_change"}, {"time": 2238, "annotation": {"number": 64, "value": 0}, "group": "control_change"}, {"time": 2239, "annotation": {"number": 64, "value": 127}, "group": "control_change"}, {"time": 2249, "annotation": {"number": 64, "value": 74}, "group": "control_change"}, {"time": 2249, "annotation": {"number": 64, "value": 0}, "group": "control_change"}, {"time": 2251, "annotation": {"number": 64, "value": 127}, "group": "control_change"}, {"time": 2272, "annotation": {"number": 64, "value": 74}, "group": "control_change"}, {"time": 2272, "annotation": {"number": 64, "value": 0}, "group": "control_change"}, {"time": 2275, "annotation": {"number": 64, "value": 74}, "group": "control_change"}, {"time": 2275, "annotation": {"number": 64, "value": 127}, "group": "control_change"}, {"time": 2290, "annotation": {"number": 64, "value": 38}, "group": "control_change"}, {"time": 2291, "annotation": {"number": 64, "value": 0}, "group": "control_change"}, {"time": 2297, "annotation": {"number": 64, "value": 74}, "group": "control_change"}, {"time": 2297, "annotation": {"number": 64, "value": 0}, "group": "control_change"}, {"time": 2298, "annotation": {"number": 64, "value": 127}, "group": "control_change"}, {"time": 2321, "annotation": {"number": 64, "value": 38}, "group": "control_change"}, {"time": 2322, "annotation": {"number": 64, "value": 0}, "group": "control_change"}]}]}