{"metadata": {"schema_version": "0.2", "title": "None", "source_filename": "281.mid", "source_format": "midi"}, "resolution": 12, "tempos": [{"time": 0, "qpm": 69.00009660013524}], "time_signatures": [{"time": 0, "numerator": 4, "denominator": 4}], "tracks": [{"program": 0, "is_drum": false, "name": "MELODY", "notes": [{"time": 188, "pitch": 64, "duration": 1, "velocity": 96}, {"time": 191, "pitch": 64, "duration": 1, "velocity": 89}, {"time": 194, "pitch": 69, "duration": 3, "velocity": 108}, {"time": 200, "pitch": 67, "duration": 1, "velocity": 96}, {"time": 203, "pitch": 69, "duration": 3, "velocity": 108}, {"time": 209, "pitch": 69, "duration": 4, "velocity": 113}, {"time": 236, "pitch": 64, "duration": 1, "velocity": 94}, {"time": 239, "pitch": 64, "duration": 1, "velocity": 89}, {"time": 242, "pitch": 67, "duration": 3, "velocity": 104}, {"time": 248, "pitch": 64, "duration": 1, "velocity": 94}, {"time": 251, "pitch": 67, "duration": 3, "velocity": 107}, {"time": 257, "pitch": 67, "duration": 3, "velocity": 113}, {"time": 284, "pitch": 64, "duration": 1, "velocity": 92}, {"time": 287, "pitch": 64, "duration": 1, "velocity": 96}, {"time": 290, "pitch": 69, "duration": 3, "velocity": 114}, {"time": 296, "pitch": 67, "duration": 1, "velocity": 104}, {"time": 299, "pitch": 69, "duration": 3, "velocity": 110}, {"time": 305, "pitch": 69, "duration": 4, "velocity": 114}, {"time": 332, "pitch": 64, "duration": 1, "velocity": 104}, {"time": 335, "pitch": 64, "duration": 1, "velocity": 91}, {"time": 338, "pitch": 67, "duration": 2, "velocity": 107}, {"time": 344, "pitch": 69, "duration": 1, "velocity": 100}, {"time": 347, "pitch": 69, "duration": 3, "velocity": 104}, {"time": 353, "pitch": 67, "duration": 5, "velocity": 108}, {"time": 377, "pitch": 67, "duration": 1, "velocity": 108}, {"time": 380, "pitch": 67, "duration": 1, "velocity": 104}, {"time": 383, "pitch": 67, "duration": 1, "velocity": 93}, {"time": 386, "pitch": 67, "duration": 3, "velocity": 102}, {"time": 392, "pitch": 65, "duration": 1, "velocity": 92}, {"time": 395, "pitch": 65, "duration": 3, "velocity": 102}, {"time": 401, "pitch": 65, "duration": 3, "velocity": 102}, {"time": 413, "pitch": 65, "duration": 4, "velocity": 94}, {"time": 422, "pitch": 67, "duration": 4, "velocity": 102}, {"time": 428, "pitch": 69, "duration": 1, "velocity": 93}, {"time": 431, "pitch": 69, "duration": 3, "velocity": 104}, {"time": 440, "pitch": 64, "duration": 3, "velocity": 96}, {"time": 473, "pitch": 64, "duration": 1, "velocity": 108}, {"time": 476, "pitch": 64, "duration": 1, "velocity": 98}, {"time": 479, "pitch": 64, "duration": 1, "velocity": 98}, {"time": 482, "pitch": 62, "duration": 1, "velocity": 94}, {"time": 486, "pitch": 62, "duration": 1, "velocity": 98}, {"time": 491, "pitch": 62, "duration": 2, "velocity": 102}, {"time": 497, "pitch": 62, "duration": 3, "velocity": 107}, {"time": 518, "pitch": 62, "duration": 4, "velocity": 102}, {"time": 521, "pitch": 64, "duration": 2, "velocity": 96}, {"time": 527, "pitch": 65, "duration": 2, "velocity": 92}, {"time": 536, "pitch": 64, "duration": 13, "velocity": 107}, {"time": 572, "pitch": 64, "duration": 1, "velocity": 100}, {"time": 575, "pitch": 64, "duration": 1, "velocity": 91}, {"time": 578, "pitch": 69, "duration": 3, "velocity": 116}, {"time": 584, "pitch": 67, "duration": 1, "velocity": 107}, {"time": 587, "pitch": 69, "duration": 3, "velocity": 116}, {"time": 593, "pitch": 69, "duration": 6, "velocity": 116}, {"time": 608, "pitch": 69, "duration": 3, "velocity": 108}, {"time": 614, "pitch": 69, "duration": 4, "velocity": 108}, {"time": 620, "pitch": 64, "duration": 1, "velocity": 90}, {"time": 623, "pitch": 64, "duration": 1, "velocity": 93}, {"time": 626, "pitch": 67, "duration": 3, "velocity": 108}, {"time": 632, "pitch": 69, "duration": 1, "velocity": 100}, {"time": 635, "pitch": 69, "duration": 3, "velocity": 102}, {"time": 641, "pitch": 67, "duration": 4, "velocity": 107}, {"time": 668, "pitch": 64, "duration": 1, "velocity": 104}, {"time": 671, "pitch": 64, "duration": 1, "velocity": 93}, {"time": 674, "pitch": 69, "duration": 3, "velocity": 116}, {"time": 680, "pitch": 67, "duration": 1, "velocity": 107}, {"time": 683, "pitch": 69, "duration": 3, "velocity": 114}, {"time": 689, "pitch": 69, "duration": 4, "velocity": 116}, {"time": 704, "pitch": 69, "duration": 2, "velocity": 113}, {"time": 710, "pitch": 69, "duration": 3, "velocity": 108}, {"time": 716, "pitch": 64, "duration": 1, "velocity": 100}, {"time": 722, "pitch": 67, "duration": 3, "velocity": 102}, {"time": 728, "pitch": 69, "duration": 1, "velocity": 89}, {"time": 731, "pitch": 69, "duration": 1, "velocity": 98}, {"time": 734, "pitch": 69, "duration": 3, "velocity": 108}, {"time": 740, "pitch": 67, "duration": 4, "velocity": 104}, {"time": 761, "pitch": 67, "duration": 1, "velocity": 93}, {"time": 764, "pitch": 67, "duration": 1, "velocity": 89}, {"time": 767, "pitch": 67, "duration": 1, "velocity": 94}, {"time": 770, "pitch": 67, "duration": 3, "velocity": 108}, {"time": 776, "pitch": 65, "duration": 1, "velocity": 104}, {"time": 800, "pitch": 65, "duration": 5, "velocity": 87}, {"time": 806, "pitch": 67, "duration": 4, "velocity": 98}, {"time": 812, "pitch": 69, "duration": 1, "velocity": 92}, {"time": 815, "pitch": 69, "duration": 5, "velocity": 107}, {"time": 824, "pitch": 64, "duration": 7, "velocity": 102}, {"time": 860, "pitch": 64, "duration": 1, "velocity": 104}, {"time": 863, "pitch": 72, "duration": 1, "velocity": 107}, {"time": 866, "pitch": 72, "duration": 3, "velocity": 110}, {"time": 872, "pitch": 71, "duration": 5, "velocity": 114}, {"time": 908, "pitch": 64, "duration": 2, "velocity": 107}, {"time": 911, "pitch": 71, "duration": 1, "velocity": 107}, {"time": 914, "pitch": 71, "duration": 3, "velocity": 108}, {"time": 920, "pitch": 69, "duration": 5, "velocity": 110}, {"time": 953, "pitch": 69, "duration": 2, "velocity": 114}, {"time": 956, "pitch": 71, "duration": 1, "velocity": 107}, {"time": 959, "pitch": 72, "duration": 1, "velocity": 113}, {"time": 962, "pitch": 74, "duration": 3, "velocity": 120}, {"time": 968, "pitch": 74, "duration": 1, "velocity": 107}, {"time": 971, "pitch": 74, "duration": 3, "velocity": 113}, {"time": 977, "pitch": 74, "duration": 4, "velocity": 113}, {"time": 983, "pitch": 74, "duration": 1, "velocity": 104}, {"time": 986, "pitch": 74, "duration": 1, "velocity": 113}, {"time": 989, "pitch": 74, "duration": 2, "velocity": 104}, {"time": 992, "pitch": 72, "duration": 2, "velocity": 96}, {"time": 995, "pitch": 69, "duration": 3, "velocity": 104}, {"time": 1004, "pitch": 69, "duration": 3, "velocity": 114}, {"time": 1007, "pitch": 71, "duration": 2, "velocity": 107}, {"time": 1010, "pitch": 72, "duration": 2, "velocity": 116}, {"time": 1013, "pitch": 72, "duration": 2, "velocity": 114}, {"time": 1019, "pitch": 72, "duration": 1, "velocity": 114}, {"time": 1022, "pitch": 72, "duration": 2, "velocity": 116}, {"time": 1028, "pitch": 72, "duration": 1, "velocity": 104}, {"time": 1031, "pitch": 72, "duration": 1, "velocity": 107}, {"time": 1034, "pitch": 72, "duration": 2, "velocity": 108}, {"time": 1040, "pitch": 71, "duration": 3, "velocity": 114}, {"time": 1043, "pitch": 69, "duration": 2, "velocity": 113}, {"time": 1052, "pitch": 69, "duration": 2, "velocity": 113}, {"time": 1055, "pitch": 72, "duration": 2, "velocity": 102}, {"time": 1058, "pitch": 71, "duration": 4, "velocity": 116}, {"time": 1064, "pitch": 71, "duration": 1, "velocity": 113}, {"time": 1067, "pitch": 71, "duration": 3, "velocity": 114}, {"time": 1076, "pitch": 71, "duration": 1, "velocity": 110}, {"time": 1079, "pitch": 71, "duration": 1, "velocity": 107}, {"time": 1082, "pitch": 71, "duration": 2, "velocity": 113}, {"time": 1088, "pitch": 69, "duration": 1, "velocity": 108}, {"time": 1091, "pitch": 69, "duration": 3, "velocity": 113}, {"time": 1097, "pitch": 67, "duration": 5, "velocity": 114}, {"time": 1106, "pitch": 64, "duration": 4, "velocity": 114}, {"time": 1145, "pitch": 69, "duration": 3, "velocity": 114}, {"time": 1148, "pitch": 71, "duration": 3, "velocity": 107}, {"time": 1151, "pitch": 72, "duration": 1, "velocity": 108}, {"time": 1154, "pitch": 74, "duration": 3, "velocity": 117}, {"time": 1160, "pitch": 74, "duration": 3, "velocity": 117}, {"time": 1166, "pitch": 74, "duration": 3, "velocity": 116}, {"time": 1172, "pitch": 74, "duration": 3, "velocity": 116}, {"time": 1178, "pitch": 74, "duration": 2, "velocity": 116}, {"time": 1184, "pitch": 72, "duration": 2, "velocity": 114}, {"time": 1187, "pitch": 69, "duration": 3, "velocity": 116}, {"time": 1196, "pitch": 69, "duration": 2, "velocity": 110}, {"time": 1199, "pitch": 71, "duration": 1, "velocity": 110}, {"time": 1202, "pitch": 72, "duration": 3, "velocity": 116}, {"time": 1208, "pitch": 72, "duration": 1, "velocity": 114}, {"time": 1211, "pitch": 72, "duration": 1, "velocity": 108}, {"time": 1214, "pitch": 72, "duration": 2, "velocity": 114}, {"time": 1220, "pitch": 72, "duration": 3, "velocity": 110}, {"time": 1226, "pitch": 72, "duration": 3, "velocity": 116}, {"time": 1232, "pitch": 72, "duration": 2, "velocity": 110}, {"time": 1235, "pitch": 69, "duration": 2, "velocity": 114}, {"time": 1244, "pitch": 69, "duration": 2, "velocity": 113}, {"time": 1247, "pitch": 72, "duration": 2, "velocity": 113}, {"time": 1250, "pitch": 71, "duration": 3, "velocity": 117}, {"time": 1256, "pitch": 71, "duration": 1, "velocity": 114}, {"time": 1259, "pitch": 71, "duration": 1, "velocity": 108}, {"time": 1262, "pitch": 71, "duration": 2, "velocity": 116}, {"time": 1274, "pitch": 71, "duration": 4, "velocity": 110}, {"time": 1280, "pitch": 72, "duration": 4, "velocity": 100}, {"time": 1286, "pitch": 71, "duration": 5, "velocity": 107}, {"time": 1292, "pitch": 69, "duration": 5, "velocity": 104}, {"time": 1298, "pitch": 67, "duration": 4, "velocity": 108}, {"time": 1334, "pitch": 71, "duration": 6, "velocity": 110}, {"time": 1346, "pitch": 71, "duration": 6, "velocity": 110}, {"time": 1364, "pitch": 69, "duration": 4, "velocity": 108}, {"time": 1532, "pitch": 64, "duration": 1, "velocity": 100}, {"time": 1535, "pitch": 64, "duration": 1, "velocity": 91}, {"time": 1538, "pitch": 69, "duration": 3, "velocity": 116}, {"time": 1544, "pitch": 67, "duration": 1, "velocity": 107}, {"time": 1547, "pitch": 69, "duration": 3, "velocity": 116}, {"time": 1553, "pitch": 69, "duration": 6, "velocity": 116}, {"time": 1580, "pitch": 64, "duration": 1, "velocity": 90}, {"time": 1583, "pitch": 64, "duration": 1, "velocity": 93}, {"time": 1586, "pitch": 67, "duration": 3, "velocity": 108}, {"time": 1592, "pitch": 64, "duration": 1, "velocity": 100}, {"time": 1595, "pitch": 64, "duration": 3, "velocity": 102}, {"time": 1601, "pitch": 67, "duration": 4, "velocity": 107}, {"time": 1628, "pitch": 64, "duration": 1, "velocity": 104}, {"time": 1631, "pitch": 64, "duration": 1, "velocity": 93}, {"time": 1634, "pitch": 69, "duration": 3, "velocity": 116}, {"time": 1640, "pitch": 67, "duration": 1, "velocity": 107}, {"time": 1643, "pitch": 69, "duration": 3, "velocity": 114}, {"time": 1649, "pitch": 69, "duration": 4, "velocity": 116}, {"time": 1676, "pitch": 64, "duration": 1, "velocity": 100}, {"time": 1682, "pitch": 67, "duration": 3, "velocity": 102}, {"time": 1688, "pitch": 69, "duration": 1, "velocity": 89}, {"time": 1691, "pitch": 67, "duration": 1, "velocity": 98}, {"time": 1721, "pitch": 67, "duration": 1, "velocity": 93}, {"time": 1724, "pitch": 67, "duration": 1, "velocity": 89}, {"time": 1727, "pitch": 67, "duration": 1, "velocity": 94}, {"time": 1730, "pitch": 67, "duration": 3, "velocity": 108}, {"time": 1736, "pitch": 65, "duration": 1, "velocity": 104}, {"time": 1739, "pitch": 65, "duration": 1, "velocity": 104}, {"time": 1760, "pitch": 65, "duration": 5, "velocity": 87}, {"time": 1766, "pitch": 67, "duration": 4, "velocity": 98}, {"time": 1772, "pitch": 69, "duration": 1, "velocity": 92}, {"time": 1775, "pitch": 69, "duration": 5, "velocity": 107}, {"time": 1784, "pitch": 64, "duration": 7, "velocity": 102}, {"time": 1817, "pitch": 64, "duration": 1, "velocity": 104}, {"time": 1820, "pitch": 64, "duration": 1, "velocity": 104}, {"time": 1823, "pitch": 72, "duration": 1, "velocity": 107}, {"time": 1826, "pitch": 72, "duration": 3, "velocity": 110}, {"time": 1829, "pitch": 71, "duration": 5, "velocity": 114}, {"time": 1868, "pitch": 64, "duration": 2, "velocity": 107}, {"time": 1871, "pitch": 71, "duration": 1, "velocity": 107}, {"time": 1874, "pitch": 71, "duration": 3, "velocity": 108}, {"time": 1880, "pitch": 69, "duration": 5, "velocity": 110}, {"time": 1913, "pitch": 69, "duration": 2, "velocity": 114}, {"time": 1916, "pitch": 71, "duration": 1, "velocity": 107}, {"time": 1919, "pitch": 72, "duration": 1, "velocity": 113}, {"time": 1922, "pitch": 74, "duration": 3, "velocity": 120}, {"time": 1928, "pitch": 74, "duration": 1, "velocity": 107}, {"time": 1931, "pitch": 74, "duration": 3, "velocity": 113}, {"time": 1937, "pitch": 74, "duration": 4, "velocity": 113}, {"time": 1943, "pitch": 74, "duration": 1, "velocity": 104}, {"time": 1946, "pitch": 74, "duration": 1, "velocity": 113}, {"time": 1949, "pitch": 74, "duration": 2, "velocity": 104}, {"time": 1952, "pitch": 72, "duration": 2, "velocity": 96}, {"time": 1955, "pitch": 69, "duration": 3, "velocity": 104}, {"time": 1964, "pitch": 69, "duration": 3, "velocity": 114}, {"time": 1967, "pitch": 71, "duration": 2, "velocity": 107}, {"time": 1970, "pitch": 72, "duration": 2, "velocity": 116}, {"time": 1973, "pitch": 72, "duration": 2, "velocity": 114}, {"time": 1979, "pitch": 72, "duration": 1, "velocity": 114}, {"time": 1982, "pitch": 72, "duration": 2, "velocity": 116}, {"time": 1988, "pitch": 72, "duration": 1, "velocity": 104}, {"time": 1991, "pitch": 72, "duration": 1, "velocity": 107}, {"time": 1994, "pitch": 72, "duration": 2, "velocity": 108}, {"time": 2000, "pitch": 71, "duration": 3, "velocity": 114}, {"time": 2003, "pitch": 69, "duration": 2, "velocity": 113}, {"time": 2012, "pitch": 69, "duration": 2, "velocity": 113}, {"time": 2015, "pitch": 72, "duration": 2, "velocity": 102}, {"time": 2018, "pitch": 71, "duration": 4, "velocity": 116}, {"time": 2024, "pitch": 71, "duration": 1, "velocity": 113}, {"time": 2027, "pitch": 71, "duration": 3, "velocity": 114}, {"time": 2033, "pitch": 71, "duration": 1, "velocity": 110}, {"time": 2036, "pitch": 71, "duration": 1, "velocity": 110}, {"time": 2039, "pitch": 71, "duration": 1, "velocity": 107}, {"time": 2042, "pitch": 71, "duration": 2, "velocity": 113}, {"time": 2048, "pitch": 69, "duration": 1, "velocity": 108}, {"time": 2051, "pitch": 69, "duration": 3, "velocity": 113}, {"time": 2057, "pitch": 67, "duration": 5, "velocity": 114}, {"time": 2066, "pitch": 64, "duration": 4, "velocity": 114}, {"time": 2105, "pitch": 69, "duration": 3, "velocity": 114}, {"time": 2108, "pitch": 71, "duration": 3, "velocity": 107}, {"time": 2111, "pitch": 72, "duration": 1, "velocity": 108}, {"time": 2114, "pitch": 74, "duration": 3, "velocity": 117}, {"time": 2120, "pitch": 74, "duration": 3, "velocity": 117}, {"time": 2126, "pitch": 74, "duration": 3, "velocity": 116}, {"time": 2132, "pitch": 74, "duration": 3, "velocity": 116}, {"time": 2138, "pitch": 74, "duration": 2, "velocity": 116}, {"time": 2144, "pitch": 72, "duration": 2, "velocity": 114}, {"time": 2147, "pitch": 69, "duration": 3, "velocity": 116}, {"time": 2156, "pitch": 69, "duration": 2, "velocity": 110}, {"time": 2159, "pitch": 71, "duration": 1, "velocity": 110}, {"time": 2162, "pitch": 72, "duration": 3, "velocity": 116}, {"time": 2168, "pitch": 72, "duration": 1, "velocity": 114}, {"time": 2171, "pitch": 72, "duration": 1, "velocity": 108}, {"time": 2174, "pitch": 72, "duration": 2, "velocity": 114}, {"time": 2180, "pitch": 72, "duration": 3, "velocity": 110}, {"time": 2186, "pitch": 72, "duration": 3, "velocity": 116}, {"time": 2192, "pitch": 72, "duration": 2, "velocity": 110}, {"time": 2195, "pitch": 69, "duration": 2, "velocity": 114}, {"time": 2204, "pitch": 69, "duration": 2, "velocity": 113}, {"time": 2207, "pitch": 72, "duration": 2, "velocity": 113}, {"time": 2210, "pitch": 71, "duration": 3, "velocity": 117}, {"time": 2216, "pitch": 71, "duration": 1, "velocity": 114}, {"time": 2219, "pitch": 71, "duration": 1, "velocity": 108}, {"time": 2222, "pitch": 71, "duration": 2, "velocity": 116}, {"time": 2252, "pitch": 71, "duration": 3, "velocity": 117}, {"time": 2258, "pitch": 71, "duration": 4, "velocity": 117}, {"time": 2264, "pitch": 69, "duration": 5, "velocity": 116}, {"time": 2297, "pitch": 69, "duration": 2, "velocity": 114}, {"time": 2300, "pitch": 71, "duration": 1, "velocity": 107}, {"time": 2303, "pitch": 72, "duration": 1, "velocity": 113}, {"time": 2306, "pitch": 74, "duration": 3, "velocity": 120}, {"time": 2312, "pitch": 74, "duration": 1, "velocity": 107}, {"time": 2315, "pitch": 74, "duration": 3, "velocity": 113}, {"time": 2321, "pitch": 74, "duration": 4, "velocity": 113}, {"time": 2327, "pitch": 74, "duration": 1, "velocity": 104}, {"time": 2330, "pitch": 74, "duration": 1, "velocity": 113}, {"time": 2333, "pitch": 74, "duration": 2, "velocity": 104}, {"time": 2336, "pitch": 72, "duration": 2, "velocity": 96}, {"time": 2339, "pitch": 69, "duration": 3, "velocity": 104}, {"time": 2348, "pitch": 69, "duration": 3, "velocity": 114}, {"time": 2351, "pitch": 71, "duration": 2, "velocity": 107}, {"time": 2354, "pitch": 72, "duration": 2, "velocity": 116}, {"time": 2357, "pitch": 72, "duration": 2, "velocity": 114}, {"time": 2363, "pitch": 72, "duration": 1, "velocity": 114}, {"time": 2366, "pitch": 72, "duration": 2, "velocity": 116}, {"time": 2372, "pitch": 72, "duration": 1, "velocity": 104}, {"time": 2375, "pitch": 72, "duration": 1, "velocity": 107}, {"time": 2378, "pitch": 72, "duration": 2, "velocity": 108}, {"time": 2384, "pitch": 71, "duration": 3, "velocity": 114}, {"time": 2387, "pitch": 69, "duration": 2, "velocity": 113}, {"time": 2396, "pitch": 69, "duration": 2, "velocity": 113}, {"time": 2399, "pitch": 72, "duration": 2, "velocity": 102}, {"time": 2402, "pitch": 71, "duration": 4, "velocity": 116}, {"time": 2408, "pitch": 71, "duration": 1, "velocity": 113}, {"time": 2411, "pitch": 71, "duration": 3, "velocity": 114}, {"time": 2417, "pitch": 71, "duration": 1, "velocity": 110}, {"time": 2420, "pitch": 71, "duration": 1, "velocity": 110}, {"time": 2423, "pitch": 71, "duration": 1, "velocity": 107}, {"time": 2426, "pitch": 71, "duration": 2, "velocity": 113}, {"time": 2432, "pitch": 69, "duration": 1, "velocity": 108}, {"time": 2435, "pitch": 69, "duration": 3, "velocity": 113}, {"time": 2441, "pitch": 67, "duration": 5, "velocity": 114}, {"time": 2450, "pitch": 64, "duration": 4, "velocity": 114}, {"time": 2489, "pitch": 69, "duration": 3, "velocity": 114}, {"time": 2492, "pitch": 71, "duration": 3, "velocity": 107}, {"time": 2495, "pitch": 72, "duration": 1, "velocity": 108}, {"time": 2498, "pitch": 74, "duration": 3, "velocity": 117}, {"time": 2504, "pitch": 74, "duration": 3, "velocity": 117}, {"time": 2510, "pitch": 74, "duration": 3, "velocity": 116}, {"time": 2516, "pitch": 74, "duration": 3, "velocity": 116}, {"time": 2522, "pitch": 74, "duration": 2, "velocity": 116}, {"time": 2528, "pitch": 72, "duration": 2, "velocity": 114}, {"time": 2531, "pitch": 69, "duration": 3, "velocity": 116}, {"time": 2540, "pitch": 69, "duration": 2, "velocity": 110}, {"time": 2543, "pitch": 71, "duration": 1, "velocity": 110}, {"time": 2546, "pitch": 72, "duration": 3, "velocity": 116}, {"time": 2552, "pitch": 72, "duration": 1, "velocity": 114}, {"time": 2555, "pitch": 72, "duration": 1, "velocity": 108}, {"time": 2558, "pitch": 72, "duration": 2, "velocity": 114}, {"time": 2564, "pitch": 72, "duration": 3, "velocity": 110}, {"time": 2570, "pitch": 72, "duration": 3, "velocity": 116}, {"time": 2576, "pitch": 72, "duration": 2, "velocity": 110}, {"time": 2579, "pitch": 69, "duration": 2, "velocity": 114}, {"time": 2588, "pitch": 69, "duration": 2, "velocity": 113}, {"time": 2591, "pitch": 72, "duration": 2, "velocity": 113}, {"time": 2594, "pitch": 71, "duration": 3, "velocity": 117}, {"time": 2600, "pitch": 71, "duration": 1, "velocity": 114}, {"time": 2603, "pitch": 71, "duration": 1, "velocity": 108}, {"time": 2606, "pitch": 71, "duration": 2, "velocity": 116}, {"time": 2618, "pitch": 71, "duration": 5, "velocity": 114}, {"time": 2624, "pitch": 72, "duration": 3, "velocity": 102}, {"time": 2627, "pitch": 71, "duration": 6, "velocity": 92}, {"time": 2636, "pitch": 67, "duration": 6, "velocity": 107}, {"time": 2678, "pitch": 71, "duration": 5, "velocity": 114}, {"time": 2690, "pitch": 71, "duration": 7, "velocity": 108}, {"time": 2702, "pitch": 69, "duration": 6, "velocity": 114}]}, {"program": 0, "is_drum": false, "name": "BRIDGE", "notes": [{"time": 2, "pitch": 64, "duration": 11, "velocity": 102}, {"time": 38, "pitch": 69, "duration": 3, "velocity": 107}, {"time": 41, "pitch": 71, "duration": 2, "velocity": 96}, {"time": 44, "pitch": 72, "duration": 2, "velocity": 98}, {"time": 47, "pitch": 74, "duration": 2, "velocity": 87}, {"time": 50, "pitch": 71, "duration": 4, "velocity": 100}, {"time": 86, "pitch": 69, "duration": 2, "velocity": 108}, {"time": 89, "pitch": 71, "duration": 1, "velocity": 92}, {"time": 92, "pitch": 72, "duration": 1, "velocity": 88}, {"time": 95, "pitch": 74, "duration": 2, "velocity": 73}, {"time": 98, "pitch": 76, "duration": 3, "velocity": 96}, {"time": 134, "pitch": 69, "duration": 3, "velocity": 85}, {"time": 137, "pitch": 71, "duration": 3, "velocity": 80}, {"time": 140, "pitch": 72, "duration": 3, "velocity": 83}, {"time": 143, "pitch": 74, "duration": 3, "velocity": 82}, {"time": 146, "pitch": 71, "duration": 5, "velocity": 86}, {"time": 1346, "pitch": 64, "duration": 11, "velocity": 102}, {"time": 1382, "pitch": 69, "duration": 3, "velocity": 107}, {"time": 1385, "pitch": 71, "duration": 2, "velocity": 96}, {"time": 1388, "pitch": 72, "duration": 2, "velocity": 98}, {"time": 1391, "pitch": 74, "duration": 2, "velocity": 87}, {"time": 1394, "pitch": 71, "duration": 4, "velocity": 100}, {"time": 1430, "pitch": 69, "duration": 2, "velocity": 108}, {"time": 1433, "pitch": 71, "duration": 1, "velocity": 92}, {"time": 1436, "pitch": 72, "duration": 1, "velocity": 88}, {"time": 1439, "pitch": 74, "duration": 2, "velocity": 73}, {"time": 1442, "pitch": 76, "duration": 3, "velocity": 96}, {"time": 1478, "pitch": 69, "duration": 3, "velocity": 85}, {"time": 1481, "pitch": 71, "duration": 3, "velocity": 80}, {"time": 1484, "pitch": 72, "duration": 3, "velocity": 83}, {"time": 1487, "pitch": 74, "duration": 3, "velocity": 82}, {"time": 1490, "pitch": 71, "duration": 4, "velocity": 86}, {"time": 1494, "pitch": 72, "duration": 2, "velocity": 88}, {"time": 1496, "pitch": 71, "duration": 2, "velocity": 90}, {"time": 1500, "pitch": 64, "duration": 1, "velocity": 87}, {"time": 1502, "pitch": 65, "duration": 5, "velocity": 85}, {"time": 1508, "pitch": 64, "duration": 8, "velocity": 84}]}, {"program": 0, "is_drum": false, "name": "PIANO", "notes": [{"time": 2, "pitch": 45, "duration": 37, "velocity": 74}, {"time": 2, "pitch": 57, "duration": 36, "velocity": 70}, {"time": 2, "pitch": 60, "duration": 40, "velocity": 68}, {"time": 2, "pitch": 64, "duration": 40, "velocity": 73}, {"time": 2, "pitch": 69, "duration": 39, "velocity": 75}, {"time": 50, "pitch": 40, "duration": 40, "velocity": 74}, {"time": 50, "pitch": 52, "duration": 40, "velocity": 66}, {"time": 50, "pitch": 59, "duration": 40, "velocity": 65}, {"time": 50, "pitch": 62, "duration": 41, "velocity": 73}, {"time": 50, "pitch": 64, "duration": 40, "velocity": 76}, {"time": 50, "pitch": 67, "duration": 39, "velocity": 77}, {"time": 98, "pitch": 41, "duration": 39, "velocity": 67}, {"time": 98, "pitch": 53, "duration": 38, "velocity": 67}, {"time": 98, "pitch": 60, "duration": 37, "velocity": 76}, {"time": 98, "pitch": 65, "duration": 36, "velocity": 77}, {"time": 98, "pitch": 69, "duration": 36, "velocity": 81}, {"time": 146, "pitch": 40, "duration": 39, "velocity": 74}, {"time": 146, "pitch": 52, "duration": 40, "velocity": 68}, {"time": 146, "pitch": 56, "duration": 43, "velocity": 70}, {"time": 146, "pitch": 59, "duration": 43, "velocity": 77}, {"time": 146, "pitch": 64, "duration": 43, "velocity": 76}, {"time": 194, "pitch": 45, "duration": 41, "velocity": 81}, {"time": 200, "pitch": 52, "duration": 34, "velocity": 64}, {"time": 206, "pitch": 57, "duration": 28, "velocity": 72}, {"time": 212, "pitch": 59, "duration": 30, "velocity": 77}, {"time": 212, "pitch": 64, "duration": 30, "velocity": 77}, {"time": 242, "pitch": 40, "duration": 40, "velocity": 83}, {"time": 248, "pitch": 52, "duration": 34, "velocity": 69}, {"time": 254, "pitch": 59, "duration": 30, "velocity": 80}, {"time": 254, "pitch": 64, "duration": 27, "velocity": 77}, {"time": 290, "pitch": 45, "duration": 37, "velocity": 79}, {"time": 296, "pitch": 52, "duration": 30, "velocity": 64}, {"time": 302, "pitch": 57, "duration": 25, "velocity": 69}, {"time": 308, "pitch": 60, "duration": 30, "velocity": 71}, {"time": 308, "pitch": 69, "duration": 30, "velocity": 74}, {"time": 338, "pitch": 52, "duration": 38, "velocity": 78}, {"time": 344, "pitch": 59, "duration": 32, "velocity": 71}, {"time": 350, "pitch": 64, "duration": 36, "velocity": 81}, {"time": 350, "pitch": 71, "duration": 6, "velocity": 84}, {"time": 356, "pitch": 67, "duration": 29, "velocity": 67}, {"time": 386, "pitch": 41, "duration": 42, "velocity": 81}, {"time": 392, "pitch": 53, "duration": 36, "velocity": 70}, {"time": 398, "pitch": 57, "duration": 2, "velocity": 78}, {"time": 398, "pitch": 65, "duration": 2, "velocity": 77}, {"time": 404, "pitch": 60, "duration": 28, "velocity": 74}, {"time": 404, "pitch": 65, "duration": 28, "velocity": 74}, {"time": 434, "pitch": 45, "duration": 42, "velocity": 79}, {"time": 440, "pitch": 52, "duration": 35, "velocity": 48}, {"time": 446, "pitch": 57, "duration": 30, "velocity": 65}, {"time": 452, "pitch": 59, "duration": 1, "velocity": 74}, {"time": 458, "pitch": 60, "duration": 1, "velocity": 75}, {"time": 464, "pitch": 64, "duration": 1, "velocity": 80}, {"time": 470, "pitch": 69, "duration": 5, "velocity": 77}, {"time": 476, "pitch": 71, "duration": 6, "velocity": 78}, {"time": 482, "pitch": 50, "duration": 43, "velocity": 88}, {"time": 482, "pitch": 72, "duration": 2, "velocity": 87}, {"time": 488, "pitch": 57, "duration": 34, "velocity": 69}, {"time": 494, "pitch": 62, "duration": 27, "velocity": 70}, {"time": 500, "pitch": 64, "duration": 12, "velocity": 64}, {"time": 512, "pitch": 65, "duration": 20, "velocity": 76}, {"time": 530, "pitch": 52, "duration": 39, "velocity": 88}, {"time": 536, "pitch": 59, "duration": 32, "velocity": 71}, {"time": 542, "pitch": 64, "duration": 1, "velocity": 75}, {"time": 548, "pitch": 64, "duration": 30, "velocity": 76}, {"time": 548, "pitch": 71, "duration": 29, "velocity": 77}, {"time": 578, "pitch": 45, "duration": 39, "velocity": 81}, {"time": 584, "pitch": 52, "duration": 32, "velocity": 67}, {"time": 590, "pitch": 57, "duration": 26, "velocity": 76}, {"time": 596, "pitch": 59, "duration": 27, "velocity": 74}, {"time": 596, "pitch": 64, "duration": 29, "velocity": 71}, {"time": 626, "pitch": 40, "duration": 12, "velocity": 82}, {"time": 626, "pitch": 59, "duration": 9, "velocity": 79}, {"time": 626, "pitch": 67, "duration": 9, "velocity": 86}, {"time": 632, "pitch": 47, "duration": 6, "velocity": 50}, {"time": 638, "pitch": 52, "duration": 1, "velocity": 72}, {"time": 638, "pitch": 59, "duration": 31, "velocity": 42}, {"time": 638, "pitch": 64, "duration": 32, "velocity": 79}, {"time": 644, "pitch": 55, "duration": 21, "velocity": 74}, {"time": 674, "pitch": 45, "duration": 42, "velocity": 69}, {"time": 674, "pitch": 60, "duration": 12, "velocity": 77}, {"time": 674, "pitch": 69, "duration": 10, "velocity": 85}, {"time": 680, "pitch": 52, "duration": 35, "velocity": 46}, {"time": 686, "pitch": 57, "duration": 30, "velocity": 68}, {"time": 692, "pitch": 60, "duration": 29, "velocity": 73}, {"time": 692, "pitch": 69, "duration": 29, "velocity": 75}, {"time": 722, "pitch": 52, "duration": 38, "velocity": 83}, {"time": 728, "pitch": 59, "duration": 30, "velocity": 64}, {"time": 734, "pitch": 64, "duration": 24, "velocity": 81}, {"time": 740, "pitch": 67, "duration": 30, "velocity": 77}, {"time": 740, "pitch": 76, "duration": 29, "velocity": 82}, {"time": 770, "pitch": 50, "duration": 38, "velocity": 82}, {"time": 770, "pitch": 62, "duration": 4, "velocity": 84}, {"time": 770, "pitch": 69, "duration": 11, "velocity": 84}, {"time": 773, "pitch": 57, "duration": 34, "velocity": 67}, {"time": 776, "pitch": 62, "duration": 25, "velocity": 78}, {"time": 779, "pitch": 72, "duration": 8, "velocity": 97}, {"time": 788, "pitch": 65, "duration": 19, "velocity": 78}, {"time": 788, "pitch": 72, "duration": 12, "velocity": 97}, {"time": 806, "pitch": 69, "duration": 11, "velocity": 90}, {"time": 818, "pitch": 45, "duration": 42, "velocity": 80}, {"time": 818, "pitch": 60, "duration": 12, "velocity": 81}, {"time": 818, "pitch": 69, "duration": 11, "velocity": 88}, {"time": 821, "pitch": 52, "duration": 36, "velocity": 70}, {"time": 827, "pitch": 57, "duration": 29, "velocity": 79}, {"time": 836, "pitch": 60, "duration": 27, "velocity": 88}, {"time": 836, "pitch": 69, "duration": 5, "velocity": 89}, {"time": 842, "pitch": 64, "duration": 23, "velocity": 85}, {"time": 866, "pitch": 50, "duration": 43, "velocity": 84}, {"time": 869, "pitch": 57, "duration": 13, "velocity": 84}, {"time": 872, "pitch": 62, "duration": 13, "velocity": 86}, {"time": 875, "pitch": 69, "duration": 5, "velocity": 97}, {"time": 884, "pitch": 68, "duration": 8, "velocity": 92}, {"time": 890, "pitch": 57, "duration": 7, "velocity": 73}, {"time": 890, "pitch": 64, "duration": 11, "velocity": 85}, {"time": 902, "pitch": 57, "duration": 6, "velocity": 86}, {"time": 908, "pitch": 69, "duration": 6, "velocity": 90}, {"time": 914, "pitch": 45, "duration": 43, "velocity": 96}, {"time": 920, "pitch": 52, "duration": 37, "velocity": 85}, {"time": 923, "pitch": 57, "duration": 22, "velocity": 82}, {"time": 926, "pitch": 59, "duration": 2, "velocity": 84}, {"time": 929, "pitch": 60, "duration": 9, "velocity": 89}, {"time": 935, "pitch": 64, "duration": 5, "velocity": 89}, {"time": 935, "pitch": 72, "duration": 6, "velocity": 94}, {"time": 941, "pitch": 64, "duration": 6, "velocity": 82}, {"time": 941, "pitch": 71, "duration": 7, "velocity": 89}, {"time": 947, "pitch": 57, "duration": 4, "velocity": 77}, {"time": 950, "pitch": 64, "duration": 8, "velocity": 94}, {"time": 950, "pitch": 69, "duration": 6, "velocity": 113}, {"time": 956, "pitch": 57, "duration": 1, "velocity": 86}, {"time": 962, "pitch": 50, "duration": 14, "velocity": 91}, {"time": 962, "pitch": 62, "duration": 8, "velocity": 96}, {"time": 962, "pitch": 65, "duration": 8, "velocity": 100}, {"time": 962, "pitch": 69, "duration": 7, "velocity": 94}, {"time": 974, "pitch": 62, "duration": 8, "velocity": 102}, {"time": 974, "pitch": 65, "duration": 11, "velocity": 108}, {"time": 974, "pitch": 69, "duration": 8, "velocity": 94}, {"time": 980, "pitch": 50, "duration": 1, "velocity": 88}, {"time": 986, "pitch": 45, "duration": 15, "velocity": 85}, {"time": 986, "pitch": 60, "duration": 9, "velocity": 96}, {"time": 986, "pitch": 64, "duration": 8, "velocity": 104}, {"time": 986, "pitch": 69, "duration": 8, "velocity": 91}, {"time": 992, "pitch": 52, "duration": 9, "velocity": 64}, {"time": 995, "pitch": 57, "duration": 5, "velocity": 84}, {"time": 998, "pitch": 60, "duration": 7, "velocity": 102}, {"time": 998, "pitch": 64, "duration": 9, "velocity": 110}, {"time": 998, "pitch": 69, "duration": 8, "velocity": 104}, {"time": 1004, "pitch": 45, "duration": 1, "velocity": 87}, {"time": 1010, "pitch": 41, "duration": 20, "velocity": 92}, {"time": 1010, "pitch": 60, "duration": 8, "velocity": 107}, {"time": 1010, "pitch": 65, "duration": 8, "velocity": 113}, {"time": 1010, "pitch": 69, "duration": 8, "velocity": 100}, {"time": 1019, "pitch": 53, "duration": 5, "velocity": 83}, {"time": 1022, "pitch": 60, "duration": 8, "velocity": 104}, {"time": 1022, "pitch": 65, "duration": 9, "velocity": 116}, {"time": 1022, "pitch": 69, "duration": 8, "velocity": 107}, {"time": 1028, "pitch": 53, "duration": 4, "velocity": 83}, {"time": 1034, "pitch": 45, "duration": 20, "velocity": 84}, {"time": 1034, "pitch": 60, "duration": 8, "velocity": 88}, {"time": 1034, "pitch": 64, "duration": 8, "velocity": 92}, {"time": 1034, "pitch": 69, "duration": 8, "velocity": 92}, {"time": 1043, "pitch": 57, "duration": 5, "velocity": 84}, {"time": 1046, "pitch": 60, "duration": 7, "velocity": 90}, {"time": 1046, "pitch": 64, "duration": 6, "velocity": 100}, {"time": 1046, "pitch": 69, "duration": 7, "velocity": 94}, {"time": 1052, "pitch": 57, "duration": 1, "velocity": 87}, {"time": 1058, "pitch": 43, "duration": 20, "velocity": 88}, {"time": 1058, "pitch": 59, "duration": 8, "velocity": 92}, {"time": 1058, "pitch": 62, "duration": 8, "velocity": 104}, {"time": 1058, "pitch": 67, "duration": 8, "velocity": 89}, {"time": 1067, "pitch": 55, "duration": 5, "velocity": 75}, {"time": 1070, "pitch": 59, "duration": 9, "velocity": 98}, {"time": 1070, "pitch": 62, "duration": 9, "velocity": 108}, {"time": 1070, "pitch": 67, "duration": 9, "velocity": 94}, {"time": 1076, "pitch": 55, "duration": 6, "velocity": 84}, {"time": 1082, "pitch": 43, "duration": 19, "velocity": 86}, {"time": 1082, "pitch": 59, "duration": 8, "velocity": 92}, {"time": 1082, "pitch": 62, "duration": 9, "velocity": 102}, {"time": 1082, "pitch": 67, "duration": 8, "velocity": 91}, {"time": 1091, "pitch": 55, "duration": 4, "velocity": 91}, {"time": 1094, "pitch": 59, "duration": 7, "velocity": 98}, {"time": 1094, "pitch": 62, "duration": 10, "velocity": 110}, {"time": 1094, "pitch": 67, "duration": 8, "velocity": 98}, {"time": 1100, "pitch": 55, "duration": 5, "velocity": 86}, {"time": 1106, "pitch": 48, "duration": 30, "velocity": 86}, {"time": 1106, "pitch": 60, "duration": 9, "velocity": 87}, {"time": 1106, "pitch": 64, "duration": 8, "velocity": 93}, {"time": 1106, "pitch": 67, "duration": 6, "velocity": 89}, {"time": 1118, "pitch": 60, "duration": 9, "velocity": 89}, {"time": 1118, "pitch": 64, "duration": 9, "velocity": 92}, {"time": 1118, "pitch": 67, "duration": 9, "velocity": 91}, {"time": 1130, "pitch": 60, "duration": 9, "velocity": 90}, {"time": 1130, "pitch": 64, "duration": 9, "velocity": 93}, {"time": 1130, "pitch": 67, "duration": 9, "velocity": 89}, {"time": 1139, "pitch": 48, "duration": 5, "velocity": 88}, {"time": 1142, "pitch": 60, "duration": 6, "velocity": 98}, {"time": 1142, "pitch": 64, "duration": 10, "velocity": 102}, {"time": 1142, "pitch": 67, "duration": 8, "velocity": 100}, {"time": 1148, "pitch": 48, "duration": 4, "velocity": 92}, {"time": 1154, "pitch": 50, "duration": 15, "velocity": 102}, {"time": 1154, "pitch": 62, "duration": 8, "velocity": 90}, {"time": 1154, "pitch": 65, "duration": 8, "velocity": 100}, {"time": 1154, "pitch": 69, "duration": 7, "velocity": 98}, {"time": 1166, "pitch": 62, "duration": 8, "velocity": 98}, {"time": 1166, "pitch": 65, "duration": 10, "velocity": 96}, {"time": 1166, "pitch": 69, "duration": 8, "velocity": 98}, {"time": 1172, "pitch": 50, "duration": 5, "velocity": 88}, {"time": 1178, "pitch": 45, "duration": 15, "velocity": 87}, {"time": 1178, "pitch": 57, "duration": 6, "velocity": 88}, {"time": 1178, "pitch": 60, "duration": 9, "velocity": 90}, {"time": 1178, "pitch": 64, "duration": 9, "velocity": 94}, {"time": 1178, "pitch": 69, "duration": 9, "velocity": 86}, {"time": 1187, "pitch": 57, "duration": 5, "velocity": 85}, {"time": 1190, "pitch": 60, "duration": 7, "velocity": 89}, {"time": 1190, "pitch": 64, "duration": 7, "velocity": 94}, {"time": 1190, "pitch": 69, "duration": 8, "velocity": 91}, {"time": 1196, "pitch": 45, "duration": 2, "velocity": 83}, {"time": 1202, "pitch": 41, "duration": 18, "velocity": 87}, {"time": 1202, "pitch": 53, "duration": 14, "velocity": 88}, {"time": 1202, "pitch": 60, "duration": 8, "velocity": 90}, {"time": 1202, "pitch": 65, "duration": 8, "velocity": 102}, {"time": 1202, "pitch": 69, "duration": 7, "velocity": 92}, {"time": 1214, "pitch": 60, "duration": 9, "velocity": 93}, {"time": 1214, "pitch": 65, "duration": 10, "velocity": 98}, {"time": 1214, "pitch": 69, "duration": 9, "velocity": 91}, {"time": 1220, "pitch": 53, "duration": 5, "velocity": 84}, {"time": 1226, "pitch": 45, "duration": 14, "velocity": 86}, {"time": 1226, "pitch": 60, "duration": 7, "velocity": 93}, {"time": 1226, "pitch": 64, "duration": 7, "velocity": 102}, {"time": 1226, "pitch": 69, "duration": 7, "velocity": 94}, {"time": 1232, "pitch": 52, "duration": 8, "velocity": 77}, {"time": 1238, "pitch": 60, "duration": 6, "velocity": 89}, {"time": 1238, "pitch": 64, "duration": 9, "velocity": 100}, {"time": 1238, "pitch": 69, "duration": 8, "velocity": 91}, {"time": 1244, "pitch": 45, "duration": 5, "velocity": 84}, {"time": 1250, "pitch": 43, "duration": 15, "velocity": 91}, {"time": 1250, "pitch": 59, "duration": 8, "velocity": 91}, {"time": 1250, "pitch": 62, "duration": 8, "velocity": 102}, {"time": 1250, "pitch": 67, "duration": 8, "velocity": 98}, {"time": 1262, "pitch": 59, "duration": 9, "velocity": 102}, {"time": 1262, "pitch": 62, "duration": 9, "velocity": 113}, {"time": 1262, "pitch": 67, "duration": 9, "velocity": 94}, {"time": 1268, "pitch": 43, "duration": 5, "velocity": 83}, {"time": 1274, "pitch": 43, "duration": 65, "velocity": 85}, {"time": 1274, "pitch": 55, "duration": 68, "velocity": 86}, {"time": 1274, "pitch": 62, "duration": 9, "velocity": 92}, {"time": 1274, "pitch": 67, "duration": 9, "velocity": 91}, {"time": 1274, "pitch": 71, "duration": 8, "velocity": 88}, {"time": 1286, "pitch": 62, "duration": 7, "velocity": 87}, {"time": 1286, "pitch": 67, "duration": 7, "velocity": 88}, {"time": 1286, "pitch": 71, "duration": 7, "velocity": 88}, {"time": 1298, "pitch": 62, "duration": 42, "velocity": 85}, {"time": 1298, "pitch": 67, "duration": 42, "velocity": 82}, {"time": 1298, "pitch": 71, "duration": 41, "velocity": 84}, {"time": 1346, "pitch": 45, "duration": 44, "velocity": 75}, {"time": 1346, "pitch": 64, "duration": 6, "velocity": 72}, {"time": 1346, "pitch": 69, "duration": 5, "velocity": 85}, {"time": 1352, "pitch": 52, "duration": 38, "velocity": 72}, {"time": 1358, "pitch": 60, "duration": 6, "velocity": 82}, {"time": 1358, "pitch": 64, "duration": 6, "velocity": 82}, {"time": 1358, "pitch": 69, "duration": 6, "velocity": 87}, {"time": 1364, "pitch": 57, "duration": 27, "velocity": 73}, {"time": 1370, "pitch": 60, "duration": 8, "velocity": 72}, {"time": 1370, "pitch": 64, "duration": 8, "velocity": 74}, {"time": 1370, "pitch": 69, "duration": 8, "velocity": 77}, {"time": 1382, "pitch": 60, "duration": 7, "velocity": 71}, {"time": 1382, "pitch": 64, "duration": 8, "velocity": 76}, {"time": 1382, "pitch": 69, "duration": 8, "velocity": 76}, {"time": 1394, "pitch": 40, "duration": 42, "velocity": 84}, {"time": 1394, "pitch": 52, "duration": 43, "velocity": 84}, {"time": 1394, "pitch": 64, "duration": 7, "velocity": 82}, {"time": 1394, "pitch": 68, "duration": 7, "velocity": 86}, {"time": 1394, "pitch": 71, "duration": 7, "velocity": 84}, {"time": 1406, "pitch": 64, "duration": 8, "velocity": 83}, {"time": 1406, "pitch": 68, "duration": 8, "velocity": 85}, {"time": 1406, "pitch": 71, "duration": 7, "velocity": 81}, {"time": 1418, "pitch": 64, "duration": 8, "velocity": 79}, {"time": 1418, "pitch": 68, "duration": 8, "velocity": 84}, {"time": 1418, "pitch": 71, "duration": 8, "velocity": 80}, {"time": 1430, "pitch": 64, "duration": 6, "velocity": 81}, {"time": 1430, "pitch": 68, "duration": 6, "velocity": 85}, {"time": 1430, "pitch": 71, "duration": 6, "velocity": 81}, {"time": 1442, "pitch": 41, "duration": 44, "velocity": 80}, {"time": 1442, "pitch": 53, "duration": 43, "velocity": 78}, {"time": 1442, "pitch": 65, "duration": 8, "velocity": 81}, {"time": 1442, "pitch": 69, "duration": 7, "velocity": 84}, {"time": 1442, "pitch": 72, "duration": 6, "velocity": 81}, {"time": 1454, "pitch": 65, "duration": 7, "velocity": 79}, {"time": 1454, "pitch": 69, "duration": 7, "velocity": 82}, {"time": 1454, "pitch": 72, "duration": 6, "velocity": 81}, {"time": 1466, "pitch": 65, "duration": 7, "velocity": 76}, {"time": 1466, "pitch": 69, "duration": 8, "velocity": 79}, {"time": 1466, "pitch": 72, "duration": 7, "velocity": 75}, {"time": 1478, "pitch": 65, "duration": 6, "velocity": 83}, {"time": 1478, "pitch": 69, "duration": 8, "velocity": 84}, {"time": 1478, "pitch": 72, "duration": 7, "velocity": 82}, {"time": 1490, "pitch": 40, "duration": 44, "velocity": 79}, {"time": 1490, "pitch": 52, "duration": 43, "velocity": 79}, {"time": 1490, "pitch": 64, "duration": 9, "velocity": 84}, {"time": 1490, "pitch": 68, "duration": 9, "velocity": 85}, {"time": 1490, "pitch": 71, "duration": 9, "velocity": 84}, {"time": 1502, "pitch": 68, "duration": 8, "velocity": 81}, {"time": 1502, "pitch": 71, "duration": 8, "velocity": 77}, {"time": 1502, "pitch": 76, "duration": 1, "velocity": 97}, {"time": 1505, "pitch": 64, "duration": 1, "velocity": 97}, {"time": 1508, "pitch": 76, "duration": 1, "velocity": 97}, {"time": 1511, "pitch": 64, "duration": 2, "velocity": 97}, {"time": 1514, "pitch": 68, "duration": 8, "velocity": 81}, {"time": 1514, "pitch": 71, "duration": 8, "velocity": 77}, {"time": 1514, "pitch": 88, "duration": 1, "velocity": 97}, {"time": 1517, "pitch": 64, "duration": 1, "velocity": 97}, {"time": 1520, "pitch": 76, "duration": 1, "velocity": 97}, {"time": 1523, "pitch": 64, "duration": 2, "velocity": 97}, {"time": 1526, "pitch": 64, "duration": 7, "velocity": 81}, {"time": 1526, "pitch": 68, "duration": 7, "velocity": 85}, {"time": 1526, "pitch": 71, "duration": 7, "velocity": 84}, {"time": 1526, "pitch": 88, "duration": 2, "velocity": 97}, {"time": 1538, "pitch": 45, "duration": 39, "velocity": 81}, {"time": 1544, "pitch": 52, "duration": 32, "velocity": 67}, {"time": 1550, "pitch": 57, "duration": 26, "velocity": 76}, {"time": 1556, "pitch": 59, "duration": 27, "velocity": 74}, {"time": 1556, "pitch": 64, "duration": 29, "velocity": 71}, {"time": 1586, "pitch": 40, "duration": 12, "velocity": 82}, {"time": 1586, "pitch": 59, "duration": 9, "velocity": 79}, {"time": 1586, "pitch": 67, "duration": 9, "velocity": 86}, {"time": 1592, "pitch": 47, "duration": 6, "velocity": 50}, {"time": 1598, "pitch": 52, "duration": 1, "velocity": 72}, {"time": 1598, "pitch": 59, "duration": 31, "velocity": 42}, {"time": 1598, "pitch": 64, "duration": 32, "velocity": 79}, {"time": 1604, "pitch": 55, "duration": 21, "velocity": 74}, {"time": 1634, "pitch": 45, "duration": 42, "velocity": 69}, {"time": 1634, "pitch": 60, "duration": 12, "velocity": 77}, {"time": 1634, "pitch": 69, "duration": 10, "velocity": 85}, {"time": 1640, "pitch": 52, "duration": 35, "velocity": 46}, {"time": 1646, "pitch": 57, "duration": 30, "velocity": 68}, {"time": 1652, "pitch": 60, "duration": 29, "velocity": 73}, {"time": 1652, "pitch": 69, "duration": 29, "velocity": 75}, {"time": 1682, "pitch": 52, "duration": 38, "velocity": 83}, {"time": 1688, "pitch": 59, "duration": 30, "velocity": 64}, {"time": 1694, "pitch": 64, "duration": 24, "velocity": 81}, {"time": 1700, "pitch": 67, "duration": 30, "velocity": 77}, {"time": 1700, "pitch": 76, "duration": 29, "velocity": 82}, {"time": 1730, "pitch": 50, "duration": 38, "velocity": 82}, {"time": 1730, "pitch": 62, "duration": 4, "velocity": 84}, {"time": 1730, "pitch": 69, "duration": 11, "velocity": 84}, {"time": 1736, "pitch": 57, "duration": 31, "velocity": 67}, {"time": 1742, "pitch": 62, "duration": 25, "velocity": 78}, {"time": 1748, "pitch": 65, "duration": 19, "velocity": 78}, {"time": 1748, "pitch": 74, "duration": 17, "velocity": 81}, {"time": 1766, "pitch": 69, "duration": 11, "velocity": 90}, {"time": 1778, "pitch": 45, "duration": 42, "velocity": 80}, {"time": 1778, "pitch": 60, "duration": 12, "velocity": 81}, {"time": 1778, "pitch": 69, "duration": 11, "velocity": 88}, {"time": 1784, "pitch": 52, "duration": 36, "velocity": 70}, {"time": 1790, "pitch": 57, "duration": 32, "velocity": 79}, {"time": 1796, "pitch": 60, "duration": 27, "velocity": 88}, {"time": 1796, "pitch": 69, "duration": 5, "velocity": 89}, {"time": 1802, "pitch": 64, "duration": 23, "velocity": 85}, {"time": 1826, "pitch": 50, "duration": 43, "velocity": 84}, {"time": 1829, "pitch": 57, "duration": 13, "velocity": 84}, {"time": 1832, "pitch": 62, "duration": 13, "velocity": 86}, {"time": 1835, "pitch": 69, "duration": 8, "velocity": 86}, {"time": 1844, "pitch": 68, "duration": 6, "velocity": 92}, {"time": 1850, "pitch": 76, "duration": 6, "velocity": 97}, {"time": 1850, "pitch": 57, "duration": 7, "velocity": 73}, {"time": 1850, "pitch": 64, "duration": 11, "velocity": 85}, {"time": 1862, "pitch": 57, "duration": 6, "velocity": 86}, {"time": 1868, "pitch": 69, "duration": 6, "velocity": 90}, {"time": 1874, "pitch": 45, "duration": 43, "velocity": 96}, {"time": 1880, "pitch": 52, "duration": 37, "velocity": 85}, {"time": 1883, "pitch": 57, "duration": 22, "velocity": 82}, {"time": 1886, "pitch": 59, "duration": 2, "velocity": 84}, {"time": 1889, "pitch": 60, "duration": 1, "velocity": 89}, {"time": 1895, "pitch": 64, "duration": 5, "velocity": 89}, {"time": 1895, "pitch": 72, "duration": 6, "velocity": 94}, {"time": 1901, "pitch": 64, "duration": 6, "velocity": 82}, {"time": 1901, "pitch": 71, "duration": 7, "velocity": 89}, {"time": 1907, "pitch": 57, "duration": 4, "velocity": 77}, {"time": 1910, "pitch": 64, "duration": 8, "velocity": 94}, {"time": 1910, "pitch": 69, "duration": 6, "velocity": 113}, {"time": 1916, "pitch": 57, "duration": 1, "velocity": 86}, {"time": 1922, "pitch": 50, "duration": 14, "velocity": 91}, {"time": 1922, "pitch": 62, "duration": 8, "velocity": 96}, {"time": 1922, "pitch": 65, "duration": 8, "velocity": 100}, {"time": 1922, "pitch": 69, "duration": 7, "velocity": 94}, {"time": 1934, "pitch": 62, "duration": 8, "velocity": 102}, {"time": 1934, "pitch": 65, "duration": 11, "velocity": 108}, {"time": 1934, "pitch": 69, "duration": 8, "velocity": 94}, {"time": 1940, "pitch": 50, "duration": 1, "velocity": 88}, {"time": 1946, "pitch": 45, "duration": 15, "velocity": 85}, {"time": 1946, "pitch": 60, "duration": 9, "velocity": 96}, {"time": 1946, "pitch": 64, "duration": 8, "velocity": 104}, {"time": 1946, "pitch": 69, "duration": 8, "velocity": 91}, {"time": 1952, "pitch": 52, "duration": 9, "velocity": 64}, {"time": 1955, "pitch": 57, "duration": 5, "velocity": 84}, {"time": 1958, "pitch": 60, "duration": 7, "velocity": 102}, {"time": 1958, "pitch": 64, "duration": 9, "velocity": 110}, {"time": 1958, "pitch": 69, "duration": 8, "velocity": 104}, {"time": 1964, "pitch": 45, "duration": 1, "velocity": 87}, {"time": 1967, "pitch": 43, "duration": 2, "velocity": 97}, {"time": 1970, "pitch": 41, "duration": 17, "velocity": 92}, {"time": 1970, "pitch": 60, "duration": 8, "velocity": 107}, {"time": 1970, "pitch": 65, "duration": 8, "velocity": 113}, {"time": 1970, "pitch": 69, "duration": 8, "velocity": 100}, {"time": 1979, "pitch": 53, "duration": 5, "velocity": 83}, {"time": 1982, "pitch": 60, "duration": 8, "velocity": 104}, {"time": 1982, "pitch": 65, "duration": 9, "velocity": 116}, {"time": 1982, "pitch": 69, "duration": 8, "velocity": 107}, {"time": 1988, "pitch": 53, "duration": 4, "velocity": 83}, {"time": 1991, "pitch": 41, "duration": 2, "velocity": 97}, {"time": 1994, "pitch": 45, "duration": 20, "velocity": 84}, {"time": 1994, "pitch": 60, "duration": 8, "velocity": 88}, {"time": 1994, "pitch": 64, "duration": 8, "velocity": 92}, {"time": 1994, "pitch": 69, "duration": 8, "velocity": 92}, {"time": 2003, "pitch": 57, "duration": 5, "velocity": 84}, {"time": 2006, "pitch": 60, "duration": 7, "velocity": 90}, {"time": 2006, "pitch": 64, "duration": 6, "velocity": 100}, {"time": 2006, "pitch": 69, "duration": 7, "velocity": 94}, {"time": 2012, "pitch": 57, "duration": 1, "velocity": 87}, {"time": 2018, "pitch": 43, "duration": 20, "velocity": 88}, {"time": 2018, "pitch": 59, "duration": 8, "velocity": 92}, {"time": 2018, "pitch": 62, "duration": 8, "velocity": 104}, {"time": 2018, "pitch": 67, "duration": 8, "velocity": 89}, {"time": 2027, "pitch": 55, "duration": 5, "velocity": 75}, {"time": 2030, "pitch": 59, "duration": 9, "velocity": 98}, {"time": 2030, "pitch": 62, "duration": 9, "velocity": 108}, {"time": 2030, "pitch": 67, "duration": 9, "velocity": 94}, {"time": 2036, "pitch": 55, "duration": 6, "velocity": 84}, {"time": 2042, "pitch": 43, "duration": 19, "velocity": 86}, {"time": 2042, "pitch": 59, "duration": 8, "velocity": 92}, {"time": 2042, "pitch": 62, "duration": 9, "velocity": 102}, {"time": 2042, "pitch": 67, "duration": 8, "velocity": 91}, {"time": 2051, "pitch": 55, "duration": 4, "velocity": 91}, {"time": 2054, "pitch": 59, "duration": 7, "velocity": 98}, {"time": 2054, "pitch": 62, "duration": 10, "velocity": 110}, {"time": 2054, "pitch": 67, "duration": 8, "velocity": 98}, {"time": 2060, "pitch": 55, "duration": 5, "velocity": 86}, {"time": 2063, "pitch": 43, "duration": 1, "velocity": 97}, {"time": 2066, "pitch": 48, "duration": 30, "velocity": 86}, {"time": 2066, "pitch": 60, "duration": 9, "velocity": 87}, {"time": 2066, "pitch": 64, "duration": 8, "velocity": 93}, {"time": 2066, "pitch": 67, "duration": 6, "velocity": 89}, {"time": 2078, "pitch": 60, "duration": 9, "velocity": 89}, {"time": 2078, "pitch": 64, "duration": 9, "velocity": 92}, {"time": 2078, "pitch": 67, "duration": 9, "velocity": 91}, {"time": 2090, "pitch": 60, "duration": 9, "velocity": 90}, {"time": 2090, "pitch": 64, "duration": 9, "velocity": 93}, {"time": 2090, "pitch": 67, "duration": 9, "velocity": 89}, {"time": 2099, "pitch": 48, "duration": 5, "velocity": 88}, {"time": 2102, "pitch": 60, "duration": 6, "velocity": 98}, {"time": 2102, "pitch": 64, "duration": 10, "velocity": 102}, {"time": 2102, "pitch": 67, "duration": 8, "velocity": 100}, {"time": 2108, "pitch": 48, "duration": 2, "velocity": 92}, {"time": 2111, "pitch": 49, "duration": 2, "velocity": 97}, {"time": 2114, "pitch": 50, "duration": 15, "velocity": 102}, {"time": 2114, "pitch": 62, "duration": 8, "velocity": 90}, {"time": 2114, "pitch": 65, "duration": 8, "velocity": 100}, {"time": 2114, "pitch": 69, "duration": 7, "velocity": 98}, {"time": 2126, "pitch": 62, "duration": 8, "velocity": 98}, {"time": 2126, "pitch": 65, "duration": 10, "velocity": 96}, {"time": 2126, "pitch": 69, "duration": 8, "velocity": 98}, {"time": 2132, "pitch": 50, "duration": 5, "velocity": 88}, {"time": 2138, "pitch": 45, "duration": 15, "velocity": 87}, {"time": 2138, "pitch": 57, "duration": 6, "velocity": 88}, {"time": 2138, "pitch": 60, "duration": 9, "velocity": 90}, {"time": 2138, "pitch": 64, "duration": 9, "velocity": 94}, {"time": 2138, "pitch": 69, "duration": 9, "velocity": 86}, {"time": 2147, "pitch": 57, "duration": 5, "velocity": 85}, {"time": 2150, "pitch": 60, "duration": 7, "velocity": 89}, {"time": 2150, "pitch": 64, "duration": 7, "velocity": 94}, {"time": 2150, "pitch": 69, "duration": 8, "velocity": 91}, {"time": 2156, "pitch": 45, "duration": 2, "velocity": 83}, {"time": 2162, "pitch": 41, "duration": 18, "velocity": 87}, {"time": 2162, "pitch": 53, "duration": 14, "velocity": 88}, {"time": 2162, "pitch": 60, "duration": 8, "velocity": 90}, {"time": 2162, "pitch": 65, "duration": 8, "velocity": 102}, {"time": 2162, "pitch": 69, "duration": 7, "velocity": 92}, {"time": 2174, "pitch": 60, "duration": 9, "velocity": 93}, {"time": 2174, "pitch": 65, "duration": 10, "velocity": 98}, {"time": 2174, "pitch": 69, "duration": 9, "velocity": 91}, {"time": 2180, "pitch": 53, "duration": 5, "velocity": 84}, {"time": 2186, "pitch": 45, "duration": 14, "velocity": 86}, {"time": 2186, "pitch": 60, "duration": 7, "velocity": 93}, {"time": 2186, "pitch": 64, "duration": 7, "velocity": 102}, {"time": 2186, "pitch": 69, "duration": 7, "velocity": 94}, {"time": 2192, "pitch": 52, "duration": 8, "velocity": 77}, {"time": 2198, "pitch": 60, "duration": 6, "velocity": 89}, {"time": 2198, "pitch": 64, "duration": 9, "velocity": 100}, {"time": 2198, "pitch": 69, "duration": 8, "velocity": 91}, {"time": 2204, "pitch": 45, "duration": 5, "velocity": 84}, {"time": 2210, "pitch": 43, "duration": 15, "velocity": 91}, {"time": 2210, "pitch": 59, "duration": 8, "velocity": 91}, {"time": 2210, "pitch": 62, "duration": 8, "velocity": 102}, {"time": 2210, "pitch": 67, "duration": 8, "velocity": 98}, {"time": 2222, "pitch": 59, "duration": 9, "velocity": 102}, {"time": 2222, "pitch": 62, "duration": 9, "velocity": 113}, {"time": 2222, "pitch": 67, "duration": 9, "velocity": 94}, {"time": 2228, "pitch": 43, "duration": 5, "velocity": 83}, {"time": 2234, "pitch": 43, "duration": 65, "velocity": 85}, {"time": 2234, "pitch": 55, "duration": 68, "velocity": 86}, {"time": 2234, "pitch": 62, "duration": 9, "velocity": 92}, {"time": 2234, "pitch": 67, "duration": 9, "velocity": 91}, {"time": 2234, "pitch": 71, "duration": 8, "velocity": 88}, {"time": 2246, "pitch": 62, "duration": 7, "velocity": 87}, {"time": 2246, "pitch": 67, "duration": 7, "velocity": 88}, {"time": 2246, "pitch": 71, "duration": 7, "velocity": 88}, {"time": 2258, "pitch": 62, "duration": 42, "velocity": 85}, {"time": 2258, "pitch": 67, "duration": 42, "velocity": 82}, {"time": 2258, "pitch": 71, "duration": 41, "velocity": 84}, {"time": 2306, "pitch": 50, "duration": 14, "velocity": 91}, {"time": 2306, "pitch": 62, "duration": 8, "velocity": 96}, {"time": 2306, "pitch": 65, "duration": 8, "velocity": 100}, {"time": 2306, "pitch": 69, "duration": 7, "velocity": 94}, {"time": 2318, "pitch": 62, "duration": 8, "velocity": 102}, {"time": 2318, "pitch": 65, "duration": 11, "velocity": 108}, {"time": 2318, "pitch": 69, "duration": 8, "velocity": 94}, {"time": 2324, "pitch": 50, "duration": 1, "velocity": 88}, {"time": 2330, "pitch": 45, "duration": 15, "velocity": 85}, {"time": 2330, "pitch": 60, "duration": 9, "velocity": 96}, {"time": 2330, "pitch": 64, "duration": 8, "velocity": 104}, {"time": 2330, "pitch": 69, "duration": 8, "velocity": 91}, {"time": 2336, "pitch": 52, "duration": 9, "velocity": 64}, {"time": 2339, "pitch": 57, "duration": 5, "velocity": 84}, {"time": 2342, "pitch": 60, "duration": 7, "velocity": 102}, {"time": 2342, "pitch": 64, "duration": 9, "velocity": 110}, {"time": 2342, "pitch": 69, "duration": 8, "velocity": 104}, {"time": 2348, "pitch": 45, "duration": 1, "velocity": 87}, {"time": 2354, "pitch": 41, "duration": 20, "velocity": 92}, {"time": 2354, "pitch": 60, "duration": 8, "velocity": 107}, {"time": 2354, "pitch": 65, "duration": 8, "velocity": 113}, {"time": 2354, "pitch": 69, "duration": 8, "velocity": 100}, {"time": 2363, "pitch": 53, "duration": 5, "velocity": 83}, {"time": 2366, "pitch": 60, "duration": 8, "velocity": 104}, {"time": 2366, "pitch": 65, "duration": 9, "velocity": 116}, {"time": 2366, "pitch": 69, "duration": 8, "velocity": 107}, {"time": 2372, "pitch": 53, "duration": 4, "velocity": 83}, {"time": 2378, "pitch": 45, "duration": 20, "velocity": 84}, {"time": 2378, "pitch": 60, "duration": 8, "velocity": 88}, {"time": 2378, "pitch": 64, "duration": 8, "velocity": 92}, {"time": 2378, "pitch": 69, "duration": 8, "velocity": 92}, {"time": 2387, "pitch": 57, "duration": 5, "velocity": 84}, {"time": 2390, "pitch": 60, "duration": 7, "velocity": 90}, {"time": 2390, "pitch": 64, "duration": 6, "velocity": 100}, {"time": 2390, "pitch": 69, "duration": 7, "velocity": 94}, {"time": 2396, "pitch": 57, "duration": 1, "velocity": 87}, {"time": 2402, "pitch": 43, "duration": 20, "velocity": 88}, {"time": 2402, "pitch": 59, "duration": 8, "velocity": 92}, {"time": 2402, "pitch": 62, "duration": 8, "velocity": 104}, {"time": 2402, "pitch": 67, "duration": 8, "velocity": 89}, {"time": 2411, "pitch": 55, "duration": 5, "velocity": 75}, {"time": 2414, "pitch": 59, "duration": 9, "velocity": 98}, {"time": 2414, "pitch": 62, "duration": 9, "velocity": 108}, {"time": 2414, "pitch": 67, "duration": 9, "velocity": 94}, {"time": 2420, "pitch": 55, "duration": 6, "velocity": 84}, {"time": 2426, "pitch": 43, "duration": 19, "velocity": 86}, {"time": 2426, "pitch": 59, "duration": 8, "velocity": 92}, {"time": 2426, "pitch": 62, "duration": 9, "velocity": 102}, {"time": 2426, "pitch": 67, "duration": 8, "velocity": 91}, {"time": 2435, "pitch": 55, "duration": 4, "velocity": 91}, {"time": 2438, "pitch": 59, "duration": 7, "velocity": 98}, {"time": 2438, "pitch": 62, "duration": 10, "velocity": 110}, {"time": 2438, "pitch": 67, "duration": 8, "velocity": 98}, {"time": 2444, "pitch": 55, "duration": 5, "velocity": 86}, {"time": 2450, "pitch": 48, "duration": 30, "velocity": 86}, {"time": 2450, "pitch": 60, "duration": 9, "velocity": 87}, {"time": 2450, "pitch": 64, "duration": 8, "velocity": 93}, {"time": 2450, "pitch": 67, "duration": 6, "velocity": 89}, {"time": 2462, "pitch": 60, "duration": 9, "velocity": 89}, {"time": 2462, "pitch": 64, "duration": 9, "velocity": 92}, {"time": 2462, "pitch": 67, "duration": 9, "velocity": 91}, {"time": 2474, "pitch": 60, "duration": 9, "velocity": 90}, {"time": 2474, "pitch": 64, "duration": 9, "velocity": 93}, {"time": 2474, "pitch": 67, "duration": 9, "velocity": 89}, {"time": 2483, "pitch": 48, "duration": 5, "velocity": 88}, {"time": 2486, "pitch": 60, "duration": 6, "velocity": 98}, {"time": 2486, "pitch": 64, "duration": 10, "velocity": 102}, {"time": 2486, "pitch": 67, "duration": 8, "velocity": 100}, {"time": 2492, "pitch": 48, "duration": 4, "velocity": 92}, {"time": 2498, "pitch": 50, "duration": 15, "velocity": 102}, {"time": 2498, "pitch": 62, "duration": 8, "velocity": 90}, {"time": 2498, "pitch": 65, "duration": 8, "velocity": 100}, {"time": 2498, "pitch": 69, "duration": 7, "velocity": 98}, {"time": 2510, "pitch": 62, "duration": 8, "velocity": 98}, {"time": 2510, "pitch": 65, "duration": 10, "velocity": 96}, {"time": 2510, "pitch": 69, "duration": 8, "velocity": 98}, {"time": 2516, "pitch": 50, "duration": 5, "velocity": 88}, {"time": 2522, "pitch": 45, "duration": 15, "velocity": 87}, {"time": 2522, "pitch": 57, "duration": 6, "velocity": 88}, {"time": 2522, "pitch": 60, "duration": 9, "velocity": 90}, {"time": 2522, "pitch": 64, "duration": 9, "velocity": 94}, {"time": 2522, "pitch": 69, "duration": 9, "velocity": 86}, {"time": 2531, "pitch": 57, "duration": 5, "velocity": 85}, {"time": 2534, "pitch": 60, "duration": 7, "velocity": 89}, {"time": 2534, "pitch": 64, "duration": 7, "velocity": 94}, {"time": 2534, "pitch": 69, "duration": 8, "velocity": 91}, {"time": 2540, "pitch": 45, "duration": 2, "velocity": 83}, {"time": 2546, "pitch": 41, "duration": 18, "velocity": 87}, {"time": 2546, "pitch": 53, "duration": 14, "velocity": 88}, {"time": 2546, "pitch": 60, "duration": 8, "velocity": 90}, {"time": 2546, "pitch": 65, "duration": 8, "velocity": 102}, {"time": 2546, "pitch": 69, "duration": 7, "velocity": 92}, {"time": 2558, "pitch": 60, "duration": 9, "velocity": 93}, {"time": 2558, "pitch": 65, "duration": 10, "velocity": 98}, {"time": 2558, "pitch": 69, "duration": 9, "velocity": 91}, {"time": 2564, "pitch": 53, "duration": 5, "velocity": 84}, {"time": 2570, "pitch": 45, "duration": 14, "velocity": 86}, {"time": 2570, "pitch": 60, "duration": 7, "velocity": 93}, {"time": 2570, "pitch": 64, "duration": 7, "velocity": 102}, {"time": 2570, "pitch": 69, "duration": 7, "velocity": 94}, {"time": 2576, "pitch": 52, "duration": 8, "velocity": 77}, {"time": 2582, "pitch": 60, "duration": 6, "velocity": 89}, {"time": 2582, "pitch": 64, "duration": 9, "velocity": 100}, {"time": 2582, "pitch": 69, "duration": 8, "velocity": 91}, {"time": 2588, "pitch": 45, "duration": 5, "velocity": 84}, {"time": 2594, "pitch": 43, "duration": 15, "velocity": 91}, {"time": 2594, "pitch": 59, "duration": 8, "velocity": 91}, {"time": 2594, "pitch": 62, "duration": 8, "velocity": 102}, {"time": 2594, "pitch": 67, "duration": 8, "velocity": 98}, {"time": 2606, "pitch": 59, "duration": 9, "velocity": 102}, {"time": 2606, "pitch": 62, "duration": 9, "velocity": 113}, {"time": 2606, "pitch": 67, "duration": 9, "velocity": 94}, {"time": 2612, "pitch": 43, "duration": 5, "velocity": 83}, {"time": 2618, "pitch": 43, "duration": 65, "velocity": 85}, {"time": 2618, "pitch": 55, "duration": 68, "velocity": 86}, {"time": 2618, "pitch": 62, "duration": 9, "velocity": 92}, {"time": 2618, "pitch": 67, "duration": 9, "velocity": 91}, {"time": 2618, "pitch": 71, "duration": 8, "velocity": 88}, {"time": 2630, "pitch": 62, "duration": 7, "velocity": 87}, {"time": 2630, "pitch": 67, "duration": 7, "velocity": 88}, {"time": 2630, "pitch": 71, "duration": 7, "velocity": 88}, {"time": 2642, "pitch": 62, "duration": 42, "velocity": 85}, {"time": 2642, "pitch": 67, "duration": 42, "velocity": 82}, {"time": 2642, "pitch": 71, "duration": 41, "velocity": 84}, {"time": 2690, "pitch": 53, "duration": 11, "velocity": 86}, {"time": 2690, "pitch": 76, "duration": 31, "velocity": 91}, {"time": 2696, "pitch": 60, "duration": 5, "velocity": 44}, {"time": 2702, "pitch": 65, "duration": 3, "velocity": 78}, {"time": 2708, "pitch": 67, "duration": 1, "velocity": 81}, {"time": 2726, "pitch": 69, "duration": 3, "velocity": 83}, {"time": 2729, "pitch": 71, "duration": 2, "velocity": 86}, {"time": 2732, "pitch": 72, "duration": 1, "velocity": 88}, {"time": 2735, "pitch": 74, "duration": 3, "velocity": 84}, {"time": 2738, "pitch": 45, "duration": 11, "velocity": 77}, {"time": 2738, "pitch": 76, "duration": 33, "velocity": 86}, {"time": 2744, "pitch": 52, "duration": 5, "velocity": 52}, {"time": 2750, "pitch": 57, "duration": 1, "velocity": 85}, {"time": 2756, "pitch": 60, "duration": 15, "velocity": 71}, {"time": 2774, "pitch": 71, "duration": 3, "velocity": 69}, {"time": 2777, "pitch": 72, "duration": 1, "velocity": 79}, {"time": 2786, "pitch": 41, "duration": 6, "velocity": 78}, {"time": 2786, "pitch": 69, "duration": 41, "velocity": 82}, {"time": 2786, "pitch": 76, "duration": 30, "velocity": 86}, {"time": 2792, "pitch": 53, "duration": 1, "velocity": 83}, {"time": 2798, "pitch": 57, "duration": 1, "velocity": 85}, {"time": 2804, "pitch": 60, "duration": 1, "velocity": 81}, {"time": 2828, "pitch": 72, "duration": 6, "velocity": 78}, {"time": 2834, "pitch": 40, "duration": 12, "velocity": 81}, {"time": 2834, "pitch": 71, "duration": 53, "velocity": 87}, {"time": 2840, "pitch": 47, "duration": 5, "velocity": 64}, {"time": 2846, "pitch": 52, "duration": 1, "velocity": 74}, {"time": 2852, "pitch": 56, "duration": 26, "velocity": 72}, {"time": 2858, "pitch": 59, "duration": 19, "velocity": 40}, {"time": 2890, "pitch": 64, "duration": 8, "velocity": 61}, {"time": 2891, "pitch": 45, "duration": 52, "velocity": 66}, {"time": 2891, "pitch": 69, "duration": 2, "velocity": 70}, {"time": 2892, "pitch": 72, "duration": 5, "velocity": 84}, {"time": 2897, "pitch": 52, "duration": 46, "velocity": 64}, {"time": 2901, "pitch": 57, "duration": 41, "velocity": 76}, {"time": 2904, "pitch": 59, "duration": 2, "velocity": 81}, {"time": 2906, "pitch": 60, "duration": 1, "velocity": 87}, {"time": 2909, "pitch": 64, "duration": 2, "velocity": 86}, {"time": 2911, "pitch": 69, "duration": 2, "velocity": 87}, {"time": 2913, "pitch": 71, "duration": 2, "velocity": 84}, {"time": 2915, "pitch": 72, "duration": 2, "velocity": 83}, {"time": 2918, "pitch": 76, "duration": 2, "velocity": 89}, {"time": 2921, "pitch": 81, "duration": 2, "velocity": 84}, {"time": 2924, "pitch": 83, "duration": 1, "velocity": 81}, {"time": 2926, "pitch": 84, "duration": 2, "velocity": 86}, {"time": 2930, "pitch": 88, "duration": 1, "velocity": 86}, {"time": 2935, "pitch": 81, "duration": 2, "velocity": 67}, {"time": 2936, "pitch": 84, "duration": 2, "velocity": 73}, {"time": 2937, "pitch": 93, "duration": 1, "velocity": 89}], "annotations": [{"time": 3, "annotation": {"number": 64, "value": 74}, "group": "control_change"}, {"time": 3, "annotation": {"number": 64, "value": 127}, "group": "control_change"}, {"time": 46, "annotation": {"number": 64, "value": 0}, "group": "control_change"}, {"time": 49, "annotation": {"number": 64, "value": 127}, "group": "control_change"}, {"time": 93, "annotation": {"number": 64, "value": 38}, "group": "control_change"}, {"time": 93, "annotation": {"number": 64, "value": 0}, "group": "control_change"}, {"time": 97, "annotation": {"number": 64, "value": 38}, "group": "control_change"}, {"time": 97, "annotation": {"number": 64, "value": 127}, "group": "control_change"}, {"time": 142, "annotation": {"number": 64, "value": 74}, "group": "control_change"}, {"time": 142, "annotation": {"number": 64, "value": 38}, "group": "control_change"}, {"time": 142, "annotation": {"number": 64, "value": 0}, "group": "control_change"}, {"time": 145, "annotation": {"number": 64, "value": 127}, "group": "control_change"}, {"time": 191, "annotation": {"number": 64, "value": 74}, "group": "control_change"}, {"time": 191, "annotation": {"number": 64, "value": 38}, "group": "control_change"}, {"time": 191, "annotation": {"number": 64, "value": 0}, "group": "control_change"}, {"time": 194, "annotation": {"number": 64, "value": 127}, "group": "control_change"}, {"time": 240, "annotation": {"number": 64, "value": 74}, "group": "control_change"}, {"time": 240, "annotation": {"number": 64, "value": 0}, "group": "control_change"}, {"time": 241, "annotation": {"number": 64, "value": 38}, "group": "control_change"}, {"time": 241, "annotation": {"number": 64, "value": 127}, "group": "control_change"}, {"time": 287, "annotation": {"number": 64, "value": 74}, "group": "control_change"}, {"time": 287, "annotation": {"number": 64, "value": 38}, "group": "control_change"}, {"time": 287, "annotation": {"number": 64, "value": 0}, "group": "control_change"}, {"time": 288, "annotation": {"number": 64, "value": 127}, "group": "control_change"}, {"time": 289, "annotation": {"number": 64, "value": 74}, "group": "control_change"}, {"time": 289, "annotation": {"number": 64, "value": 127}, "group": "control_change"}, {"time": 308, "annotation": {"number": 64, "value": 74}, "group": "control_change"}, {"time": 308, "annotation": {"number": 64, "value": 38}, "group": "control_change"}, {"time": 308, "annotation": {"number": 64, "value": 0}, "group": "control_change"}, {"time": 335, "annotation": {"number": 64, "value": 74}, "group": "control_change"}, {"time": 335, "annotation": {"number": 64, "value": 38}, "group": "control_change"}, {"time": 335, "annotation": {"number": 64, "value": 0}, "group": "control_change"}, {"time": 336, "annotation": {"number": 64, "value": 74}, "group": "control_change"}, {"time": 336, "annotation": {"number": 64, "value": 127}, "group": "control_change"}, {"time": 383, "annotation": {"number": 64, "value": 74}, "group": "control_change"}, {"time": 383, "annotation": {"number": 64, "value": 38}, "group": "control_change"}, {"time": 383, "annotation": {"number": 64, "value": 127}, "group": "control_change"}, {"time": 383, "annotation": {"number": 64, "value": 0}, "group": "control_change"}, {"time": 384, "annotation": {"number": 64, "value": 74}, "group": "control_change"}, {"time": 384, "annotation": {"number": 64, "value": 127}, "group": "control_change"}, {"time": 431, "annotation": {"number": 64, "value": 38}, "group": "control_change"}, {"time": 431, "annotation": {"number": 64, "value": 0}, "group": "control_change"}, {"time": 433, "annotation": {"number": 64, "value": 74}, "group": "control_change"}, {"time": 433, "annotation": {"number": 64, "value": 127}, "group": "control_change"}, {"time": 480, "annotation": {"number": 64, "value": 0}, "group": "control_change"}, {"time": 481, "annotation": {"number": 64, "value": 127}, "group": "control_change"}, {"time": 483, "annotation": {"number": 64, "value": 127}, "group": "control_change"}, {"time": 493, "annotation": {"number": 64, "value": 38}, "group": "control_change"}, {"time": 494, "annotation": {"number": 64, "value": 0}, "group": "control_change"}, {"time": 529, "annotation": {"number": 64, "value": 127}, "group": "control_change"}, {"time": 562, "annotation": {"number": 64, "value": 74}, "group": "control_change"}, {"time": 562, "annotation": {"number": 64, "value": 38}, "group": "control_change"}, {"time": 562, "annotation": {"number": 64, "value": 0}, "group": "control_change"}, {"time": 671, "annotation": {"number": 64, "value": 38}, "group": "control_change"}, {"time": 672, "annotation": {"number": 64, "value": 0}, "group": "control_change"}, {"time": 672, "annotation": {"number": 64, "value": 127}, "group": "control_change"}, {"time": 673, "annotation": {"number": 64, "value": 74}, "group": "control_change"}, {"time": 673, "annotation": {"number": 64, "value": 127}, "group": "control_change"}, {"time": 719, "annotation": {"number": 64, "value": 0}, "group": "control_change"}, {"time": 721, "annotation": {"number": 64, "value": 127}, "group": "control_change"}, {"time": 722, "annotation": {"number": 64, "value": 127}, "group": "control_change"}, {"time": 767, "annotation": {"number": 64, "value": 74}, "group": "control_change"}, {"time": 767, "annotation": {"number": 64, "value": 0}, "group": "control_change"}, {"time": 769, "annotation": {"number": 64, "value": 38}, "group": "control_change"}, {"time": 769, "annotation": {"number": 64, "value": 127}, "group": "control_change"}, {"time": 782, "annotation": {"number": 64, "value": 38}, "group": "control_change"}, {"time": 782, "annotation": {"number": 64, "value": 0}, "group": "control_change"}, {"time": 816, "annotation": {"number": 64, "value": 74}, "group": "control_change"}, {"time": 816, "annotation": {"number": 64, "value": 0}, "group": "control_change"}, {"time": 817, "annotation": {"number": 64, "value": 127}, "group": "control_change"}, {"time": 818, "annotation": {"number": 64, "value": 127}, "group": "control_change"}, {"time": 831, "annotation": {"number": 64, "value": 0}, "group": "control_change"}, {"time": 863, "annotation": {"number": 64, "value": 38}, "group": "control_change"}, {"time": 863, "annotation": {"number": 64, "value": 0}, "group": "control_change"}, {"time": 866, "annotation": {"number": 64, "value": 127}, "group": "control_change"}, {"time": 912, "annotation": {"number": 64, "value": 38}, "group": "control_change"}, {"time": 912, "annotation": {"number": 64, "value": 0}, "group": "control_change"}, {"time": 913, "annotation": {"number": 64, "value": 127}, "group": "control_change"}, {"time": 949, "annotation": {"number": 64, "value": 38}, "group": "control_change"}, {"time": 949, "annotation": {"number": 64, "value": 0}, "group": "control_change"}, {"time": 950, "annotation": {"number": 64, "value": 127}, "group": "control_change"}, {"time": 959, "annotation": {"number": 64, "value": 38}, "group": "control_change"}, {"time": 959, "annotation": {"number": 64, "value": 0}, "group": "control_change"}, {"time": 961, "annotation": {"number": 64, "value": 74}, "group": "control_change"}, {"time": 961, "annotation": {"number": 64, "value": 127}, "group": "control_change"}, {"time": 961, "annotation": {"number": 64, "value": 38}, "group": "control_change"}, {"time": 962, "annotation": {"number": 64, "value": 127}, "group": "control_change"}, {"time": 965, "annotation": {"number": 64, "value": 38}, "group": "control_change"}, {"time": 965, "annotation": {"number": 64, "value": 0}, "group": "control_change"}, {"time": 983, "annotation": {"number": 64, "value": 38}, "group": "control_change"}, {"time": 983, "annotation": {"number": 64, "value": 0}, "group": "control_change"}, {"time": 985, "annotation": {"number": 64, "value": 127}, "group": "control_change"}, {"time": 1007, "annotation": {"number": 64, "value": 38}, "group": "control_change"}, {"time": 1007, "annotation": {"number": 64, "value": 0}, "group": "control_change"}, {"time": 1009, "annotation": {"number": 64, "value": 127}, "group": "control_change"}, {"time": 1031, "annotation": {"number": 64, "value": 38}, "group": "control_change"}, {"time": 1031, "annotation": {"number": 64, "value": 0}, "group": "control_change"}, {"time": 1033, "annotation": {"number": 64, "value": 127}, "group": "control_change"}, {"time": 1055, "annotation": {"number": 64, "value": 74}, "group": "control_change"}, {"time": 1055, "annotation": {"number": 64, "value": 0}, "group": "control_change"}, {"time": 1057, "annotation": {"number": 64, "value": 127}, "group": "control_change"}, {"time": 1061, "annotation": {"number": 64, "value": 74}, "group": "control_change"}, {"time": 1061, "annotation": {"number": 64, "value": 0}, "group": "control_change"}, {"time": 1103, "annotation": {"number": 64, "value": 74}, "group": "control_change"}, {"time": 1104, "annotation": {"number": 64, "value": 0}, "group": "control_change"}, {"time": 1105, "annotation": {"number": 64, "value": 127}, "group": "control_change"}, {"time": 1127, "annotation": {"number": 64, "value": 38}, "group": "control_change"}, {"time": 1128, "annotation": {"number": 64, "value": 0}, "group": "control_change"}, {"time": 1129, "annotation": {"number": 64, "value": 127}, "group": "control_change"}, {"time": 1151, "annotation": {"number": 64, "value": 38}, "group": "control_change"}, {"time": 1151, "annotation": {"number": 64, "value": 0}, "group": "control_change"}, {"time": 1151, "annotation": {"number": 64, "value": 74}, "group": "control_change"}, {"time": 1153, "annotation": {"number": 64, "value": 127}, "group": "control_change"}, {"time": 1175, "annotation": {"number": 64, "value": 38}, "group": "control_change"}, {"time": 1175, "annotation": {"number": 64, "value": 0}, "group": "control_change"}, {"time": 1177, "annotation": {"number": 64, "value": 127}, "group": "control_change"}, {"time": 1199, "annotation": {"number": 64, "value": 74}, "group": "control_change"}, {"time": 1199, "annotation": {"number": 64, "value": 0}, "group": "control_change"}, {"time": 1200, "annotation": {"number": 64, "value": 127}, "group": "control_change"}, {"time": 1201, "annotation": {"number": 64, "value": 127}, "group": "control_change"}, {"time": 1210, "annotation": {"number": 64, "value": 0}, "group": "control_change"}, {"time": 1223, "annotation": {"number": 64, "value": 38}, "group": "control_change"}, {"time": 1224, "annotation": {"number": 64, "value": 0}, "group": "control_change"}, {"time": 1225, "annotation": {"number": 64, "value": 127}, "group": "control_change"}, {"time": 1246, "annotation": {"number": 64, "value": 38}, "group": "control_change"}, {"time": 1246, "annotation": {"number": 64, "value": 0}, "group": "control_change"}, {"time": 1249, "annotation": {"number": 64, "value": 127}, "group": "control_change"}, {"time": 1272, "annotation": {"number": 64, "value": 38}, "group": "control_change"}, {"time": 1272, "annotation": {"number": 64, "value": 0}, "group": "control_change"}, {"time": 1273, "annotation": {"number": 64, "value": 127}, "group": "control_change"}, {"time": 1284, "annotation": {"number": 64, "value": 0}, "group": "control_change"}, {"time": 1284, "annotation": {"number": 64, "value": 127}, "group": "control_change"}, {"time": 1295, "annotation": {"number": 64, "value": 0}, "group": "control_change"}, {"time": 1297, "annotation": {"number": 64, "value": 127}, "group": "control_change"}, {"time": 1304, "annotation": {"number": 64, "value": 74}, "group": "control_change"}, {"time": 1304, "annotation": {"number": 64, "value": 38}, "group": "control_change"}, {"time": 1304, "annotation": {"number": 64, "value": 0}, "group": "control_change"}, {"time": 1343, "annotation": {"number": 64, "value": 74}, "group": "control_change"}, {"time": 1343, "annotation": {"number": 64, "value": 0}, "group": "control_change"}, {"time": 1347, "annotation": {"number": 64, "value": 127}, "group": "control_change"}, {"time": 1393, "annotation": {"number": 64, "value": 127}, "group": "control_change"}, {"time": 1441, "annotation": {"number": 64, "value": 127}, "group": "control_change"}, {"time": 1488, "annotation": {"number": 64, "value": 74}, "group": "control_change"}, {"time": 1488, "annotation": {"number": 64, "value": 38}, "group": "control_change"}, {"time": 1488, "annotation": {"number": 64, "value": 0}, "group": "control_change"}, {"time": 1489, "annotation": {"number": 64, "value": 127}, "group": "control_change"}, {"time": 1490, "annotation": {"number": 64, "value": 127}, "group": "control_change"}, {"time": 1535, "annotation": {"number": 64, "value": 38}, "group": "control_change"}, {"time": 1535, "annotation": {"number": 64, "value": 0}, "group": "control_change"}, {"time": 1631, "annotation": {"number": 64, "value": 38}, "group": "control_change"}, {"time": 1632, "annotation": {"number": 64, "value": 0}, "group": "control_change"}, {"time": 1632, "annotation": {"number": 64, "value": 127}, "group": "control_change"}, {"time": 1633, "annotation": {"number": 64, "value": 74}, "group": "control_change"}, {"time": 1633, "annotation": {"number": 64, "value": 127}, "group": "control_change"}, {"time": 1679, "annotation": {"number": 64, "value": 0}, "group": "control_change"}, {"time": 1681, "annotation": {"number": 64, "value": 127}, "group": "control_change"}, {"time": 1682, "annotation": {"number": 64, "value": 127}, "group": "control_change"}, {"time": 1727, "annotation": {"number": 64, "value": 74}, "group": "control_change"}, {"time": 1727, "annotation": {"number": 64, "value": 0}, "group": "control_change"}, {"time": 1729, "annotation": {"number": 64, "value": 38}, "group": "control_change"}, {"time": 1729, "annotation": {"number": 64, "value": 127}, "group": "control_change"}, {"time": 1742, "annotation": {"number": 64, "value": 38}, "group": "control_change"}, {"time": 1742, "annotation": {"number": 64, "value": 0}, "group": "control_change"}, {"time": 1776, "annotation": {"number": 64, "value": 74}, "group": "control_change"}, {"time": 1776, "annotation": {"number": 64, "value": 0}, "group": "control_change"}, {"time": 1777, "annotation": {"number": 64, "value": 127}, "group": "control_change"}, {"time": 1778, "annotation": {"number": 64, "value": 127}, "group": "control_change"}, {"time": 1791, "annotation": {"number": 64, "value": 0}, "group": "control_change"}, {"time": 1823, "annotation": {"number": 64, "value": 38}, "group": "control_change"}, {"time": 1823, "annotation": {"number": 64, "value": 0}, "group": "control_change"}, {"time": 1826, "annotation": {"number": 64, "value": 127}, "group": "control_change"}, {"time": 1872, "annotation": {"number": 64, "value": 38}, "group": "control_change"}, {"time": 1872, "annotation": {"number": 64, "value": 0}, "group": "control_change"}, {"time": 1873, "annotation": {"number": 64, "value": 127}, "group": "control_change"}, {"time": 1909, "annotation": {"number": 64, "value": 38}, "group": "control_change"}, {"time": 1909, "annotation": {"number": 64, "value": 0}, "group": "control_change"}, {"time": 1910, "annotation": {"number": 64, "value": 127}, "group": "control_change"}, {"time": 1919, "annotation": {"number": 64, "value": 38}, "group": "control_change"}, {"time": 1919, "annotation": {"number": 64, "value": 0}, "group": "control_change"}, {"time": 1921, "annotation": {"number": 64, "value": 74}, "group": "control_change"}, {"time": 1921, "annotation": {"number": 64, "value": 127}, "group": "control_change"}, {"time": 1921, "annotation": {"number": 64, "value": 38}, "group": "control_change"}, {"time": 1922, "annotation": {"number": 64, "value": 127}, "group": "control_change"}, {"time": 1925, "annotation": {"number": 64, "value": 38}, "group": "control_change"}, {"time": 1925, "annotation": {"number": 64, "value": 0}, "group": "control_change"}, {"time": 1943, "annotation": {"number": 64, "value": 38}, "group": "control_change"}, {"time": 1943, "annotation": {"number": 64, "value": 0}, "group": "control_change"}, {"time": 1945, "annotation": {"number": 64, "value": 127}, "group": "control_change"}, {"time": 1967, "annotation": {"number": 64, "value": 38}, "group": "control_change"}, {"time": 1967, "annotation": {"number": 64, "value": 0}, "group": "control_change"}, {"time": 1969, "annotation": {"number": 64, "value": 127}, "group": "control_change"}, {"time": 1991, "annotation": {"number": 64, "value": 38}, "group": "control_change"}, {"time": 1991, "annotation": {"number": 64, "value": 0}, "group": "control_change"}, {"time": 1993, "annotation": {"number": 64, "value": 127}, "group": "control_change"}, {"time": 2015, "annotation": {"number": 64, "value": 74}, "group": "control_change"}, {"time": 2015, "annotation": {"number": 64, "value": 0}, "group": "control_change"}, {"time": 2017, "annotation": {"number": 64, "value": 127}, "group": "control_change"}, {"time": 2021, "annotation": {"number": 64, "value": 74}, "group": "control_change"}, {"time": 2021, "annotation": {"number": 64, "value": 0}, "group": "control_change"}, {"time": 2063, "annotation": {"number": 64, "value": 74}, "group": "control_change"}, {"time": 2064, "annotation": {"number": 64, "value": 0}, "group": "control_change"}, {"time": 2065, "annotation": {"number": 64, "value": 127}, "group": "control_change"}, {"time": 2087, "annotation": {"number": 64, "value": 38}, "group": "control_change"}, {"time": 2088, "annotation": {"number": 64, "value": 0}, "group": "control_change"}, {"time": 2089, "annotation": {"number": 64, "value": 127}, "group": "control_change"}, {"time": 2111, "annotation": {"number": 64, "value": 38}, "group": "control_change"}, {"time": 2111, "annotation": {"number": 64, "value": 0}, "group": "control_change"}, {"time": 2111, "annotation": {"number": 64, "value": 74}, "group": "control_change"}, {"time": 2113, "annotation": {"number": 64, "value": 127}, "group": "control_change"}, {"time": 2135, "annotation": {"number": 64, "value": 38}, "group": "control_change"}, {"time": 2135, "annotation": {"number": 64, "value": 0}, "group": "control_change"}, {"time": 2137, "annotation": {"number": 64, "value": 127}, "group": "control_change"}, {"time": 2159, "annotation": {"number": 64, "value": 74}, "group": "control_change"}, {"time": 2159, "annotation": {"number": 64, "value": 0}, "group": "control_change"}, {"time": 2160, "annotation": {"number": 64, "value": 127}, "group": "control_change"}, {"time": 2161, "annotation": {"number": 64, "value": 127}, "group": "control_change"}, {"time": 2170, "annotation": {"number": 64, "value": 0}, "group": "control_change"}, {"time": 2183, "annotation": {"number": 64, "value": 38}, "group": "control_change"}, {"time": 2184, "annotation": {"number": 64, "value": 0}, "group": "control_change"}, {"time": 2185, "annotation": {"number": 64, "value": 127}, "group": "control_change"}, {"time": 2206, "annotation": {"number": 64, "value": 38}, "group": "control_change"}, {"time": 2206, "annotation": {"number": 64, "value": 0}, "group": "control_change"}, {"time": 2209, "annotation": {"number": 64, "value": 127}, "group": "control_change"}, {"time": 2232, "annotation": {"number": 64, "value": 38}, "group": "control_change"}, {"time": 2232, "annotation": {"number": 64, "value": 0}, "group": "control_change"}, {"time": 2233, "annotation": {"number": 64, "value": 127}, "group": "control_change"}, {"time": 2244, "annotation": {"number": 64, "value": 0}, "group": "control_change"}, {"time": 2244, "annotation": {"number": 64, "value": 127}, "group": "control_change"}, {"time": 2255, "annotation": {"number": 64, "value": 0}, "group": "control_change"}, {"time": 2257, "annotation": {"number": 64, "value": 127}, "group": "control_change"}, {"time": 2264, "annotation": {"number": 64, "value": 74}, "group": "control_change"}, {"time": 2264, "annotation": {"number": 64, "value": 38}, "group": "control_change"}, {"time": 2264, "annotation": {"number": 64, "value": 0}, "group": "control_change"}, {"time": 2303, "annotation": {"number": 64, "value": 74}, "group": "control_change"}, {"time": 2303, "annotation": {"number": 64, "value": 0}, "group": "control_change"}, {"time": 2309, "annotation": {"number": 64, "value": 38}, "group": "control_change"}, {"time": 2309, "annotation": {"number": 64, "value": 0}, "group": "control_change"}, {"time": 2327, "annotation": {"number": 64, "value": 38}, "group": "control_change"}, {"time": 2327, "annotation": {"number": 64, "value": 0}, "group": "control_change"}, {"time": 2329, "annotation": {"number": 64, "value": 127}, "group": "control_change"}, {"time": 2351, "annotation": {"number": 64, "value": 38}, "group": "control_change"}, {"time": 2351, "annotation": {"number": 64, "value": 0}, "group": "control_change"}, {"time": 2353, "annotation": {"number": 64, "value": 127}, "group": "control_change"}, {"time": 2375, "annotation": {"number": 64, "value": 38}, "group": "control_change"}, {"time": 2375, "annotation": {"number": 64, "value": 0}, "group": "control_change"}, {"time": 2377, "annotation": {"number": 64, "value": 127}, "group": "control_change"}, {"time": 2399, "annotation": {"number": 64, "value": 74}, "group": "control_change"}, {"time": 2399, "annotation": {"number": 64, "value": 0}, "group": "control_change"}, {"time": 2401, "annotation": {"number": 64, "value": 127}, "group": "control_change"}, {"time": 2405, "annotation": {"number": 64, "value": 74}, "group": "control_change"}, {"time": 2405, "annotation": {"number": 64, "value": 0}, "group": "control_change"}, {"time": 2447, "annotation": {"number": 64, "value": 74}, "group": "control_change"}, {"time": 2448, "annotation": {"number": 64, "value": 0}, "group": "control_change"}, {"time": 2449, "annotation": {"number": 64, "value": 127}, "group": "control_change"}, {"time": 2471, "annotation": {"number": 64, "value": 38}, "group": "control_change"}, {"time": 2472, "annotation": {"number": 64, "value": 0}, "group": "control_change"}, {"time": 2473, "annotation": {"number": 64, "value": 127}, "group": "control_change"}, {"time": 2495, "annotation": {"number": 64, "value": 38}, "group": "control_change"}, {"time": 2495, "annotation": {"number": 64, "value": 0}, "group": "control_change"}, {"time": 2495, "annotation": {"number": 64, "value": 74}, "group": "control_change"}, {"time": 2497, "annotation": {"number": 64, "value": 127}, "group": "control_change"}, {"time": 2519, "annotation": {"number": 64, "value": 38}, "group": "control_change"}, {"time": 2519, "annotation": {"number": 64, "value": 0}, "group": "control_change"}, {"time": 2521, "annotation": {"number": 64, "value": 127}, "group": "control_change"}, {"time": 2543, "annotation": {"number": 64, "value": 74}, "group": "control_change"}, {"time": 2543, "annotation": {"number": 64, "value": 0}, "group": "control_change"}, {"time": 2544, "annotation": {"number": 64, "value": 127}, "group": "control_change"}, {"time": 2545, "annotation": {"number": 64, "value": 127}, "group": "control_change"}, {"time": 2554, "annotation": {"number": 64, "value": 0}, "group": "control_change"}, {"time": 2567, "annotation": {"number": 64, "value": 38}, "group": "control_change"}, {"time": 2568, "annotation": {"number": 64, "value": 0}, "group": "control_change"}, {"time": 2569, "annotation": {"number": 64, "value": 127}, "group": "control_change"}, {"time": 2590, "annotation": {"number": 64, "value": 38}, "group": "control_change"}, {"time": 2590, "annotation": {"number": 64, "value": 0}, "group": "control_change"}, {"time": 2593, "annotation": {"number": 64, "value": 127}, "group": "control_change"}, {"time": 2616, "annotation": {"number": 64, "value": 38}, "group": "control_change"}, {"time": 2616, "annotation": {"number": 64, "value": 0}, "group": "control_change"}, {"time": 2617, "annotation": {"number": 64, "value": 127}, "group": "control_change"}, {"time": 2628, "annotation": {"number": 64, "value": 0}, "group": "control_change"}, {"time": 2628, "annotation": {"number": 64, "value": 127}, "group": "control_change"}, {"time": 2639, "annotation": {"number": 64, "value": 0}, "group": "control_change"}, {"time": 2641, "annotation": {"number": 64, "value": 127}, "group": "control_change"}, {"time": 2648, "annotation": {"number": 64, "value": 74}, "group": "control_change"}, {"time": 2648, "annotation": {"number": 64, "value": 38}, "group": "control_change"}, {"time": 2648, "annotation": {"number": 64, "value": 0}, "group": "control_change"}, {"time": 2687, "annotation": {"number": 64, "value": 74}, "group": "control_change"}, {"time": 2687, "annotation": {"number": 64, "value": 0}, "group": "control_change"}, {"time": 2689, "annotation": {"number": 64, "value": 127}, "group": "control_change"}, {"time": 2735, "annotation": {"number": 64, "value": 74}, "group": "control_change"}, {"time": 2735, "annotation": {"number": 64, "value": 0}, "group": "control_change"}, {"time": 2737, "annotation": {"number": 64, "value": 127}, "group": "control_change"}, {"time": 2783, "annotation": {"number": 64, "value": 38}, "group": "control_change"}, {"time": 2783, "annotation": {"number": 64, "value": 0}, "group": "control_change"}, {"time": 2785, "annotation": {"number": 64, "value": 127}, "group": "control_change"}, {"time": 2831, "annotation": {"number": 64, "value": 74}, "group": "control_change"}, {"time": 2831, "annotation": {"number": 64, "value": 0}, "group": "control_change"}, {"time": 2832, "annotation": {"number": 64, "value": 127}, "group": "control_change"}, {"time": 2944, "annotation": {"number": 64, "value": 74}, "group": "control_change"}, {"time": 2944, "annotation": {"number": 64, "value": 38}, "group": "control_change"}, {"time": 2944, "annotation": {"number": 64, "value": 0}, "group": "control_change"}]}]}