{"metadata": {"schema_version": "0.2", "title": "None", "source_filename": "286.mid", "source_format": "midi"}, "resolution": 12, "tempos": [{"time": 0, "qpm": 58.00004253336452}], "key_signatures": [{"time": 0, "root": 0, "mode": "major"}], "time_signatures": [{"time": 0, "numerator": 4, "denominator": 4}], "tracks": [{"program": 0, "is_drum": false, "name": "MELODY", "notes": [{"time": 436, "pitch": 67, "duration": 12, "velocity": 108}, {"time": 448, "pitch": 69, "duration": 6, "velocity": 108}, {"time": 454, "pitch": 71, "duration": 6, "velocity": 110}, {"time": 460, "pitch": 74, "duration": 24, "velocity": 110}, {"time": 484, "pitch": 67, "duration": 6, "velocity": 107}, {"time": 490, "pitch": 71, "duration": 6, "velocity": 110}, {"time": 496, "pitch": 64, "duration": 6, "velocity": 102}, {"time": 502, "pitch": 67, "duration": 6, "velocity": 107}, {"time": 508, "pitch": 62, "duration": 24, "velocity": 96}, {"time": 532, "pitch": 59, "duration": 12, "velocity": 93}, {"time": 544, "pitch": 62, "duration": 6, "velocity": 96}, {"time": 550, "pitch": 64, "duration": 6, "velocity": 94}, {"time": 556, "pitch": 67, "duration": 6, "velocity": 93}, {"time": 562, "pitch": 69, "duration": 3, "velocity": 96}, {"time": 565, "pitch": 71, "duration": 3, "velocity": 94}, {"time": 568, "pitch": 76, "duration": 7, "velocity": 100}, {"time": 574, "pitch": 74, "duration": 6, "velocity": 107}, {"time": 580, "pitch": 69, "duration": 48, "velocity": 98}, {"time": 628, "pitch": 71, "duration": 12, "velocity": 92}, {"time": 640, "pitch": 74, "duration": 6, "velocity": 108}, {"time": 646, "pitch": 76, "duration": 3, "velocity": 108}, {"time": 649, "pitch": 79, "duration": 3, "velocity": 98}, {"time": 652, "pitch": 74, "duration": 24, "velocity": 110}, {"time": 676, "pitch": 64, "duration": 6, "velocity": 104}, {"time": 682, "pitch": 67, "duration": 6, "velocity": 92}, {"time": 688, "pitch": 67, "duration": 6, "velocity": 98}, {"time": 694, "pitch": 69, "duration": 3, "velocity": 92}, {"time": 697, "pitch": 74, "duration": 3, "velocity": 91}, {"time": 700, "pitch": 71, "duration": 30, "velocity": 93}, {"time": 730, "pitch": 69, "duration": 6, "velocity": 104}, {"time": 736, "pitch": 71, "duration": 6, "velocity": 107}, {"time": 742, "pitch": 74, "duration": 6, "velocity": 100}, {"time": 748, "pitch": 64, "duration": 6, "velocity": 98}, {"time": 754, "pitch": 69, "duration": 9, "velocity": 102}, {"time": 763, "pitch": 69, "duration": 3, "velocity": 88}, {"time": 766, "pitch": 69, "duration": 3, "velocity": 91}, {"time": 769, "pitch": 71, "duration": 3, "velocity": 92}, {"time": 772, "pitch": 67, "duration": 48, "velocity": 91}, {"time": 820, "pitch": 67, "duration": 6, "velocity": 107}, {"time": 826, "pitch": 69, "duration": 6, "velocity": 108}, {"time": 832, "pitch": 71, "duration": 6, "velocity": 110}, {"time": 838, "pitch": 79, "duration": 7, "velocity": 113}, {"time": 844, "pitch": 76, "duration": 24, "velocity": 116}, {"time": 868, "pitch": 67, "duration": 6, "velocity": 113}, {"time": 874, "pitch": 69, "duration": 6, "velocity": 102}, {"time": 880, "pitch": 71, "duration": 6, "velocity": 104}, {"time": 886, "pitch": 76, "duration": 6, "velocity": 94}, {"time": 892, "pitch": 74, "duration": 24, "velocity": 100}, {"time": 916, "pitch": 64, "duration": 6, "velocity": 108}, {"time": 922, "pitch": 67, "duration": 6, "velocity": 102}, {"time": 928, "pitch": 67, "duration": 6, "velocity": 96}, {"time": 934, "pitch": 76, "duration": 6, "velocity": 100}, {"time": 940, "pitch": 74, "duration": 6, "velocity": 110}, {"time": 946, "pitch": 67, "duration": 3, "velocity": 102}, {"time": 949, "pitch": 67, "duration": 3, "velocity": 96}, {"time": 952, "pitch": 71, "duration": 6, "velocity": 107}, {"time": 958, "pitch": 71, "duration": 3, "velocity": 104}, {"time": 961, "pitch": 74, "duration": 3, "velocity": 96}, {"time": 964, "pitch": 69, "duration": 18, "velocity": 102}, {"time": 982, "pitch": 71, "duration": 6, "velocity": 110}, {"time": 988, "pitch": 69, "duration": 24, "velocity": 93}, {"time": 1012, "pitch": 67, "duration": 6, "velocity": 107}, {"time": 1018, "pitch": 69, "duration": 6, "velocity": 108}, {"time": 1024, "pitch": 71, "duration": 6, "velocity": 110}, {"time": 1030, "pitch": 79, "duration": 7, "velocity": 113}, {"time": 1036, "pitch": 76, "duration": 24, "velocity": 116}, {"time": 1060, "pitch": 67, "duration": 6, "velocity": 113}, {"time": 1066, "pitch": 69, "duration": 6, "velocity": 102}, {"time": 1072, "pitch": 71, "duration": 6, "velocity": 104}, {"time": 1078, "pitch": 76, "duration": 6, "velocity": 94}, {"time": 1084, "pitch": 74, "duration": 24, "velocity": 100}, {"time": 1108, "pitch": 64, "duration": 6, "velocity": 108}, {"time": 1114, "pitch": 67, "duration": 6, "velocity": 102}, {"time": 1120, "pitch": 67, "duration": 6, "velocity": 96}, {"time": 1126, "pitch": 76, "duration": 6, "velocity": 100}, {"time": 1132, "pitch": 74, "duration": 6, "velocity": 110}, {"time": 1138, "pitch": 67, "duration": 3, "velocity": 102}, {"time": 1141, "pitch": 67, "duration": 3, "velocity": 96}, {"time": 1144, "pitch": 71, "duration": 6, "velocity": 107}, {"time": 1150, "pitch": 71, "duration": 3, "velocity": 104}, {"time": 1153, "pitch": 74, "duration": 3, "velocity": 96}, {"time": 1156, "pitch": 69, "duration": 18, "velocity": 102}, {"time": 1174, "pitch": 71, "duration": 6, "velocity": 110}, {"time": 1180, "pitch": 74, "duration": 36, "velocity": 107}, {"time": 1216, "pitch": 62, "duration": 6, "velocity": 98}, {"time": 1222, "pitch": 64, "duration": 6, "velocity": 98}, {"time": 1228, "pitch": 67, "duration": 24, "velocity": 102}, {"time": 1324, "pitch": 67, "duration": 12, "velocity": 108}, {"time": 1336, "pitch": 69, "duration": 6, "velocity": 108}, {"time": 1342, "pitch": 71, "duration": 6, "velocity": 110}, {"time": 1348, "pitch": 74, "duration": 24, "velocity": 110}, {"time": 1372, "pitch": 67, "duration": 6, "velocity": 107}, {"time": 1378, "pitch": 71, "duration": 6, "velocity": 110}, {"time": 1384, "pitch": 64, "duration": 6, "velocity": 102}, {"time": 1390, "pitch": 67, "duration": 6, "velocity": 107}, {"time": 1396, "pitch": 62, "duration": 24, "velocity": 96}, {"time": 1420, "pitch": 59, "duration": 12, "velocity": 93}, {"time": 1432, "pitch": 62, "duration": 6, "velocity": 96}, {"time": 1438, "pitch": 64, "duration": 6, "velocity": 94}, {"time": 1444, "pitch": 67, "duration": 6, "velocity": 93}, {"time": 1450, "pitch": 69, "duration": 3, "velocity": 96}, {"time": 1453, "pitch": 71, "duration": 3, "velocity": 94}, {"time": 1456, "pitch": 76, "duration": 7, "velocity": 100}, {"time": 1462, "pitch": 74, "duration": 6, "velocity": 107}, {"time": 1468, "pitch": 69, "duration": 48, "velocity": 98}, {"time": 1516, "pitch": 71, "duration": 12, "velocity": 92}, {"time": 1528, "pitch": 74, "duration": 6, "velocity": 108}, {"time": 1534, "pitch": 76, "duration": 3, "velocity": 108}, {"time": 1537, "pitch": 79, "duration": 3, "velocity": 98}, {"time": 1540, "pitch": 74, "duration": 24, "velocity": 110}, {"time": 1564, "pitch": 64, "duration": 6, "velocity": 104}, {"time": 1570, "pitch": 67, "duration": 6, "velocity": 92}, {"time": 1576, "pitch": 67, "duration": 6, "velocity": 98}, {"time": 1582, "pitch": 69, "duration": 3, "velocity": 92}, {"time": 1585, "pitch": 74, "duration": 3, "velocity": 91}, {"time": 1588, "pitch": 71, "duration": 30, "velocity": 93}, {"time": 1618, "pitch": 69, "duration": 6, "velocity": 104}, {"time": 1624, "pitch": 71, "duration": 6, "velocity": 107}, {"time": 1630, "pitch": 74, "duration": 6, "velocity": 100}, {"time": 1636, "pitch": 64, "duration": 6, "velocity": 98}, {"time": 1642, "pitch": 69, "duration": 9, "velocity": 102}, {"time": 1651, "pitch": 69, "duration": 3, "velocity": 88}, {"time": 1654, "pitch": 69, "duration": 3, "velocity": 91}, {"time": 1657, "pitch": 71, "duration": 3, "velocity": 92}, {"time": 1660, "pitch": 67, "duration": 48, "velocity": 91}, {"time": 1708, "pitch": 67, "duration": 6, "velocity": 107}, {"time": 1714, "pitch": 69, "duration": 6, "velocity": 108}, {"time": 1720, "pitch": 71, "duration": 6, "velocity": 110}, {"time": 1726, "pitch": 79, "duration": 7, "velocity": 113}, {"time": 1732, "pitch": 76, "duration": 24, "velocity": 116}, {"time": 1756, "pitch": 67, "duration": 6, "velocity": 113}, {"time": 1762, "pitch": 69, "duration": 6, "velocity": 102}, {"time": 1768, "pitch": 71, "duration": 6, "velocity": 104}, {"time": 1774, "pitch": 76, "duration": 6, "velocity": 94}, {"time": 1780, "pitch": 74, "duration": 24, "velocity": 100}, {"time": 1804, "pitch": 64, "duration": 6, "velocity": 108}, {"time": 1810, "pitch": 67, "duration": 6, "velocity": 102}, {"time": 1816, "pitch": 67, "duration": 6, "velocity": 96}, {"time": 1822, "pitch": 76, "duration": 6, "velocity": 100}, {"time": 1828, "pitch": 74, "duration": 6, "velocity": 110}, {"time": 1834, "pitch": 67, "duration": 3, "velocity": 102}, {"time": 1837, "pitch": 67, "duration": 3, "velocity": 96}, {"time": 1840, "pitch": 71, "duration": 6, "velocity": 107}, {"time": 1846, "pitch": 71, "duration": 3, "velocity": 104}, {"time": 1849, "pitch": 74, "duration": 3, "velocity": 96}, {"time": 1852, "pitch": 69, "duration": 18, "velocity": 102}, {"time": 1870, "pitch": 71, "duration": 6, "velocity": 110}, {"time": 1876, "pitch": 69, "duration": 24, "velocity": 93}, {"time": 1900, "pitch": 67, "duration": 6, "velocity": 107}, {"time": 1906, "pitch": 69, "duration": 6, "velocity": 108}, {"time": 1912, "pitch": 71, "duration": 6, "velocity": 110}, {"time": 1918, "pitch": 79, "duration": 7, "velocity": 113}, {"time": 1924, "pitch": 76, "duration": 24, "velocity": 116}, {"time": 1948, "pitch": 67, "duration": 6, "velocity": 113}, {"time": 1954, "pitch": 69, "duration": 6, "velocity": 102}, {"time": 1960, "pitch": 71, "duration": 6, "velocity": 104}, {"time": 1966, "pitch": 76, "duration": 6, "velocity": 94}, {"time": 1972, "pitch": 74, "duration": 24, "velocity": 100}, {"time": 1996, "pitch": 64, "duration": 6, "velocity": 108}, {"time": 2002, "pitch": 67, "duration": 6, "velocity": 102}, {"time": 2008, "pitch": 67, "duration": 6, "velocity": 96}, {"time": 2014, "pitch": 76, "duration": 6, "velocity": 100}, {"time": 2020, "pitch": 74, "duration": 6, "velocity": 110}, {"time": 2026, "pitch": 67, "duration": 3, "velocity": 102}, {"time": 2029, "pitch": 67, "duration": 3, "velocity": 96}, {"time": 2032, "pitch": 71, "duration": 6, "velocity": 107}, {"time": 2038, "pitch": 71, "duration": 3, "velocity": 104}, {"time": 2041, "pitch": 74, "duration": 3, "velocity": 96}, {"time": 2044, "pitch": 69, "duration": 18, "velocity": 102}, {"time": 2062, "pitch": 71, "duration": 6, "velocity": 110}, {"time": 2068, "pitch": 74, "duration": 36, "velocity": 107}, {"time": 2104, "pitch": 62, "duration": 6, "velocity": 98}, {"time": 2110, "pitch": 64, "duration": 6, "velocity": 98}, {"time": 2116, "pitch": 67, "duration": 24, "velocity": 102}, {"time": 2548, "pitch": 67, "duration": 6, "velocity": 107}, {"time": 2554, "pitch": 69, "duration": 6, "velocity": 108}, {"time": 2560, "pitch": 71, "duration": 6, "velocity": 110}, {"time": 2566, "pitch": 79, "duration": 7, "velocity": 113}, {"time": 2572, "pitch": 76, "duration": 24, "velocity": 116}, {"time": 2596, "pitch": 67, "duration": 6, "velocity": 113}, {"time": 2602, "pitch": 69, "duration": 6, "velocity": 102}, {"time": 2608, "pitch": 71, "duration": 6, "velocity": 104}, {"time": 2614, "pitch": 76, "duration": 6, "velocity": 94}, {"time": 2620, "pitch": 74, "duration": 24, "velocity": 100}, {"time": 2644, "pitch": 64, "duration": 6, "velocity": 108}, {"time": 2650, "pitch": 67, "duration": 6, "velocity": 102}, {"time": 2656, "pitch": 67, "duration": 6, "velocity": 96}, {"time": 2662, "pitch": 76, "duration": 6, "velocity": 100}, {"time": 2668, "pitch": 74, "duration": 6, "velocity": 110}, {"time": 2674, "pitch": 67, "duration": 3, "velocity": 102}, {"time": 2677, "pitch": 67, "duration": 3, "velocity": 96}, {"time": 2680, "pitch": 71, "duration": 6, "velocity": 107}, {"time": 2686, "pitch": 71, "duration": 3, "velocity": 104}, {"time": 2689, "pitch": 74, "duration": 3, "velocity": 96}, {"time": 2692, "pitch": 69, "duration": 18, "velocity": 102}, {"time": 2710, "pitch": 71, "duration": 6, "velocity": 110}, {"time": 2716, "pitch": 69, "duration": 24, "velocity": 93}, {"time": 2740, "pitch": 67, "duration": 6, "velocity": 107}, {"time": 2746, "pitch": 69, "duration": 6, "velocity": 108}, {"time": 2752, "pitch": 71, "duration": 6, "velocity": 110}, {"time": 2758, "pitch": 79, "duration": 7, "velocity": 113}, {"time": 2764, "pitch": 76, "duration": 24, "velocity": 116}, {"time": 2788, "pitch": 67, "duration": 6, "velocity": 113}, {"time": 2794, "pitch": 69, "duration": 6, "velocity": 102}, {"time": 2800, "pitch": 71, "duration": 6, "velocity": 104}, {"time": 2806, "pitch": 76, "duration": 6, "velocity": 94}, {"time": 2812, "pitch": 74, "duration": 24, "velocity": 100}, {"time": 2836, "pitch": 64, "duration": 6, "velocity": 108}, {"time": 2842, "pitch": 67, "duration": 6, "velocity": 102}, {"time": 2848, "pitch": 67, "duration": 6, "velocity": 96}, {"time": 2854, "pitch": 76, "duration": 6, "velocity": 100}, {"time": 2860, "pitch": 74, "duration": 6, "velocity": 110}, {"time": 2866, "pitch": 67, "duration": 3, "velocity": 102}, {"time": 2869, "pitch": 67, "duration": 3, "velocity": 96}, {"time": 2872, "pitch": 71, "duration": 6, "velocity": 107}, {"time": 2878, "pitch": 71, "duration": 3, "velocity": 104}, {"time": 2881, "pitch": 74, "duration": 3, "velocity": 96}, {"time": 2884, "pitch": 69, "duration": 18, "velocity": 102}, {"time": 2902, "pitch": 71, "duration": 6, "velocity": 110}, {"time": 2908, "pitch": 74, "duration": 36, "velocity": 107}, {"time": 2944, "pitch": 62, "duration": 6, "velocity": 98}, {"time": 2950, "pitch": 64, "duration": 6, "velocity": 98}, {"time": 2956, "pitch": 67, "duration": 24, "velocity": 102}]}, {"program": 0, "is_drum": false, "name": "BRIDGE", "notes": [{"time": 4, "pitch": 67, "duration": 44, "velocity": 102}, {"time": 54, "pitch": 67, "duration": 1, "velocity": 92}, {"time": 55, "pitch": 69, "duration": 2, "velocity": 92}, {"time": 57, "pitch": 71, "duration": 1, "velocity": 92}, {"time": 58, "pitch": 74, "duration": 2, "velocity": 92}, {"time": 60, "pitch": 76, "duration": 2, "velocity": 97}, {"time": 62, "pitch": 79, "duration": 2, "velocity": 102}, {"time": 64, "pitch": 76, "duration": 4, "velocity": 104}, {"time": 94, "pitch": 76, "duration": 6, "velocity": 107}, {"time": 100, "pitch": 79, "duration": 8, "velocity": 107}, {"time": 112, "pitch": 76, "duration": 2, "velocity": 83}, {"time": 114, "pitch": 79, "duration": 1, "velocity": 86}, {"time": 115, "pitch": 76, "duration": 15, "velocity": 85}, {"time": 130, "pitch": 74, "duration": 6, "velocity": 96}, {"time": 136, "pitch": 69, "duration": 6, "velocity": 87}, {"time": 142, "pitch": 69, "duration": 6, "velocity": 92}, {"time": 148, "pitch": 71, "duration": 4, "velocity": 102}, {"time": 208, "pitch": 69, "duration": 2, "velocity": 78}, {"time": 210, "pitch": 71, "duration": 1, "velocity": 87}, {"time": 211, "pitch": 74, "duration": 2, "velocity": 90}, {"time": 213, "pitch": 76, "duration": 10, "velocity": 90}, {"time": 237, "pitch": 79, "duration": 3, "velocity": 89}, {"time": 240, "pitch": 81, "duration": 4, "velocity": 98}, {"time": 244, "pitch": 83, "duration": 5, "velocity": 104}, {"time": 259, "pitch": 81, "duration": 2, "velocity": 102}, {"time": 261, "pitch": 83, "duration": 2, "velocity": 87}, {"time": 263, "pitch": 81, "duration": 2, "velocity": 91}, {"time": 265, "pitch": 83, "duration": 1, "velocity": 87}, {"time": 266, "pitch": 81, "duration": 1, "velocity": 85}, {"time": 267, "pitch": 83, "duration": 1, "velocity": 86}, {"time": 268, "pitch": 81, "duration": 1, "velocity": 83}, {"time": 269, "pitch": 83, "duration": 1, "velocity": 84}, {"time": 270, "pitch": 81, "duration": 1, "velocity": 81}, {"time": 270, "pitch": 83, "duration": 2, "velocity": 85}, {"time": 271, "pitch": 81, "duration": 2, "velocity": 81}, {"time": 272, "pitch": 83, "duration": 1, "velocity": 84}, {"time": 273, "pitch": 81, "duration": 1, "velocity": 82}, {"time": 274, "pitch": 83, "duration": 1, "velocity": 84}, {"time": 275, "pitch": 81, "duration": 2, "velocity": 77}, {"time": 276, "pitch": 83, "duration": 1, "velocity": 85}, {"time": 283, "pitch": 83, "duration": 3, "velocity": 91}, {"time": 286, "pitch": 81, "duration": 2, "velocity": 86}, {"time": 288, "pitch": 83, "duration": 1, "velocity": 84}, {"time": 289, "pitch": 81, "duration": 3, "velocity": 84}, {"time": 293, "pitch": 79, "duration": 2, "velocity": 83}, {"time": 294, "pitch": 76, "duration": 5, "velocity": 84}, {"time": 310, "pitch": 79, "duration": 11, "velocity": 86}, {"time": 337, "pitch": 81, "duration": 6, "velocity": 82}, {"time": 343, "pitch": 79, "duration": 2, "velocity": 89}, {"time": 345, "pitch": 76, "duration": 1, "velocity": 87}, {"time": 346, "pitch": 79, "duration": 2, "velocity": 86}, {"time": 348, "pitch": 76, "duration": 4, "velocity": 88}, {"time": 352, "pitch": 79, "duration": 4, "velocity": 71}, {"time": 591, "pitch": 76, "duration": 6, "velocity": 127}, {"time": 597, "pitch": 74, "duration": 6, "velocity": 127}, {"time": 603, "pitch": 69, "duration": 15, "velocity": 127}, {"time": 784, "pitch": 69, "duration": 5, "velocity": 123}, {"time": 789, "pitch": 71, "duration": 7, "velocity": 118}, {"time": 795, "pitch": 67, "duration": 16, "velocity": 127}, {"time": 796, "pitch": 71, "duration": 1, "velocity": 5}, {"time": 850, "pitch": 69, "duration": 6, "velocity": 98}, {"time": 856, "pitch": 71, "duration": 11, "velocity": 108}, {"time": 898, "pitch": 69, "duration": 6, "velocity": 100}, {"time": 904, "pitch": 71, "duration": 7, "velocity": 104}, {"time": 916, "pitch": 76, "duration": 45, "velocity": 93}, {"time": 964, "pitch": 74, "duration": 18, "velocity": 92}, {"time": 1096, "pitch": 76, "duration": 6, "velocity": 100}, {"time": 1102, "pitch": 74, "duration": 4, "velocity": 82}, {"time": 1105, "pitch": 76, "duration": 3, "velocity": 88}, {"time": 1108, "pitch": 74, "duration": 5, "velocity": 91}, {"time": 1156, "pitch": 71, "duration": 25, "velocity": 102}, {"time": 1180, "pitch": 69, "duration": 12, "velocity": 98}, {"time": 1222, "pitch": 62, "duration": 2, "velocity": 102}, {"time": 1224, "pitch": 64, "duration": 1, "velocity": 102}, {"time": 1225, "pitch": 67, "duration": 2, "velocity": 102}, {"time": 1228, "pitch": 69, "duration": 24, "velocity": 110}, {"time": 1252, "pitch": 71, "duration": 18, "velocity": 107}, {"time": 1270, "pitch": 69, "duration": 5, "velocity": 96}, {"time": 1275, "pitch": 71, "duration": 1, "velocity": 88}, {"time": 1276, "pitch": 69, "duration": 3, "velocity": 96}, {"time": 1279, "pitch": 71, "duration": 1, "velocity": 87}, {"time": 1281, "pitch": 69, "duration": 1, "velocity": 87}, {"time": 1282, "pitch": 67, "duration": 13, "velocity": 87}, {"time": 1738, "pitch": 69, "duration": 6, "velocity": 90}, {"time": 1744, "pitch": 71, "duration": 9, "velocity": 88}, {"time": 1786, "pitch": 69, "duration": 6, "velocity": 88}, {"time": 1792, "pitch": 71, "duration": 16, "velocity": 91}, {"time": 1804, "pitch": 76, "duration": 45, "velocity": 93}, {"time": 1852, "pitch": 74, "duration": 18, "velocity": 92}, {"time": 1984, "pitch": 76, "duration": 6, "velocity": 100}, {"time": 1990, "pitch": 74, "duration": 4, "velocity": 82}, {"time": 1993, "pitch": 76, "duration": 3, "velocity": 88}, {"time": 1996, "pitch": 74, "duration": 5, "velocity": 91}, {"time": 2044, "pitch": 71, "duration": 25, "velocity": 102}, {"time": 2068, "pitch": 69, "duration": 12, "velocity": 98}, {"time": 2134, "pitch": 62, "duration": 3, "velocity": 90}, {"time": 2137, "pitch": 64, "duration": 2, "velocity": 81}, {"time": 2139, "pitch": 71, "duration": 1, "velocity": 81}, {"time": 2140, "pitch": 69, "duration": 1, "velocity": 83}, {"time": 2142, "pitch": 67, "duration": 1, "velocity": 73}, {"time": 2143, "pitch": 69, "duration": 1, "velocity": 83}, {"time": 2145, "pitch": 67, "duration": 6, "velocity": 83}, {"time": 2173, "pitch": 67, "duration": 3, "velocity": 110}, {"time": 2176, "pitch": 69, "duration": 2, "velocity": 91}, {"time": 2178, "pitch": 71, "duration": 1, "velocity": 104}, {"time": 2179, "pitch": 74, "duration": 2, "velocity": 92}, {"time": 2181, "pitch": 76, "duration": 1, "velocity": 92}, {"time": 2184, "pitch": 79, "duration": 2, "velocity": 89}, {"time": 2185, "pitch": 76, "duration": 3, "velocity": 85}, {"time": 2188, "pitch": 74, "duration": 3, "velocity": 85}, {"time": 2232, "pitch": 74, "duration": 2, "velocity": 91}, {"time": 2233, "pitch": 76, "duration": 2, "velocity": 96}, {"time": 2235, "pitch": 77, "duration": 1, "velocity": 89}, {"time": 2236, "pitch": 79, "duration": 2, "velocity": 104}, {"time": 2238, "pitch": 81, "duration": 2, "velocity": 113}, {"time": 2245, "pitch": 83, "duration": 5, "velocity": 110}, {"time": 2263, "pitch": 81, "duration": 1, "velocity": 88}, {"time": 2265, "pitch": 83, "duration": 1, "velocity": 88}, {"time": 2266, "pitch": 81, "duration": 6, "velocity": 91}, {"time": 2272, "pitch": 79, "duration": 5, "velocity": 96}, {"time": 2278, "pitch": 76, "duration": 5, "velocity": 96}, {"time": 2284, "pitch": 74, "duration": 5, "velocity": 96}, {"time": 2323, "pitch": 76, "duration": 2, "velocity": 88}, {"time": 2325, "pitch": 74, "duration": 1, "velocity": 88}, {"time": 2328, "pitch": 69, "duration": 1, "velocity": 88}, {"time": 2329, "pitch": 71, "duration": 3, "velocity": 92}, {"time": 2383, "pitch": 67, "duration": 1, "velocity": 94}, {"time": 2385, "pitch": 71, "duration": 1, "velocity": 94}, {"time": 2386, "pitch": 74, "duration": 1, "velocity": 94}, {"time": 2388, "pitch": 76, "duration": 1, "velocity": 94}, {"time": 2389, "pitch": 79, "duration": 1, "velocity": 94}, {"time": 2392, "pitch": 79, "duration": 3, "velocity": 94}, {"time": 2395, "pitch": 81, "duration": 17, "velocity": 94}, {"time": 2416, "pitch": 83, "duration": 5, "velocity": 94}, {"time": 2433, "pitch": 81, "duration": 2, "velocity": 100}, {"time": 2434, "pitch": 83, "duration": 2, "velocity": 91}, {"time": 2436, "pitch": 81, "duration": 2, "velocity": 96}, {"time": 2439, "pitch": 79, "duration": 4, "velocity": 104}, {"time": 2445, "pitch": 76, "duration": 12, "velocity": 94}, {"time": 2458, "pitch": 79, "duration": 5, "velocity": 94}, {"time": 2473, "pitch": 81, "duration": 1, "velocity": 83}, {"time": 2475, "pitch": 83, "duration": 1, "velocity": 81}, {"time": 2476, "pitch": 81, "duration": 3, "velocity": 85}, {"time": 2482, "pitch": 79, "duration": 6, "velocity": 88}, {"time": 2488, "pitch": 76, "duration": 4, "velocity": 88}, {"time": 2493, "pitch": 74, "duration": 5, "velocity": 88}, {"time": 2512, "pitch": 76, "duration": 2, "velocity": 88}, {"time": 2514, "pitch": 79, "duration": 1, "velocity": 84}, {"time": 2515, "pitch": 76, "duration": 8, "velocity": 88}, {"time": 2524, "pitch": 79, "duration": 9, "velocity": 102}, {"time": 2572, "pitch": 76, "duration": 44, "velocity": 98}, {"time": 2620, "pitch": 74, "duration": 7, "velocity": 92}, {"time": 2692, "pitch": 69, "duration": 12, "velocity": 102}, {"time": 2770, "pitch": 79, "duration": 6, "velocity": 104}, {"time": 2776, "pitch": 81, "duration": 11, "velocity": 110}, {"time": 2794, "pitch": 83, "duration": 11, "velocity": 110}, {"time": 2974, "pitch": 64, "duration": 6, "velocity": 84}, {"time": 2980, "pitch": 67, "duration": 6, "velocity": 102}, {"time": 2986, "pitch": 69, "duration": 6, "velocity": 93}, {"time": 2992, "pitch": 71, "duration": 3, "velocity": 81}, {"time": 2995, "pitch": 74, "duration": 6, "velocity": 81}, {"time": 3001, "pitch": 76, "duration": 6, "velocity": 81}, {"time": 3007, "pitch": 79, "duration": 8, "velocity": 81}, {"time": 3013, "pitch": 81, "duration": 27, "velocity": 81}, {"time": 3040, "pitch": 83, "duration": 24, "velocity": 81}, {"time": 3064, "pitch": 81, "duration": 4, "velocity": 104}, {"time": 3068, "pitch": 83, "duration": 1, "velocity": 83}, {"time": 3069, "pitch": 81, "duration": 1, "velocity": 83}, {"time": 3070, "pitch": 83, "duration": 2, "velocity": 87}, {"time": 3072, "pitch": 81, "duration": 13, "velocity": 93}, {"time": 3085, "pitch": 79, "duration": 2, "velocity": 81}, {"time": 3087, "pitch": 81, "duration": 1, "velocity": 85}, {"time": 3088, "pitch": 79, "duration": 18, "velocity": 81}, {"time": 3106, "pitch": 76, "duration": 30, "velocity": 81}, {"time": 3136, "pitch": 79, "duration": 3, "velocity": 102}, {"time": 3139, "pitch": 81, "duration": 3, "velocity": 89}, {"time": 3142, "pitch": 79, "duration": 22, "velocity": 81}]}, {"program": 0, "is_drum": false, "name": "PIANO", "notes": [{"time": 4, "pitch": 55, "duration": 46, "velocity": 91}, {"time": 10, "pitch": 59, "duration": 6, "velocity": 84}, {"time": 16, "pitch": 62, "duration": 6, "velocity": 87}, {"time": 22, "pitch": 67, "duration": 6, "velocity": 75}, {"time": 28, "pitch": 71, "duration": 6, "velocity": 79}, {"time": 34, "pitch": 67, "duration": 6, "velocity": 80}, {"time": 40, "pitch": 71, "duration": 6, "velocity": 83}, {"time": 46, "pitch": 67, "duration": 7, "velocity": 80}, {"time": 52, "pitch": 55, "duration": 44, "velocity": 87}, {"time": 58, "pitch": 64, "duration": 6, "velocity": 82}, {"time": 64, "pitch": 71, "duration": 5, "velocity": 84}, {"time": 70, "pitch": 64, "duration": 6, "velocity": 83}, {"time": 76, "pitch": 67, "duration": 5, "velocity": 81}, {"time": 82, "pitch": 64, "duration": 6, "velocity": 73}, {"time": 88, "pitch": 67, "duration": 6, "velocity": 76}, {"time": 94, "pitch": 64, "duration": 4, "velocity": 77}, {"time": 100, "pitch": 48, "duration": 43, "velocity": 92}, {"time": 106, "pitch": 60, "duration": 6, "velocity": 78}, {"time": 112, "pitch": 67, "duration": 6, "velocity": 86}, {"time": 118, "pitch": 64, "duration": 6, "velocity": 79}, {"time": 124, "pitch": 72, "duration": 6, "velocity": 86}, {"time": 130, "pitch": 67, "duration": 6, "velocity": 77}, {"time": 136, "pitch": 64, "duration": 6, "velocity": 81}, {"time": 142, "pitch": 60, "duration": 7, "velocity": 76}, {"time": 148, "pitch": 55, "duration": 42, "velocity": 87}, {"time": 154, "pitch": 62, "duration": 6, "velocity": 76}, {"time": 160, "pitch": 67, "duration": 6, "velocity": 83}, {"time": 166, "pitch": 59, "duration": 5, "velocity": 70}, {"time": 172, "pitch": 71, "duration": 6, "velocity": 87}, {"time": 178, "pitch": 62, "duration": 6, "velocity": 67}, {"time": 184, "pitch": 67, "duration": 6, "velocity": 78}, {"time": 190, "pitch": 62, "duration": 6, "velocity": 73}, {"time": 196, "pitch": 55, "duration": 42, "velocity": 87}, {"time": 202, "pitch": 59, "duration": 7, "velocity": 71}, {"time": 208, "pitch": 62, "duration": 6, "velocity": 81}, {"time": 214, "pitch": 59, "duration": 6, "velocity": 75}, {"time": 220, "pitch": 67, "duration": 6, "velocity": 83}, {"time": 226, "pitch": 62, "duration": 9, "velocity": 73}, {"time": 232, "pitch": 71, "duration": 6, "velocity": 86}, {"time": 238, "pitch": 67, "duration": 11, "velocity": 84}, {"time": 244, "pitch": 55, "duration": 49, "velocity": 86}, {"time": 250, "pitch": 64, "duration": 7, "velocity": 75}, {"time": 256, "pitch": 71, "duration": 6, "velocity": 84}, {"time": 262, "pitch": 64, "duration": 6, "velocity": 50}, {"time": 268, "pitch": 67, "duration": 5, "velocity": 74}, {"time": 274, "pitch": 64, "duration": 6, "velocity": 67}, {"time": 280, "pitch": 67, "duration": 6, "velocity": 73}, {"time": 286, "pitch": 64, "duration": 7, "velocity": 75}, {"time": 292, "pitch": 48, "duration": 45, "velocity": 87}, {"time": 298, "pitch": 60, "duration": 6, "velocity": 77}, {"time": 304, "pitch": 67, "duration": 6, "velocity": 84}, {"time": 310, "pitch": 64, "duration": 6, "velocity": 78}, {"time": 316, "pitch": 71, "duration": 6, "velocity": 80}, {"time": 322, "pitch": 64, "duration": 6, "velocity": 75}, {"time": 328, "pitch": 67, "duration": 6, "velocity": 81}, {"time": 334, "pitch": 64, "duration": 6, "velocity": 78}, {"time": 340, "pitch": 55, "duration": 46, "velocity": 87}, {"time": 346, "pitch": 62, "duration": 6, "velocity": 65}, {"time": 352, "pitch": 67, "duration": 5, "velocity": 69}, {"time": 358, "pitch": 62, "duration": 6, "velocity": 77}, {"time": 364, "pitch": 71, "duration": 5, "velocity": 83}, {"time": 370, "pitch": 62, "duration": 6, "velocity": 67}, {"time": 376, "pitch": 67, "duration": 6, "velocity": 80}, {"time": 382, "pitch": 62, "duration": 7, "velocity": 77}, {"time": 388, "pitch": 55, "duration": 48, "velocity": 84}, {"time": 394, "pitch": 62, "duration": 6, "velocity": 70}, {"time": 400, "pitch": 67, "duration": 6, "velocity": 79}, {"time": 406, "pitch": 62, "duration": 6, "velocity": 64}, {"time": 412, "pitch": 71, "duration": 6, "velocity": 87}, {"time": 418, "pitch": 62, "duration": 6, "velocity": 70}, {"time": 424, "pitch": 67, "duration": 6, "velocity": 78}, {"time": 430, "pitch": 62, "duration": 4, "velocity": 78}, {"time": 436, "pitch": 55, "duration": 45, "velocity": 84}, {"time": 442, "pitch": 59, "duration": 6, "velocity": 78}, {"time": 448, "pitch": 62, "duration": 5, "velocity": 86}, {"time": 454, "pitch": 67, "duration": 6, "velocity": 74}, {"time": 460, "pitch": 71, "duration": 6, "velocity": 84}, {"time": 466, "pitch": 67, "duration": 6, "velocity": 72}, {"time": 472, "pitch": 71, "duration": 6, "velocity": 78}, {"time": 478, "pitch": 67, "duration": 8, "velocity": 71}, {"time": 484, "pitch": 55, "duration": 48, "velocity": 81}, {"time": 490, "pitch": 59, "duration": 7, "velocity": 70}, {"time": 496, "pitch": 62, "duration": 6, "velocity": 80}, {"time": 502, "pitch": 59, "duration": 6, "velocity": 74}, {"time": 508, "pitch": 67, "duration": 6, "velocity": 87}, {"time": 514, "pitch": 62, "duration": 6, "velocity": 75}, {"time": 520, "pitch": 71, "duration": 6, "velocity": 84}, {"time": 526, "pitch": 67, "duration": 6, "velocity": 78}, {"time": 532, "pitch": 52, "duration": 44, "velocity": 88}, {"time": 538, "pitch": 59, "duration": 6, "velocity": 73}, {"time": 544, "pitch": 67, "duration": 6, "velocity": 86}, {"time": 550, "pitch": 64, "duration": 6, "velocity": 81}, {"time": 556, "pitch": 67, "duration": 6, "velocity": 84}, {"time": 562, "pitch": 59, "duration": 6, "velocity": 68}, {"time": 568, "pitch": 64, "duration": 6, "velocity": 82}, {"time": 574, "pitch": 67, "duration": 7, "velocity": 85}, {"time": 580, "pitch": 50, "duration": 45, "velocity": 84}, {"time": 586, "pitch": 62, "duration": 7, "velocity": 77}, {"time": 592, "pitch": 69, "duration": 6, "velocity": 88}, {"time": 598, "pitch": 62, "duration": 6, "velocity": 76}, {"time": 604, "pitch": 66, "duration": 6, "velocity": 84}, {"time": 610, "pitch": 62, "duration": 6, "velocity": 86}, {"time": 616, "pitch": 57, "duration": 6, "velocity": 84}, {"time": 622, "pitch": 66, "duration": 7, "velocity": 81}, {"time": 628, "pitch": 55, "duration": 48, "velocity": 91}, {"time": 634, "pitch": 59, "duration": 7, "velocity": 74}, {"time": 640, "pitch": 67, "duration": 6, "velocity": 88}, {"time": 646, "pitch": 62, "duration": 6, "velocity": 83}, {"time": 652, "pitch": 67, "duration": 6, "velocity": 88}, {"time": 658, "pitch": 59, "duration": 7, "velocity": 74}, {"time": 664, "pitch": 64, "duration": 6, "velocity": 81}, {"time": 670, "pitch": 67, "duration": 7, "velocity": 85}, {"time": 676, "pitch": 52, "duration": 49, "velocity": 87}, {"time": 682, "pitch": 59, "duration": 6, "velocity": 78}, {"time": 688, "pitch": 64, "duration": 6, "velocity": 84}, {"time": 694, "pitch": 59, "duration": 6, "velocity": 82}, {"time": 700, "pitch": 67, "duration": 5, "velocity": 88}, {"time": 706, "pitch": 64, "duration": 7, "velocity": 77}, {"time": 712, "pitch": 71, "duration": 6, "velocity": 86}, {"time": 718, "pitch": 67, "duration": 6, "velocity": 84}, {"time": 724, "pitch": 50, "duration": 43, "velocity": 89}, {"time": 730, "pitch": 62, "duration": 6, "velocity": 76}, {"time": 736, "pitch": 69, "duration": 6, "velocity": 89}, {"time": 742, "pitch": 62, "duration": 7, "velocity": 79}, {"time": 748, "pitch": 66, "duration": 6, "velocity": 80}, {"time": 754, "pitch": 62, "duration": 6, "velocity": 67}, {"time": 760, "pitch": 69, "duration": 12, "velocity": 80}, {"time": 766, "pitch": 62, "duration": 7, "velocity": 76}, {"time": 772, "pitch": 55, "duration": 44, "velocity": 87}, {"time": 778, "pitch": 59, "duration": 7, "velocity": 71}, {"time": 784, "pitch": 67, "duration": 6, "velocity": 87}, {"time": 790, "pitch": 59, "duration": 6, "velocity": 74}, {"time": 796, "pitch": 62, "duration": 7, "velocity": 81}, {"time": 802, "pitch": 59, "duration": 7, "velocity": 68}, {"time": 808, "pitch": 67, "duration": 7, "velocity": 87}, {"time": 814, "pitch": 62, "duration": 5, "velocity": 87}, {"time": 820, "pitch": 55, "duration": 24, "velocity": 91}, {"time": 826, "pitch": 59, "duration": 7, "velocity": 81}, {"time": 832, "pitch": 67, "duration": 6, "velocity": 90}, {"time": 838, "pitch": 62, "duration": 8, "velocity": 88}, {"time": 844, "pitch": 48, "duration": 22, "velocity": 89}, {"time": 850, "pitch": 60, "duration": 7, "velocity": 64}, {"time": 856, "pitch": 67, "duration": 6, "velocity": 87}, {"time": 862, "pitch": 64, "duration": 9, "velocity": 84}, {"time": 868, "pitch": 48, "duration": 24, "velocity": 87}, {"time": 874, "pitch": 60, "duration": 6, "velocity": 76}, {"time": 880, "pitch": 67, "duration": 6, "velocity": 92}, {"time": 886, "pitch": 64, "duration": 7, "velocity": 87}, {"time": 892, "pitch": 47, "duration": 22, "velocity": 88}, {"time": 898, "pitch": 59, "duration": 6, "velocity": 86}, {"time": 904, "pitch": 66, "duration": 7, "velocity": 103}, {"time": 910, "pitch": 59, "duration": 6, "velocity": 86}, {"time": 916, "pitch": 52, "duration": 47, "velocity": 93}, {"time": 922, "pitch": 59, "duration": 6, "velocity": 83}, {"time": 928, "pitch": 67, "duration": 6, "velocity": 89}, {"time": 934, "pitch": 59, "duration": 7, "velocity": 83}, {"time": 940, "pitch": 64, "duration": 6, "velocity": 88}, {"time": 946, "pitch": 59, "duration": 7, "velocity": 78}, {"time": 952, "pitch": 67, "duration": 8, "velocity": 89}, {"time": 955, "pitch": 59, "duration": 8, "velocity": 86}, {"time": 964, "pitch": 50, "duration": 46, "velocity": 89}, {"time": 970, "pitch": 57, "duration": 7, "velocity": 83}, {"time": 976, "pitch": 66, "duration": 6, "velocity": 91}, {"time": 982, "pitch": 57, "duration": 7, "velocity": 82}, {"time": 988, "pitch": 62, "duration": 6, "velocity": 87}, {"time": 994, "pitch": 57, "duration": 7, "velocity": 83}, {"time": 1000, "pitch": 66, "duration": 14, "velocity": 113}, {"time": 1006, "pitch": 57, "duration": 6, "velocity": 94}, {"time": 1012, "pitch": 55, "duration": 24, "velocity": 93}, {"time": 1018, "pitch": 59, "duration": 7, "velocity": 87}, {"time": 1024, "pitch": 67, "duration": 7, "velocity": 110}, {"time": 1030, "pitch": 62, "duration": 12, "velocity": 96}, {"time": 1036, "pitch": 48, "duration": 43, "velocity": 93}, {"time": 1042, "pitch": 60, "duration": 6, "velocity": 84}, {"time": 1048, "pitch": 67, "duration": 6, "velocity": 100}, {"time": 1054, "pitch": 60, "duration": 6, "velocity": 81}, {"time": 1060, "pitch": 64, "duration": 6, "velocity": 90}, {"time": 1066, "pitch": 60, "duration": 7, "velocity": 85}, {"time": 1072, "pitch": 67, "duration": 6, "velocity": 94}, {"time": 1078, "pitch": 60, "duration": 7, "velocity": 87}, {"time": 1084, "pitch": 47, "duration": 20, "velocity": 88}, {"time": 1090, "pitch": 57, "duration": 7, "velocity": 86}, {"time": 1096, "pitch": 66, "duration": 13, "velocity": 88}, {"time": 1102, "pitch": 57, "duration": 7, "velocity": 86}, {"time": 1108, "pitch": 52, "duration": 22, "velocity": 89}, {"time": 1111, "pitch": 59, "duration": 7, "velocity": 82}, {"time": 1120, "pitch": 64, "duration": 7, "velocity": 87}, {"time": 1126, "pitch": 67, "duration": 8, "velocity": 91}, {"time": 1132, "pitch": 52, "duration": 22, "velocity": 89}, {"time": 1138, "pitch": 59, "duration": 12, "velocity": 83}, {"time": 1144, "pitch": 67, "duration": 8, "velocity": 84}, {"time": 1150, "pitch": 62, "duration": 6, "velocity": 85}, {"time": 1156, "pitch": 50, "duration": 68, "velocity": 86}, {"time": 1162, "pitch": 57, "duration": 7, "velocity": 80}, {"time": 1168, "pitch": 66, "duration": 6, "velocity": 86}, {"time": 1174, "pitch": 57, "duration": 7, "velocity": 75}, {"time": 1180, "pitch": 62, "duration": 7, "velocity": 86}, {"time": 1186, "pitch": 57, "duration": 16, "velocity": 73}, {"time": 1192, "pitch": 66, "duration": 11, "velocity": 84}, {"time": 1198, "pitch": 62, "duration": 7, "velocity": 80}, {"time": 1204, "pitch": 57, "duration": 20, "velocity": 80}, {"time": 1228, "pitch": 55, "duration": 45, "velocity": 91}, {"time": 1234, "pitch": 59, "duration": 7, "velocity": 78}, {"time": 1240, "pitch": 62, "duration": 6, "velocity": 86}, {"time": 1246, "pitch": 59, "duration": 6, "velocity": 77}, {"time": 1252, "pitch": 67, "duration": 6, "velocity": 84}, {"time": 1258, "pitch": 62, "duration": 6, "velocity": 75}, {"time": 1264, "pitch": 67, "duration": 6, "velocity": 84}, {"time": 1270, "pitch": 62, "duration": 9, "velocity": 79}, {"time": 1276, "pitch": 55, "duration": 48, "velocity": 84}, {"time": 1282, "pitch": 59, "duration": 6, "velocity": 79}, {"time": 1288, "pitch": 67, "duration": 6, "velocity": 80}, {"time": 1294, "pitch": 59, "duration": 7, "velocity": 73}, {"time": 1300, "pitch": 62, "duration": 6, "velocity": 86}, {"time": 1306, "pitch": 59, "duration": 7, "velocity": 72}, {"time": 1312, "pitch": 67, "duration": 6, "velocity": 87}, {"time": 1318, "pitch": 62, "duration": 4, "velocity": 88}, {"time": 1324, "pitch": 43, "duration": 45, "velocity": 84}, {"time": 1324, "pitch": 55, "duration": 45, "velocity": 84}, {"time": 1330, "pitch": 59, "duration": 6, "velocity": 78}, {"time": 1336, "pitch": 62, "duration": 6, "velocity": 86}, {"time": 1342, "pitch": 67, "duration": 6, "velocity": 74}, {"time": 1348, "pitch": 71, "duration": 6, "velocity": 84}, {"time": 1354, "pitch": 67, "duration": 6, "velocity": 72}, {"time": 1360, "pitch": 71, "duration": 6, "velocity": 78}, {"time": 1366, "pitch": 67, "duration": 8, "velocity": 71}, {"time": 1372, "pitch": 43, "duration": 47, "velocity": 97}, {"time": 1372, "pitch": 55, "duration": 48, "velocity": 81}, {"time": 1378, "pitch": 59, "duration": 7, "velocity": 70}, {"time": 1384, "pitch": 62, "duration": 6, "velocity": 80}, {"time": 1390, "pitch": 59, "duration": 6, "velocity": 74}, {"time": 1396, "pitch": 67, "duration": 6, "velocity": 87}, {"time": 1402, "pitch": 62, "duration": 6, "velocity": 75}, {"time": 1408, "pitch": 71, "duration": 6, "velocity": 84}, {"time": 1414, "pitch": 67, "duration": 6, "velocity": 78}, {"time": 1420, "pitch": 40, "duration": 44, "velocity": 97}, {"time": 1420, "pitch": 52, "duration": 44, "velocity": 88}, {"time": 1426, "pitch": 59, "duration": 6, "velocity": 73}, {"time": 1432, "pitch": 67, "duration": 6, "velocity": 86}, {"time": 1438, "pitch": 64, "duration": 6, "velocity": 81}, {"time": 1444, "pitch": 67, "duration": 6, "velocity": 84}, {"time": 1450, "pitch": 59, "duration": 6, "velocity": 68}, {"time": 1456, "pitch": 64, "duration": 6, "velocity": 82}, {"time": 1462, "pitch": 67, "duration": 7, "velocity": 85}, {"time": 1468, "pitch": 38, "duration": 45, "velocity": 97}, {"time": 1468, "pitch": 50, "duration": 45, "velocity": 84}, {"time": 1474, "pitch": 62, "duration": 7, "velocity": 77}, {"time": 1480, "pitch": 69, "duration": 6, "velocity": 88}, {"time": 1486, "pitch": 62, "duration": 6, "velocity": 76}, {"time": 1492, "pitch": 66, "duration": 6, "velocity": 84}, {"time": 1498, "pitch": 62, "duration": 6, "velocity": 86}, {"time": 1504, "pitch": 57, "duration": 6, "velocity": 84}, {"time": 1510, "pitch": 66, "duration": 7, "velocity": 81}, {"time": 1516, "pitch": 45, "duration": 47, "velocity": 97}, {"time": 1516, "pitch": 55, "duration": 48, "velocity": 91}, {"time": 1522, "pitch": 59, "duration": 7, "velocity": 74}, {"time": 1528, "pitch": 67, "duration": 6, "velocity": 88}, {"time": 1534, "pitch": 62, "duration": 6, "velocity": 83}, {"time": 1540, "pitch": 67, "duration": 6, "velocity": 88}, {"time": 1546, "pitch": 59, "duration": 7, "velocity": 74}, {"time": 1552, "pitch": 64, "duration": 6, "velocity": 81}, {"time": 1558, "pitch": 67, "duration": 7, "velocity": 85}, {"time": 1564, "pitch": 40, "duration": 48, "velocity": 97}, {"time": 1564, "pitch": 52, "duration": 49, "velocity": 87}, {"time": 1570, "pitch": 59, "duration": 6, "velocity": 78}, {"time": 1576, "pitch": 64, "duration": 6, "velocity": 84}, {"time": 1582, "pitch": 59, "duration": 6, "velocity": 82}, {"time": 1588, "pitch": 67, "duration": 6, "velocity": 88}, {"time": 1594, "pitch": 64, "duration": 7, "velocity": 77}, {"time": 1600, "pitch": 71, "duration": 6, "velocity": 86}, {"time": 1606, "pitch": 67, "duration": 6, "velocity": 84}, {"time": 1612, "pitch": 38, "duration": 47, "velocity": 97}, {"time": 1612, "pitch": 50, "duration": 43, "velocity": 89}, {"time": 1618, "pitch": 62, "duration": 6, "velocity": 76}, {"time": 1624, "pitch": 69, "duration": 6, "velocity": 89}, {"time": 1630, "pitch": 62, "duration": 7, "velocity": 79}, {"time": 1636, "pitch": 66, "duration": 6, "velocity": 80}, {"time": 1642, "pitch": 62, "duration": 6, "velocity": 67}, {"time": 1648, "pitch": 69, "duration": 12, "velocity": 80}, {"time": 1654, "pitch": 62, "duration": 7, "velocity": 76}, {"time": 1660, "pitch": 45, "duration": 42, "velocity": 97}, {"time": 1660, "pitch": 55, "duration": 44, "velocity": 87}, {"time": 1666, "pitch": 59, "duration": 7, "velocity": 71}, {"time": 1672, "pitch": 67, "duration": 6, "velocity": 87}, {"time": 1678, "pitch": 59, "duration": 6, "velocity": 74}, {"time": 1684, "pitch": 62, "duration": 7, "velocity": 81}, {"time": 1690, "pitch": 59, "duration": 7, "velocity": 68}, {"time": 1696, "pitch": 67, "duration": 7, "velocity": 87}, {"time": 1702, "pitch": 62, "duration": 6, "velocity": 87}, {"time": 1708, "pitch": 45, "duration": 18, "velocity": 97}, {"time": 1708, "pitch": 55, "duration": 24, "velocity": 91}, {"time": 1714, "pitch": 59, "duration": 7, "velocity": 81}, {"time": 1720, "pitch": 67, "duration": 6, "velocity": 90}, {"time": 1726, "pitch": 62, "duration": 8, "velocity": 88}, {"time": 1732, "pitch": 36, "duration": 20, "velocity": 97}, {"time": 1732, "pitch": 48, "duration": 22, "velocity": 89}, {"time": 1738, "pitch": 60, "duration": 7, "velocity": 64}, {"time": 1744, "pitch": 67, "duration": 6, "velocity": 87}, {"time": 1750, "pitch": 64, "duration": 9, "velocity": 84}, {"time": 1756, "pitch": 36, "duration": 20, "velocity": 97}, {"time": 1756, "pitch": 48, "duration": 24, "velocity": 87}, {"time": 1762, "pitch": 60, "duration": 6, "velocity": 76}, {"time": 1768, "pitch": 67, "duration": 6, "velocity": 92}, {"time": 1774, "pitch": 64, "duration": 7, "velocity": 87}, {"time": 1780, "pitch": 35, "duration": 23, "velocity": 97}, {"time": 1780, "pitch": 47, "duration": 22, "velocity": 88}, {"time": 1786, "pitch": 59, "duration": 6, "velocity": 86}, {"time": 1792, "pitch": 66, "duration": 7, "velocity": 103}, {"time": 1798, "pitch": 59, "duration": 6, "velocity": 86}, {"time": 1804, "pitch": 40, "duration": 45, "velocity": 97}, {"time": 1804, "pitch": 52, "duration": 47, "velocity": 93}, {"time": 1810, "pitch": 59, "duration": 6, "velocity": 83}, {"time": 1816, "pitch": 67, "duration": 6, "velocity": 89}, {"time": 1822, "pitch": 59, "duration": 7, "velocity": 83}, {"time": 1828, "pitch": 64, "duration": 6, "velocity": 88}, {"time": 1834, "pitch": 59, "duration": 7, "velocity": 78}, {"time": 1840, "pitch": 67, "duration": 8, "velocity": 89}, {"time": 1843, "pitch": 59, "duration": 9, "velocity": 86}, {"time": 1852, "pitch": 38, "duration": 45, "velocity": 97}, {"time": 1852, "pitch": 50, "duration": 46, "velocity": 89}, {"time": 1858, "pitch": 57, "duration": 7, "velocity": 83}, {"time": 1864, "pitch": 66, "duration": 6, "velocity": 91}, {"time": 1870, "pitch": 57, "duration": 7, "velocity": 82}, {"time": 1876, "pitch": 62, "duration": 6, "velocity": 87}, {"time": 1882, "pitch": 57, "duration": 7, "velocity": 83}, {"time": 1888, "pitch": 66, "duration": 14, "velocity": 113}, {"time": 1894, "pitch": 57, "duration": 6, "velocity": 94}, {"time": 1900, "pitch": 43, "duration": 24, "velocity": 97}, {"time": 1900, "pitch": 55, "duration": 24, "velocity": 93}, {"time": 1906, "pitch": 59, "duration": 7, "velocity": 87}, {"time": 1912, "pitch": 67, "duration": 7, "velocity": 110}, {"time": 1918, "pitch": 62, "duration": 12, "velocity": 96}, {"time": 1924, "pitch": 36, "duration": 42, "velocity": 97}, {"time": 1924, "pitch": 48, "duration": 43, "velocity": 93}, {"time": 1930, "pitch": 60, "duration": 6, "velocity": 84}, {"time": 1936, "pitch": 67, "duration": 6, "velocity": 100}, {"time": 1942, "pitch": 60, "duration": 6, "velocity": 81}, {"time": 1948, "pitch": 64, "duration": 6, "velocity": 90}, {"time": 1954, "pitch": 60, "duration": 7, "velocity": 85}, {"time": 1960, "pitch": 67, "duration": 6, "velocity": 94}, {"time": 1966, "pitch": 60, "duration": 7, "velocity": 87}, {"time": 1972, "pitch": 35, "duration": 23, "velocity": 97}, {"time": 1972, "pitch": 47, "duration": 20, "velocity": 88}, {"time": 1978, "pitch": 57, "duration": 7, "velocity": 86}, {"time": 1984, "pitch": 66, "duration": 13, "velocity": 88}, {"time": 1990, "pitch": 57, "duration": 7, "velocity": 86}, {"time": 1996, "pitch": 40, "duration": 18, "velocity": 97}, {"time": 1996, "pitch": 52, "duration": 22, "velocity": 89}, {"time": 1999, "pitch": 59, "duration": 9, "velocity": 82}, {"time": 2008, "pitch": 64, "duration": 7, "velocity": 87}, {"time": 2014, "pitch": 67, "duration": 8, "velocity": 91}, {"time": 2020, "pitch": 40, "duration": 21, "velocity": 97}, {"time": 2020, "pitch": 52, "duration": 22, "velocity": 89}, {"time": 2026, "pitch": 59, "duration": 12, "velocity": 83}, {"time": 2032, "pitch": 67, "duration": 8, "velocity": 84}, {"time": 2038, "pitch": 62, "duration": 6, "velocity": 85}, {"time": 2044, "pitch": 38, "duration": 68, "velocity": 97}, {"time": 2044, "pitch": 50, "duration": 68, "velocity": 86}, {"time": 2050, "pitch": 57, "duration": 7, "velocity": 80}, {"time": 2056, "pitch": 66, "duration": 6, "velocity": 86}, {"time": 2062, "pitch": 57, "duration": 7, "velocity": 75}, {"time": 2068, "pitch": 62, "duration": 7, "velocity": 86}, {"time": 2074, "pitch": 57, "duration": 16, "velocity": 73}, {"time": 2080, "pitch": 66, "duration": 11, "velocity": 84}, {"time": 2086, "pitch": 62, "duration": 7, "velocity": 80}, {"time": 2092, "pitch": 57, "duration": 20, "velocity": 80}, {"time": 2116, "pitch": 55, "duration": 44, "velocity": 93}, {"time": 2122, "pitch": 59, "duration": 6, "velocity": 75}, {"time": 2128, "pitch": 62, "duration": 6, "velocity": 86}, {"time": 2134, "pitch": 59, "duration": 7, "velocity": 67}, {"time": 2140, "pitch": 67, "duration": 6, "velocity": 76}, {"time": 2146, "pitch": 59, "duration": 7, "velocity": 72}, {"time": 2152, "pitch": 62, "duration": 6, "velocity": 80}, {"time": 2158, "pitch": 59, "duration": 6, "velocity": 79}, {"time": 2164, "pitch": 55, "duration": 46, "velocity": 88}, {"time": 2167, "pitch": 59, "duration": 3, "velocity": 75}, {"time": 2170, "pitch": 62, "duration": 3, "velocity": 71}, {"time": 2173, "pitch": 59, "duration": 2, "velocity": 74}, {"time": 2176, "pitch": 67, "duration": 2, "velocity": 82}, {"time": 2179, "pitch": 62, "duration": 2, "velocity": 70}, {"time": 2182, "pitch": 67, "duration": 2, "velocity": 80}, {"time": 2185, "pitch": 62, "duration": 3, "velocity": 70}, {"time": 2188, "pitch": 71, "duration": 3, "velocity": 87}, {"time": 2191, "pitch": 62, "duration": 3, "velocity": 82}, {"time": 2194, "pitch": 67, "duration": 3, "velocity": 77}, {"time": 2197, "pitch": 62, "duration": 3, "velocity": 71}, {"time": 2200, "pitch": 59, "duration": 3, "velocity": 79}, {"time": 2203, "pitch": 62, "duration": 10, "velocity": 69}, {"time": 2206, "pitch": 67, "duration": 7, "velocity": 76}, {"time": 2209, "pitch": 59, "duration": 3, "velocity": 74}, {"time": 2212, "pitch": 55, "duration": 45, "velocity": 88}, {"time": 2215, "pitch": 64, "duration": 3, "velocity": 73}, {"time": 2218, "pitch": 67, "duration": 3, "velocity": 77}, {"time": 2221, "pitch": 64, "duration": 3, "velocity": 76}, {"time": 2224, "pitch": 71, "duration": 3, "velocity": 91}, {"time": 2227, "pitch": 64, "duration": 4, "velocity": 78}, {"time": 2230, "pitch": 76, "duration": 2, "velocity": 85}, {"time": 2233, "pitch": 64, "duration": 4, "velocity": 79}, {"time": 2236, "pitch": 71, "duration": 3, "velocity": 79}, {"time": 2239, "pitch": 64, "duration": 3, "velocity": 74}, {"time": 2242, "pitch": 67, "duration": 3, "velocity": 77}, {"time": 2245, "pitch": 62, "duration": 3, "velocity": 77}, {"time": 2248, "pitch": 67, "duration": 2, "velocity": 38}, {"time": 2251, "pitch": 64, "duration": 3, "velocity": 75}, {"time": 2254, "pitch": 62, "duration": 3, "velocity": 80}, {"time": 2257, "pitch": 59, "duration": 4, "velocity": 81}, {"time": 2260, "pitch": 55, "duration": 46, "velocity": 87}, {"time": 2263, "pitch": 59, "duration": 3, "velocity": 75}, {"time": 2266, "pitch": 62, "duration": 3, "velocity": 73}, {"time": 2269, "pitch": 59, "duration": 3, "velocity": 81}, {"time": 2272, "pitch": 67, "duration": 3, "velocity": 84}, {"time": 2275, "pitch": 62, "duration": 3, "velocity": 82}, {"time": 2278, "pitch": 67, "duration": 3, "velocity": 84}, {"time": 2281, "pitch": 62, "duration": 3, "velocity": 74}, {"time": 2284, "pitch": 71, "duration": 3, "velocity": 83}, {"time": 2287, "pitch": 62, "duration": 3, "velocity": 75}, {"time": 2290, "pitch": 67, "duration": 3, "velocity": 72}, {"time": 2293, "pitch": 62, "duration": 3, "velocity": 71}, {"time": 2296, "pitch": 64, "duration": 3, "velocity": 71}, {"time": 2299, "pitch": 59, "duration": 3, "velocity": 81}, {"time": 2302, "pitch": 62, "duration": 3, "velocity": 71}, {"time": 2305, "pitch": 59, "duration": 3, "velocity": 73}, {"time": 2308, "pitch": 55, "duration": 46, "velocity": 87}, {"time": 2311, "pitch": 59, "duration": 3, "velocity": 78}, {"time": 2314, "pitch": 62, "duration": 6, "velocity": 77}, {"time": 2320, "pitch": 71, "duration": 3, "velocity": 88}, {"time": 2323, "pitch": 62, "duration": 3, "velocity": 68}, {"time": 2326, "pitch": 67, "duration": 2, "velocity": 76}, {"time": 2329, "pitch": 62, "duration": 2, "velocity": 69}, {"time": 2332, "pitch": 67, "duration": 4, "velocity": 79}, {"time": 2335, "pitch": 59, "duration": 3, "velocity": 79}, {"time": 2338, "pitch": 62, "duration": 3, "velocity": 70}, {"time": 2341, "pitch": 67, "duration": 2, "velocity": 83}, {"time": 2344, "pitch": 71, "duration": 2, "velocity": 90}, {"time": 2347, "pitch": 62, "duration": 3, "velocity": 69}, {"time": 2350, "pitch": 67, "duration": 3, "velocity": 67}, {"time": 2353, "pitch": 62, "duration": 4, "velocity": 79}, {"time": 2356, "pitch": 55, "duration": 45, "velocity": 85}, {"time": 2359, "pitch": 64, "duration": 3, "velocity": 72}, {"time": 2362, "pitch": 67, "duration": 2, "velocity": 74}, {"time": 2365, "pitch": 64, "duration": 3, "velocity": 69}, {"time": 2368, "pitch": 71, "duration": 3, "velocity": 86}, {"time": 2371, "pitch": 64, "duration": 3, "velocity": 70}, {"time": 2374, "pitch": 67, "duration": 3, "velocity": 72}, {"time": 2377, "pitch": 64, "duration": 2, "velocity": 76}, {"time": 2380, "pitch": 67, "duration": 3, "velocity": 71}, {"time": 2383, "pitch": 62, "duration": 3, "velocity": 73}, {"time": 2386, "pitch": 64, "duration": 3, "velocity": 70}, {"time": 2389, "pitch": 62, "duration": 3, "velocity": 82}, {"time": 2392, "pitch": 59, "duration": 3, "velocity": 72}, {"time": 2395, "pitch": 62, "duration": 2, "velocity": 69}, {"time": 2398, "pitch": 64, "duration": 6, "velocity": 75}, {"time": 2401, "pitch": 59, "duration": 3, "velocity": 71}, {"time": 2404, "pitch": 55, "duration": 46, "velocity": 87}, {"time": 2407, "pitch": 62, "duration": 3, "velocity": 68}, {"time": 2410, "pitch": 67, "duration": 2, "velocity": 77}, {"time": 2413, "pitch": 62, "duration": 3, "velocity": 75}, {"time": 2416, "pitch": 71, "duration": 2, "velocity": 85}, {"time": 2419, "pitch": 67, "duration": 3, "velocity": 83}, {"time": 2422, "pitch": 74, "duration": 2, "velocity": 85}, {"time": 2425, "pitch": 67, "duration": 3, "velocity": 77}, {"time": 2428, "pitch": 71, "duration": 3, "velocity": 77}, {"time": 2431, "pitch": 62, "duration": 3, "velocity": 85}, {"time": 2434, "pitch": 67, "duration": 3, "velocity": 75}, {"time": 2437, "pitch": 62, "duration": 3, "velocity": 72}, {"time": 2440, "pitch": 59, "duration": 3, "velocity": 68}, {"time": 2443, "pitch": 62, "duration": 10, "velocity": 65}, {"time": 2446, "pitch": 67, "duration": 7, "velocity": 80}, {"time": 2449, "pitch": 59, "duration": 2, "velocity": 72}, {"time": 2452, "pitch": 55, "duration": 45, "velocity": 85}, {"time": 2455, "pitch": 64, "duration": 3, "velocity": 69}, {"time": 2458, "pitch": 67, "duration": 2, "velocity": 70}, {"time": 2461, "pitch": 64, "duration": 3, "velocity": 69}, {"time": 2464, "pitch": 71, "duration": 3, "velocity": 84}, {"time": 2467, "pitch": 64, "duration": 3, "velocity": 81}, {"time": 2470, "pitch": 67, "duration": 2, "velocity": 80}, {"time": 2473, "pitch": 62, "duration": 3, "velocity": 70}, {"time": 2476, "pitch": 64, "duration": 2, "velocity": 65}, {"time": 2479, "pitch": 59, "duration": 3, "velocity": 71}, {"time": 2482, "pitch": 62, "duration": 2, "velocity": 66}, {"time": 2485, "pitch": 67, "duration": 1, "velocity": 82}, {"time": 2488, "pitch": 64, "duration": 3, "velocity": 82}, {"time": 2491, "pitch": 67, "duration": 3, "velocity": 70}, {"time": 2494, "pitch": 71, "duration": 3, "velocity": 63}, {"time": 2497, "pitch": 67, "duration": 4, "velocity": 67}, {"time": 2500, "pitch": 55, "duration": 48, "velocity": 88}, {"time": 2503, "pitch": 59, "duration": 3, "velocity": 71}, {"time": 2506, "pitch": 62, "duration": 3, "velocity": 65}, {"time": 2509, "pitch": 59, "duration": 2, "velocity": 74}, {"time": 2512, "pitch": 67, "duration": 2, "velocity": 85}, {"time": 2515, "pitch": 62, "duration": 3, "velocity": 76}, {"time": 2518, "pitch": 67, "duration": 3, "velocity": 81}, {"time": 2521, "pitch": 62, "duration": 3, "velocity": 78}, {"time": 2524, "pitch": 71, "duration": 3, "velocity": 87}, {"time": 2527, "pitch": 62, "duration": 3, "velocity": 81}, {"time": 2530, "pitch": 67, "duration": 2, "velocity": 80}, {"time": 2533, "pitch": 62, "duration": 3, "velocity": 70}, {"time": 2536, "pitch": 67, "duration": 3, "velocity": 81}, {"time": 2539, "pitch": 62, "duration": 3, "velocity": 67}, {"time": 2542, "pitch": 59, "duration": 3, "velocity": 72}, {"time": 2545, "pitch": 62, "duration": 3, "velocity": 81}, {"time": 2548, "pitch": 55, "duration": 1, "velocity": 91}, {"time": 2554, "pitch": 59, "duration": 7, "velocity": 81}, {"time": 2560, "pitch": 67, "duration": 6, "velocity": 90}, {"time": 2566, "pitch": 62, "duration": 8, "velocity": 88}, {"time": 2572, "pitch": 48, "duration": 22, "velocity": 89}, {"time": 2578, "pitch": 60, "duration": 7, "velocity": 64}, {"time": 2584, "pitch": 67, "duration": 6, "velocity": 87}, {"time": 2590, "pitch": 64, "duration": 9, "velocity": 84}, {"time": 2596, "pitch": 48, "duration": 24, "velocity": 87}, {"time": 2602, "pitch": 60, "duration": 6, "velocity": 76}, {"time": 2608, "pitch": 67, "duration": 6, "velocity": 92}, {"time": 2614, "pitch": 64, "duration": 7, "velocity": 87}, {"time": 2620, "pitch": 47, "duration": 22, "velocity": 88}, {"time": 2626, "pitch": 59, "duration": 6, "velocity": 86}, {"time": 2632, "pitch": 66, "duration": 7, "velocity": 103}, {"time": 2638, "pitch": 59, "duration": 6, "velocity": 86}, {"time": 2644, "pitch": 52, "duration": 47, "velocity": 93}, {"time": 2650, "pitch": 59, "duration": 6, "velocity": 83}, {"time": 2656, "pitch": 67, "duration": 6, "velocity": 89}, {"time": 2662, "pitch": 59, "duration": 7, "velocity": 83}, {"time": 2668, "pitch": 64, "duration": 6, "velocity": 88}, {"time": 2674, "pitch": 59, "duration": 7, "velocity": 78}, {"time": 2680, "pitch": 67, "duration": 8, "velocity": 89}, {"time": 2683, "pitch": 59, "duration": 8, "velocity": 86}, {"time": 2692, "pitch": 50, "duration": 46, "velocity": 89}, {"time": 2698, "pitch": 57, "duration": 7, "velocity": 83}, {"time": 2704, "pitch": 66, "duration": 6, "velocity": 91}, {"time": 2710, "pitch": 57, "duration": 7, "velocity": 82}, {"time": 2716, "pitch": 62, "duration": 6, "velocity": 87}, {"time": 2722, "pitch": 57, "duration": 7, "velocity": 83}, {"time": 2728, "pitch": 66, "duration": 14, "velocity": 113}, {"time": 2734, "pitch": 57, "duration": 6, "velocity": 94}, {"time": 2740, "pitch": 55, "duration": 24, "velocity": 93}, {"time": 2746, "pitch": 59, "duration": 7, "velocity": 87}, {"time": 2752, "pitch": 67, "duration": 7, "velocity": 110}, {"time": 2758, "pitch": 62, "duration": 12, "velocity": 96}, {"time": 2764, "pitch": 48, "duration": 43, "velocity": 93}, {"time": 2770, "pitch": 60, "duration": 6, "velocity": 84}, {"time": 2776, "pitch": 67, "duration": 6, "velocity": 100}, {"time": 2782, "pitch": 60, "duration": 6, "velocity": 81}, {"time": 2788, "pitch": 64, "duration": 6, "velocity": 90}, {"time": 2794, "pitch": 60, "duration": 7, "velocity": 85}, {"time": 2800, "pitch": 67, "duration": 6, "velocity": 94}, {"time": 2806, "pitch": 60, "duration": 7, "velocity": 87}, {"time": 2812, "pitch": 47, "duration": 20, "velocity": 88}, {"time": 2818, "pitch": 57, "duration": 7, "velocity": 86}, {"time": 2824, "pitch": 66, "duration": 13, "velocity": 88}, {"time": 2830, "pitch": 57, "duration": 7, "velocity": 86}, {"time": 2836, "pitch": 52, "duration": 22, "velocity": 89}, {"time": 2839, "pitch": 59, "duration": 7, "velocity": 82}, {"time": 2848, "pitch": 64, "duration": 7, "velocity": 87}, {"time": 2854, "pitch": 67, "duration": 8, "velocity": 91}, {"time": 2860, "pitch": 52, "duration": 22, "velocity": 89}, {"time": 2866, "pitch": 59, "duration": 12, "velocity": 83}, {"time": 2872, "pitch": 67, "duration": 8, "velocity": 84}, {"time": 2878, "pitch": 62, "duration": 6, "velocity": 85}, {"time": 2884, "pitch": 50, "duration": 68, "velocity": 86}, {"time": 2890, "pitch": 57, "duration": 7, "velocity": 80}, {"time": 2896, "pitch": 66, "duration": 6, "velocity": 86}, {"time": 2902, "pitch": 57, "duration": 7, "velocity": 75}, {"time": 2908, "pitch": 62, "duration": 7, "velocity": 86}, {"time": 2914, "pitch": 57, "duration": 16, "velocity": 73}, {"time": 2920, "pitch": 66, "duration": 11, "velocity": 84}, {"time": 2926, "pitch": 62, "duration": 7, "velocity": 80}, {"time": 2932, "pitch": 57, "duration": 20, "velocity": 80}, {"time": 2956, "pitch": 55, "duration": 44, "velocity": 87}, {"time": 2962, "pitch": 59, "duration": 6, "velocity": 82}, {"time": 2968, "pitch": 67, "duration": 7, "velocity": 86}, {"time": 2974, "pitch": 59, "duration": 7, "velocity": 76}, {"time": 2980, "pitch": 62, "duration": 6, "velocity": 86}, {"time": 2986, "pitch": 59, "duration": 9, "velocity": 70}, {"time": 2989, "pitch": 67, "duration": 11, "velocity": 87}, {"time": 2998, "pitch": 59, "duration": 5, "velocity": 80}, {"time": 3004, "pitch": 55, "duration": 43, "velocity": 89}, {"time": 3010, "pitch": 64, "duration": 6, "velocity": 80}, {"time": 3016, "pitch": 67, "duration": 5, "velocity": 85}, {"time": 3022, "pitch": 64, "duration": 6, "velocity": 69}, {"time": 3028, "pitch": 71, "duration": 6, "velocity": 85}, {"time": 3034, "pitch": 64, "duration": 6, "velocity": 68}, {"time": 3040, "pitch": 67, "duration": 6, "velocity": 76}, {"time": 3046, "pitch": 64, "duration": 7, "velocity": 74}, {"time": 3052, "pitch": 55, "duration": 44, "velocity": 86}, {"time": 3058, "pitch": 62, "duration": 6, "velocity": 78}, {"time": 3064, "pitch": 67, "duration": 6, "velocity": 81}, {"time": 3070, "pitch": 62, "duration": 6, "velocity": 70}, {"time": 3076, "pitch": 71, "duration": 6, "velocity": 81}, {"time": 3082, "pitch": 62, "duration": 6, "velocity": 70}, {"time": 3088, "pitch": 67, "duration": 14, "velocity": 71}, {"time": 3094, "pitch": 62, "duration": 9, "velocity": 67}, {"time": 3100, "pitch": 55, "duration": 18, "velocity": 80}], "annotations": [{"time": 6, "annotation": {"number": 64, "value": 127}, "group": "control_change"}, {"time": 49, "annotation": {"number": 64, "value": 38}, "group": "control_change"}, {"time": 49, "annotation": {"number": 64, "value": 0}, "group": "control_change"}, {"time": 51, "annotation": {"number": 64, "value": 74}, "group": "control_change"}, {"time": 51, "annotation": {"number": 64, "value": 127}, "group": "control_change"}, {"time": 97, "annotation": {"number": 64, "value": 74}, "group": "control_change"}, {"time": 98, "annotation": {"number": 64, "value": 0}, "group": "control_change"}, {"time": 100, "annotation": {"number": 64, "value": 127}, "group": "control_change"}, {"time": 146, "annotation": {"number": 64, "value": 74}, "group": "control_change"}, {"time": 146, "annotation": {"number": 64, "value": 127}, "group": "control_change"}, {"time": 146, "annotation": {"number": 64, "value": 0}, "group": "control_change"}, {"time": 147, "annotation": {"number": 64, "value": 127}, "group": "control_change"}, {"time": 192, "annotation": {"number": 64, "value": 74}, "group": "control_change"}, {"time": 192, "annotation": {"number": 64, "value": 0}, "group": "control_change"}, {"time": 194, "annotation": {"number": 64, "value": 38}, "group": "control_change"}, {"time": 194, "annotation": {"number": 64, "value": 127}, "group": "control_change"}, {"time": 241, "annotation": {"number": 64, "value": 74}, "group": "control_change"}, {"time": 241, "annotation": {"number": 64, "value": 0}, "group": "control_change"}, {"time": 243, "annotation": {"number": 64, "value": 127}, "group": "control_change"}, {"time": 289, "annotation": {"number": 64, "value": 74}, "group": "control_change"}, {"time": 289, "annotation": {"number": 64, "value": 0}, "group": "control_change"}, {"time": 291, "annotation": {"number": 64, "value": 127}, "group": "control_change"}, {"time": 338, "annotation": {"number": 64, "value": 38}, "group": "control_change"}, {"time": 338, "annotation": {"number": 64, "value": 127}, "group": "control_change"}, {"time": 338, "annotation": {"number": 64, "value": 0}, "group": "control_change"}, {"time": 339, "annotation": {"number": 64, "value": 127}, "group": "control_change"}, {"time": 433, "annotation": {"number": 64, "value": 74}, "group": "control_change"}, {"time": 433, "annotation": {"number": 64, "value": 0}, "group": "control_change"}, {"time": 436, "annotation": {"number": 64, "value": 127}, "group": "control_change"}, {"time": 529, "annotation": {"number": 64, "value": 0}, "group": "control_change"}, {"time": 532, "annotation": {"number": 64, "value": 127}, "group": "control_change"}, {"time": 550, "annotation": {"number": 64, "value": 74}, "group": "control_change"}, {"time": 550, "annotation": {"number": 64, "value": 0}, "group": "control_change"}, {"time": 577, "annotation": {"number": 64, "value": 74}, "group": "control_change"}, {"time": 578, "annotation": {"number": 64, "value": 0}, "group": "control_change"}, {"time": 580, "annotation": {"number": 64, "value": 127}, "group": "control_change"}, {"time": 625, "annotation": {"number": 64, "value": 38}, "group": "control_change"}, {"time": 625, "annotation": {"number": 64, "value": 0}, "group": "control_change"}, {"time": 628, "annotation": {"number": 64, "value": 127}, "group": "control_change"}, {"time": 673, "annotation": {"number": 64, "value": 0}, "group": "control_change"}, {"time": 675, "annotation": {"number": 64, "value": 74}, "group": "control_change"}, {"time": 675, "annotation": {"number": 64, "value": 127}, "group": "control_change"}, {"time": 721, "annotation": {"number": 64, "value": 38}, "group": "control_change"}, {"time": 721, "annotation": {"number": 64, "value": 0}, "group": "control_change"}, {"time": 724, "annotation": {"number": 64, "value": 127}, "group": "control_change"}, {"time": 725, "annotation": {"number": 64, "value": 127}, "group": "control_change"}, {"time": 732, "annotation": {"number": 64, "value": 0}, "group": "control_change"}, {"time": 769, "annotation": {"number": 64, "value": 74}, "group": "control_change"}, {"time": 769, "annotation": {"number": 64, "value": 0}, "group": "control_change"}, {"time": 771, "annotation": {"number": 64, "value": 127}, "group": "control_change"}, {"time": 817, "annotation": {"number": 64, "value": 38}, "group": "control_change"}, {"time": 817, "annotation": {"number": 64, "value": 0}, "group": "control_change"}, {"time": 844, "annotation": {"number": 64, "value": 127}, "group": "control_change"}, {"time": 889, "annotation": {"number": 64, "value": 0}, "group": "control_change"}, {"time": 891, "annotation": {"number": 64, "value": 127}, "group": "control_change"}, {"time": 914, "annotation": {"number": 64, "value": 38}, "group": "control_change"}, {"time": 914, "annotation": {"number": 64, "value": 0}, "group": "control_change"}, {"time": 916, "annotation": {"number": 64, "value": 127}, "group": "control_change"}, {"time": 937, "annotation": {"number": 64, "value": 74}, "group": "control_change"}, {"time": 937, "annotation": {"number": 64, "value": 0}, "group": "control_change"}, {"time": 940, "annotation": {"number": 64, "value": 127}, "group": "control_change"}, {"time": 944, "annotation": {"number": 64, "value": 0}, "group": "control_change"}, {"time": 1157, "annotation": {"number": 64, "value": 127}, "group": "control_change"}, {"time": 1225, "annotation": {"number": 64, "value": 38}, "group": "control_change"}, {"time": 1225, "annotation": {"number": 64, "value": 0}, "group": "control_change"}, {"time": 1324, "annotation": {"number": 64, "value": 127}, "group": "control_change"}, {"time": 1417, "annotation": {"number": 64, "value": 0}, "group": "control_change"}, {"time": 1420, "annotation": {"number": 64, "value": 127}, "group": "control_change"}, {"time": 1438, "annotation": {"number": 64, "value": 74}, "group": "control_change"}, {"time": 1438, "annotation": {"number": 64, "value": 0}, "group": "control_change"}, {"time": 1465, "annotation": {"number": 64, "value": 74}, "group": "control_change"}, {"time": 1466, "annotation": {"number": 64, "value": 0}, "group": "control_change"}, {"time": 1468, "annotation": {"number": 64, "value": 127}, "group": "control_change"}, {"time": 1513, "annotation": {"number": 64, "value": 38}, "group": "control_change"}, {"time": 1513, "annotation": {"number": 64, "value": 0}, "group": "control_change"}, {"time": 1516, "annotation": {"number": 64, "value": 127}, "group": "control_change"}, {"time": 1561, "annotation": {"number": 64, "value": 0}, "group": "control_change"}, {"time": 1563, "annotation": {"number": 64, "value": 74}, "group": "control_change"}, {"time": 1563, "annotation": {"number": 64, "value": 127}, "group": "control_change"}, {"time": 1609, "annotation": {"number": 64, "value": 38}, "group": "control_change"}, {"time": 1609, "annotation": {"number": 64, "value": 0}, "group": "control_change"}, {"time": 1612, "annotation": {"number": 64, "value": 127}, "group": "control_change"}, {"time": 1613, "annotation": {"number": 64, "value": 127}, "group": "control_change"}, {"time": 1620, "annotation": {"number": 64, "value": 0}, "group": "control_change"}, {"time": 1657, "annotation": {"number": 64, "value": 74}, "group": "control_change"}, {"time": 1657, "annotation": {"number": 64, "value": 0}, "group": "control_change"}, {"time": 1659, "annotation": {"number": 64, "value": 127}, "group": "control_change"}, {"time": 1705, "annotation": {"number": 64, "value": 38}, "group": "control_change"}, {"time": 1705, "annotation": {"number": 64, "value": 0}, "group": "control_change"}, {"time": 1732, "annotation": {"number": 64, "value": 127}, "group": "control_change"}, {"time": 1777, "annotation": {"number": 64, "value": 0}, "group": "control_change"}, {"time": 1779, "annotation": {"number": 64, "value": 127}, "group": "control_change"}, {"time": 1802, "annotation": {"number": 64, "value": 38}, "group": "control_change"}, {"time": 1802, "annotation": {"number": 64, "value": 0}, "group": "control_change"}, {"time": 1804, "annotation": {"number": 64, "value": 127}, "group": "control_change"}, {"time": 1825, "annotation": {"number": 64, "value": 74}, "group": "control_change"}, {"time": 1825, "annotation": {"number": 64, "value": 0}, "group": "control_change"}, {"time": 1828, "annotation": {"number": 64, "value": 127}, "group": "control_change"}, {"time": 1832, "annotation": {"number": 64, "value": 0}, "group": "control_change"}, {"time": 2045, "annotation": {"number": 64, "value": 127}, "group": "control_change"}, {"time": 2113, "annotation": {"number": 64, "value": 38}, "group": "control_change"}, {"time": 2113, "annotation": {"number": 64, "value": 0}, "group": "control_change"}, {"time": 2163, "annotation": {"number": 64, "value": 127}, "group": "control_change"}, {"time": 2257, "annotation": {"number": 64, "value": 74}, "group": "control_change"}, {"time": 2257, "annotation": {"number": 64, "value": 0}, "group": "control_change"}, {"time": 2259, "annotation": {"number": 64, "value": 127}, "group": "control_change"}, {"time": 2402, "annotation": {"number": 64, "value": 74}, "group": "control_change"}, {"time": 2402, "annotation": {"number": 64, "value": 38}, "group": "control_change"}, {"time": 2402, "annotation": {"number": 64, "value": 0}, "group": "control_change"}, {"time": 2402, "annotation": {"number": 64, "value": 127}, "group": "control_change"}, {"time": 2450, "annotation": {"number": 64, "value": 38}, "group": "control_change"}, {"time": 2450, "annotation": {"number": 64, "value": 0}, "group": "control_change"}, {"time": 2451, "annotation": {"number": 64, "value": 127}, "group": "control_change"}, {"time": 2497, "annotation": {"number": 64, "value": 38}, "group": "control_change"}, {"time": 2498, "annotation": {"number": 64, "value": 0}, "group": "control_change"}, {"time": 2499, "annotation": {"number": 64, "value": 38}, "group": "control_change"}, {"time": 2499, "annotation": {"number": 64, "value": 127}, "group": "control_change"}, {"time": 2547, "annotation": {"number": 64, "value": 38}, "group": "control_change"}, {"time": 2548, "annotation": {"number": 64, "value": 0}, "group": "control_change"}, {"time": 2572, "annotation": {"number": 64, "value": 127}, "group": "control_change"}, {"time": 2617, "annotation": {"number": 64, "value": 0}, "group": "control_change"}, {"time": 2619, "annotation": {"number": 64, "value": 127}, "group": "control_change"}, {"time": 2642, "annotation": {"number": 64, "value": 38}, "group": "control_change"}, {"time": 2642, "annotation": {"number": 64, "value": 0}, "group": "control_change"}, {"time": 2644, "annotation": {"number": 64, "value": 127}, "group": "control_change"}, {"time": 2665, "annotation": {"number": 64, "value": 74}, "group": "control_change"}, {"time": 2665, "annotation": {"number": 64, "value": 0}, "group": "control_change"}, {"time": 2668, "annotation": {"number": 64, "value": 127}, "group": "control_change"}, {"time": 2672, "annotation": {"number": 64, "value": 0}, "group": "control_change"}, {"time": 2885, "annotation": {"number": 64, "value": 127}, "group": "control_change"}, {"time": 2953, "annotation": {"number": 64, "value": 38}, "group": "control_change"}, {"time": 2953, "annotation": {"number": 64, "value": 0}, "group": "control_change"}, {"time": 2956, "annotation": {"number": 64, "value": 127}, "group": "control_change"}, {"time": 3004, "annotation": {"number": 64, "value": 0}, "group": "control_change"}]}]}