{"metadata": {"schema_version": "0.2", "title": "None", "source_filename": "296.mid", "source_format": "midi"}, "resolution": 12, "tempos": [{"time": 0, "qpm": 55.00000458333371}], "time_signatures": [{"time": 0, "numerator": 4, "denominator": 4}], "tracks": [{"program": 0, "is_drum": false, "name": "MELODY", "notes": [{"time": 198, "pitch": 77, "duration": 3, "velocity": 117}, {"time": 201, "pitch": 78, "duration": 3, "velocity": 87}, {"time": 204, "pitch": 77, "duration": 3, "velocity": 102}, {"time": 207, "pitch": 70, "duration": 3, "velocity": 100}, {"time": 210, "pitch": 73, "duration": 6, "velocity": 100}, {"time": 216, "pitch": 75, "duration": 6, "velocity": 113}, {"time": 222, "pitch": 72, "duration": 21, "velocity": 110}, {"time": 243, "pitch": 68, "duration": 3, "velocity": 102}, {"time": 246, "pitch": 75, "duration": 3, "velocity": 114}, {"time": 249, "pitch": 77, "duration": 3, "velocity": 100}, {"time": 252, "pitch": 75, "duration": 3, "velocity": 102}, {"time": 255, "pitch": 68, "duration": 3, "velocity": 88}, {"time": 258, "pitch": 72, "duration": 6, "velocity": 102}, {"time": 264, "pitch": 73, "duration": 6, "velocity": 98}, {"time": 270, "pitch": 70, "duration": 21, "velocity": 102}, {"time": 291, "pitch": 70, "duration": 3, "velocity": 96}, {"time": 294, "pitch": 77, "duration": 6, "velocity": 110}, {"time": 300, "pitch": 75, "duration": 3, "velocity": 102}, {"time": 303, "pitch": 77, "duration": 6, "velocity": 108}, {"time": 309, "pitch": 70, "duration": 9, "velocity": 96}, {"time": 318, "pitch": 77, "duration": 6, "velocity": 113}, {"time": 324, "pitch": 75, "duration": 3, "velocity": 104}, {"time": 327, "pitch": 77, "duration": 6, "velocity": 107}, {"time": 333, "pitch": 70, "duration": 9, "velocity": 102}, {"time": 342, "pitch": 68, "duration": 3, "velocity": 89}, {"time": 348, "pitch": 77, "duration": 45, "velocity": 107}, {"time": 390, "pitch": 77, "duration": 3, "velocity": 116}, {"time": 393, "pitch": 78, "duration": 3, "velocity": 91}, {"time": 396, "pitch": 77, "duration": 3, "velocity": 104}, {"time": 399, "pitch": 70, "duration": 3, "velocity": 102}, {"time": 402, "pitch": 73, "duration": 5, "velocity": 86}, {"time": 408, "pitch": 77, "duration": 3, "velocity": 110}, {"time": 411, "pitch": 72, "duration": 24, "velocity": 107}, {"time": 435, "pitch": 68, "duration": 3, "velocity": 90}, {"time": 438, "pitch": 75, "duration": 3, "velocity": 98}, {"time": 441, "pitch": 77, "duration": 3, "velocity": 88}, {"time": 444, "pitch": 75, "duration": 3, "velocity": 98}, {"time": 447, "pitch": 68, "duration": 3, "velocity": 98}, {"time": 450, "pitch": 72, "duration": 6, "velocity": 87}, {"time": 456, "pitch": 73, "duration": 6, "velocity": 89}, {"time": 462, "pitch": 70, "duration": 18, "velocity": 89}, {"time": 480, "pitch": 70, "duration": 3, "velocity": 107}, {"time": 483, "pitch": 73, "duration": 3, "velocity": 91}, {"time": 486, "pitch": 77, "duration": 6, "velocity": 113}, {"time": 492, "pitch": 75, "duration": 3, "velocity": 98}, {"time": 495, "pitch": 77, "duration": 6, "velocity": 117}, {"time": 501, "pitch": 70, "duration": 9, "velocity": 108}, {"time": 510, "pitch": 77, "duration": 6, "velocity": 107}, {"time": 516, "pitch": 75, "duration": 3, "velocity": 102}, {"time": 519, "pitch": 77, "duration": 6, "velocity": 91}, {"time": 525, "pitch": 80, "duration": 9, "velocity": 107}, {"time": 534, "pitch": 77, "duration": 42, "velocity": 108}, {"time": 576, "pitch": 77, "duration": 3, "velocity": 113}, {"time": 579, "pitch": 78, "duration": 3, "velocity": 100}, {"time": 582, "pitch": 80, "duration": 6, "velocity": 113}, {"time": 588, "pitch": 80, "duration": 4, "velocity": 108}, {"time": 591, "pitch": 78, "duration": 6, "velocity": 110}, {"time": 597, "pitch": 77, "duration": 6, "velocity": 107}, {"time": 603, "pitch": 75, "duration": 21, "velocity": 104}, {"time": 624, "pitch": 73, "duration": 3, "velocity": 107}, {"time": 627, "pitch": 75, "duration": 3, "velocity": 94}, {"time": 630, "pitch": 77, "duration": 6, "velocity": 108}, {"time": 636, "pitch": 80, "duration": 3, "velocity": 107}, {"time": 639, "pitch": 80, "duration": 6, "velocity": 107}, {"time": 645, "pitch": 72, "duration": 6, "velocity": 113}, {"time": 651, "pitch": 70, "duration": 21, "velocity": 114}, {"time": 672, "pitch": 70, "duration": 3, "velocity": 114}, {"time": 675, "pitch": 77, "duration": 3, "velocity": 110}, {"time": 678, "pitch": 75, "duration": 6, "velocity": 113}, {"time": 684, "pitch": 73, "duration": 3, "velocity": 104}, {"time": 687, "pitch": 75, "duration": 12, "velocity": 114}, {"time": 699, "pitch": 73, "duration": 3, "velocity": 94}, {"time": 702, "pitch": 75, "duration": 6, "velocity": 113}, {"time": 708, "pitch": 73, "duration": 3, "velocity": 100}, {"time": 711, "pitch": 75, "duration": 6, "velocity": 113}, {"time": 717, "pitch": 77, "duration": 6, "velocity": 113}, {"time": 723, "pitch": 80, "duration": 48, "velocity": 116}, {"time": 771, "pitch": 68, "duration": 3, "velocity": 114}, {"time": 774, "pitch": 82, "duration": 3, "velocity": 104}, {"time": 777, "pitch": 80, "duration": 3, "velocity": 91}, {"time": 780, "pitch": 80, "duration": 3, "velocity": 102}, {"time": 783, "pitch": 77, "duration": 3, "velocity": 102}, {"time": 786, "pitch": 80, "duration": 6, "velocity": 117}, {"time": 792, "pitch": 77, "duration": 3, "velocity": 113}, {"time": 795, "pitch": 80, "duration": 6, "velocity": 117}, {"time": 801, "pitch": 77, "duration": 3, "velocity": 113}, {"time": 804, "pitch": 80, "duration": 3, "velocity": 117}, {"time": 807, "pitch": 77, "duration": 12, "velocity": 110}, {"time": 819, "pitch": 68, "duration": 3, "velocity": 108}, {"time": 822, "pitch": 82, "duration": 3, "velocity": 94}, {"time": 825, "pitch": 80, "duration": 3, "velocity": 85}, {"time": 828, "pitch": 80, "duration": 3, "velocity": 110}, {"time": 831, "pitch": 77, "duration": 3, "velocity": 100}, {"time": 834, "pitch": 80, "duration": 6, "velocity": 119}, {"time": 840, "pitch": 84, "duration": 6, "velocity": 116}, {"time": 846, "pitch": 80, "duration": 6, "velocity": 116}, {"time": 852, "pitch": 77, "duration": 15, "velocity": 113}, {"time": 867, "pitch": 77, "duration": 3, "velocity": 113}, {"time": 870, "pitch": 80, "duration": 6, "velocity": 113}, {"time": 876, "pitch": 80, "duration": 3, "velocity": 110}, {"time": 879, "pitch": 73, "duration": 12, "velocity": 116}, {"time": 891, "pitch": 68, "duration": 3, "velocity": 92}, {"time": 894, "pitch": 80, "duration": 6, "velocity": 107}, {"time": 900, "pitch": 80, "duration": 3, "velocity": 104}, {"time": 903, "pitch": 73, "duration": 12, "velocity": 107}, {"time": 915, "pitch": 68, "duration": 3, "velocity": 110}, {"time": 918, "pitch": 78, "duration": 12, "velocity": 113}, {"time": 930, "pitch": 77, "duration": 12, "velocity": 117}, {"time": 942, "pitch": 75, "duration": 21, "velocity": 119}, {"time": 963, "pitch": 68, "duration": 3, "velocity": 114}, {"time": 966, "pitch": 82, "duration": 3, "velocity": 104}, {"time": 969, "pitch": 80, "duration": 3, "velocity": 91}, {"time": 972, "pitch": 80, "duration": 3, "velocity": 102}, {"time": 975, "pitch": 77, "duration": 3, "velocity": 102}, {"time": 978, "pitch": 80, "duration": 6, "velocity": 117}, {"time": 984, "pitch": 77, "duration": 3, "velocity": 113}, {"time": 987, "pitch": 80, "duration": 6, "velocity": 117}, {"time": 993, "pitch": 77, "duration": 3, "velocity": 113}, {"time": 996, "pitch": 80, "duration": 3, "velocity": 117}, {"time": 999, "pitch": 77, "duration": 12, "velocity": 110}, {"time": 1011, "pitch": 68, "duration": 3, "velocity": 108}, {"time": 1014, "pitch": 82, "duration": 3, "velocity": 94}, {"time": 1017, "pitch": 80, "duration": 3, "velocity": 85}, {"time": 1020, "pitch": 80, "duration": 3, "velocity": 110}, {"time": 1023, "pitch": 77, "duration": 3, "velocity": 100}, {"time": 1026, "pitch": 80, "duration": 6, "velocity": 119}, {"time": 1032, "pitch": 84, "duration": 6, "velocity": 116}, {"time": 1038, "pitch": 80, "duration": 4, "velocity": 116}, {"time": 1041, "pitch": 77, "duration": 15, "velocity": 113}, {"time": 1056, "pitch": 77, "duration": 3, "velocity": 114}, {"time": 1059, "pitch": 78, "duration": 3, "velocity": 107}, {"time": 1062, "pitch": 80, "duration": 3, "velocity": 108}, {"time": 1065, "pitch": 82, "duration": 3, "velocity": 108}, {"time": 1068, "pitch": 80, "duration": 3, "velocity": 104}, {"time": 1071, "pitch": 77, "duration": 3, "velocity": 108}, {"time": 1074, "pitch": 80, "duration": 9, "velocity": 117}, {"time": 1083, "pitch": 80, "duration": 6, "velocity": 116}, {"time": 1089, "pitch": 82, "duration": 3, "velocity": 114}, {"time": 1092, "pitch": 80, "duration": 3, "velocity": 114}, {"time": 1095, "pitch": 77, "duration": 3, "velocity": 108}, {"time": 1098, "pitch": 80, "duration": 6, "velocity": 119}, {"time": 1104, "pitch": 77, "duration": 6, "velocity": 113}, {"time": 1110, "pitch": 75, "duration": 18, "velocity": 113}, {"time": 1128, "pitch": 70, "duration": 6, "velocity": 114}, {"time": 1134, "pitch": 77, "duration": 12, "velocity": 114}, {"time": 1146, "pitch": 75, "duration": 12, "velocity": 113}, {"time": 1158, "pitch": 73, "duration": 10, "velocity": 113}, {"time": 1350, "pitch": 77, "duration": 3, "velocity": 117}, {"time": 1353, "pitch": 78, "duration": 4, "velocity": 87}, {"time": 1356, "pitch": 77, "duration": 3, "velocity": 102}, {"time": 1359, "pitch": 70, "duration": 3, "velocity": 100}, {"time": 1362, "pitch": 73, "duration": 6, "velocity": 100}, {"time": 1368, "pitch": 75, "duration": 6, "velocity": 113}, {"time": 1374, "pitch": 72, "duration": 21, "velocity": 110}, {"time": 1395, "pitch": 68, "duration": 3, "velocity": 102}, {"time": 1398, "pitch": 75, "duration": 3, "velocity": 114}, {"time": 1401, "pitch": 77, "duration": 3, "velocity": 100}, {"time": 1404, "pitch": 75, "duration": 3, "velocity": 102}, {"time": 1407, "pitch": 68, "duration": 3, "velocity": 88}, {"time": 1410, "pitch": 72, "duration": 6, "velocity": 102}, {"time": 1416, "pitch": 73, "duration": 6, "velocity": 98}, {"time": 1422, "pitch": 70, "duration": 21, "velocity": 102}, {"time": 1443, "pitch": 70, "duration": 3, "velocity": 96}, {"time": 1446, "pitch": 77, "duration": 6, "velocity": 110}, {"time": 1452, "pitch": 75, "duration": 3, "velocity": 102}, {"time": 1455, "pitch": 77, "duration": 6, "velocity": 108}, {"time": 1461, "pitch": 70, "duration": 9, "velocity": 96}, {"time": 1470, "pitch": 77, "duration": 6, "velocity": 113}, {"time": 1476, "pitch": 75, "duration": 3, "velocity": 104}, {"time": 1479, "pitch": 77, "duration": 6, "velocity": 107}, {"time": 1485, "pitch": 70, "duration": 6, "velocity": 102}, {"time": 1491, "pitch": 68, "duration": 3, "velocity": 89}, {"time": 1494, "pitch": 77, "duration": 48, "velocity": 107}, {"time": 1542, "pitch": 77, "duration": 3, "velocity": 116}, {"time": 1545, "pitch": 78, "duration": 3, "velocity": 91}, {"time": 1548, "pitch": 77, "duration": 3, "velocity": 104}, {"time": 1551, "pitch": 70, "duration": 3, "velocity": 102}, {"time": 1554, "pitch": 73, "duration": 6, "velocity": 86}, {"time": 1560, "pitch": 75, "duration": 6, "velocity": 110}, {"time": 1566, "pitch": 72, "duration": 21, "velocity": 107}, {"time": 1587, "pitch": 68, "duration": 3, "velocity": 90}, {"time": 1590, "pitch": 75, "duration": 3, "velocity": 98}, {"time": 1593, "pitch": 77, "duration": 3, "velocity": 88}, {"time": 1596, "pitch": 75, "duration": 3, "velocity": 98}, {"time": 1599, "pitch": 68, "duration": 3, "velocity": 98}, {"time": 1602, "pitch": 72, "duration": 6, "velocity": 87}, {"time": 1608, "pitch": 73, "duration": 6, "velocity": 89}, {"time": 1614, "pitch": 70, "duration": 18, "velocity": 89}, {"time": 1632, "pitch": 70, "duration": 3, "velocity": 107}, {"time": 1635, "pitch": 73, "duration": 3, "velocity": 91}, {"time": 1638, "pitch": 77, "duration": 6, "velocity": 113}, {"time": 1644, "pitch": 75, "duration": 3, "velocity": 98}, {"time": 1647, "pitch": 77, "duration": 6, "velocity": 117}, {"time": 1653, "pitch": 70, "duration": 9, "velocity": 108}, {"time": 1662, "pitch": 77, "duration": 6, "velocity": 107}, {"time": 1668, "pitch": 75, "duration": 3, "velocity": 102}, {"time": 1671, "pitch": 77, "duration": 6, "velocity": 91}, {"time": 1677, "pitch": 80, "duration": 9, "velocity": 107}, {"time": 1686, "pitch": 77, "duration": 42, "velocity": 108}, {"time": 1728, "pitch": 77, "duration": 3, "velocity": 113}, {"time": 1731, "pitch": 78, "duration": 3, "velocity": 100}, {"time": 1734, "pitch": 80, "duration": 6, "velocity": 113}, {"time": 1740, "pitch": 80, "duration": 4, "velocity": 108}, {"time": 1743, "pitch": 78, "duration": 6, "velocity": 110}, {"time": 1749, "pitch": 77, "duration": 6, "velocity": 107}, {"time": 1755, "pitch": 75, "duration": 21, "velocity": 104}, {"time": 1776, "pitch": 73, "duration": 3, "velocity": 107}, {"time": 1779, "pitch": 75, "duration": 3, "velocity": 94}, {"time": 1782, "pitch": 77, "duration": 6, "velocity": 108}, {"time": 1788, "pitch": 80, "duration": 3, "velocity": 107}, {"time": 1791, "pitch": 80, "duration": 6, "velocity": 107}, {"time": 1797, "pitch": 72, "duration": 6, "velocity": 113}, {"time": 1803, "pitch": 70, "duration": 21, "velocity": 114}, {"time": 1824, "pitch": 70, "duration": 3, "velocity": 114}, {"time": 1827, "pitch": 77, "duration": 3, "velocity": 110}, {"time": 1830, "pitch": 75, "duration": 6, "velocity": 113}, {"time": 1836, "pitch": 73, "duration": 3, "velocity": 104}, {"time": 1839, "pitch": 75, "duration": 12, "velocity": 114}, {"time": 1851, "pitch": 73, "duration": 3, "velocity": 94}, {"time": 1854, "pitch": 75, "duration": 6, "velocity": 113}, {"time": 1860, "pitch": 73, "duration": 3, "velocity": 100}, {"time": 1863, "pitch": 75, "duration": 6, "velocity": 113}, {"time": 1869, "pitch": 77, "duration": 6, "velocity": 113}, {"time": 1875, "pitch": 80, "duration": 48, "velocity": 116}, {"time": 1923, "pitch": 68, "duration": 3, "velocity": 114}, {"time": 1926, "pitch": 82, "duration": 3, "velocity": 104}, {"time": 1929, "pitch": 80, "duration": 3, "velocity": 91}, {"time": 1932, "pitch": 80, "duration": 3, "velocity": 102}, {"time": 1935, "pitch": 77, "duration": 3, "velocity": 102}, {"time": 1938, "pitch": 80, "duration": 6, "velocity": 117}, {"time": 1944, "pitch": 77, "duration": 3, "velocity": 113}, {"time": 1947, "pitch": 80, "duration": 6, "velocity": 117}, {"time": 1953, "pitch": 77, "duration": 3, "velocity": 113}, {"time": 1956, "pitch": 80, "duration": 3, "velocity": 117}, {"time": 1959, "pitch": 77, "duration": 12, "velocity": 110}, {"time": 1971, "pitch": 68, "duration": 3, "velocity": 108}, {"time": 1974, "pitch": 82, "duration": 3, "velocity": 94}, {"time": 1977, "pitch": 80, "duration": 3, "velocity": 85}, {"time": 1980, "pitch": 80, "duration": 3, "velocity": 110}, {"time": 1983, "pitch": 77, "duration": 3, "velocity": 100}, {"time": 1986, "pitch": 80, "duration": 6, "velocity": 119}, {"time": 1992, "pitch": 84, "duration": 6, "velocity": 116}, {"time": 1998, "pitch": 80, "duration": 6, "velocity": 116}, {"time": 2004, "pitch": 77, "duration": 15, "velocity": 113}, {"time": 2019, "pitch": 77, "duration": 3, "velocity": 113}, {"time": 2022, "pitch": 80, "duration": 6, "velocity": 113}, {"time": 2028, "pitch": 80, "duration": 3, "velocity": 110}, {"time": 2031, "pitch": 73, "duration": 12, "velocity": 116}, {"time": 2043, "pitch": 68, "duration": 3, "velocity": 92}, {"time": 2046, "pitch": 80, "duration": 6, "velocity": 107}, {"time": 2052, "pitch": 80, "duration": 3, "velocity": 104}, {"time": 2055, "pitch": 73, "duration": 12, "velocity": 107}, {"time": 2067, "pitch": 68, "duration": 3, "velocity": 110}, {"time": 2070, "pitch": 78, "duration": 12, "velocity": 113}, {"time": 2082, "pitch": 77, "duration": 12, "velocity": 117}, {"time": 2094, "pitch": 75, "duration": 21, "velocity": 119}, {"time": 2115, "pitch": 68, "duration": 3, "velocity": 114}, {"time": 2118, "pitch": 82, "duration": 3, "velocity": 104}, {"time": 2121, "pitch": 80, "duration": 3, "velocity": 91}, {"time": 2124, "pitch": 80, "duration": 3, "velocity": 102}, {"time": 2127, "pitch": 77, "duration": 3, "velocity": 102}, {"time": 2130, "pitch": 80, "duration": 6, "velocity": 117}, {"time": 2136, "pitch": 77, "duration": 3, "velocity": 113}, {"time": 2139, "pitch": 80, "duration": 6, "velocity": 117}, {"time": 2145, "pitch": 77, "duration": 3, "velocity": 113}, {"time": 2148, "pitch": 80, "duration": 3, "velocity": 117}, {"time": 2151, "pitch": 77, "duration": 12, "velocity": 110}, {"time": 2163, "pitch": 68, "duration": 3, "velocity": 108}, {"time": 2166, "pitch": 82, "duration": 3, "velocity": 94}, {"time": 2169, "pitch": 80, "duration": 3, "velocity": 85}, {"time": 2172, "pitch": 80, "duration": 3, "velocity": 110}, {"time": 2175, "pitch": 77, "duration": 3, "velocity": 100}, {"time": 2178, "pitch": 80, "duration": 6, "velocity": 119}, {"time": 2184, "pitch": 84, "duration": 6, "velocity": 116}, {"time": 2190, "pitch": 80, "duration": 4, "velocity": 116}, {"time": 2193, "pitch": 77, "duration": 15, "velocity": 113}, {"time": 2208, "pitch": 77, "duration": 3, "velocity": 114}, {"time": 2211, "pitch": 78, "duration": 3, "velocity": 107}, {"time": 2214, "pitch": 80, "duration": 3, "velocity": 108}, {"time": 2217, "pitch": 82, "duration": 3, "velocity": 108}, {"time": 2220, "pitch": 80, "duration": 3, "velocity": 104}, {"time": 2223, "pitch": 77, "duration": 3, "velocity": 108}, {"time": 2226, "pitch": 80, "duration": 9, "velocity": 117}, {"time": 2235, "pitch": 80, "duration": 6, "velocity": 116}, {"time": 2241, "pitch": 82, "duration": 3, "velocity": 114}, {"time": 2244, "pitch": 80, "duration": 3, "velocity": 114}, {"time": 2247, "pitch": 77, "duration": 3, "velocity": 108}, {"time": 2250, "pitch": 80, "duration": 6, "velocity": 119}, {"time": 2256, "pitch": 77, "duration": 6, "velocity": 113}, {"time": 2262, "pitch": 75, "duration": 18, "velocity": 113}, {"time": 2280, "pitch": 70, "duration": 6, "velocity": 114}, {"time": 2286, "pitch": 77, "duration": 12, "velocity": 114}, {"time": 2298, "pitch": 75, "duration": 12, "velocity": 113}, {"time": 2322, "pitch": 73, "duration": 7, "velocity": 100}]}, {"program": 0, "is_drum": false, "name": "BRIDGE", "notes": [{"time": 6, "pitch": 77, "duration": 3, "velocity": 116}, {"time": 9, "pitch": 78, "duration": 3, "velocity": 91}, {"time": 12, "pitch": 77, "duration": 3, "velocity": 89}, {"time": 15, "pitch": 70, "duration": 3, "velocity": 91}, {"time": 18, "pitch": 73, "duration": 12, "velocity": 107}, {"time": 30, "pitch": 78, "duration": 3, "velocity": 104}, {"time": 33, "pitch": 75, "duration": 3, "velocity": 93}, {"time": 36, "pitch": 73, "duration": 6, "velocity": 90}, {"time": 42, "pitch": 72, "duration": 12, "velocity": 96}, {"time": 54, "pitch": 75, "duration": 3, "velocity": 107}, {"time": 57, "pitch": 77, "duration": 3, "velocity": 89}, {"time": 60, "pitch": 75, "duration": 3, "velocity": 104}, {"time": 63, "pitch": 68, "duration": 3, "velocity": 94}, {"time": 66, "pitch": 72, "duration": 6, "velocity": 104}, {"time": 72, "pitch": 73, "duration": 6, "velocity": 104}, {"time": 78, "pitch": 70, "duration": 24, "velocity": 98}, {"time": 90, "pitch": 89, "duration": 60, "velocity": 87}, {"time": 102, "pitch": 66, "duration": 4, "velocity": 102}, {"time": 105, "pitch": 68, "duration": 3, "velocity": 100}, {"time": 108, "pitch": 73, "duration": 18, "velocity": 110}, {"time": 126, "pitch": 63, "duration": 4, "velocity": 98}, {"time": 129, "pitch": 65, "duration": 3, "velocity": 92}, {"time": 132, "pitch": 72, "duration": 18, "velocity": 108}, {"time": 150, "pitch": 87, "duration": 46, "velocity": 120}, {"time": 2334, "pitch": 77, "duration": 2, "velocity": 116}, {"time": 2337, "pitch": 78, "duration": 2, "velocity": 91}, {"time": 2340, "pitch": 77, "duration": 2, "velocity": 89}, {"time": 2343, "pitch": 70, "duration": 3, "velocity": 91}, {"time": 2346, "pitch": 73, "duration": 4, "velocity": 107}, {"time": 2358, "pitch": 78, "duration": 3, "velocity": 104}, {"time": 2361, "pitch": 75, "duration": 3, "velocity": 93}, {"time": 2364, "pitch": 73, "duration": 6, "velocity": 90}, {"time": 2370, "pitch": 72, "duration": 4, "velocity": 96}, {"time": 2382, "pitch": 75, "duration": 2, "velocity": 107}, {"time": 2385, "pitch": 77, "duration": 3, "velocity": 89}, {"time": 2388, "pitch": 75, "duration": 3, "velocity": 104}, {"time": 2391, "pitch": 68, "duration": 2, "velocity": 94}, {"time": 2394, "pitch": 72, "duration": 2, "velocity": 104}, {"time": 2400, "pitch": 73, "duration": 4, "velocity": 104}, {"time": 2406, "pitch": 70, "duration": 4, "velocity": 98}]}, {"program": 0, "is_drum": false, "name": "PIANO", "notes": [{"time": 6, "pitch": 54, "duration": 22, "velocity": 83}, {"time": 9, "pitch": 61, "duration": 20, "velocity": 71}, {"time": 12, "pitch": 66, "duration": 15, "velocity": 73}, {"time": 15, "pitch": 70, "duration": 16, "velocity": 70}, {"time": 30, "pitch": 54, "duration": 19, "velocity": 78}, {"time": 42, "pitch": 63, "duration": 7, "velocity": 38}, {"time": 42, "pitch": 68, "duration": 10, "velocity": 80}, {"time": 54, "pitch": 53, "duration": 20, "velocity": 81}, {"time": 57, "pitch": 60, "duration": 16, "velocity": 38}, {"time": 63, "pitch": 65, "duration": 13, "velocity": 77}, {"time": 63, "pitch": 72, "duration": 13, "velocity": 77}, {"time": 78, "pitch": 58, "duration": 24, "velocity": 87}, {"time": 87, "pitch": 61, "duration": 15, "velocity": 84}, {"time": 87, "pitch": 70, "duration": 15, "velocity": 87}, {"time": 102, "pitch": 51, "duration": 20, "velocity": 87}, {"time": 105, "pitch": 58, "duration": 17, "velocity": 71}, {"time": 108, "pitch": 63, "duration": 14, "velocity": 78}, {"time": 111, "pitch": 66, "duration": 15, "velocity": 88}, {"time": 111, "pitch": 70, "duration": 15, "velocity": 90}, {"time": 126, "pitch": 53, "duration": 20, "velocity": 87}, {"time": 129, "pitch": 60, "duration": 16, "velocity": 79}, {"time": 132, "pitch": 65, "duration": 18, "velocity": 78}, {"time": 135, "pitch": 72, "duration": 15, "velocity": 87}, {"time": 150, "pitch": 46, "duration": 42, "velocity": 81}, {"time": 150, "pitch": 63, "duration": 13, "velocity": 83}, {"time": 150, "pitch": 65, "duration": 1, "velocity": 83}, {"time": 150, "pitch": 68, "duration": 13, "velocity": 81}, {"time": 162, "pitch": 53, "duration": 12, "velocity": 63}, {"time": 165, "pitch": 58, "duration": 6, "velocity": 79}, {"time": 168, "pitch": 63, "duration": 3, "velocity": 88}, {"time": 168, "pitch": 65, "duration": 3, "velocity": 81}, {"time": 174, "pitch": 58, "duration": 20, "velocity": 70}, {"time": 174, "pitch": 61, "duration": 21, "velocity": 78}, {"time": 174, "pitch": 68, "duration": 21, "velocity": 82}, {"time": 198, "pitch": 54, "duration": 21, "velocity": 85}, {"time": 201, "pitch": 61, "duration": 17, "velocity": 70}, {"time": 204, "pitch": 66, "duration": 13, "velocity": 81}, {"time": 207, "pitch": 70, "duration": 3, "velocity": 84}, {"time": 210, "pitch": 73, "duration": 12, "velocity": 83}, {"time": 222, "pitch": 54, "duration": 18, "velocity": 77}, {"time": 222, "pitch": 68, "duration": 21, "velocity": 76}, {"time": 222, "pitch": 72, "duration": 18, "velocity": 83}, {"time": 243, "pitch": 65, "duration": 3, "velocity": 70}, {"time": 243, "pitch": 68, "duration": 1, "velocity": 72}, {"time": 246, "pitch": 53, "duration": 19, "velocity": 83}, {"time": 246, "pitch": 72, "duration": 3, "velocity": 83}, {"time": 249, "pitch": 60, "duration": 15, "velocity": 63}, {"time": 252, "pitch": 65, "duration": 10, "velocity": 78}, {"time": 255, "pitch": 75, "duration": 15, "velocity": 87}, {"time": 270, "pitch": 46, "duration": 18, "velocity": 75}, {"time": 270, "pitch": 65, "duration": 8, "velocity": 80}, {"time": 270, "pitch": 73, "duration": 2, "velocity": 84}, {"time": 273, "pitch": 53, "duration": 15, "velocity": 65}, {"time": 276, "pitch": 58, "duration": 13, "velocity": 78}, {"time": 279, "pitch": 60, "duration": 7, "velocity": 83}, {"time": 285, "pitch": 61, "duration": 3, "velocity": 86}, {"time": 291, "pitch": 63, "duration": 2, "velocity": 71}, {"time": 294, "pitch": 51, "duration": 19, "velocity": 83}, {"time": 294, "pitch": 66, "duration": 2, "velocity": 82}, {"time": 294, "pitch": 70, "duration": 3, "velocity": 86}, {"time": 297, "pitch": 58, "duration": 14, "velocity": 38}, {"time": 300, "pitch": 63, "duration": 11, "velocity": 81}, {"time": 303, "pitch": 66, "duration": 11, "velocity": 87}, {"time": 303, "pitch": 75, "duration": 10, "velocity": 87}, {"time": 318, "pitch": 44, "duration": 19, "velocity": 82}, {"time": 318, "pitch": 63, "duration": 8, "velocity": 87}, {"time": 318, "pitch": 72, "duration": 2, "velocity": 93}, {"time": 321, "pitch": 51, "duration": 17, "velocity": 68}, {"time": 324, "pitch": 56, "duration": 7, "velocity": 83}, {"time": 327, "pitch": 60, "duration": 11, "velocity": 92}, {"time": 327, "pitch": 68, "duration": 6, "velocity": 88}, {"time": 333, "pitch": 56, "duration": 10, "velocity": 78}, {"time": 336, "pitch": 63, "duration": 5, "velocity": 77}, {"time": 339, "pitch": 68, "duration": 8, "velocity": 70}, {"time": 342, "pitch": 49, "duration": 40, "velocity": 74}, {"time": 342, "pitch": 61, "duration": 2, "velocity": 71}, {"time": 342, "pitch": 65, "duration": 4, "velocity": 75}, {"time": 345, "pitch": 56, "duration": 38, "velocity": 63}, {"time": 348, "pitch": 61, "duration": 4, "velocity": 78}, {"time": 351, "pitch": 66, "duration": 13, "velocity": 94}, {"time": 360, "pitch": 61, "duration": 13, "velocity": 70}, {"time": 363, "pitch": 68, "duration": 1, "velocity": 78}, {"time": 366, "pitch": 65, "duration": 11, "velocity": 87}, {"time": 366, "pitch": 66, "duration": 1, "velocity": 71}, {"time": 378, "pitch": 61, "duration": 12, "velocity": 76}, {"time": 381, "pitch": 68, "duration": 2, "velocity": 84}, {"time": 384, "pitch": 70, "duration": 2, "velocity": 110}, {"time": 387, "pitch": 75, "duration": 3, "velocity": 104}, {"time": 390, "pitch": 54, "duration": 23, "velocity": 78}, {"time": 390, "pitch": 73, "duration": 5, "velocity": 94}, {"time": 393, "pitch": 61, "duration": 19, "velocity": 71}, {"time": 396, "pitch": 66, "duration": 15, "velocity": 78}, {"time": 399, "pitch": 70, "duration": 9, "velocity": 88}, {"time": 399, "pitch": 78, "duration": 8, "velocity": 88}, {"time": 411, "pitch": 72, "duration": 10, "velocity": 76}, {"time": 414, "pitch": 54, "duration": 23, "velocity": 84}, {"time": 414, "pitch": 75, "duration": 8, "velocity": 78}, {"time": 414, "pitch": 80, "duration": 7, "velocity": 86}, {"time": 423, "pitch": 72, "duration": 9, "velocity": 80}, {"time": 423, "pitch": 78, "duration": 6, "velocity": 83}, {"time": 423, "pitch": 80, "duration": 1, "velocity": 85}, {"time": 429, "pitch": 75, "duration": 6, "velocity": 91}, {"time": 435, "pitch": 68, "duration": 9, "velocity": 77}, {"time": 435, "pitch": 72, "duration": 8, "velocity": 78}, {"time": 438, "pitch": 53, "duration": 18, "velocity": 84}, {"time": 438, "pitch": 77, "duration": 7, "velocity": 87}, {"time": 444, "pitch": 60, "duration": 10, "velocity": 36}, {"time": 447, "pitch": 68, "duration": 6, "velocity": 87}, {"time": 447, "pitch": 75, "duration": 6, "velocity": 92}, {"time": 453, "pitch": 72, "duration": 9, "velocity": 87}, {"time": 462, "pitch": 46, "duration": 19, "velocity": 81}, {"time": 462, "pitch": 65, "duration": 6, "velocity": 83}, {"time": 462, "pitch": 73, "duration": 2, "velocity": 86}, {"time": 465, "pitch": 53, "duration": 16, "velocity": 68}, {"time": 468, "pitch": 58, "duration": 4, "velocity": 78}, {"time": 468, "pitch": 65, "duration": 2, "velocity": 70}, {"time": 471, "pitch": 60, "duration": 6, "velocity": 84}, {"time": 477, "pitch": 58, "duration": 9, "velocity": 75}, {"time": 480, "pitch": 65, "duration": 3, "velocity": 87}, {"time": 483, "pitch": 70, "duration": 8, "velocity": 88}, {"time": 486, "pitch": 51, "duration": 19, "velocity": 73}, {"time": 486, "pitch": 63, "duration": 2, "velocity": 84}, {"time": 486, "pitch": 66, "duration": 4, "velocity": 82}, {"time": 489, "pitch": 58, "duration": 14, "velocity": 74}, {"time": 492, "pitch": 63, "duration": 10, "velocity": 78}, {"time": 495, "pitch": 66, "duration": 10, "velocity": 87}, {"time": 495, "pitch": 75, "duration": 10, "velocity": 88}, {"time": 507, "pitch": 63, "duration": 10, "velocity": 70}, {"time": 510, "pitch": 44, "duration": 20, "velocity": 81}, {"time": 510, "pitch": 72, "duration": 2, "velocity": 87}, {"time": 513, "pitch": 51, "duration": 17, "velocity": 68}, {"time": 516, "pitch": 56, "duration": 14, "velocity": 77}, {"time": 519, "pitch": 60, "duration": 11, "velocity": 87}, {"time": 519, "pitch": 68, "duration": 11, "velocity": 85}, {"time": 534, "pitch": 49, "duration": 43, "velocity": 82}, {"time": 537, "pitch": 56, "duration": 40, "velocity": 68}, {"time": 540, "pitch": 61, "duration": 6, "velocity": 81}, {"time": 543, "pitch": 66, "duration": 14, "velocity": 88}, {"time": 552, "pitch": 61, "duration": 8, "velocity": 68}, {"time": 558, "pitch": 65, "duration": 11, "velocity": 87}, {"time": 558, "pitch": 73, "duration": 9, "velocity": 86}, {"time": 567, "pitch": 61, "duration": 3, "velocity": 83}, {"time": 570, "pitch": 65, "duration": 5, "velocity": 98}, {"time": 570, "pitch": 73, "duration": 4, "velocity": 91}, {"time": 573, "pitch": 61, "duration": 3, "velocity": 85}, {"time": 576, "pitch": 68, "duration": 5, "velocity": 104}, {"time": 579, "pitch": 73, "duration": 9, "velocity": 84}, {"time": 582, "pitch": 54, "duration": 22, "velocity": 83}, {"time": 582, "pitch": 66, "duration": 2, "velocity": 84}, {"time": 582, "pitch": 70, "duration": 5, "velocity": 90}, {"time": 588, "pitch": 61, "duration": 17, "velocity": 61}, {"time": 594, "pitch": 66, "duration": 7, "velocity": 77}, {"time": 594, "pitch": 70, "duration": 7, "velocity": 87}, {"time": 594, "pitch": 73, "duration": 9, "velocity": 87}, {"time": 594, "pitch": 78, "duration": 7, "velocity": 86}, {"time": 603, "pitch": 68, "duration": 18, "velocity": 64}, {"time": 606, "pitch": 54, "duration": 23, "velocity": 80}, {"time": 606, "pitch": 72, "duration": 15, "velocity": 64}, {"time": 606, "pitch": 75, "duration": 13, "velocity": 88}, {"time": 621, "pitch": 70, "duration": 2, "velocity": 96}, {"time": 624, "pitch": 70, "duration": 1, "velocity": 82}, {"time": 624, "pitch": 73, "duration": 3, "velocity": 108}, {"time": 627, "pitch": 75, "duration": 2, "velocity": 107}, {"time": 630, "pitch": 53, "duration": 20, "velocity": 86}, {"time": 630, "pitch": 75, "duration": 9, "velocity": 107}, {"time": 633, "pitch": 60, "duration": 16, "velocity": 69}, {"time": 636, "pitch": 63, "duration": 13, "velocity": 82}, {"time": 639, "pitch": 68, "duration": 2, "velocity": 81}, {"time": 639, "pitch": 72, "duration": 10, "velocity": 90}, {"time": 648, "pitch": 68, "duration": 6, "velocity": 89}, {"time": 651, "pitch": 73, "duration": 3, "velocity": 88}, {"time": 654, "pitch": 46, "duration": 18, "velocity": 76}, {"time": 654, "pitch": 65, "duration": 7, "velocity": 85}, {"time": 654, "pitch": 70, "duration": 7, "velocity": 88}, {"time": 657, "pitch": 53, "duration": 16, "velocity": 69}, {"time": 660, "pitch": 58, "duration": 6, "velocity": 80}, {"time": 663, "pitch": 60, "duration": 5, "velocity": 90}, {"time": 666, "pitch": 61, "duration": 4, "velocity": 81}, {"time": 669, "pitch": 58, "duration": 7, "velocity": 87}, {"time": 672, "pitch": 65, "duration": 6, "velocity": 104}, {"time": 678, "pitch": 51, "duration": 19, "velocity": 80}, {"time": 678, "pitch": 66, "duration": 4, "velocity": 88}, {"time": 681, "pitch": 58, "duration": 15, "velocity": 77}, {"time": 684, "pitch": 63, "duration": 7, "velocity": 84}, {"time": 687, "pitch": 66, "duration": 10, "velocity": 93}, {"time": 687, "pitch": 75, "duration": 9, "velocity": 90}, {"time": 693, "pitch": 63, "duration": 2, "velocity": 78}, {"time": 696, "pitch": 70, "duration": 3, "velocity": 78}, {"time": 699, "pitch": 75, "duration": 2, "velocity": 74}, {"time": 702, "pitch": 44, "duration": 20, "velocity": 85}, {"time": 702, "pitch": 63, "duration": 9, "velocity": 81}, {"time": 702, "pitch": 72, "duration": 4, "velocity": 84}, {"time": 705, "pitch": 51, "duration": 18, "velocity": 68}, {"time": 708, "pitch": 56, "duration": 15, "velocity": 77}, {"time": 711, "pitch": 60, "duration": 13, "velocity": 83}, {"time": 711, "pitch": 68, "duration": 15, "velocity": 84}, {"time": 726, "pitch": 44, "duration": 21, "velocity": 86}, {"time": 726, "pitch": 60, "duration": 3, "velocity": 87}, {"time": 726, "pitch": 63, "duration": 5, "velocity": 89}, {"time": 726, "pitch": 68, "duration": 5, "velocity": 88}, {"time": 729, "pitch": 51, "duration": 21, "velocity": 74}, {"time": 732, "pitch": 56, "duration": 4, "velocity": 81}, {"time": 735, "pitch": 63, "duration": 6, "velocity": 92}, {"time": 735, "pitch": 68, "duration": 6, "velocity": 104}, {"time": 741, "pitch": 56, "duration": 6, "velocity": 82}, {"time": 744, "pitch": 63, "duration": 5, "velocity": 93}, {"time": 747, "pitch": 68, "duration": 2, "velocity": 88}, {"time": 750, "pitch": 44, "duration": 18, "velocity": 87}, {"time": 750, "pitch": 56, "duration": 18, "velocity": 85}, {"time": 750, "pitch": 68, "duration": 15, "velocity": 69}, {"time": 750, "pitch": 68, "duration": 15, "velocity": 93}, {"time": 750, "pitch": 72, "duration": 18, "velocity": 86}, {"time": 750, "pitch": 76, "duration": 17, "velocity": 103}, {"time": 774, "pitch": 49, "duration": 22, "velocity": 88}, {"time": 774, "pitch": 65, "duration": 6, "velocity": 89}, {"time": 774, "pitch": 68, "duration": 6, "velocity": 100}, {"time": 774, "pitch": 73, "duration": 5, "velocity": 92}, {"time": 777, "pitch": 56, "duration": 22, "velocity": 70}, {"time": 780, "pitch": 61, "duration": 6, "velocity": 82}, {"time": 783, "pitch": 63, "duration": 6, "velocity": 96}, {"time": 783, "pitch": 68, "duration": 7, "velocity": 100}, {"time": 789, "pitch": 61, "duration": 7, "velocity": 85}, {"time": 792, "pitch": 65, "duration": 4, "velocity": 79}, {"time": 795, "pitch": 68, "duration": 2, "velocity": 87}, {"time": 798, "pitch": 49, "duration": 19, "velocity": 86}, {"time": 798, "pitch": 65, "duration": 8, "velocity": 88}, {"time": 798, "pitch": 68, "duration": 5, "velocity": 91}, {"time": 798, "pitch": 73, "duration": 3, "velocity": 91}, {"time": 801, "pitch": 56, "duration": 16, "velocity": 72}, {"time": 804, "pitch": 61, "duration": 5, "velocity": 81}, {"time": 807, "pitch": 63, "duration": 6, "velocity": 96}, {"time": 807, "pitch": 68, "duration": 6, "velocity": 107}, {"time": 813, "pitch": 61, "duration": 3, "velocity": 87}, {"time": 816, "pitch": 63, "duration": 4, "velocity": 104}, {"time": 816, "pitch": 68, "duration": 4, "velocity": 102}, {"time": 819, "pitch": 65, "duration": 2, "velocity": 83}, {"time": 822, "pitch": 46, "duration": 21, "velocity": 88}, {"time": 822, "pitch": 61, "duration": 6, "velocity": 91}, {"time": 822, "pitch": 65, "duration": 6, "velocity": 89}, {"time": 822, "pitch": 70, "duration": 5, "velocity": 100}, {"time": 825, "pitch": 53, "duration": 22, "velocity": 77}, {"time": 828, "pitch": 58, "duration": 6, "velocity": 82}, {"time": 831, "pitch": 61, "duration": 8, "velocity": 98}, {"time": 831, "pitch": 65, "duration": 8, "velocity": 108}, {"time": 831, "pitch": 70, "duration": 7, "velocity": 100}, {"time": 837, "pitch": 58, "duration": 9, "velocity": 86}, {"time": 840, "pitch": 61, "duration": 1, "velocity": 78}, {"time": 840, "pitch": 65, "duration": 1, "velocity": 67}, {"time": 843, "pitch": 61, "duration": 8, "velocity": 87}, {"time": 843, "pitch": 65, "duration": 9, "velocity": 91}, {"time": 843, "pitch": 70, "duration": 8, "velocity": 88}, {"time": 846, "pitch": 46, "duration": 19, "velocity": 87}, {"time": 849, "pitch": 53, "duration": 17, "velocity": 75}, {"time": 852, "pitch": 58, "duration": 6, "velocity": 86}, {"time": 855, "pitch": 61, "duration": 6, "velocity": 104}, {"time": 855, "pitch": 65, "duration": 6, "velocity": 114}, {"time": 855, "pitch": 70, "duration": 6, "velocity": 104}, {"time": 861, "pitch": 58, "duration": 5, "velocity": 82}, {"time": 864, "pitch": 61, "duration": 3, "velocity": 91}, {"time": 864, "pitch": 65, "duration": 5, "velocity": 100}, {"time": 864, "pitch": 70, "duration": 4, "velocity": 92}, {"time": 870, "pitch": 51, "duration": 19, "velocity": 85}, {"time": 870, "pitch": 63, "duration": 2, "velocity": 90}, {"time": 870, "pitch": 66, "duration": 4, "velocity": 98}, {"time": 870, "pitch": 70, "duration": 4, "velocity": 92}, {"time": 873, "pitch": 58, "duration": 15, "velocity": 76}, {"time": 876, "pitch": 63, "duration": 5, "velocity": 86}, {"time": 879, "pitch": 66, "duration": 10, "velocity": 93}, {"time": 879, "pitch": 70, "duration": 9, "velocity": 107}, {"time": 879, "pitch": 75, "duration": 9, "velocity": 93}, {"time": 885, "pitch": 63, "duration": 2, "velocity": 86}, {"time": 894, "pitch": 51, "duration": 23, "velocity": 86}, {"time": 894, "pitch": 63, "duration": 10, "velocity": 88}, {"time": 894, "pitch": 66, "duration": 8, "velocity": 91}, {"time": 894, "pitch": 70, "duration": 8, "velocity": 91}, {"time": 906, "pitch": 63, "duration": 10, "velocity": 98}, {"time": 906, "pitch": 66, "duration": 8, "velocity": 98}, {"time": 906, "pitch": 70, "duration": 8, "velocity": 91}, {"time": 918, "pitch": 44, "duration": 20, "velocity": 86}, {"time": 918, "pitch": 60, "duration": 4, "velocity": 87}, {"time": 918, "pitch": 63, "duration": 6, "velocity": 98}, {"time": 918, "pitch": 68, "duration": 5, "velocity": 90}, {"time": 921, "pitch": 51, "duration": 21, "velocity": 76}, {"time": 924, "pitch": 56, "duration": 6, "velocity": 83}, {"time": 927, "pitch": 60, "duration": 10, "velocity": 96}, {"time": 927, "pitch": 63, "duration": 9, "velocity": 110}, {"time": 927, "pitch": 68, "duration": 10, "velocity": 94}, {"time": 936, "pitch": 56, "duration": 4, "velocity": 77}, {"time": 939, "pitch": 60, "duration": 2, "velocity": 71}, {"time": 939, "pitch": 61, "duration": 2, "velocity": 83}, {"time": 939, "pitch": 63, "duration": 5, "velocity": 82}, {"time": 942, "pitch": 44, "duration": 19, "velocity": 89}, {"time": 942, "pitch": 60, "duration": 2, "velocity": 88}, {"time": 942, "pitch": 68, "duration": 4, "velocity": 88}, {"time": 945, "pitch": 51, "duration": 16, "velocity": 83}, {"time": 948, "pitch": 56, "duration": 6, "velocity": 79}, {"time": 951, "pitch": 68, "duration": 1, "velocity": 88}, {"time": 951, "pitch": 72, "duration": 1, "velocity": 90}, {"time": 951, "pitch": 75, "duration": 1, "velocity": 96}, {"time": 954, "pitch": 68, "duration": 3, "velocity": 113}, {"time": 954, "pitch": 72, "duration": 4, "velocity": 116}, {"time": 954, "pitch": 75, "duration": 4, "velocity": 113}, {"time": 954, "pitch": 78, "duration": 3, "velocity": 100}, {"time": 954, "pitch": 80, "duration": 3, "velocity": 104}, {"time": 957, "pitch": 56, "duration": 8, "velocity": 88}, {"time": 960, "pitch": 68, "duration": 3, "velocity": 96}, {"time": 963, "pitch": 72, "duration": 1, "velocity": 84}, {"time": 966, "pitch": 49, "duration": 39, "velocity": 88}, {"time": 966, "pitch": 68, "duration": 4, "velocity": 108}, {"time": 966, "pitch": 73, "duration": 2, "velocity": 113}, {"time": 966, "pitch": 77, "duration": 3, "velocity": 107}, {"time": 969, "pitch": 56, "duration": 36, "velocity": 81}, {"time": 972, "pitch": 61, "duration": 7, "velocity": 81}, {"time": 978, "pitch": 65, "duration": 7, "velocity": 110}, {"time": 978, "pitch": 68, "duration": 7, "velocity": 117}, {"time": 978, "pitch": 73, "duration": 6, "velocity": 107}, {"time": 984, "pitch": 61, "duration": 10, "velocity": 78}, {"time": 987, "pitch": 65, "duration": 1, "velocity": 89}, {"time": 987, "pitch": 68, "duration": 1, "velocity": 89}, {"time": 987, "pitch": 73, "duration": 1, "velocity": 88}, {"time": 993, "pitch": 65, "duration": 4, "velocity": 89}, {"time": 993, "pitch": 68, "duration": 7, "velocity": 89}, {"time": 993, "pitch": 73, "duration": 6, "velocity": 88}, {"time": 999, "pitch": 61, "duration": 4, "velocity": 87}, {"time": 1002, "pitch": 65, "duration": 7, "velocity": 110}, {"time": 1002, "pitch": 68, "duration": 11, "velocity": 114}, {"time": 1002, "pitch": 73, "duration": 8, "velocity": 107}, {"time": 1008, "pitch": 48, "duration": 5, "velocity": 84}, {"time": 1014, "pitch": 46, "duration": 43, "velocity": 91}, {"time": 1014, "pitch": 65, "duration": 9, "velocity": 94}, {"time": 1014, "pitch": 70, "duration": 2, "velocity": 104}, {"time": 1014, "pitch": 73, "duration": 2, "velocity": 89}, {"time": 1020, "pitch": 53, "duration": 38, "velocity": 56}, {"time": 1023, "pitch": 58, "duration": 5, "velocity": 83}, {"time": 1026, "pitch": 61, "duration": 7, "velocity": 104}, {"time": 1026, "pitch": 65, "duration": 7, "velocity": 116}, {"time": 1026, "pitch": 70, "duration": 6, "velocity": 104}, {"time": 1032, "pitch": 58, "duration": 10, "velocity": 77}, {"time": 1035, "pitch": 61, "duration": 1, "velocity": 86}, {"time": 1035, "pitch": 65, "duration": 1, "velocity": 88}, {"time": 1035, "pitch": 70, "duration": 1, "velocity": 89}, {"time": 1041, "pitch": 61, "duration": 5, "velocity": 88}, {"time": 1041, "pitch": 65, "duration": 6, "velocity": 91}, {"time": 1041, "pitch": 70, "duration": 6, "velocity": 89}, {"time": 1047, "pitch": 58, "duration": 4, "velocity": 87}, {"time": 1050, "pitch": 61, "duration": 5, "velocity": 110}, {"time": 1050, "pitch": 65, "duration": 10, "velocity": 116}, {"time": 1050, "pitch": 70, "duration": 9, "velocity": 107}, {"time": 1056, "pitch": 58, "duration": 5, "velocity": 68}, {"time": 1062, "pitch": 51, "duration": 20, "velocity": 84}, {"time": 1062, "pitch": 63, "duration": 3, "velocity": 94}, {"time": 1062, "pitch": 66, "duration": 5, "velocity": 108}, {"time": 1062, "pitch": 70, "duration": 5, "velocity": 104}, {"time": 1068, "pitch": 58, "duration": 13, "velocity": 67}, {"time": 1071, "pitch": 63, "duration": 9, "velocity": 85}, {"time": 1074, "pitch": 66, "duration": 9, "velocity": 110}, {"time": 1074, "pitch": 70, "duration": 9, "velocity": 116}, {"time": 1074, "pitch": 75, "duration": 8, "velocity": 100}, {"time": 1086, "pitch": 44, "duration": 20, "velocity": 87}, {"time": 1086, "pitch": 63, "duration": 5, "velocity": 89}, {"time": 1086, "pitch": 68, "duration": 3, "velocity": 104}, {"time": 1086, "pitch": 72, "duration": 3, "velocity": 100}, {"time": 1089, "pitch": 51, "duration": 18, "velocity": 79}, {"time": 1092, "pitch": 56, "duration": 7, "velocity": 82}, {"time": 1095, "pitch": 60, "duration": 1, "velocity": 73}, {"time": 1095, "pitch": 63, "duration": 1, "velocity": 81}, {"time": 1098, "pitch": 60, "duration": 7, "velocity": 100}, {"time": 1098, "pitch": 68, "duration": 8, "velocity": 98}, {"time": 1110, "pitch": 51, "duration": 14, "velocity": 86}, {"time": 1110, "pitch": 63, "duration": 9, "velocity": 87}, {"time": 1110, "pitch": 66, "duration": 9, "velocity": 88}, {"time": 1110, "pitch": 70, "duration": 9, "velocity": 87}, {"time": 1119, "pitch": 58, "duration": 6, "velocity": 70}, {"time": 1122, "pitch": 63, "duration": 7, "velocity": 102}, {"time": 1122, "pitch": 66, "duration": 8, "velocity": 110}, {"time": 1122, "pitch": 70, "duration": 8, "velocity": 102}, {"time": 1128, "pitch": 51, "duration": 6, "velocity": 88}, {"time": 1134, "pitch": 44, "duration": 18, "velocity": 87}, {"time": 1134, "pitch": 60, "duration": 20, "velocity": 88}, {"time": 1134, "pitch": 63, "duration": 23, "velocity": 92}, {"time": 1134, "pitch": 68, "duration": 20, "velocity": 91}, {"time": 1158, "pitch": 49, "duration": 18, "velocity": 93}, {"time": 1158, "pitch": 76, "duration": 3, "velocity": 123}, {"time": 1164, "pitch": 56, "duration": 12, "velocity": 67}, {"time": 1167, "pitch": 68, "duration": 6, "velocity": 107}, {"time": 1167, "pitch": 76, "duration": 6, "velocity": 116}, {"time": 1173, "pitch": 61, "duration": 2, "velocity": 80}, {"time": 1176, "pitch": 73, "duration": 2, "velocity": 93}, {"time": 1179, "pitch": 68, "duration": 1, "velocity": 84}, {"time": 1182, "pitch": 47, "duration": 19, "velocity": 86}, {"time": 1182, "pitch": 76, "duration": 3, "velocity": 119}, {"time": 1188, "pitch": 54, "duration": 11, "velocity": 70}, {"time": 1188, "pitch": 68, "duration": 1, "velocity": 79}, {"time": 1191, "pitch": 68, "duration": 6, "velocity": 102}, {"time": 1191, "pitch": 76, "duration": 7, "velocity": 113}, {"time": 1197, "pitch": 59, "duration": 3, "velocity": 78}, {"time": 1200, "pitch": 73, "duration": 3, "velocity": 88}, {"time": 1203, "pitch": 68, "duration": 1, "velocity": 88}, {"time": 1206, "pitch": 45, "duration": 19, "velocity": 85}, {"time": 1206, "pitch": 57, "duration": 13, "velocity": 89}, {"time": 1206, "pitch": 68, "duration": 4, "velocity": 104}, {"time": 1206, "pitch": 76, "duration": 3, "velocity": 119}, {"time": 1212, "pitch": 68, "duration": 2, "velocity": 81}, {"time": 1215, "pitch": 68, "duration": 6, "velocity": 102}, {"time": 1215, "pitch": 76, "duration": 6, "velocity": 116}, {"time": 1221, "pitch": 57, "duration": 4, "velocity": 79}, {"time": 1230, "pitch": 42, "duration": 18, "velocity": 93}, {"time": 1230, "pitch": 76, "duration": 3, "velocity": 113}, {"time": 1233, "pitch": 73, "duration": 2, "velocity": 74}, {"time": 1236, "pitch": 68, "duration": 2, "velocity": 80}, {"time": 1239, "pitch": 76, "duration": 5, "velocity": 113}, {"time": 1242, "pitch": 54, "duration": 6, "velocity": 82}, {"time": 1245, "pitch": 68, "duration": 2, "velocity": 81}, {"time": 1251, "pitch": 68, "duration": 6, "velocity": 76}, {"time": 1254, "pitch": 44, "duration": 26, "velocity": 84}, {"time": 1254, "pitch": 72, "duration": 2, "velocity": 46}, {"time": 1254, "pitch": 75, "duration": 2, "velocity": 102}, {"time": 1257, "pitch": 51, "duration": 23, "velocity": 81}, {"time": 1260, "pitch": 56, "duration": 20, "velocity": 83}, {"time": 1263, "pitch": 60, "duration": 2, "velocity": 78}, {"time": 1266, "pitch": 63, "duration": 3, "velocity": 81}, {"time": 1269, "pitch": 68, "duration": 1, "velocity": 79}, {"time": 1272, "pitch": 72, "duration": 3, "velocity": 80}, {"time": 1275, "pitch": 75, "duration": 2, "velocity": 80}, {"time": 1278, "pitch": 49, "duration": 24, "velocity": 83}, {"time": 1278, "pitch": 65, "duration": 11, "velocity": 91}, {"time": 1278, "pitch": 68, "duration": 11, "velocity": 94}, {"time": 1278, "pitch": 73, "duration": 10, "velocity": 88}, {"time": 1290, "pitch": 65, "duration": 10, "velocity": 89}, {"time": 1290, "pitch": 68, "duration": 11, "velocity": 89}, {"time": 1290, "pitch": 73, "duration": 10, "velocity": 89}, {"time": 1302, "pitch": 54, "duration": 17, "velocity": 85}, {"time": 1302, "pitch": 66, "duration": 11, "velocity": 88}, {"time": 1302, "pitch": 70, "duration": 11, "velocity": 91}, {"time": 1302, "pitch": 73, "duration": 10, "velocity": 88}, {"time": 1314, "pitch": 66, "duration": 6, "velocity": 91}, {"time": 1314, "pitch": 70, "duration": 8, "velocity": 93}, {"time": 1314, "pitch": 73, "duration": 10, "velocity": 88}, {"time": 1326, "pitch": 44, "duration": 23, "velocity": 82}, {"time": 1326, "pitch": 56, "duration": 23, "velocity": 81}, {"time": 1326, "pitch": 63, "duration": 22, "velocity": 86}, {"time": 1326, "pitch": 68, "duration": 22, "velocity": 91}, {"time": 1326, "pitch": 72, "duration": 23, "velocity": 88}, {"time": 1350, "pitch": 54, "duration": 21, "velocity": 85}, {"time": 1353, "pitch": 61, "duration": 17, "velocity": 70}, {"time": 1356, "pitch": 66, "duration": 13, "velocity": 81}, {"time": 1359, "pitch": 70, "duration": 3, "velocity": 84}, {"time": 1362, "pitch": 73, "duration": 12, "velocity": 83}, {"time": 1374, "pitch": 54, "duration": 18, "velocity": 77}, {"time": 1374, "pitch": 68, "duration": 21, "velocity": 76}, {"time": 1374, "pitch": 72, "duration": 18, "velocity": 83}, {"time": 1395, "pitch": 65, "duration": 3, "velocity": 70}, {"time": 1395, "pitch": 68, "duration": 1, "velocity": 72}, {"time": 1398, "pitch": 53, "duration": 19, "velocity": 83}, {"time": 1398, "pitch": 72, "duration": 3, "velocity": 83}, {"time": 1401, "pitch": 60, "duration": 15, "velocity": 63}, {"time": 1404, "pitch": 65, "duration": 10, "velocity": 78}, {"time": 1407, "pitch": 75, "duration": 15, "velocity": 87}, {"time": 1422, "pitch": 46, "duration": 18, "velocity": 75}, {"time": 1422, "pitch": 65, "duration": 8, "velocity": 80}, {"time": 1422, "pitch": 73, "duration": 2, "velocity": 84}, {"time": 1425, "pitch": 53, "duration": 15, "velocity": 65}, {"time": 1428, "pitch": 58, "duration": 13, "velocity": 78}, {"time": 1431, "pitch": 60, "duration": 7, "velocity": 83}, {"time": 1437, "pitch": 61, "duration": 3, "velocity": 86}, {"time": 1443, "pitch": 63, "duration": 2, "velocity": 71}, {"time": 1446, "pitch": 51, "duration": 19, "velocity": 83}, {"time": 1446, "pitch": 66, "duration": 2, "velocity": 82}, {"time": 1446, "pitch": 70, "duration": 3, "velocity": 86}, {"time": 1449, "pitch": 58, "duration": 14, "velocity": 38}, {"time": 1452, "pitch": 63, "duration": 11, "velocity": 81}, {"time": 1455, "pitch": 66, "duration": 11, "velocity": 87}, {"time": 1455, "pitch": 75, "duration": 10, "velocity": 87}, {"time": 1470, "pitch": 44, "duration": 19, "velocity": 82}, {"time": 1470, "pitch": 63, "duration": 8, "velocity": 87}, {"time": 1470, "pitch": 72, "duration": 2, "velocity": 93}, {"time": 1473, "pitch": 51, "duration": 17, "velocity": 68}, {"time": 1476, "pitch": 56, "duration": 7, "velocity": 83}, {"time": 1479, "pitch": 60, "duration": 11, "velocity": 92}, {"time": 1479, "pitch": 68, "duration": 6, "velocity": 88}, {"time": 1485, "pitch": 56, "duration": 10, "velocity": 78}, {"time": 1488, "pitch": 63, "duration": 5, "velocity": 77}, {"time": 1491, "pitch": 68, "duration": 8, "velocity": 70}, {"time": 1494, "pitch": 49, "duration": 40, "velocity": 74}, {"time": 1494, "pitch": 61, "duration": 2, "velocity": 71}, {"time": 1494, "pitch": 65, "duration": 4, "velocity": 75}, {"time": 1497, "pitch": 56, "duration": 38, "velocity": 63}, {"time": 1500, "pitch": 61, "duration": 4, "velocity": 78}, {"time": 1503, "pitch": 66, "duration": 13, "velocity": 94}, {"time": 1512, "pitch": 61, "duration": 13, "velocity": 70}, {"time": 1515, "pitch": 68, "duration": 1, "velocity": 78}, {"time": 1518, "pitch": 65, "duration": 11, "velocity": 87}, {"time": 1518, "pitch": 66, "duration": 1, "velocity": 71}, {"time": 1530, "pitch": 61, "duration": 12, "velocity": 76}, {"time": 1533, "pitch": 68, "duration": 2, "velocity": 84}, {"time": 1536, "pitch": 70, "duration": 2, "velocity": 110}, {"time": 1539, "pitch": 75, "duration": 3, "velocity": 104}, {"time": 1542, "pitch": 54, "duration": 23, "velocity": 78}, {"time": 1542, "pitch": 73, "duration": 5, "velocity": 94}, {"time": 1545, "pitch": 61, "duration": 19, "velocity": 71}, {"time": 1548, "pitch": 66, "duration": 15, "velocity": 78}, {"time": 1551, "pitch": 70, "duration": 9, "velocity": 88}, {"time": 1551, "pitch": 78, "duration": 8, "velocity": 88}, {"time": 1563, "pitch": 72, "duration": 10, "velocity": 76}, {"time": 1566, "pitch": 54, "duration": 23, "velocity": 84}, {"time": 1566, "pitch": 75, "duration": 8, "velocity": 78}, {"time": 1566, "pitch": 80, "duration": 7, "velocity": 86}, {"time": 1575, "pitch": 72, "duration": 9, "velocity": 80}, {"time": 1575, "pitch": 78, "duration": 6, "velocity": 83}, {"time": 1575, "pitch": 80, "duration": 1, "velocity": 85}, {"time": 1581, "pitch": 75, "duration": 6, "velocity": 91}, {"time": 1587, "pitch": 68, "duration": 9, "velocity": 77}, {"time": 1587, "pitch": 72, "duration": 8, "velocity": 78}, {"time": 1590, "pitch": 53, "duration": 18, "velocity": 84}, {"time": 1590, "pitch": 77, "duration": 7, "velocity": 87}, {"time": 1596, "pitch": 60, "duration": 10, "velocity": 36}, {"time": 1599, "pitch": 68, "duration": 6, "velocity": 87}, {"time": 1599, "pitch": 75, "duration": 6, "velocity": 92}, {"time": 1605, "pitch": 72, "duration": 9, "velocity": 87}, {"time": 1614, "pitch": 46, "duration": 19, "velocity": 81}, {"time": 1614, "pitch": 65, "duration": 6, "velocity": 83}, {"time": 1614, "pitch": 73, "duration": 2, "velocity": 86}, {"time": 1617, "pitch": 53, "duration": 16, "velocity": 68}, {"time": 1620, "pitch": 58, "duration": 4, "velocity": 78}, {"time": 1620, "pitch": 65, "duration": 2, "velocity": 70}, {"time": 1623, "pitch": 60, "duration": 6, "velocity": 84}, {"time": 1629, "pitch": 58, "duration": 9, "velocity": 75}, {"time": 1632, "pitch": 65, "duration": 3, "velocity": 87}, {"time": 1635, "pitch": 70, "duration": 8, "velocity": 88}, {"time": 1638, "pitch": 51, "duration": 19, "velocity": 73}, {"time": 1638, "pitch": 63, "duration": 2, "velocity": 84}, {"time": 1638, "pitch": 66, "duration": 4, "velocity": 82}, {"time": 1641, "pitch": 58, "duration": 14, "velocity": 74}, {"time": 1644, "pitch": 63, "duration": 10, "velocity": 78}, {"time": 1647, "pitch": 66, "duration": 10, "velocity": 87}, {"time": 1647, "pitch": 75, "duration": 10, "velocity": 88}, {"time": 1659, "pitch": 63, "duration": 10, "velocity": 70}, {"time": 1662, "pitch": 44, "duration": 20, "velocity": 81}, {"time": 1662, "pitch": 72, "duration": 2, "velocity": 87}, {"time": 1665, "pitch": 51, "duration": 17, "velocity": 68}, {"time": 1668, "pitch": 56, "duration": 14, "velocity": 77}, {"time": 1671, "pitch": 60, "duration": 11, "velocity": 87}, {"time": 1671, "pitch": 68, "duration": 11, "velocity": 85}, {"time": 1686, "pitch": 49, "duration": 43, "velocity": 82}, {"time": 1689, "pitch": 56, "duration": 40, "velocity": 68}, {"time": 1692, "pitch": 61, "duration": 6, "velocity": 81}, {"time": 1695, "pitch": 66, "duration": 14, "velocity": 88}, {"time": 1704, "pitch": 61, "duration": 8, "velocity": 68}, {"time": 1710, "pitch": 65, "duration": 11, "velocity": 87}, {"time": 1710, "pitch": 73, "duration": 9, "velocity": 86}, {"time": 1719, "pitch": 61, "duration": 3, "velocity": 83}, {"time": 1722, "pitch": 65, "duration": 5, "velocity": 98}, {"time": 1722, "pitch": 73, "duration": 4, "velocity": 91}, {"time": 1725, "pitch": 61, "duration": 3, "velocity": 85}, {"time": 1728, "pitch": 68, "duration": 5, "velocity": 104}, {"time": 1731, "pitch": 73, "duration": 9, "velocity": 84}, {"time": 1734, "pitch": 54, "duration": 22, "velocity": 83}, {"time": 1734, "pitch": 66, "duration": 2, "velocity": 84}, {"time": 1734, "pitch": 70, "duration": 5, "velocity": 90}, {"time": 1740, "pitch": 61, "duration": 17, "velocity": 61}, {"time": 1746, "pitch": 66, "duration": 7, "velocity": 77}, {"time": 1746, "pitch": 70, "duration": 7, "velocity": 87}, {"time": 1746, "pitch": 73, "duration": 9, "velocity": 87}, {"time": 1746, "pitch": 78, "duration": 7, "velocity": 86}, {"time": 1755, "pitch": 68, "duration": 18, "velocity": 64}, {"time": 1758, "pitch": 54, "duration": 23, "velocity": 80}, {"time": 1758, "pitch": 72, "duration": 15, "velocity": 64}, {"time": 1758, "pitch": 75, "duration": 13, "velocity": 88}, {"time": 1773, "pitch": 70, "duration": 2, "velocity": 96}, {"time": 1776, "pitch": 70, "duration": 1, "velocity": 82}, {"time": 1776, "pitch": 73, "duration": 3, "velocity": 108}, {"time": 1779, "pitch": 75, "duration": 2, "velocity": 107}, {"time": 1782, "pitch": 53, "duration": 20, "velocity": 86}, {"time": 1782, "pitch": 75, "duration": 9, "velocity": 107}, {"time": 1785, "pitch": 60, "duration": 16, "velocity": 69}, {"time": 1788, "pitch": 63, "duration": 13, "velocity": 82}, {"time": 1791, "pitch": 68, "duration": 2, "velocity": 81}, {"time": 1791, "pitch": 72, "duration": 10, "velocity": 90}, {"time": 1800, "pitch": 68, "duration": 6, "velocity": 89}, {"time": 1803, "pitch": 73, "duration": 3, "velocity": 88}, {"time": 1806, "pitch": 46, "duration": 18, "velocity": 76}, {"time": 1806, "pitch": 65, "duration": 7, "velocity": 85}, {"time": 1806, "pitch": 70, "duration": 7, "velocity": 88}, {"time": 1809, "pitch": 53, "duration": 16, "velocity": 69}, {"time": 1812, "pitch": 58, "duration": 6, "velocity": 80}, {"time": 1815, "pitch": 60, "duration": 5, "velocity": 90}, {"time": 1818, "pitch": 61, "duration": 4, "velocity": 81}, {"time": 1821, "pitch": 58, "duration": 7, "velocity": 87}, {"time": 1824, "pitch": 65, "duration": 6, "velocity": 104}, {"time": 1830, "pitch": 51, "duration": 19, "velocity": 80}, {"time": 1830, "pitch": 66, "duration": 4, "velocity": 88}, {"time": 1833, "pitch": 58, "duration": 15, "velocity": 77}, {"time": 1836, "pitch": 63, "duration": 7, "velocity": 84}, {"time": 1839, "pitch": 66, "duration": 10, "velocity": 93}, {"time": 1839, "pitch": 75, "duration": 9, "velocity": 90}, {"time": 1845, "pitch": 63, "duration": 2, "velocity": 78}, {"time": 1848, "pitch": 70, "duration": 3, "velocity": 78}, {"time": 1851, "pitch": 75, "duration": 2, "velocity": 74}, {"time": 1854, "pitch": 44, "duration": 20, "velocity": 85}, {"time": 1854, "pitch": 63, "duration": 9, "velocity": 81}, {"time": 1854, "pitch": 72, "duration": 4, "velocity": 84}, {"time": 1857, "pitch": 51, "duration": 18, "velocity": 68}, {"time": 1860, "pitch": 56, "duration": 15, "velocity": 77}, {"time": 1863, "pitch": 60, "duration": 13, "velocity": 83}, {"time": 1863, "pitch": 68, "duration": 15, "velocity": 84}, {"time": 1878, "pitch": 44, "duration": 21, "velocity": 86}, {"time": 1878, "pitch": 60, "duration": 3, "velocity": 87}, {"time": 1878, "pitch": 63, "duration": 5, "velocity": 89}, {"time": 1878, "pitch": 68, "duration": 5, "velocity": 88}, {"time": 1881, "pitch": 51, "duration": 21, "velocity": 74}, {"time": 1884, "pitch": 56, "duration": 4, "velocity": 81}, {"time": 1887, "pitch": 63, "duration": 6, "velocity": 92}, {"time": 1887, "pitch": 68, "duration": 6, "velocity": 104}, {"time": 1893, "pitch": 56, "duration": 6, "velocity": 82}, {"time": 1896, "pitch": 63, "duration": 5, "velocity": 93}, {"time": 1899, "pitch": 68, "duration": 2, "velocity": 88}, {"time": 1902, "pitch": 44, "duration": 18, "velocity": 87}, {"time": 1902, "pitch": 56, "duration": 18, "velocity": 85}, {"time": 1902, "pitch": 68, "duration": 15, "velocity": 69}, {"time": 1902, "pitch": 68, "duration": 15, "velocity": 93}, {"time": 1902, "pitch": 72, "duration": 18, "velocity": 86}, {"time": 1902, "pitch": 76, "duration": 17, "velocity": 103}, {"time": 1926, "pitch": 49, "duration": 22, "velocity": 88}, {"time": 1926, "pitch": 65, "duration": 6, "velocity": 89}, {"time": 1926, "pitch": 68, "duration": 6, "velocity": 100}, {"time": 1926, "pitch": 73, "duration": 5, "velocity": 92}, {"time": 1929, "pitch": 56, "duration": 22, "velocity": 70}, {"time": 1932, "pitch": 61, "duration": 6, "velocity": 82}, {"time": 1935, "pitch": 63, "duration": 6, "velocity": 96}, {"time": 1935, "pitch": 68, "duration": 7, "velocity": 100}, {"time": 1941, "pitch": 61, "duration": 7, "velocity": 85}, {"time": 1944, "pitch": 65, "duration": 4, "velocity": 79}, {"time": 1947, "pitch": 68, "duration": 2, "velocity": 87}, {"time": 1950, "pitch": 49, "duration": 19, "velocity": 86}, {"time": 1950, "pitch": 65, "duration": 8, "velocity": 88}, {"time": 1950, "pitch": 68, "duration": 5, "velocity": 91}, {"time": 1950, "pitch": 73, "duration": 3, "velocity": 91}, {"time": 1953, "pitch": 56, "duration": 16, "velocity": 72}, {"time": 1956, "pitch": 61, "duration": 5, "velocity": 81}, {"time": 1959, "pitch": 63, "duration": 6, "velocity": 96}, {"time": 1959, "pitch": 68, "duration": 6, "velocity": 107}, {"time": 1965, "pitch": 61, "duration": 3, "velocity": 87}, {"time": 1968, "pitch": 63, "duration": 4, "velocity": 104}, {"time": 1968, "pitch": 68, "duration": 4, "velocity": 102}, {"time": 1971, "pitch": 65, "duration": 2, "velocity": 83}, {"time": 1974, "pitch": 46, "duration": 21, "velocity": 88}, {"time": 1974, "pitch": 61, "duration": 6, "velocity": 91}, {"time": 1974, "pitch": 65, "duration": 6, "velocity": 89}, {"time": 1974, "pitch": 70, "duration": 5, "velocity": 100}, {"time": 1977, "pitch": 53, "duration": 22, "velocity": 77}, {"time": 1980, "pitch": 58, "duration": 6, "velocity": 82}, {"time": 1983, "pitch": 61, "duration": 8, "velocity": 98}, {"time": 1983, "pitch": 65, "duration": 8, "velocity": 108}, {"time": 1983, "pitch": 70, "duration": 7, "velocity": 100}, {"time": 1989, "pitch": 58, "duration": 9, "velocity": 86}, {"time": 1992, "pitch": 61, "duration": 1, "velocity": 78}, {"time": 1992, "pitch": 65, "duration": 1, "velocity": 67}, {"time": 1995, "pitch": 61, "duration": 8, "velocity": 87}, {"time": 1995, "pitch": 65, "duration": 9, "velocity": 91}, {"time": 1995, "pitch": 70, "duration": 8, "velocity": 88}, {"time": 1998, "pitch": 46, "duration": 19, "velocity": 87}, {"time": 2001, "pitch": 53, "duration": 17, "velocity": 75}, {"time": 2004, "pitch": 58, "duration": 6, "velocity": 86}, {"time": 2007, "pitch": 61, "duration": 6, "velocity": 104}, {"time": 2007, "pitch": 65, "duration": 6, "velocity": 114}, {"time": 2007, "pitch": 70, "duration": 6, "velocity": 104}, {"time": 2013, "pitch": 58, "duration": 5, "velocity": 82}, {"time": 2016, "pitch": 61, "duration": 3, "velocity": 91}, {"time": 2016, "pitch": 65, "duration": 5, "velocity": 100}, {"time": 2016, "pitch": 70, "duration": 4, "velocity": 92}, {"time": 2022, "pitch": 51, "duration": 19, "velocity": 85}, {"time": 2022, "pitch": 63, "duration": 2, "velocity": 90}, {"time": 2022, "pitch": 66, "duration": 4, "velocity": 98}, {"time": 2022, "pitch": 70, "duration": 4, "velocity": 92}, {"time": 2025, "pitch": 58, "duration": 15, "velocity": 76}, {"time": 2028, "pitch": 63, "duration": 5, "velocity": 86}, {"time": 2031, "pitch": 66, "duration": 10, "velocity": 93}, {"time": 2031, "pitch": 70, "duration": 9, "velocity": 107}, {"time": 2031, "pitch": 75, "duration": 9, "velocity": 93}, {"time": 2037, "pitch": 63, "duration": 2, "velocity": 86}, {"time": 2046, "pitch": 51, "duration": 23, "velocity": 86}, {"time": 2046, "pitch": 63, "duration": 10, "velocity": 88}, {"time": 2046, "pitch": 66, "duration": 8, "velocity": 91}, {"time": 2046, "pitch": 70, "duration": 8, "velocity": 91}, {"time": 2058, "pitch": 63, "duration": 10, "velocity": 98}, {"time": 2058, "pitch": 66, "duration": 8, "velocity": 98}, {"time": 2058, "pitch": 70, "duration": 8, "velocity": 91}, {"time": 2070, "pitch": 44, "duration": 20, "velocity": 86}, {"time": 2070, "pitch": 60, "duration": 4, "velocity": 87}, {"time": 2070, "pitch": 63, "duration": 6, "velocity": 98}, {"time": 2070, "pitch": 68, "duration": 5, "velocity": 90}, {"time": 2073, "pitch": 51, "duration": 21, "velocity": 76}, {"time": 2076, "pitch": 56, "duration": 6, "velocity": 83}, {"time": 2079, "pitch": 60, "duration": 10, "velocity": 96}, {"time": 2079, "pitch": 63, "duration": 9, "velocity": 110}, {"time": 2079, "pitch": 68, "duration": 10, "velocity": 94}, {"time": 2088, "pitch": 56, "duration": 4, "velocity": 77}, {"time": 2091, "pitch": 60, "duration": 2, "velocity": 71}, {"time": 2091, "pitch": 61, "duration": 2, "velocity": 83}, {"time": 2091, "pitch": 63, "duration": 5, "velocity": 82}, {"time": 2094, "pitch": 44, "duration": 19, "velocity": 89}, {"time": 2094, "pitch": 60, "duration": 2, "velocity": 88}, {"time": 2094, "pitch": 68, "duration": 4, "velocity": 88}, {"time": 2097, "pitch": 51, "duration": 16, "velocity": 83}, {"time": 2100, "pitch": 56, "duration": 6, "velocity": 79}, {"time": 2103, "pitch": 68, "duration": 1, "velocity": 88}, {"time": 2103, "pitch": 72, "duration": 1, "velocity": 90}, {"time": 2103, "pitch": 75, "duration": 1, "velocity": 96}, {"time": 2106, "pitch": 68, "duration": 3, "velocity": 113}, {"time": 2106, "pitch": 72, "duration": 4, "velocity": 116}, {"time": 2106, "pitch": 75, "duration": 4, "velocity": 113}, {"time": 2106, "pitch": 78, "duration": 3, "velocity": 100}, {"time": 2106, "pitch": 80, "duration": 3, "velocity": 104}, {"time": 2109, "pitch": 56, "duration": 8, "velocity": 88}, {"time": 2112, "pitch": 68, "duration": 3, "velocity": 96}, {"time": 2115, "pitch": 72, "duration": 1, "velocity": 84}, {"time": 2118, "pitch": 49, "duration": 39, "velocity": 88}, {"time": 2118, "pitch": 68, "duration": 4, "velocity": 108}, {"time": 2118, "pitch": 73, "duration": 2, "velocity": 113}, {"time": 2118, "pitch": 77, "duration": 3, "velocity": 107}, {"time": 2121, "pitch": 56, "duration": 36, "velocity": 81}, {"time": 2124, "pitch": 61, "duration": 7, "velocity": 81}, {"time": 2130, "pitch": 65, "duration": 7, "velocity": 110}, {"time": 2130, "pitch": 68, "duration": 7, "velocity": 117}, {"time": 2130, "pitch": 73, "duration": 6, "velocity": 107}, {"time": 2136, "pitch": 61, "duration": 10, "velocity": 78}, {"time": 2139, "pitch": 65, "duration": 1, "velocity": 89}, {"time": 2139, "pitch": 68, "duration": 1, "velocity": 89}, {"time": 2139, "pitch": 73, "duration": 1, "velocity": 88}, {"time": 2145, "pitch": 65, "duration": 4, "velocity": 89}, {"time": 2145, "pitch": 68, "duration": 7, "velocity": 89}, {"time": 2145, "pitch": 73, "duration": 6, "velocity": 88}, {"time": 2151, "pitch": 61, "duration": 4, "velocity": 87}, {"time": 2154, "pitch": 65, "duration": 7, "velocity": 110}, {"time": 2154, "pitch": 68, "duration": 11, "velocity": 114}, {"time": 2154, "pitch": 73, "duration": 8, "velocity": 107}, {"time": 2160, "pitch": 48, "duration": 5, "velocity": 84}, {"time": 2166, "pitch": 46, "duration": 43, "velocity": 91}, {"time": 2166, "pitch": 65, "duration": 9, "velocity": 94}, {"time": 2166, "pitch": 70, "duration": 2, "velocity": 104}, {"time": 2166, "pitch": 73, "duration": 2, "velocity": 89}, {"time": 2172, "pitch": 53, "duration": 38, "velocity": 56}, {"time": 2175, "pitch": 58, "duration": 5, "velocity": 83}, {"time": 2178, "pitch": 61, "duration": 7, "velocity": 104}, {"time": 2178, "pitch": 65, "duration": 7, "velocity": 116}, {"time": 2178, "pitch": 70, "duration": 6, "velocity": 104}, {"time": 2184, "pitch": 58, "duration": 10, "velocity": 77}, {"time": 2187, "pitch": 61, "duration": 1, "velocity": 86}, {"time": 2187, "pitch": 65, "duration": 1, "velocity": 88}, {"time": 2187, "pitch": 70, "duration": 1, "velocity": 89}, {"time": 2193, "pitch": 61, "duration": 5, "velocity": 88}, {"time": 2193, "pitch": 65, "duration": 6, "velocity": 91}, {"time": 2193, "pitch": 70, "duration": 6, "velocity": 89}, {"time": 2199, "pitch": 58, "duration": 4, "velocity": 87}, {"time": 2202, "pitch": 61, "duration": 5, "velocity": 110}, {"time": 2202, "pitch": 65, "duration": 10, "velocity": 116}, {"time": 2202, "pitch": 70, "duration": 9, "velocity": 107}, {"time": 2208, "pitch": 58, "duration": 5, "velocity": 68}, {"time": 2214, "pitch": 51, "duration": 20, "velocity": 84}, {"time": 2214, "pitch": 63, "duration": 3, "velocity": 94}, {"time": 2214, "pitch": 66, "duration": 5, "velocity": 108}, {"time": 2214, "pitch": 70, "duration": 5, "velocity": 104}, {"time": 2220, "pitch": 58, "duration": 13, "velocity": 67}, {"time": 2223, "pitch": 63, "duration": 9, "velocity": 85}, {"time": 2226, "pitch": 66, "duration": 9, "velocity": 110}, {"time": 2226, "pitch": 70, "duration": 9, "velocity": 116}, {"time": 2226, "pitch": 75, "duration": 8, "velocity": 100}, {"time": 2238, "pitch": 44, "duration": 20, "velocity": 87}, {"time": 2238, "pitch": 63, "duration": 5, "velocity": 89}, {"time": 2238, "pitch": 68, "duration": 3, "velocity": 104}, {"time": 2238, "pitch": 72, "duration": 3, "velocity": 100}, {"time": 2241, "pitch": 51, "duration": 18, "velocity": 79}, {"time": 2244, "pitch": 56, "duration": 7, "velocity": 82}, {"time": 2247, "pitch": 60, "duration": 1, "velocity": 73}, {"time": 2247, "pitch": 63, "duration": 1, "velocity": 81}, {"time": 2250, "pitch": 60, "duration": 7, "velocity": 100}, {"time": 2250, "pitch": 68, "duration": 8, "velocity": 98}, {"time": 2262, "pitch": 51, "duration": 14, "velocity": 86}, {"time": 2262, "pitch": 63, "duration": 9, "velocity": 87}, {"time": 2262, "pitch": 66, "duration": 9, "velocity": 88}, {"time": 2262, "pitch": 70, "duration": 9, "velocity": 87}, {"time": 2271, "pitch": 58, "duration": 6, "velocity": 70}, {"time": 2274, "pitch": 63, "duration": 7, "velocity": 102}, {"time": 2274, "pitch": 66, "duration": 8, "velocity": 110}, {"time": 2274, "pitch": 70, "duration": 8, "velocity": 102}, {"time": 2280, "pitch": 51, "duration": 6, "velocity": 88}, {"time": 2286, "pitch": 44, "duration": 18, "velocity": 87}, {"time": 2286, "pitch": 60, "duration": 20, "velocity": 88}, {"time": 2286, "pitch": 63, "duration": 23, "velocity": 92}, {"time": 2286, "pitch": 68, "duration": 20, "velocity": 91}, {"time": 2334, "pitch": 54, "duration": 22, "velocity": 83}, {"time": 2337, "pitch": 61, "duration": 20, "velocity": 71}, {"time": 2340, "pitch": 66, "duration": 15, "velocity": 73}, {"time": 2343, "pitch": 70, "duration": 16, "velocity": 70}, {"time": 2358, "pitch": 54, "duration": 19, "velocity": 78}, {"time": 2370, "pitch": 63, "duration": 7, "velocity": 38}, {"time": 2370, "pitch": 68, "duration": 10, "velocity": 80}, {"time": 2382, "pitch": 53, "duration": 20, "velocity": 81}, {"time": 2385, "pitch": 60, "duration": 16, "velocity": 38}, {"time": 2391, "pitch": 65, "duration": 13, "velocity": 77}, {"time": 2391, "pitch": 72, "duration": 13, "velocity": 77}, {"time": 2406, "pitch": 58, "duration": 24, "velocity": 87}, {"time": 2415, "pitch": 61, "duration": 15, "velocity": 84}, {"time": 2415, "pitch": 70, "duration": 15, "velocity": 87}, {"time": 2432, "pitch": 66, "duration": 12, "velocity": 72}, {"time": 2433, "pitch": 70, "duration": 12, "velocity": 73}, {"time": 2433, "pitch": 54, "duration": 13, "velocity": 66}, {"time": 2434, "pitch": 73, "duration": 11, "velocity": 80}, {"time": 2448, "pitch": 66, "duration": 16, "velocity": 44}, {"time": 2449, "pitch": 70, "duration": 17, "velocity": 64}, {"time": 2450, "pitch": 54, "duration": 20, "velocity": 62}, {"time": 2450, "pitch": 75, "duration": 12, "velocity": 79}, {"time": 2472, "pitch": 65, "duration": 7, "velocity": 67}, {"time": 2472, "pitch": 49, "duration": 38, "velocity": 68}, {"time": 2473, "pitch": 68, "duration": 1, "velocity": 69}, {"time": 2474, "pitch": 73, "duration": 3, "velocity": 80}, {"time": 2476, "pitch": 56, "duration": 34, "velocity": 44}, {"time": 2480, "pitch": 61, "duration": 30, "velocity": 69}, {"time": 2482, "pitch": 63, "duration": 2, "velocity": 79}, {"time": 2486, "pitch": 68, "duration": 2, "velocity": 83}, {"time": 2488, "pitch": 73, "duration": 1, "velocity": 87}, {"time": 2490, "pitch": 75, "duration": 1, "velocity": 85}, {"time": 2492, "pitch": 77, "duration": 1, "velocity": 79}, {"time": 2494, "pitch": 80, "duration": 1, "velocity": 86}, {"time": 2496, "pitch": 85, "duration": 1, "velocity": 88}, {"time": 2498, "pitch": 89, "duration": 1, "velocity": 87}, {"time": 2500, "pitch": 92, "duration": 1, "velocity": 88}, {"time": 2505, "pitch": 85, "duration": 1, "velocity": 48}, {"time": 2507, "pitch": 97, "duration": 1, "velocity": 87}], "annotations": [{"time": 52, "annotation": {"number": 64, "value": 74}, "group": "control_change"}, {"time": 52, "annotation": {"number": 64, "value": 0}, "group": "control_change"}, {"time": 53, "annotation": {"number": 64, "value": 74}, "group": "control_change"}, {"time": 53, "annotation": {"number": 64, "value": 127}, "group": "control_change"}, {"time": 77, "annotation": {"number": 64, "value": 38}, "group": "control_change"}, {"time": 77, "annotation": {"number": 64, "value": 0}, "group": "control_change"}, {"time": 78, "annotation": {"number": 64, "value": 127}, "group": "control_change"}, {"time": 78, "annotation": {"number": 64, "value": 38}, "group": "control_change"}, {"time": 100, "annotation": {"number": 64, "value": 0}, "group": "control_change"}, {"time": 102, "annotation": {"number": 64, "value": 74}, "group": "control_change"}, {"time": 102, "annotation": {"number": 64, "value": 127}, "group": "control_change"}, {"time": 124, "annotation": {"number": 64, "value": 38}, "group": "control_change"}, {"time": 124, "annotation": {"number": 64, "value": 127}, "group": "control_change"}, {"time": 125, "annotation": {"number": 64, "value": 0}, "group": "control_change"}, {"time": 125, "annotation": {"number": 64, "value": 74}, "group": "control_change"}, {"time": 125, "annotation": {"number": 64, "value": 127}, "group": "control_change"}, {"time": 149, "annotation": {"number": 64, "value": 38}, "group": "control_change"}, {"time": 149, "annotation": {"number": 64, "value": 127}, "group": "control_change"}, {"time": 150, "annotation": {"number": 64, "value": 127}, "group": "control_change"}, {"time": 158, "annotation": {"number": 64, "value": 0}, "group": "control_change"}, {"time": 172, "annotation": {"number": 64, "value": 38}, "group": "control_change"}, {"time": 172, "annotation": {"number": 64, "value": 0}, "group": "control_change"}, {"time": 173, "annotation": {"number": 64, "value": 127}, "group": "control_change"}, {"time": 195, "annotation": {"number": 64, "value": 74}, "group": "control_change"}, {"time": 195, "annotation": {"number": 64, "value": 0}, "group": "control_change"}, {"time": 197, "annotation": {"number": 64, "value": 127}, "group": "control_change"}, {"time": 220, "annotation": {"number": 64, "value": 74}, "group": "control_change"}, {"time": 220, "annotation": {"number": 64, "value": 38}, "group": "control_change"}, {"time": 221, "annotation": {"number": 64, "value": 0}, "group": "control_change"}, {"time": 222, "annotation": {"number": 64, "value": 38}, "group": "control_change"}, {"time": 222, "annotation": {"number": 64, "value": 127}, "group": "control_change"}, {"time": 244, "annotation": {"number": 64, "value": 74}, "group": "control_change"}, {"time": 244, "annotation": {"number": 64, "value": 38}, "group": "control_change"}, {"time": 244, "annotation": {"number": 64, "value": 0}, "group": "control_change"}, {"time": 245, "annotation": {"number": 64, "value": 74}, "group": "control_change"}, {"time": 245, "annotation": {"number": 64, "value": 127}, "group": "control_change"}, {"time": 269, "annotation": {"number": 64, "value": 74}, "group": "control_change"}, {"time": 269, "annotation": {"number": 64, "value": 127}, "group": "control_change"}, {"time": 317, "annotation": {"number": 64, "value": 74}, "group": "control_change"}, {"time": 317, "annotation": {"number": 64, "value": 127}, "group": "control_change"}, {"time": 388, "annotation": {"number": 64, "value": 74}, "group": "control_change"}, {"time": 388, "annotation": {"number": 64, "value": 0}, "group": "control_change"}, {"time": 389, "annotation": {"number": 64, "value": 127}, "group": "control_change"}, {"time": 509, "annotation": {"number": 64, "value": 74}, "group": "control_change"}, {"time": 509, "annotation": {"number": 64, "value": 0}, "group": "control_change"}, {"time": 510, "annotation": {"number": 64, "value": 127}, "group": "control_change"}, {"time": 533, "annotation": {"number": 64, "value": 0}, "group": "control_change"}, {"time": 533, "annotation": {"number": 64, "value": 127}, "group": "control_change"}, {"time": 533, "annotation": {"number": 64, "value": 38}, "group": "control_change"}, {"time": 534, "annotation": {"number": 64, "value": 74}, "group": "control_change"}, {"time": 534, "annotation": {"number": 64, "value": 127}, "group": "control_change"}, {"time": 576, "annotation": {"number": 64, "value": 74}, "group": "control_change"}, {"time": 576, "annotation": {"number": 64, "value": 127}, "group": "control_change"}, {"time": 580, "annotation": {"number": 64, "value": 38}, "group": "control_change"}, {"time": 581, "annotation": {"number": 64, "value": 74}, "group": "control_change"}, {"time": 581, "annotation": {"number": 64, "value": 0}, "group": "control_change"}, {"time": 582, "annotation": {"number": 64, "value": 127}, "group": "control_change"}, {"time": 604, "annotation": {"number": 64, "value": 74}, "group": "control_change"}, {"time": 605, "annotation": {"number": 64, "value": 127}, "group": "control_change"}, {"time": 605, "annotation": {"number": 64, "value": 38}, "group": "control_change"}, {"time": 605, "annotation": {"number": 64, "value": 0}, "group": "control_change"}, {"time": 606, "annotation": {"number": 64, "value": 127}, "group": "control_change"}, {"time": 628, "annotation": {"number": 64, "value": 74}, "group": "control_change"}, {"time": 628, "annotation": {"number": 64, "value": 38}, "group": "control_change"}, {"time": 628, "annotation": {"number": 64, "value": 0}, "group": "control_change"}, {"time": 630, "annotation": {"number": 64, "value": 127}, "group": "control_change"}, {"time": 653, "annotation": {"number": 64, "value": 38}, "group": "control_change"}, {"time": 653, "annotation": {"number": 64, "value": 74}, "group": "control_change"}, {"time": 653, "annotation": {"number": 64, "value": 0}, "group": "control_change"}, {"time": 653, "annotation": {"number": 64, "value": 127}, "group": "control_change"}, {"time": 726, "annotation": {"number": 64, "value": 127}, "group": "control_change"}, {"time": 734, "annotation": {"number": 64, "value": 74}, "group": "control_change"}, {"time": 734, "annotation": {"number": 64, "value": 38}, "group": "control_change"}, {"time": 734, "annotation": {"number": 64, "value": 0}, "group": "control_change"}, {"time": 748, "annotation": {"number": 64, "value": 74}, "group": "control_change"}, {"time": 748, "annotation": {"number": 64, "value": 0}, "group": "control_change"}, {"time": 750, "annotation": {"number": 64, "value": 127}, "group": "control_change"}, {"time": 771, "annotation": {"number": 64, "value": 38}, "group": "control_change"}, {"time": 771, "annotation": {"number": 64, "value": 0}, "group": "control_change"}, {"time": 773, "annotation": {"number": 64, "value": 127}, "group": "control_change"}, {"time": 773, "annotation": {"number": 64, "value": 74}, "group": "control_change"}, {"time": 773, "annotation": {"number": 64, "value": 38}, "group": "control_change"}, {"time": 773, "annotation": {"number": 64, "value": 0}, "group": "control_change"}, {"time": 796, "annotation": {"number": 64, "value": 74}, "group": "control_change"}, {"time": 796, "annotation": {"number": 64, "value": 0}, "group": "control_change"}, {"time": 798, "annotation": {"number": 64, "value": 127}, "group": "control_change"}, {"time": 820, "annotation": {"number": 64, "value": 74}, "group": "control_change"}, {"time": 820, "annotation": {"number": 64, "value": 0}, "group": "control_change"}, {"time": 821, "annotation": {"number": 64, "value": 127}, "group": "control_change"}, {"time": 844, "annotation": {"number": 64, "value": 38}, "group": "control_change"}, {"time": 844, "annotation": {"number": 64, "value": 0}, "group": "control_change"}, {"time": 845, "annotation": {"number": 64, "value": 127}, "group": "control_change"}, {"time": 868, "annotation": {"number": 64, "value": 38}, "group": "control_change"}, {"time": 868, "annotation": {"number": 64, "value": 0}, "group": "control_change"}, {"time": 870, "annotation": {"number": 64, "value": 127}, "group": "control_change"}, {"time": 892, "annotation": {"number": 64, "value": 38}, "group": "control_change"}, {"time": 892, "annotation": {"number": 64, "value": 0}, "group": "control_change"}, {"time": 894, "annotation": {"number": 64, "value": 127}, "group": "control_change"}, {"time": 904, "annotation": {"number": 64, "value": 74}, "group": "control_change"}, {"time": 904, "annotation": {"number": 64, "value": 0}, "group": "control_change"}, {"time": 916, "annotation": {"number": 64, "value": 74}, "group": "control_change"}, {"time": 916, "annotation": {"number": 64, "value": 0}, "group": "control_change"}, {"time": 918, "annotation": {"number": 64, "value": 127}, "group": "control_change"}, {"time": 940, "annotation": {"number": 64, "value": 38}, "group": "control_change"}, {"time": 940, "annotation": {"number": 64, "value": 0}, "group": "control_change"}, {"time": 941, "annotation": {"number": 64, "value": 127}, "group": "control_change"}, {"time": 964, "annotation": {"number": 64, "value": 38}, "group": "control_change"}, {"time": 964, "annotation": {"number": 64, "value": 0}, "group": "control_change"}, {"time": 966, "annotation": {"number": 64, "value": 127}, "group": "control_change"}, {"time": 985, "annotation": {"number": 64, "value": 38}, "group": "control_change"}, {"time": 985, "annotation": {"number": 64, "value": 0}, "group": "control_change"}, {"time": 986, "annotation": {"number": 64, "value": 127}, "group": "control_change"}, {"time": 1012, "annotation": {"number": 64, "value": 0}, "group": "control_change"}, {"time": 1014, "annotation": {"number": 64, "value": 127}, "group": "control_change"}, {"time": 1060, "annotation": {"number": 64, "value": 0}, "group": "control_change"}, {"time": 1061, "annotation": {"number": 64, "value": 127}, "group": "control_change"}, {"time": 1084, "annotation": {"number": 64, "value": 0}, "group": "control_change"}, {"time": 1085, "annotation": {"number": 64, "value": 74}, "group": "control_change"}, {"time": 1086, "annotation": {"number": 64, "value": 127}, "group": "control_change"}, {"time": 1108, "annotation": {"number": 64, "value": 38}, "group": "control_change"}, {"time": 1108, "annotation": {"number": 64, "value": 0}, "group": "control_change"}, {"time": 1110, "annotation": {"number": 64, "value": 127}, "group": "control_change"}, {"time": 1115, "annotation": {"number": 64, "value": 74}, "group": "control_change"}, {"time": 1115, "annotation": {"number": 64, "value": 0}, "group": "control_change"}, {"time": 1132, "annotation": {"number": 64, "value": 74}, "group": "control_change"}, {"time": 1132, "annotation": {"number": 64, "value": 0}, "group": "control_change"}, {"time": 1133, "annotation": {"number": 64, "value": 127}, "group": "control_change"}, {"time": 1155, "annotation": {"number": 64, "value": 74}, "group": "control_change"}, {"time": 1155, "annotation": {"number": 64, "value": 38}, "group": "control_change"}, {"time": 1156, "annotation": {"number": 64, "value": 0}, "group": "control_change"}, {"time": 1157, "annotation": {"number": 64, "value": 127}, "group": "control_change"}, {"time": 1158, "annotation": {"number": 64, "value": 127}, "group": "control_change"}, {"time": 1180, "annotation": {"number": 64, "value": 0}, "group": "control_change"}, {"time": 1181, "annotation": {"number": 64, "value": 127}, "group": "control_change"}, {"time": 1204, "annotation": {"number": 64, "value": 38}, "group": "control_change"}, {"time": 1204, "annotation": {"number": 64, "value": 0}, "group": "control_change"}, {"time": 1205, "annotation": {"number": 64, "value": 127}, "group": "control_change"}, {"time": 1228, "annotation": {"number": 64, "value": 74}, "group": "control_change"}, {"time": 1228, "annotation": {"number": 64, "value": 38}, "group": "control_change"}, {"time": 1228, "annotation": {"number": 64, "value": 0}, "group": "control_change"}, {"time": 1230, "annotation": {"number": 64, "value": 127}, "group": "control_change"}, {"time": 1252, "annotation": {"number": 64, "value": 38}, "group": "control_change"}, {"time": 1252, "annotation": {"number": 64, "value": 0}, "group": "control_change"}, {"time": 1254, "annotation": {"number": 64, "value": 127}, "group": "control_change"}, {"time": 1278, "annotation": {"number": 64, "value": 127}, "group": "control_change"}, {"time": 1282, "annotation": {"number": 64, "value": 38}, "group": "control_change"}, {"time": 1282, "annotation": {"number": 64, "value": 0}, "group": "control_change"}, {"time": 1300, "annotation": {"number": 64, "value": 38}, "group": "control_change"}, {"time": 1301, "annotation": {"number": 64, "value": 0}, "group": "control_change"}, {"time": 1302, "annotation": {"number": 64, "value": 127}, "group": "control_change"}, {"time": 1324, "annotation": {"number": 64, "value": 74}, "group": "control_change"}, {"time": 1324, "annotation": {"number": 64, "value": 0}, "group": "control_change"}, {"time": 1326, "annotation": {"number": 64, "value": 127}, "group": "control_change"}, {"time": 1348, "annotation": {"number": 64, "value": 0}, "group": "control_change"}, {"time": 1372, "annotation": {"number": 64, "value": 74}, "group": "control_change"}, {"time": 1372, "annotation": {"number": 64, "value": 38}, "group": "control_change"}, {"time": 1373, "annotation": {"number": 64, "value": 0}, "group": "control_change"}, {"time": 1374, "annotation": {"number": 64, "value": 38}, "group": "control_change"}, {"time": 1374, "annotation": {"number": 64, "value": 127}, "group": "control_change"}, {"time": 1396, "annotation": {"number": 64, "value": 74}, "group": "control_change"}, {"time": 1396, "annotation": {"number": 64, "value": 38}, "group": "control_change"}, {"time": 1396, "annotation": {"number": 64, "value": 0}, "group": "control_change"}, {"time": 1397, "annotation": {"number": 64, "value": 74}, "group": "control_change"}, {"time": 1397, "annotation": {"number": 64, "value": 127}, "group": "control_change"}, {"time": 1421, "annotation": {"number": 64, "value": 74}, "group": "control_change"}, {"time": 1421, "annotation": {"number": 64, "value": 127}, "group": "control_change"}, {"time": 1469, "annotation": {"number": 64, "value": 74}, "group": "control_change"}, {"time": 1469, "annotation": {"number": 64, "value": 127}, "group": "control_change"}, {"time": 1540, "annotation": {"number": 64, "value": 74}, "group": "control_change"}, {"time": 1540, "annotation": {"number": 64, "value": 0}, "group": "control_change"}, {"time": 1541, "annotation": {"number": 64, "value": 127}, "group": "control_change"}, {"time": 1661, "annotation": {"number": 64, "value": 74}, "group": "control_change"}, {"time": 1661, "annotation": {"number": 64, "value": 0}, "group": "control_change"}, {"time": 1662, "annotation": {"number": 64, "value": 127}, "group": "control_change"}, {"time": 1685, "annotation": {"number": 64, "value": 0}, "group": "control_change"}, {"time": 1685, "annotation": {"number": 64, "value": 127}, "group": "control_change"}, {"time": 1685, "annotation": {"number": 64, "value": 38}, "group": "control_change"}, {"time": 1686, "annotation": {"number": 64, "value": 74}, "group": "control_change"}, {"time": 1686, "annotation": {"number": 64, "value": 127}, "group": "control_change"}, {"time": 1728, "annotation": {"number": 64, "value": 74}, "group": "control_change"}, {"time": 1728, "annotation": {"number": 64, "value": 127}, "group": "control_change"}, {"time": 1732, "annotation": {"number": 64, "value": 38}, "group": "control_change"}, {"time": 1733, "annotation": {"number": 64, "value": 74}, "group": "control_change"}, {"time": 1733, "annotation": {"number": 64, "value": 0}, "group": "control_change"}, {"time": 1734, "annotation": {"number": 64, "value": 127}, "group": "control_change"}, {"time": 1756, "annotation": {"number": 64, "value": 74}, "group": "control_change"}, {"time": 1757, "annotation": {"number": 64, "value": 127}, "group": "control_change"}, {"time": 1757, "annotation": {"number": 64, "value": 38}, "group": "control_change"}, {"time": 1757, "annotation": {"number": 64, "value": 0}, "group": "control_change"}, {"time": 1758, "annotation": {"number": 64, "value": 127}, "group": "control_change"}, {"time": 1780, "annotation": {"number": 64, "value": 74}, "group": "control_change"}, {"time": 1780, "annotation": {"number": 64, "value": 38}, "group": "control_change"}, {"time": 1780, "annotation": {"number": 64, "value": 0}, "group": "control_change"}, {"time": 1782, "annotation": {"number": 64, "value": 127}, "group": "control_change"}, {"time": 1805, "annotation": {"number": 64, "value": 38}, "group": "control_change"}, {"time": 1805, "annotation": {"number": 64, "value": 74}, "group": "control_change"}, {"time": 1805, "annotation": {"number": 64, "value": 0}, "group": "control_change"}, {"time": 1805, "annotation": {"number": 64, "value": 127}, "group": "control_change"}, {"time": 1878, "annotation": {"number": 64, "value": 127}, "group": "control_change"}, {"time": 1886, "annotation": {"number": 64, "value": 74}, "group": "control_change"}, {"time": 1886, "annotation": {"number": 64, "value": 38}, "group": "control_change"}, {"time": 1886, "annotation": {"number": 64, "value": 0}, "group": "control_change"}, {"time": 1900, "annotation": {"number": 64, "value": 74}, "group": "control_change"}, {"time": 1900, "annotation": {"number": 64, "value": 0}, "group": "control_change"}, {"time": 1902, "annotation": {"number": 64, "value": 127}, "group": "control_change"}, {"time": 1923, "annotation": {"number": 64, "value": 38}, "group": "control_change"}, {"time": 1923, "annotation": {"number": 64, "value": 0}, "group": "control_change"}, {"time": 1925, "annotation": {"number": 64, "value": 127}, "group": "control_change"}, {"time": 1925, "annotation": {"number": 64, "value": 74}, "group": "control_change"}, {"time": 1925, "annotation": {"number": 64, "value": 38}, "group": "control_change"}, {"time": 1925, "annotation": {"number": 64, "value": 0}, "group": "control_change"}, {"time": 1948, "annotation": {"number": 64, "value": 74}, "group": "control_change"}, {"time": 1948, "annotation": {"number": 64, "value": 0}, "group": "control_change"}, {"time": 1950, "annotation": {"number": 64, "value": 127}, "group": "control_change"}, {"time": 1972, "annotation": {"number": 64, "value": 74}, "group": "control_change"}, {"time": 1972, "annotation": {"number": 64, "value": 0}, "group": "control_change"}, {"time": 1973, "annotation": {"number": 64, "value": 127}, "group": "control_change"}, {"time": 1996, "annotation": {"number": 64, "value": 38}, "group": "control_change"}, {"time": 1996, "annotation": {"number": 64, "value": 0}, "group": "control_change"}, {"time": 1997, "annotation": {"number": 64, "value": 127}, "group": "control_change"}, {"time": 2020, "annotation": {"number": 64, "value": 38}, "group": "control_change"}, {"time": 2020, "annotation": {"number": 64, "value": 0}, "group": "control_change"}, {"time": 2022, "annotation": {"number": 64, "value": 127}, "group": "control_change"}, {"time": 2044, "annotation": {"number": 64, "value": 38}, "group": "control_change"}, {"time": 2044, "annotation": {"number": 64, "value": 0}, "group": "control_change"}, {"time": 2046, "annotation": {"number": 64, "value": 127}, "group": "control_change"}, {"time": 2056, "annotation": {"number": 64, "value": 74}, "group": "control_change"}, {"time": 2056, "annotation": {"number": 64, "value": 0}, "group": "control_change"}, {"time": 2068, "annotation": {"number": 64, "value": 74}, "group": "control_change"}, {"time": 2068, "annotation": {"number": 64, "value": 0}, "group": "control_change"}, {"time": 2070, "annotation": {"number": 64, "value": 127}, "group": "control_change"}, {"time": 2092, "annotation": {"number": 64, "value": 38}, "group": "control_change"}, {"time": 2092, "annotation": {"number": 64, "value": 0}, "group": "control_change"}, {"time": 2093, "annotation": {"number": 64, "value": 127}, "group": "control_change"}, {"time": 2116, "annotation": {"number": 64, "value": 38}, "group": "control_change"}, {"time": 2116, "annotation": {"number": 64, "value": 0}, "group": "control_change"}, {"time": 2118, "annotation": {"number": 64, "value": 127}, "group": "control_change"}, {"time": 2137, "annotation": {"number": 64, "value": 38}, "group": "control_change"}, {"time": 2137, "annotation": {"number": 64, "value": 0}, "group": "control_change"}, {"time": 2138, "annotation": {"number": 64, "value": 127}, "group": "control_change"}, {"time": 2164, "annotation": {"number": 64, "value": 0}, "group": "control_change"}, {"time": 2166, "annotation": {"number": 64, "value": 127}, "group": "control_change"}, {"time": 2212, "annotation": {"number": 64, "value": 0}, "group": "control_change"}, {"time": 2213, "annotation": {"number": 64, "value": 127}, "group": "control_change"}, {"time": 2236, "annotation": {"number": 64, "value": 0}, "group": "control_change"}, {"time": 2237, "annotation": {"number": 64, "value": 74}, "group": "control_change"}, {"time": 2238, "annotation": {"number": 64, "value": 127}, "group": "control_change"}, {"time": 2260, "annotation": {"number": 64, "value": 38}, "group": "control_change"}, {"time": 2260, "annotation": {"number": 64, "value": 0}, "group": "control_change"}, {"time": 2262, "annotation": {"number": 64, "value": 127}, "group": "control_change"}, {"time": 2267, "annotation": {"number": 64, "value": 74}, "group": "control_change"}, {"time": 2267, "annotation": {"number": 64, "value": 0}, "group": "control_change"}, {"time": 2284, "annotation": {"number": 64, "value": 74}, "group": "control_change"}, {"time": 2284, "annotation": {"number": 64, "value": 0}, "group": "control_change"}, {"time": 2285, "annotation": {"number": 64, "value": 127}, "group": "control_change"}, {"time": 2307, "annotation": {"number": 64, "value": 74}, "group": "control_change"}, {"time": 2307, "annotation": {"number": 64, "value": 38}, "group": "control_change"}, {"time": 2308, "annotation": {"number": 64, "value": 0}, "group": "control_change"}, {"time": 2309, "annotation": {"number": 64, "value": 127}, "group": "control_change"}, {"time": 2380, "annotation": {"number": 64, "value": 74}, "group": "control_change"}, {"time": 2380, "annotation": {"number": 64, "value": 0}, "group": "control_change"}, {"time": 2381, "annotation": {"number": 64, "value": 74}, "group": "control_change"}, {"time": 2381, "annotation": {"number": 64, "value": 127}, "group": "control_change"}, {"time": 2405, "annotation": {"number": 64, "value": 38}, "group": "control_change"}, {"time": 2405, "annotation": {"number": 64, "value": 0}, "group": "control_change"}, {"time": 2406, "annotation": {"number": 64, "value": 127}, "group": "control_change"}, {"time": 2406, "annotation": {"number": 64, "value": 38}, "group": "control_change"}, {"time": 2428, "annotation": {"number": 64, "value": 0}, "group": "control_change"}, {"time": 2430, "annotation": {"number": 64, "value": 74}, "group": "control_change"}, {"time": 2430, "annotation": {"number": 64, "value": 127}, "group": "control_change"}, {"time": 2434, "annotation": {"number": 64, "value": 127}, "group": "control_change"}, {"time": 2447, "annotation": {"number": 64, "value": 74}, "group": "control_change"}, {"time": 2447, "annotation": {"number": 64, "value": 38}, "group": "control_change"}, {"time": 2447, "annotation": {"number": 64, "value": 0}, "group": "control_change"}, {"time": 2450, "annotation": {"number": 64, "value": 127}, "group": "control_change"}, {"time": 2516, "annotation": {"number": 64, "value": 0}, "group": "control_change"}]}]}