{"metadata": {"schema_version": "0.2", "title": "None", "source_filename": "297.mid", "source_format": "midi"}, "resolution": 12, "tempos": [{"time": 0, "qpm": 68.0000725334107}], "time_signatures": [{"time": 0, "numerator": 4, "denominator": 4}], "tracks": [{"program": 0, "is_drum": false, "name": "MELODY", "notes": [{"time": 278, "pitch": 79, "duration": 12, "velocity": 113}, {"time": 296, "pitch": 81, "duration": 4, "velocity": 110}, {"time": 299, "pitch": 79, "duration": 3, "velocity": 92}, {"time": 302, "pitch": 77, "duration": 12, "velocity": 113}, {"time": 314, "pitch": 74, "duration": 6, "velocity": 110}, {"time": 320, "pitch": 77, "duration": 5, "velocity": 93}, {"time": 326, "pitch": 72, "duration": 10, "velocity": 100}, {"time": 338, "pitch": 69, "duration": 5, "velocity": 104}, {"time": 344, "pitch": 72, "duration": 4, "velocity": 94}, {"time": 350, "pitch": 77, "duration": 4, "velocity": 102}, {"time": 374, "pitch": 74, "duration": 16, "velocity": 113}, {"time": 392, "pitch": 77, "duration": 5, "velocity": 110}, {"time": 398, "pitch": 84, "duration": 7, "velocity": 114}, {"time": 404, "pitch": 86, "duration": 8, "velocity": 104}, {"time": 416, "pitch": 81, "duration": 6, "velocity": 117}, {"time": 422, "pitch": 79, "duration": 6, "velocity": 113}, {"time": 470, "pitch": 81, "duration": 11, "velocity": 119}, {"time": 482, "pitch": 79, "duration": 4, "velocity": 116}, {"time": 488, "pitch": 81, "duration": 4, "velocity": 113}, {"time": 494, "pitch": 84, "duration": 9, "velocity": 114}, {"time": 506, "pitch": 81, "duration": 4, "velocity": 110}, {"time": 518, "pitch": 72, "duration": 5, "velocity": 108}, {"time": 524, "pitch": 69, "duration": 6, "velocity": 102}, {"time": 530, "pitch": 72, "duration": 5, "velocity": 100}, {"time": 536, "pitch": 74, "duration": 5, "velocity": 110}, {"time": 542, "pitch": 77, "duration": 5, "velocity": 108}, {"time": 566, "pitch": 74, "duration": 10, "velocity": 113}, {"time": 584, "pitch": 77, "duration": 4, "velocity": 104}, {"time": 590, "pitch": 74, "duration": 5, "velocity": 110}, {"time": 596, "pitch": 72, "duration": 9, "velocity": 107}, {"time": 608, "pitch": 69, "duration": 4, "velocity": 107}, {"time": 614, "pitch": 72, "duration": 5, "velocity": 107}, {"time": 662, "pitch": 79, "duration": 12, "velocity": 113}, {"time": 680, "pitch": 81, "duration": 4, "velocity": 110}, {"time": 683, "pitch": 79, "duration": 3, "velocity": 92}, {"time": 686, "pitch": 77, "duration": 12, "velocity": 113}, {"time": 698, "pitch": 74, "duration": 6, "velocity": 110}, {"time": 704, "pitch": 77, "duration": 5, "velocity": 93}, {"time": 710, "pitch": 72, "duration": 10, "velocity": 100}, {"time": 722, "pitch": 69, "duration": 5, "velocity": 104}, {"time": 728, "pitch": 72, "duration": 4, "velocity": 94}, {"time": 734, "pitch": 77, "duration": 4, "velocity": 102}, {"time": 758, "pitch": 74, "duration": 16, "velocity": 113}, {"time": 776, "pitch": 77, "duration": 5, "velocity": 110}, {"time": 782, "pitch": 84, "duration": 7, "velocity": 114}, {"time": 788, "pitch": 86, "duration": 8, "velocity": 104}, {"time": 800, "pitch": 81, "duration": 6, "velocity": 117}, {"time": 806, "pitch": 79, "duration": 6, "velocity": 113}, {"time": 854, "pitch": 81, "duration": 11, "velocity": 119}, {"time": 866, "pitch": 79, "duration": 4, "velocity": 116}, {"time": 872, "pitch": 81, "duration": 4, "velocity": 113}, {"time": 878, "pitch": 84, "duration": 9, "velocity": 114}, {"time": 890, "pitch": 81, "duration": 4, "velocity": 110}, {"time": 902, "pitch": 72, "duration": 5, "velocity": 108}, {"time": 908, "pitch": 69, "duration": 6, "velocity": 102}, {"time": 914, "pitch": 72, "duration": 5, "velocity": 100}, {"time": 920, "pitch": 74, "duration": 5, "velocity": 110}, {"time": 926, "pitch": 77, "duration": 5, "velocity": 108}, {"time": 950, "pitch": 74, "duration": 10, "velocity": 113}, {"time": 968, "pitch": 77, "duration": 4, "velocity": 104}, {"time": 974, "pitch": 74, "duration": 5, "velocity": 110}, {"time": 980, "pitch": 72, "duration": 9, "velocity": 107}, {"time": 992, "pitch": 69, "duration": 4, "velocity": 107}, {"time": 998, "pitch": 72, "duration": 5, "velocity": 107}, {"time": 1046, "pitch": 79, "duration": 9, "velocity": 116}, {"time": 1058, "pitch": 79, "duration": 4, "velocity": 117}, {"time": 1064, "pitch": 81, "duration": 4, "velocity": 114}, {"time": 1070, "pitch": 84, "duration": 10, "velocity": 117}, {"time": 1082, "pitch": 86, "duration": 6, "velocity": 116}, {"time": 1088, "pitch": 84, "duration": 5, "velocity": 110}, {"time": 1094, "pitch": 82, "duration": 9, "velocity": 119}, {"time": 1112, "pitch": 84, "duration": 4, "velocity": 117}, {"time": 1118, "pitch": 84, "duration": 5, "velocity": 120}, {"time": 1142, "pitch": 84, "duration": 5, "velocity": 117}, {"time": 1148, "pitch": 86, "duration": 4, "velocity": 102}, {"time": 1154, "pitch": 84, "duration": 5, "velocity": 113}, {"time": 1160, "pitch": 81, "duration": 6, "velocity": 116}, {"time": 1166, "pitch": 79, "duration": 5, "velocity": 117}, {"time": 1172, "pitch": 81, "duration": 5, "velocity": 104}, {"time": 1178, "pitch": 77, "duration": 6, "velocity": 108}, {"time": 1184, "pitch": 74, "duration": 4, "velocity": 100}, {"time": 1190, "pitch": 79, "duration": 5, "velocity": 114}, {"time": 1238, "pitch": 81, "duration": 10, "velocity": 114}, {"time": 1250, "pitch": 79, "duration": 4, "velocity": 110}, {"time": 1256, "pitch": 81, "duration": 3, "velocity": 117}, {"time": 1262, "pitch": 84, "duration": 4, "velocity": 114}, {"time": 1274, "pitch": 81, "duration": 5, "velocity": 113}, {"time": 1286, "pitch": 72, "duration": 6, "velocity": 113}, {"time": 1292, "pitch": 69, "duration": 5, "velocity": 107}, {"time": 1298, "pitch": 72, "duration": 5, "velocity": 113}, {"time": 1304, "pitch": 74, "duration": 6, "velocity": 113}, {"time": 1310, "pitch": 77, "duration": 6, "velocity": 116}, {"time": 1334, "pitch": 74, "duration": 6, "velocity": 117}, {"time": 1352, "pitch": 77, "duration": 3, "velocity": 117}, {"time": 1358, "pitch": 79, "duration": 4, "velocity": 119}, {"time": 1364, "pitch": 74, "duration": 3, "velocity": 96}, {"time": 1370, "pitch": 77, "duration": 3, "velocity": 104}, {"time": 1376, "pitch": 81, "duration": 4, "velocity": 108}, {"time": 1382, "pitch": 79, "duration": 4, "velocity": 116}, {"time": 1430, "pitch": 79, "duration": 9, "velocity": 116}, {"time": 1442, "pitch": 79, "duration": 4, "velocity": 117}, {"time": 1448, "pitch": 81, "duration": 4, "velocity": 114}, {"time": 1454, "pitch": 84, "duration": 10, "velocity": 117}, {"time": 1466, "pitch": 86, "duration": 6, "velocity": 116}, {"time": 1472, "pitch": 84, "duration": 5, "velocity": 110}, {"time": 1478, "pitch": 82, "duration": 9, "velocity": 119}, {"time": 1496, "pitch": 84, "duration": 4, "velocity": 117}, {"time": 1502, "pitch": 84, "duration": 5, "velocity": 120}, {"time": 1526, "pitch": 84, "duration": 5, "velocity": 117}, {"time": 1532, "pitch": 86, "duration": 4, "velocity": 102}, {"time": 1538, "pitch": 84, "duration": 5, "velocity": 113}, {"time": 1544, "pitch": 81, "duration": 6, "velocity": 116}, {"time": 1550, "pitch": 79, "duration": 5, "velocity": 117}, {"time": 1556, "pitch": 81, "duration": 5, "velocity": 104}, {"time": 1562, "pitch": 77, "duration": 6, "velocity": 108}, {"time": 1568, "pitch": 74, "duration": 4, "velocity": 100}, {"time": 1574, "pitch": 79, "duration": 5, "velocity": 114}, {"time": 1622, "pitch": 81, "duration": 10, "velocity": 114}, {"time": 1634, "pitch": 79, "duration": 4, "velocity": 110}, {"time": 1640, "pitch": 81, "duration": 3, "velocity": 117}, {"time": 1646, "pitch": 84, "duration": 4, "velocity": 114}, {"time": 1658, "pitch": 81, "duration": 5, "velocity": 113}, {"time": 1670, "pitch": 72, "duration": 6, "velocity": 113}, {"time": 1676, "pitch": 69, "duration": 5, "velocity": 107}, {"time": 1682, "pitch": 72, "duration": 5, "velocity": 113}, {"time": 1688, "pitch": 74, "duration": 6, "velocity": 113}, {"time": 1694, "pitch": 77, "duration": 6, "velocity": 116}, {"time": 1718, "pitch": 74, "duration": 6, "velocity": 117}, {"time": 1736, "pitch": 77, "duration": 3, "velocity": 117}, {"time": 1742, "pitch": 79, "duration": 4, "velocity": 119}, {"time": 1748, "pitch": 74, "duration": 3, "velocity": 96}, {"time": 1754, "pitch": 77, "duration": 3, "velocity": 104}, {"time": 1760, "pitch": 81, "duration": 4, "velocity": 108}, {"time": 1766, "pitch": 79, "duration": 4, "velocity": 116}, {"time": 2198, "pitch": 79, "duration": 12, "velocity": 113}, {"time": 2216, "pitch": 81, "duration": 4, "velocity": 110}, {"time": 2219, "pitch": 79, "duration": 3, "velocity": 92}, {"time": 2222, "pitch": 77, "duration": 12, "velocity": 113}, {"time": 2234, "pitch": 74, "duration": 6, "velocity": 110}, {"time": 2240, "pitch": 77, "duration": 5, "velocity": 93}, {"time": 2246, "pitch": 72, "duration": 10, "velocity": 100}, {"time": 2258, "pitch": 69, "duration": 5, "velocity": 104}, {"time": 2264, "pitch": 72, "duration": 4, "velocity": 94}, {"time": 2270, "pitch": 77, "duration": 4, "velocity": 102}, {"time": 2294, "pitch": 74, "duration": 16, "velocity": 113}, {"time": 2312, "pitch": 77, "duration": 5, "velocity": 110}, {"time": 2318, "pitch": 84, "duration": 7, "velocity": 114}, {"time": 2324, "pitch": 86, "duration": 8, "velocity": 104}, {"time": 2336, "pitch": 81, "duration": 6, "velocity": 117}, {"time": 2342, "pitch": 79, "duration": 6, "velocity": 113}, {"time": 2390, "pitch": 81, "duration": 11, "velocity": 119}, {"time": 2402, "pitch": 79, "duration": 4, "velocity": 116}, {"time": 2408, "pitch": 81, "duration": 4, "velocity": 113}, {"time": 2414, "pitch": 84, "duration": 9, "velocity": 114}, {"time": 2426, "pitch": 81, "duration": 4, "velocity": 110}, {"time": 2438, "pitch": 72, "duration": 5, "velocity": 108}, {"time": 2444, "pitch": 69, "duration": 6, "velocity": 102}, {"time": 2450, "pitch": 72, "duration": 5, "velocity": 100}, {"time": 2456, "pitch": 74, "duration": 5, "velocity": 110}, {"time": 2462, "pitch": 77, "duration": 5, "velocity": 108}, {"time": 2486, "pitch": 74, "duration": 10, "velocity": 113}, {"time": 2504, "pitch": 77, "duration": 4, "velocity": 104}, {"time": 2510, "pitch": 74, "duration": 5, "velocity": 110}, {"time": 2516, "pitch": 72, "duration": 9, "velocity": 107}, {"time": 2528, "pitch": 69, "duration": 4, "velocity": 107}, {"time": 2534, "pitch": 72, "duration": 5, "velocity": 107}, {"time": 2582, "pitch": 79, "duration": 9, "velocity": 116}, {"time": 2594, "pitch": 79, "duration": 4, "velocity": 117}, {"time": 2600, "pitch": 81, "duration": 4, "velocity": 114}, {"time": 2606, "pitch": 84, "duration": 10, "velocity": 117}, {"time": 2618, "pitch": 86, "duration": 6, "velocity": 116}, {"time": 2624, "pitch": 84, "duration": 5, "velocity": 110}, {"time": 2630, "pitch": 82, "duration": 9, "velocity": 119}, {"time": 2648, "pitch": 84, "duration": 4, "velocity": 117}, {"time": 2654, "pitch": 84, "duration": 5, "velocity": 120}, {"time": 2678, "pitch": 84, "duration": 5, "velocity": 117}, {"time": 2684, "pitch": 86, "duration": 4, "velocity": 102}, {"time": 2690, "pitch": 84, "duration": 5, "velocity": 113}, {"time": 2696, "pitch": 81, "duration": 6, "velocity": 116}, {"time": 2702, "pitch": 79, "duration": 5, "velocity": 117}, {"time": 2708, "pitch": 81, "duration": 5, "velocity": 104}, {"time": 2714, "pitch": 77, "duration": 6, "velocity": 108}, {"time": 2720, "pitch": 74, "duration": 4, "velocity": 100}, {"time": 2726, "pitch": 79, "duration": 5, "velocity": 114}, {"time": 2774, "pitch": 81, "duration": 10, "velocity": 114}, {"time": 2786, "pitch": 79, "duration": 4, "velocity": 110}, {"time": 2792, "pitch": 81, "duration": 3, "velocity": 117}, {"time": 2798, "pitch": 84, "duration": 4, "velocity": 114}, {"time": 2810, "pitch": 81, "duration": 5, "velocity": 113}, {"time": 2822, "pitch": 72, "duration": 6, "velocity": 113}, {"time": 2828, "pitch": 69, "duration": 5, "velocity": 107}, {"time": 2834, "pitch": 72, "duration": 5, "velocity": 113}, {"time": 2840, "pitch": 74, "duration": 6, "velocity": 113}, {"time": 2846, "pitch": 77, "duration": 6, "velocity": 116}, {"time": 2870, "pitch": 74, "duration": 6, "velocity": 117}, {"time": 2888, "pitch": 77, "duration": 3, "velocity": 117}, {"time": 2894, "pitch": 79, "duration": 4, "velocity": 119}, {"time": 2900, "pitch": 74, "duration": 3, "velocity": 96}, {"time": 2906, "pitch": 77, "duration": 3, "velocity": 104}, {"time": 2912, "pitch": 81, "duration": 4, "velocity": 108}, {"time": 2918, "pitch": 79, "duration": 4, "velocity": 116}, {"time": 2966, "pitch": 79, "duration": 9, "velocity": 116}, {"time": 2978, "pitch": 79, "duration": 4, "velocity": 117}, {"time": 2984, "pitch": 81, "duration": 4, "velocity": 114}, {"time": 2990, "pitch": 84, "duration": 10, "velocity": 117}, {"time": 3002, "pitch": 86, "duration": 6, "velocity": 116}, {"time": 3008, "pitch": 84, "duration": 5, "velocity": 110}, {"time": 3014, "pitch": 82, "duration": 9, "velocity": 119}, {"time": 3032, "pitch": 84, "duration": 4, "velocity": 117}, {"time": 3038, "pitch": 84, "duration": 5, "velocity": 120}, {"time": 3062, "pitch": 84, "duration": 5, "velocity": 117}, {"time": 3068, "pitch": 86, "duration": 4, "velocity": 102}, {"time": 3074, "pitch": 84, "duration": 5, "velocity": 113}, {"time": 3080, "pitch": 81, "duration": 6, "velocity": 116}, {"time": 3086, "pitch": 79, "duration": 5, "velocity": 117}, {"time": 3092, "pitch": 81, "duration": 5, "velocity": 104}, {"time": 3098, "pitch": 77, "duration": 6, "velocity": 108}, {"time": 3104, "pitch": 74, "duration": 4, "velocity": 100}, {"time": 3110, "pitch": 79, "duration": 5, "velocity": 114}, {"time": 3158, "pitch": 81, "duration": 10, "velocity": 114}, {"time": 3170, "pitch": 79, "duration": 4, "velocity": 110}, {"time": 3176, "pitch": 81, "duration": 3, "velocity": 117}, {"time": 3182, "pitch": 84, "duration": 4, "velocity": 114}, {"time": 3194, "pitch": 81, "duration": 5, "velocity": 113}, {"time": 3206, "pitch": 72, "duration": 6, "velocity": 113}, {"time": 3212, "pitch": 69, "duration": 5, "velocity": 107}, {"time": 3218, "pitch": 72, "duration": 5, "velocity": 113}, {"time": 3224, "pitch": 74, "duration": 6, "velocity": 113}, {"time": 3230, "pitch": 77, "duration": 6, "velocity": 116}, {"time": 3254, "pitch": 74, "duration": 6, "velocity": 117}, {"time": 3272, "pitch": 77, "duration": 3, "velocity": 117}, {"time": 3278, "pitch": 79, "duration": 4, "velocity": 119}, {"time": 3284, "pitch": 74, "duration": 3, "velocity": 96}, {"time": 3290, "pitch": 77, "duration": 3, "velocity": 104}, {"time": 3296, "pitch": 81, "duration": 4, "velocity": 108}, {"time": 3326, "pitch": 79, "duration": 4, "velocity": 116}]}, {"program": 0, "is_drum": false, "name": "BRIDGE", "notes": [{"time": 68, "pitch": 79, "duration": 4, "velocity": 114}, {"time": 74, "pitch": 74, "duration": 5, "velocity": 107}, {"time": 80, "pitch": 77, "duration": 4, "velocity": 108}, {"time": 86, "pitch": 72, "duration": 21, "velocity": 114}, {"time": 116, "pitch": 74, "duration": 5, "velocity": 116}, {"time": 122, "pitch": 69, "duration": 5, "velocity": 113}, {"time": 128, "pitch": 72, "duration": 5, "velocity": 116}, {"time": 134, "pitch": 67, "duration": 6, "velocity": 114}, {"time": 164, "pitch": 69, "duration": 4, "velocity": 107}, {"time": 170, "pitch": 62, "duration": 5, "velocity": 102}, {"time": 176, "pitch": 65, "duration": 4, "velocity": 102}, {"time": 182, "pitch": 60, "duration": 5, "velocity": 89}, {"time": 218, "pitch": 55, "duration": 6, "velocity": 88}, {"time": 224, "pitch": 57, "duration": 5, "velocity": 88}, {"time": 230, "pitch": 60, "duration": 5, "velocity": 87}, {"time": 1004, "pitch": 67, "duration": 6, "velocity": 104}, {"time": 1010, "pitch": 69, "duration": 7, "velocity": 102}, {"time": 1016, "pitch": 72, "duration": 5, "velocity": 107}, {"time": 1022, "pitch": 74, "duration": 5, "velocity": 110}, {"time": 1028, "pitch": 72, "duration": 6, "velocity": 108}, {"time": 1034, "pitch": 74, "duration": 6, "velocity": 104}, {"time": 1040, "pitch": 77, "duration": 5, "velocity": 110}, {"time": 1046, "pitch": 79, "duration": 17, "velocity": 108}, {"time": 1118, "pitch": 84, "duration": 5, "velocity": 100}, {"time": 1124, "pitch": 79, "duration": 4, "velocity": 104}, {"time": 1130, "pitch": 79, "duration": 5, "velocity": 108}, {"time": 1136, "pitch": 81, "duration": 5, "velocity": 100}, {"time": 1142, "pitch": 84, "duration": 11, "velocity": 107}, {"time": 1220, "pitch": 77, "duration": 6, "velocity": 104}, {"time": 1226, "pitch": 79, "duration": 6, "velocity": 102}, {"time": 1232, "pitch": 81, "duration": 5, "velocity": 100}, {"time": 1238, "pitch": 84, "duration": 6, "velocity": 104}, {"time": 1274, "pitch": 81, "duration": 5, "velocity": 117}, {"time": 1280, "pitch": 84, "duration": 5, "velocity": 113}, {"time": 1286, "pitch": 88, "duration": 20, "velocity": 117}, {"time": 1310, "pitch": 86, "duration": 11, "velocity": 116}, {"time": 1322, "pitch": 89, "duration": 11, "velocity": 113}, {"time": 1334, "pitch": 93, "duration": 14, "velocity": 114}, {"time": 1382, "pitch": 91, "duration": 5, "velocity": 114}, {"time": 1406, "pitch": 74, "duration": 3, "velocity": 110}, {"time": 1409, "pitch": 72, "duration": 3, "velocity": 91}, {"time": 1412, "pitch": 74, "duration": 3, "velocity": 98}, {"time": 1415, "pitch": 77, "duration": 3, "velocity": 90}, {"time": 1418, "pitch": 79, "duration": 2, "velocity": 107}, {"time": 1421, "pitch": 77, "duration": 3, "velocity": 93}, {"time": 1424, "pitch": 79, "duration": 2, "velocity": 102}, {"time": 1427, "pitch": 84, "duration": 2, "velocity": 94}, {"time": 1430, "pitch": 81, "duration": 6, "velocity": 98}, {"time": 1478, "pitch": 82, "duration": 22, "velocity": 119}, {"time": 1502, "pitch": 84, "duration": 6, "velocity": 116}, {"time": 1508, "pitch": 79, "duration": 4, "velocity": 108}, {"time": 1514, "pitch": 79, "duration": 4, "velocity": 113}, {"time": 1520, "pitch": 81, "duration": 5, "velocity": 107}, {"time": 1526, "pitch": 84, "duration": 11, "velocity": 116}, {"time": 1550, "pitch": 77, "duration": 15, "velocity": 86}, {"time": 1568, "pitch": 81, "duration": 6, "velocity": 104}, {"time": 1574, "pitch": 79, "duration": 4, "velocity": 100}, {"time": 1604, "pitch": 77, "duration": 6, "velocity": 93}, {"time": 1610, "pitch": 79, "duration": 5, "velocity": 96}, {"time": 1616, "pitch": 81, "duration": 5, "velocity": 104}, {"time": 1622, "pitch": 84, "duration": 6, "velocity": 107}, {"time": 1658, "pitch": 81, "duration": 5, "velocity": 104}, {"time": 1664, "pitch": 84, "duration": 5, "velocity": 107}, {"time": 1670, "pitch": 88, "duration": 29, "velocity": 110}, {"time": 1700, "pitch": 86, "duration": 7, "velocity": 91}, {"time": 1706, "pitch": 89, "duration": 12, "velocity": 107}, {"time": 1718, "pitch": 93, "duration": 7, "velocity": 114}, {"time": 1814, "pitch": 79, "duration": 15, "velocity": 123}, {"time": 1832, "pitch": 81, "duration": 4, "velocity": 117}, {"time": 1838, "pitch": 84, "duration": 11, "velocity": 116}, {"time": 1850, "pitch": 86, "duration": 4, "velocity": 110}, {"time": 1856, "pitch": 84, "duration": 5, "velocity": 107}, {"time": 1862, "pitch": 82, "duration": 9, "velocity": 116}, {"time": 1886, "pitch": 84, "duration": 7, "velocity": 116}, {"time": 1910, "pitch": 86, "duration": 11, "velocity": 119}, {"time": 1922, "pitch": 84, "duration": 5, "velocity": 116}, {"time": 1928, "pitch": 81, "duration": 5, "velocity": 108}, {"time": 1934, "pitch": 79, "duration": 5, "velocity": 116}, {"time": 1940, "pitch": 81, "duration": 4, "velocity": 117}, {"time": 1946, "pitch": 77, "duration": 4, "velocity": 114}, {"time": 1952, "pitch": 74, "duration": 2, "velocity": 116}, {"time": 1955, "pitch": 77, "duration": 1, "velocity": 114}, {"time": 1958, "pitch": 79, "duration": 4, "velocity": 119}, {"time": 2006, "pitch": 81, "duration": 8, "velocity": 113}, {"time": 2018, "pitch": 79, "duration": 4, "velocity": 114}, {"time": 2024, "pitch": 81, "duration": 3, "velocity": 116}, {"time": 2030, "pitch": 84, "duration": 3, "velocity": 116}, {"time": 2042, "pitch": 76, "duration": 10, "velocity": 113}, {"time": 2054, "pitch": 72, "duration": 6, "velocity": 113}, {"time": 2060, "pitch": 69, "duration": 4, "velocity": 102}, {"time": 2066, "pitch": 72, "duration": 5, "velocity": 94}, {"time": 2072, "pitch": 74, "duration": 5, "velocity": 107}, {"time": 2078, "pitch": 77, "duration": 5, "velocity": 107}, {"time": 2102, "pitch": 74, "duration": 6, "velocity": 113}, {"time": 2120, "pitch": 77, "duration": 3, "velocity": 114}, {"time": 2126, "pitch": 74, "duration": 4, "velocity": 117}, {"time": 2138, "pitch": 67, "duration": 6, "velocity": 100}, {"time": 2144, "pitch": 69, "duration": 5, "velocity": 100}, {"time": 2150, "pitch": 72, "duration": 5, "velocity": 107}, {"time": 2492, "pitch": 67, "duration": 6, "velocity": 104}, {"time": 2498, "pitch": 69, "duration": 7, "velocity": 102}, {"time": 2504, "pitch": 72, "duration": 5, "velocity": 107}, {"time": 2510, "pitch": 74, "duration": 5, "velocity": 110}, {"time": 2516, "pitch": 72, "duration": 6, "velocity": 108}, {"time": 2522, "pitch": 74, "duration": 6, "velocity": 104}, {"time": 2528, "pitch": 77, "duration": 5, "velocity": 110}, {"time": 2534, "pitch": 79, "duration": 17, "velocity": 108}, {"time": 2606, "pitch": 84, "duration": 5, "velocity": 100}, {"time": 2612, "pitch": 79, "duration": 4, "velocity": 104}, {"time": 2618, "pitch": 79, "duration": 5, "velocity": 108}, {"time": 2624, "pitch": 81, "duration": 5, "velocity": 100}, {"time": 2630, "pitch": 84, "duration": 11, "velocity": 107}, {"time": 2708, "pitch": 77, "duration": 6, "velocity": 104}, {"time": 2714, "pitch": 79, "duration": 6, "velocity": 102}, {"time": 2720, "pitch": 81, "duration": 5, "velocity": 100}, {"time": 2726, "pitch": 84, "duration": 6, "velocity": 104}, {"time": 2762, "pitch": 81, "duration": 5, "velocity": 117}, {"time": 2768, "pitch": 84, "duration": 5, "velocity": 113}, {"time": 2774, "pitch": 88, "duration": 20, "velocity": 117}, {"time": 2798, "pitch": 86, "duration": 11, "velocity": 116}, {"time": 2810, "pitch": 89, "duration": 11, "velocity": 113}, {"time": 2822, "pitch": 93, "duration": 14, "velocity": 114}, {"time": 2870, "pitch": 91, "duration": 5, "velocity": 114}, {"time": 2894, "pitch": 74, "duration": 3, "velocity": 110}, {"time": 2897, "pitch": 72, "duration": 3, "velocity": 91}, {"time": 2900, "pitch": 74, "duration": 3, "velocity": 98}, {"time": 2903, "pitch": 77, "duration": 3, "velocity": 90}, {"time": 2906, "pitch": 79, "duration": 2, "velocity": 107}, {"time": 2909, "pitch": 77, "duration": 3, "velocity": 93}, {"time": 2912, "pitch": 79, "duration": 2, "velocity": 102}, {"time": 2915, "pitch": 84, "duration": 2, "velocity": 94}, {"time": 2918, "pitch": 81, "duration": 6, "velocity": 98}, {"time": 2966, "pitch": 82, "duration": 22, "velocity": 119}, {"time": 2990, "pitch": 84, "duration": 6, "velocity": 116}, {"time": 2996, "pitch": 79, "duration": 4, "velocity": 108}, {"time": 3002, "pitch": 79, "duration": 4, "velocity": 113}, {"time": 3008, "pitch": 81, "duration": 5, "velocity": 107}, {"time": 3014, "pitch": 84, "duration": 11, "velocity": 116}, {"time": 3038, "pitch": 77, "duration": 15, "velocity": 86}, {"time": 3056, "pitch": 81, "duration": 6, "velocity": 104}, {"time": 3062, "pitch": 79, "duration": 4, "velocity": 100}, {"time": 3092, "pitch": 77, "duration": 6, "velocity": 93}, {"time": 3098, "pitch": 79, "duration": 5, "velocity": 96}, {"time": 3104, "pitch": 81, "duration": 5, "velocity": 104}, {"time": 3110, "pitch": 84, "duration": 6, "velocity": 107}, {"time": 3146, "pitch": 81, "duration": 5, "velocity": 104}, {"time": 3152, "pitch": 84, "duration": 5, "velocity": 107}, {"time": 3158, "pitch": 88, "duration": 29, "velocity": 110}, {"time": 3188, "pitch": 86, "duration": 7, "velocity": 91}, {"time": 3194, "pitch": 89, "duration": 12, "velocity": 107}, {"time": 3206, "pitch": 93, "duration": 7, "velocity": 114}, {"time": 3338, "pitch": 62, "duration": 6, "velocity": 97}, {"time": 3338, "pitch": 74, "duration": 6, "velocity": 97}, {"time": 3344, "pitch": 65, "duration": 6, "velocity": 97}, {"time": 3344, "pitch": 77, "duration": 6, "velocity": 97}, {"time": 3350, "pitch": 67, "duration": 6, "velocity": 97}, {"time": 3350, "pitch": 79, "duration": 6, "velocity": 97}, {"time": 3356, "pitch": 65, "duration": 6, "velocity": 97}, {"time": 3356, "pitch": 77, "duration": 6, "velocity": 97}, {"time": 3362, "pitch": 74, "duration": 6, "velocity": 97}, {"time": 3362, "pitch": 86, "duration": 6, "velocity": 97}, {"time": 3368, "pitch": 72, "duration": 6, "velocity": 97}, {"time": 3368, "pitch": 84, "duration": 6, "velocity": 97}, {"time": 3377, "pitch": 67, "duration": 40, "velocity": 97}, {"time": 3377, "pitch": 79, "duration": 40, "velocity": 97}]}, {"program": 0, "is_drum": false, "name": "PIANO", "notes": [{"time": 86, "pitch": 53, "duration": 42, "velocity": 76}, {"time": 86, "pitch": 65, "duration": 43, "velocity": 73}, {"time": 86, "pitch": 69, "duration": 42, "velocity": 74}, {"time": 86, "pitch": 72, "duration": 41, "velocity": 81}, {"time": 134, "pitch": 55, "duration": 41, "velocity": 81}, {"time": 134, "pitch": 58, "duration": 38, "velocity": 82}, {"time": 134, "pitch": 62, "duration": 38, "velocity": 86}, {"time": 134, "pitch": 67, "duration": 38, "velocity": 84}, {"time": 182, "pitch": 48, "duration": 44, "velocity": 75}, {"time": 182, "pitch": 60, "duration": 44, "velocity": 81}, {"time": 182, "pitch": 64, "duration": 43, "velocity": 86}, {"time": 182, "pitch": 67, "duration": 43, "velocity": 85}, {"time": 230, "pitch": 48, "duration": 42, "velocity": 82}, {"time": 230, "pitch": 60, "duration": 42, "velocity": 84}, {"time": 230, "pitch": 64, "duration": 41, "velocity": 87}, {"time": 230, "pitch": 67, "duration": 41, "velocity": 87}, {"time": 278, "pitch": 43, "duration": 15, "velocity": 77}, {"time": 278, "pitch": 55, "duration": 40, "velocity": 79}, {"time": 278, "pitch": 62, "duration": 7, "velocity": 83}, {"time": 278, "pitch": 67, "duration": 8, "velocity": 83}, {"time": 278, "pitch": 70, "duration": 7, "velocity": 80}, {"time": 290, "pitch": 62, "duration": 6, "velocity": 83}, {"time": 290, "pitch": 67, "duration": 6, "velocity": 83}, {"time": 290, "pitch": 70, "duration": 6, "velocity": 75}, {"time": 296, "pitch": 43, "duration": 4, "velocity": 97}, {"time": 302, "pitch": 43, "duration": 19, "velocity": 97}, {"time": 302, "pitch": 62, "duration": 7, "velocity": 76}, {"time": 302, "pitch": 67, "duration": 7, "velocity": 81}, {"time": 302, "pitch": 70, "duration": 6, "velocity": 76}, {"time": 314, "pitch": 62, "duration": 5, "velocity": 87}, {"time": 314, "pitch": 67, "duration": 5, "velocity": 92}, {"time": 314, "pitch": 70, "duration": 5, "velocity": 85}, {"time": 326, "pitch": 45, "duration": 15, "velocity": 72}, {"time": 326, "pitch": 57, "duration": 16, "velocity": 71}, {"time": 326, "pitch": 60, "duration": 7, "velocity": 82}, {"time": 326, "pitch": 64, "duration": 7, "velocity": 86}, {"time": 326, "pitch": 69, "duration": 6, "velocity": 86}, {"time": 338, "pitch": 60, "duration": 7, "velocity": 87}, {"time": 338, "pitch": 64, "duration": 9, "velocity": 91}, {"time": 338, "pitch": 69, "duration": 7, "velocity": 88}, {"time": 344, "pitch": 45, "duration": 4, "velocity": 97}, {"time": 350, "pitch": 50, "duration": 20, "velocity": 80}, {"time": 350, "pitch": 62, "duration": 8, "velocity": 83}, {"time": 350, "pitch": 65, "duration": 8, "velocity": 86}, {"time": 350, "pitch": 69, "duration": 9, "velocity": 87}, {"time": 362, "pitch": 62, "duration": 6, "velocity": 83}, {"time": 362, "pitch": 65, "duration": 6, "velocity": 87}, {"time": 362, "pitch": 69, "duration": 6, "velocity": 86}, {"time": 374, "pitch": 50, "duration": 15, "velocity": 82}, {"time": 374, "pitch": 62, "duration": 8, "velocity": 84}, {"time": 374, "pitch": 65, "duration": 8, "velocity": 86}, {"time": 374, "pitch": 69, "duration": 7, "velocity": 83}, {"time": 386, "pitch": 62, "duration": 8, "velocity": 86}, {"time": 386, "pitch": 65, "duration": 8, "velocity": 85}, {"time": 386, "pitch": 69, "duration": 7, "velocity": 87}, {"time": 392, "pitch": 50, "duration": 4, "velocity": 97}, {"time": 398, "pitch": 50, "duration": 19, "velocity": 97}, {"time": 398, "pitch": 62, "duration": 7, "velocity": 84}, {"time": 398, "pitch": 65, "duration": 7, "velocity": 85}, {"time": 398, "pitch": 69, "duration": 7, "velocity": 85}, {"time": 410, "pitch": 62, "duration": 6, "velocity": 89}, {"time": 410, "pitch": 65, "duration": 5, "velocity": 94}, {"time": 410, "pitch": 69, "duration": 5, "velocity": 91}, {"time": 422, "pitch": 43, "duration": 15, "velocity": 77}, {"time": 422, "pitch": 55, "duration": 44, "velocity": 77}, {"time": 422, "pitch": 58, "duration": 8, "velocity": 84}, {"time": 422, "pitch": 62, "duration": 7, "velocity": 86}, {"time": 422, "pitch": 67, "duration": 6, "velocity": 85}, {"time": 434, "pitch": 58, "duration": 10, "velocity": 80}, {"time": 434, "pitch": 62, "duration": 9, "velocity": 81}, {"time": 434, "pitch": 67, "duration": 8, "velocity": 81}, {"time": 440, "pitch": 43, "duration": 4, "velocity": 97}, {"time": 446, "pitch": 43, "duration": 15, "velocity": 97}, {"time": 446, "pitch": 58, "duration": 8, "velocity": 83}, {"time": 446, "pitch": 62, "duration": 7, "velocity": 85}, {"time": 446, "pitch": 67, "duration": 6, "velocity": 83}, {"time": 458, "pitch": 58, "duration": 5, "velocity": 83}, {"time": 458, "pitch": 62, "duration": 8, "velocity": 85}, {"time": 458, "pitch": 67, "duration": 7, "velocity": 87}, {"time": 470, "pitch": 45, "duration": 13, "velocity": 82}, {"time": 470, "pitch": 57, "duration": 43, "velocity": 81}, {"time": 470, "pitch": 60, "duration": 8, "velocity": 81}, {"time": 470, "pitch": 64, "duration": 8, "velocity": 85}, {"time": 470, "pitch": 69, "duration": 8, "velocity": 87}, {"time": 482, "pitch": 60, "duration": 8, "velocity": 79}, {"time": 482, "pitch": 64, "duration": 8, "velocity": 84}, {"time": 482, "pitch": 69, "duration": 8, "velocity": 85}, {"time": 488, "pitch": 45, "duration": 4, "velocity": 97}, {"time": 494, "pitch": 45, "duration": 21, "velocity": 97}, {"time": 494, "pitch": 60, "duration": 7, "velocity": 80}, {"time": 494, "pitch": 64, "duration": 8, "velocity": 84}, {"time": 494, "pitch": 69, "duration": 7, "velocity": 84}, {"time": 506, "pitch": 60, "duration": 7, "velocity": 82}, {"time": 506, "pitch": 64, "duration": 7, "velocity": 84}, {"time": 506, "pitch": 69, "duration": 7, "velocity": 86}, {"time": 518, "pitch": 48, "duration": 15, "velocity": 76}, {"time": 518, "pitch": 60, "duration": 7, "velocity": 76}, {"time": 518, "pitch": 64, "duration": 7, "velocity": 79}, {"time": 518, "pitch": 67, "duration": 7, "velocity": 77}, {"time": 530, "pitch": 60, "duration": 8, "velocity": 82}, {"time": 530, "pitch": 64, "duration": 12, "velocity": 86}, {"time": 530, "pitch": 67, "duration": 11, "velocity": 83}, {"time": 536, "pitch": 48, "duration": 6, "velocity": 97}, {"time": 542, "pitch": 50, "duration": 19, "velocity": 74}, {"time": 542, "pitch": 62, "duration": 9, "velocity": 86}, {"time": 542, "pitch": 65, "duration": 9, "velocity": 84}, {"time": 542, "pitch": 69, "duration": 8, "velocity": 83}, {"time": 554, "pitch": 62, "duration": 6, "velocity": 84}, {"time": 554, "pitch": 65, "duration": 6, "velocity": 81}, {"time": 554, "pitch": 69, "duration": 6, "velocity": 80}, {"time": 566, "pitch": 43, "duration": 16, "velocity": 75}, {"time": 566, "pitch": 55, "duration": 43, "velocity": 72}, {"time": 566, "pitch": 58, "duration": 8, "velocity": 86}, {"time": 566, "pitch": 62, "duration": 8, "velocity": 85}, {"time": 566, "pitch": 67, "duration": 6, "velocity": 86}, {"time": 578, "pitch": 58, "duration": 6, "velocity": 80}, {"time": 578, "pitch": 62, "duration": 7, "velocity": 81}, {"time": 578, "pitch": 67, "duration": 6, "velocity": 83}, {"time": 584, "pitch": 43, "duration": 4, "velocity": 97}, {"time": 590, "pitch": 43, "duration": 21, "velocity": 97}, {"time": 590, "pitch": 58, "duration": 6, "velocity": 82}, {"time": 590, "pitch": 62, "duration": 6, "velocity": 84}, {"time": 590, "pitch": 67, "duration": 6, "velocity": 84}, {"time": 602, "pitch": 58, "duration": 6, "velocity": 82}, {"time": 602, "pitch": 62, "duration": 9, "velocity": 78}, {"time": 602, "pitch": 67, "duration": 7, "velocity": 87}, {"time": 614, "pitch": 48, "duration": 16, "velocity": 79}, {"time": 614, "pitch": 60, "duration": 9, "velocity": 81}, {"time": 614, "pitch": 64, "duration": 9, "velocity": 86}, {"time": 614, "pitch": 67, "duration": 6, "velocity": 84}, {"time": 626, "pitch": 60, "duration": 9, "velocity": 74}, {"time": 626, "pitch": 64, "duration": 9, "velocity": 76}, {"time": 626, "pitch": 67, "duration": 7, "velocity": 79}, {"time": 632, "pitch": 48, "duration": 4, "velocity": 97}, {"time": 638, "pitch": 48, "duration": 19, "velocity": 97}, {"time": 638, "pitch": 60, "duration": 9, "velocity": 83}, {"time": 638, "pitch": 64, "duration": 9, "velocity": 86}, {"time": 638, "pitch": 67, "duration": 7, "velocity": 83}, {"time": 650, "pitch": 60, "duration": 3, "velocity": 86}, {"time": 650, "pitch": 64, "duration": 4, "velocity": 85}, {"time": 650, "pitch": 67, "duration": 4, "velocity": 87}, {"time": 662, "pitch": 43, "duration": 16, "velocity": 75}, {"time": 662, "pitch": 59, "duration": 20, "velocity": 78}, {"time": 662, "pitch": 67, "duration": 14, "velocity": 84}, {"time": 668, "pitch": 50, "duration": 36, "velocity": 61}, {"time": 674, "pitch": 55, "duration": 36, "velocity": 79}, {"time": 680, "pitch": 43, "duration": 4, "velocity": 97}, {"time": 680, "pitch": 62, "duration": 6, "velocity": 78}, {"time": 686, "pitch": 43, "duration": 21, "velocity": 97}, {"time": 686, "pitch": 67, "duration": 12, "velocity": 87}, {"time": 698, "pitch": 62, "duration": 6, "velocity": 86}, {"time": 704, "pitch": 67, "duration": 6, "velocity": 89}, {"time": 710, "pitch": 45, "duration": 17, "velocity": 73}, {"time": 710, "pitch": 57, "duration": 5, "velocity": 76}, {"time": 710, "pitch": 60, "duration": 11, "velocity": 79}, {"time": 716, "pitch": 52, "duration": 12, "velocity": 71}, {"time": 722, "pitch": 57, "duration": 12, "velocity": 80}, {"time": 728, "pitch": 45, "duration": 6, "velocity": 63}, {"time": 728, "pitch": 60, "duration": 6, "velocity": 80}, {"time": 734, "pitch": 50, "duration": 21, "velocity": 72}, {"time": 734, "pitch": 62, "duration": 6, "velocity": 86}, {"time": 740, "pitch": 57, "duration": 18, "velocity": 67}, {"time": 746, "pitch": 62, "duration": 12, "velocity": 83}, {"time": 752, "pitch": 64, "duration": 6, "velocity": 72}, {"time": 758, "pitch": 50, "duration": 13, "velocity": 80}, {"time": 758, "pitch": 65, "duration": 25, "velocity": 83}, {"time": 764, "pitch": 57, "duration": 30, "velocity": 68}, {"time": 770, "pitch": 74, "duration": 9, "velocity": 93}, {"time": 776, "pitch": 50, "duration": 4, "velocity": 97}, {"time": 776, "pitch": 62, "duration": 18, "velocity": 79}, {"time": 782, "pitch": 50, "duration": 15, "velocity": 97}, {"time": 782, "pitch": 69, "duration": 12, "velocity": 89}, {"time": 794, "pitch": 62, "duration": 8, "velocity": 87}, {"time": 794, "pitch": 65, "duration": 5, "velocity": 87}, {"time": 794, "pitch": 69, "duration": 5, "velocity": 86}, {"time": 806, "pitch": 43, "duration": 15, "velocity": 78}, {"time": 806, "pitch": 59, "duration": 21, "velocity": 76}, {"time": 806, "pitch": 67, "duration": 7, "velocity": 76}, {"time": 806, "pitch": 67, "duration": 7, "velocity": 84}, {"time": 812, "pitch": 50, "duration": 35, "velocity": 70}, {"time": 818, "pitch": 55, "duration": 36, "velocity": 71}, {"time": 824, "pitch": 43, "duration": 4, "velocity": 97}, {"time": 824, "pitch": 62, "duration": 6, "velocity": 80}, {"time": 830, "pitch": 43, "duration": 16, "velocity": 97}, {"time": 830, "pitch": 67, "duration": 12, "velocity": 86}, {"time": 842, "pitch": 62, "duration": 6, "velocity": 83}, {"time": 848, "pitch": 67, "duration": 6, "velocity": 82}, {"time": 854, "pitch": 45, "duration": 17, "velocity": 71}, {"time": 854, "pitch": 60, "duration": 12, "velocity": 81}, {"time": 854, "pitch": 64, "duration": 11, "velocity": 82}, {"time": 860, "pitch": 52, "duration": 12, "velocity": 67}, {"time": 866, "pitch": 57, "duration": 13, "velocity": 82}, {"time": 872, "pitch": 45, "duration": 6, "velocity": 97}, {"time": 872, "pitch": 60, "duration": 12, "velocity": 76}, {"time": 878, "pitch": 48, "duration": 18, "velocity": 77}, {"time": 878, "pitch": 64, "duration": 7, "velocity": 83}, {"time": 878, "pitch": 67, "duration": 6, "velocity": 85}, {"time": 884, "pitch": 55, "duration": 7, "velocity": 65}, {"time": 890, "pitch": 60, "duration": 9, "velocity": 88}, {"time": 896, "pitch": 55, "duration": 6, "velocity": 74}, {"time": 902, "pitch": 50, "duration": 16, "velocity": 77}, {"time": 902, "pitch": 62, "duration": 6, "velocity": 79}, {"time": 902, "pitch": 65, "duration": 12, "velocity": 85}, {"time": 908, "pitch": 57, "duration": 27, "velocity": 67}, {"time": 914, "pitch": 62, "duration": 20, "velocity": 86}, {"time": 920, "pitch": 50, "duration": 6, "velocity": 97}, {"time": 920, "pitch": 74, "duration": 3, "velocity": 65}, {"time": 926, "pitch": 50, "duration": 13, "velocity": 97}, {"time": 926, "pitch": 69, "duration": 9, "velocity": 87}, {"time": 938, "pitch": 62, "duration": 8, "velocity": 83}, {"time": 938, "pitch": 65, "duration": 8, "velocity": 86}, {"time": 938, "pitch": 69, "duration": 8, "velocity": 80}, {"time": 950, "pitch": 43, "duration": 16, "velocity": 78}, {"time": 950, "pitch": 59, "duration": 18, "velocity": 85}, {"time": 950, "pitch": 67, "duration": 13, "velocity": 88}, {"time": 956, "pitch": 50, "duration": 34, "velocity": 64}, {"time": 962, "pitch": 55, "duration": 36, "velocity": 80}, {"time": 968, "pitch": 43, "duration": 6, "velocity": 97}, {"time": 968, "pitch": 67, "duration": 18, "velocity": 91}, {"time": 974, "pitch": 43, "duration": 19, "velocity": 97}, {"time": 974, "pitch": 62, "duration": 8, "velocity": 86}, {"time": 986, "pitch": 59, "duration": 7, "velocity": 82}, {"time": 992, "pitch": 62, "duration": 6, "velocity": 87}, {"time": 998, "pitch": 48, "duration": 16, "velocity": 69}, {"time": 998, "pitch": 60, "duration": 6, "velocity": 84}, {"time": 1004, "pitch": 55, "duration": 38, "velocity": 74}, {"time": 1007, "pitch": 60, "duration": 20, "velocity": 83}, {"time": 1010, "pitch": 65, "duration": 6, "velocity": 87}, {"time": 1016, "pitch": 48, "duration": 4, "velocity": 97}, {"time": 1016, "pitch": 67, "duration": 6, "velocity": 87}, {"time": 1022, "pitch": 48, "duration": 7, "velocity": 97}, {"time": 1022, "pitch": 64, "duration": 12, "velocity": 81}, {"time": 1028, "pitch": 72, "duration": 1, "velocity": 86}, {"time": 1031, "pitch": 76, "duration": 3, "velocity": 90}, {"time": 1034, "pitch": 60, "duration": 6, "velocity": 80}, {"time": 1034, "pitch": 79, "duration": 6, "velocity": 87}, {"time": 1040, "pitch": 43, "duration": 1, "velocity": 97}, {"time": 1040, "pitch": 62, "duration": 4, "velocity": 88}, {"time": 1040, "pitch": 67, "duration": 5, "velocity": 88}, {"time": 1040, "pitch": 84, "duration": 1, "velocity": 86}, {"time": 1043, "pitch": 45, "duration": 3, "velocity": 97}, {"time": 1046, "pitch": 48, "duration": 16, "velocity": 82}, {"time": 1046, "pitch": 60, "duration": 9, "velocity": 84}, {"time": 1046, "pitch": 64, "duration": 9, "velocity": 88}, {"time": 1046, "pitch": 67, "duration": 6, "velocity": 87}, {"time": 1058, "pitch": 60, "duration": 9, "velocity": 86}, {"time": 1058, "pitch": 64, "duration": 9, "velocity": 87}, {"time": 1058, "pitch": 67, "duration": 8, "velocity": 87}, {"time": 1064, "pitch": 48, "duration": 4, "velocity": 97}, {"time": 1070, "pitch": 48, "duration": 15, "velocity": 97}, {"time": 1070, "pitch": 60, "duration": 9, "velocity": 86}, {"time": 1070, "pitch": 64, "duration": 8, "velocity": 88}, {"time": 1070, "pitch": 67, "duration": 9, "velocity": 87}, {"time": 1082, "pitch": 60, "duration": 7, "velocity": 87}, {"time": 1082, "pitch": 64, "duration": 8, "velocity": 93}, {"time": 1082, "pitch": 67, "duration": 7, "velocity": 91}, {"time": 1088, "pitch": 48, "duration": 6, "velocity": 97}, {"time": 1094, "pitch": 43, "duration": 16, "velocity": 83}, {"time": 1094, "pitch": 55, "duration": 19, "velocity": 80}, {"time": 1094, "pitch": 58, "duration": 8, "velocity": 91}, {"time": 1094, "pitch": 62, "duration": 7, "velocity": 91}, {"time": 1094, "pitch": 67, "duration": 6, "velocity": 100}, {"time": 1106, "pitch": 58, "duration": 5, "velocity": 95}, {"time": 1106, "pitch": 62, "duration": 9, "velocity": 108}, {"time": 1106, "pitch": 67, "duration": 5, "velocity": 98}, {"time": 1112, "pitch": 43, "duration": 6, "velocity": 97}, {"time": 1118, "pitch": 48, "duration": 20, "velocity": 86}, {"time": 1118, "pitch": 60, "duration": 9, "velocity": 93}, {"time": 1118, "pitch": 64, "duration": 8, "velocity": 102}, {"time": 1118, "pitch": 67, "duration": 7, "velocity": 94}, {"time": 1130, "pitch": 60, "duration": 8, "velocity": 92}, {"time": 1130, "pitch": 64, "duration": 8, "velocity": 102}, {"time": 1130, "pitch": 67, "duration": 6, "velocity": 91}, {"time": 1142, "pitch": 46, "duration": 16, "velocity": 84}, {"time": 1142, "pitch": 58, "duration": 18, "velocity": 84}, {"time": 1142, "pitch": 62, "duration": 9, "velocity": 87}, {"time": 1142, "pitch": 65, "duration": 9, "velocity": 91}, {"time": 1142, "pitch": 69, "duration": 8, "velocity": 88}, {"time": 1154, "pitch": 62, "duration": 8, "velocity": 90}, {"time": 1154, "pitch": 65, "duration": 10, "velocity": 98}, {"time": 1154, "pitch": 69, "duration": 8, "velocity": 89}, {"time": 1160, "pitch": 46, "duration": 4, "velocity": 97}, {"time": 1166, "pitch": 45, "duration": 13, "velocity": 79}, {"time": 1166, "pitch": 57, "duration": 18, "velocity": 78}, {"time": 1166, "pitch": 60, "duration": 8, "velocity": 88}, {"time": 1166, "pitch": 64, "duration": 8, "velocity": 90}, {"time": 1166, "pitch": 69, "duration": 7, "velocity": 87}, {"time": 1178, "pitch": 60, "duration": 7, "velocity": 88}, {"time": 1178, "pitch": 64, "duration": 6, "velocity": 92}, {"time": 1178, "pitch": 69, "duration": 7, "velocity": 86}, {"time": 1184, "pitch": 45, "duration": 4, "velocity": 97}, {"time": 1190, "pitch": 43, "duration": 15, "velocity": 75}, {"time": 1190, "pitch": 55, "duration": 45, "velocity": 81}, {"time": 1190, "pitch": 58, "duration": 9, "velocity": 83}, {"time": 1190, "pitch": 62, "duration": 8, "velocity": 87}, {"time": 1190, "pitch": 67, "duration": 7, "velocity": 87}, {"time": 1202, "pitch": 58, "duration": 10, "velocity": 83}, {"time": 1202, "pitch": 62, "duration": 8, "velocity": 88}, {"time": 1202, "pitch": 67, "duration": 8, "velocity": 85}, {"time": 1208, "pitch": 43, "duration": 4, "velocity": 97}, {"time": 1214, "pitch": 43, "duration": 18, "velocity": 97}, {"time": 1214, "pitch": 58, "duration": 9, "velocity": 82}, {"time": 1214, "pitch": 62, "duration": 8, "velocity": 89}, {"time": 1214, "pitch": 67, "duration": 7, "velocity": 86}, {"time": 1226, "pitch": 58, "duration": 6, "velocity": 87}, {"time": 1226, "pitch": 62, "duration": 9, "velocity": 94}, {"time": 1226, "pitch": 67, "duration": 7, "velocity": 88}, {"time": 1232, "pitch": 43, "duration": 4, "velocity": 97}, {"time": 1238, "pitch": 45, "duration": 16, "velocity": 78}, {"time": 1238, "pitch": 57, "duration": 43, "velocity": 77}, {"time": 1238, "pitch": 60, "duration": 8, "velocity": 85}, {"time": 1238, "pitch": 64, "duration": 8, "velocity": 86}, {"time": 1238, "pitch": 69, "duration": 8, "velocity": 89}, {"time": 1250, "pitch": 60, "duration": 9, "velocity": 87}, {"time": 1250, "pitch": 64, "duration": 9, "velocity": 89}, {"time": 1250, "pitch": 69, "duration": 8, "velocity": 86}, {"time": 1256, "pitch": 45, "duration": 4, "velocity": 97}, {"time": 1262, "pitch": 45, "duration": 16, "velocity": 97}, {"time": 1262, "pitch": 60, "duration": 8, "velocity": 83}, {"time": 1262, "pitch": 64, "duration": 9, "velocity": 87}, {"time": 1262, "pitch": 69, "duration": 8, "velocity": 87}, {"time": 1274, "pitch": 60, "duration": 7, "velocity": 84}, {"time": 1274, "pitch": 64, "duration": 6, "velocity": 88}, {"time": 1274, "pitch": 69, "duration": 6, "velocity": 87}, {"time": 1280, "pitch": 45, "duration": 6, "velocity": 97}, {"time": 1286, "pitch": 48, "duration": 16, "velocity": 83}, {"time": 1286, "pitch": 60, "duration": 10, "velocity": 84}, {"time": 1286, "pitch": 64, "duration": 9, "velocity": 88}, {"time": 1286, "pitch": 67, "duration": 8, "velocity": 87}, {"time": 1298, "pitch": 60, "duration": 8, "velocity": 87}, {"time": 1298, "pitch": 64, "duration": 10, "velocity": 87}, {"time": 1298, "pitch": 67, "duration": 10, "velocity": 88}, {"time": 1304, "pitch": 48, "duration": 4, "velocity": 97}, {"time": 1310, "pitch": 50, "duration": 16, "velocity": 82}, {"time": 1310, "pitch": 62, "duration": 9, "velocity": 88}, {"time": 1310, "pitch": 65, "duration": 9, "velocity": 89}, {"time": 1310, "pitch": 69, "duration": 8, "velocity": 87}, {"time": 1322, "pitch": 62, "duration": 7, "velocity": 85}, {"time": 1322, "pitch": 65, "duration": 6, "velocity": 88}, {"time": 1322, "pitch": 69, "duration": 6, "velocity": 87}, {"time": 1328, "pitch": 50, "duration": 4, "velocity": 97}, {"time": 1334, "pitch": 50, "duration": 22, "velocity": 82}, {"time": 1334, "pitch": 62, "duration": 10, "velocity": 83}, {"time": 1334, "pitch": 65, "duration": 10, "velocity": 85}, {"time": 1334, "pitch": 69, "duration": 9, "velocity": 86}, {"time": 1346, "pitch": 62, "duration": 9, "velocity": 87}, {"time": 1346, "pitch": 65, "duration": 7, "velocity": 86}, {"time": 1346, "pitch": 69, "duration": 6, "velocity": 86}, {"time": 1358, "pitch": 43, "duration": 16, "velocity": 78}, {"time": 1358, "pitch": 55, "duration": 21, "velocity": 81}, {"time": 1358, "pitch": 59, "duration": 9, "velocity": 86}, {"time": 1358, "pitch": 62, "duration": 9, "velocity": 89}, {"time": 1358, "pitch": 67, "duration": 8, "velocity": 87}, {"time": 1370, "pitch": 59, "duration": 8, "velocity": 86}, {"time": 1370, "pitch": 62, "duration": 9, "velocity": 89}, {"time": 1370, "pitch": 67, "duration": 8, "velocity": 87}, {"time": 1376, "pitch": 43, "duration": 6, "velocity": 97}, {"time": 1382, "pitch": 48, "duration": 18, "velocity": 84}, {"time": 1382, "pitch": 60, "duration": 10, "velocity": 89}, {"time": 1382, "pitch": 64, "duration": 10, "velocity": 94}, {"time": 1382, "pitch": 67, "duration": 8, "velocity": 91}, {"time": 1394, "pitch": 60, "duration": 10, "velocity": 89}, {"time": 1394, "pitch": 64, "duration": 10, "velocity": 90}, {"time": 1394, "pitch": 67, "duration": 9, "velocity": 88}, {"time": 1400, "pitch": 48, "duration": 4, "velocity": 97}, {"time": 1406, "pitch": 48, "duration": 21, "velocity": 97}, {"time": 1406, "pitch": 60, "duration": 9, "velocity": 89}, {"time": 1406, "pitch": 64, "duration": 9, "velocity": 93}, {"time": 1406, "pitch": 67, "duration": 8, "velocity": 89}, {"time": 1418, "pitch": 60, "duration": 6, "velocity": 88}, {"time": 1418, "pitch": 64, "duration": 6, "velocity": 91}, {"time": 1418, "pitch": 67, "duration": 5, "velocity": 88}, {"time": 1430, "pitch": 48, "duration": 16, "velocity": 86}, {"time": 1430, "pitch": 60, "duration": 9, "velocity": 88}, {"time": 1430, "pitch": 64, "duration": 10, "velocity": 92}, {"time": 1430, "pitch": 67, "duration": 8, "velocity": 92}, {"time": 1442, "pitch": 60, "duration": 9, "velocity": 88}, {"time": 1442, "pitch": 64, "duration": 10, "velocity": 88}, {"time": 1442, "pitch": 67, "duration": 8, "velocity": 87}, {"time": 1448, "pitch": 48, "duration": 6, "velocity": 97}, {"time": 1454, "pitch": 48, "duration": 16, "velocity": 97}, {"time": 1454, "pitch": 60, "duration": 10, "velocity": 88}, {"time": 1454, "pitch": 64, "duration": 10, "velocity": 89}, {"time": 1454, "pitch": 67, "duration": 8, "velocity": 88}, {"time": 1466, "pitch": 60, "duration": 7, "velocity": 87}, {"time": 1466, "pitch": 64, "duration": 6, "velocity": 88}, {"time": 1466, "pitch": 67, "duration": 6, "velocity": 85}, {"time": 1478, "pitch": 43, "duration": 16, "velocity": 83}, {"time": 1478, "pitch": 55, "duration": 21, "velocity": 81}, {"time": 1478, "pitch": 58, "duration": 9, "velocity": 84}, {"time": 1478, "pitch": 62, "duration": 8, "velocity": 87}, {"time": 1478, "pitch": 67, "duration": 8, "velocity": 87}, {"time": 1490, "pitch": 58, "duration": 8, "velocity": 84}, {"time": 1490, "pitch": 62, "duration": 8, "velocity": 88}, {"time": 1490, "pitch": 67, "duration": 8, "velocity": 89}, {"time": 1496, "pitch": 43, "duration": 6, "velocity": 97}, {"time": 1502, "pitch": 48, "duration": 15, "velocity": 84}, {"time": 1502, "pitch": 60, "duration": 10, "velocity": 86}, {"time": 1502, "pitch": 64, "duration": 11, "velocity": 87}, {"time": 1502, "pitch": 67, "duration": 8, "velocity": 86}, {"time": 1514, "pitch": 60, "duration": 7, "velocity": 85}, {"time": 1514, "pitch": 64, "duration": 8, "velocity": 88}, {"time": 1514, "pitch": 67, "duration": 7, "velocity": 86}, {"time": 1520, "pitch": 48, "duration": 4, "velocity": 97}, {"time": 1526, "pitch": 46, "duration": 16, "velocity": 85}, {"time": 1526, "pitch": 58, "duration": 9, "velocity": 82}, {"time": 1526, "pitch": 62, "duration": 9, "velocity": 87}, {"time": 1526, "pitch": 65, "duration": 8, "velocity": 84}, {"time": 1538, "pitch": 58, "duration": 5, "velocity": 81}, {"time": 1538, "pitch": 62, "duration": 11, "velocity": 89}, {"time": 1538, "pitch": 65, "duration": 7, "velocity": 85}, {"time": 1544, "pitch": 46, "duration": 6, "velocity": 97}, {"time": 1550, "pitch": 45, "duration": 15, "velocity": 74}, {"time": 1550, "pitch": 60, "duration": 8, "velocity": 83}, {"time": 1550, "pitch": 64, "duration": 19, "velocity": 84}, {"time": 1550, "pitch": 69, "duration": 17, "velocity": 86}, {"time": 1562, "pitch": 60, "duration": 6, "velocity": 83}, {"time": 1568, "pitch": 45, "duration": 4, "velocity": 97}, {"time": 1574, "pitch": 43, "duration": 16, "velocity": 72}, {"time": 1574, "pitch": 55, "duration": 45, "velocity": 44}, {"time": 1574, "pitch": 58, "duration": 10, "velocity": 84}, {"time": 1574, "pitch": 62, "duration": 9, "velocity": 86}, {"time": 1574, "pitch": 67, "duration": 7, "velocity": 87}, {"time": 1586, "pitch": 58, "duration": 10, "velocity": 83}, {"time": 1586, "pitch": 62, "duration": 9, "velocity": 88}, {"time": 1586, "pitch": 67, "duration": 9, "velocity": 88}, {"time": 1592, "pitch": 43, "duration": 6, "velocity": 97}, {"time": 1598, "pitch": 43, "duration": 22, "velocity": 97}, {"time": 1598, "pitch": 58, "duration": 9, "velocity": 80}, {"time": 1598, "pitch": 62, "duration": 8, "velocity": 87}, {"time": 1598, "pitch": 67, "duration": 8, "velocity": 86}, {"time": 1610, "pitch": 58, "duration": 8, "velocity": 85}, {"time": 1610, "pitch": 62, "duration": 9, "velocity": 88}, {"time": 1610, "pitch": 67, "duration": 7, "velocity": 88}, {"time": 1622, "pitch": 45, "duration": 18, "velocity": 88}, {"time": 1628, "pitch": 57, "duration": 39, "velocity": 77}, {"time": 1634, "pitch": 60, "duration": 9, "velocity": 88}, {"time": 1634, "pitch": 64, "duration": 9, "velocity": 98}, {"time": 1634, "pitch": 69, "duration": 8, "velocity": 88}, {"time": 1640, "pitch": 45, "duration": 6, "velocity": 97}, {"time": 1646, "pitch": 45, "duration": 22, "velocity": 97}, {"time": 1646, "pitch": 60, "duration": 7, "velocity": 84}, {"time": 1646, "pitch": 64, "duration": 8, "velocity": 89}, {"time": 1646, "pitch": 69, "duration": 7, "velocity": 87}, {"time": 1658, "pitch": 60, "duration": 8, "velocity": 87}, {"time": 1658, "pitch": 64, "duration": 9, "velocity": 90}, {"time": 1658, "pitch": 69, "duration": 8, "velocity": 88}, {"time": 1670, "pitch": 48, "duration": 16, "velocity": 73}, {"time": 1670, "pitch": 60, "duration": 11, "velocity": 86}, {"time": 1670, "pitch": 64, "duration": 11, "velocity": 89}, {"time": 1670, "pitch": 67, "duration": 8, "velocity": 87}, {"time": 1682, "pitch": 60, "duration": 9, "velocity": 85}, {"time": 1682, "pitch": 64, "duration": 11, "velocity": 87}, {"time": 1682, "pitch": 67, "duration": 11, "velocity": 87}, {"time": 1688, "pitch": 48, "duration": 4, "velocity": 97}, {"time": 1694, "pitch": 50, "duration": 16, "velocity": 82}, {"time": 1694, "pitch": 62, "duration": 10, "velocity": 88}, {"time": 1694, "pitch": 65, "duration": 10, "velocity": 88}, {"time": 1694, "pitch": 69, "duration": 10, "velocity": 87}, {"time": 1706, "pitch": 62, "duration": 10, "velocity": 85}, {"time": 1706, "pitch": 65, "duration": 6, "velocity": 87}, {"time": 1706, "pitch": 69, "duration": 6, "velocity": 83}, {"time": 1712, "pitch": 50, "duration": 6, "velocity": 97}, {"time": 1718, "pitch": 50, "duration": 16, "velocity": 83}, {"time": 1718, "pitch": 62, "duration": 9, "velocity": 86}, {"time": 1718, "pitch": 65, "duration": 10, "velocity": 88}, {"time": 1718, "pitch": 69, "duration": 9, "velocity": 86}, {"time": 1730, "pitch": 62, "duration": 8, "velocity": 82}, {"time": 1730, "pitch": 65, "duration": 9, "velocity": 84}, {"time": 1730, "pitch": 69, "duration": 8, "velocity": 85}, {"time": 1736, "pitch": 50, "duration": 4, "velocity": 97}, {"time": 1742, "pitch": 50, "duration": 12, "velocity": 97}, {"time": 1742, "pitch": 62, "duration": 7, "velocity": 83}, {"time": 1742, "pitch": 65, "duration": 8, "velocity": 83}, {"time": 1742, "pitch": 69, "duration": 7, "velocity": 83}, {"time": 1754, "pitch": 62, "duration": 7, "velocity": 85}, {"time": 1754, "pitch": 65, "duration": 8, "velocity": 83}, {"time": 1754, "pitch": 69, "duration": 6, "velocity": 82}, {"time": 1760, "pitch": 50, "duration": 3, "velocity": 97}, {"time": 1763, "pitch": 53, "duration": 3, "velocity": 97}, {"time": 1766, "pitch": 43, "duration": 18, "velocity": 80}, {"time": 1766, "pitch": 55, "duration": 43, "velocity": 82}, {"time": 1766, "pitch": 58, "duration": 8, "velocity": 86}, {"time": 1766, "pitch": 62, "duration": 8, "velocity": 88}, {"time": 1766, "pitch": 67, "duration": 7, "velocity": 88}, {"time": 1778, "pitch": 58, "duration": 10, "velocity": 87}, {"time": 1778, "pitch": 62, "duration": 9, "velocity": 92}, {"time": 1778, "pitch": 67, "duration": 8, "velocity": 88}, {"time": 1784, "pitch": 43, "duration": 6, "velocity": 97}, {"time": 1790, "pitch": 43, "duration": 21, "velocity": 97}, {"time": 1790, "pitch": 58, "duration": 8, "velocity": 85}, {"time": 1790, "pitch": 62, "duration": 8, "velocity": 91}, {"time": 1790, "pitch": 67, "duration": 6, "velocity": 87}, {"time": 1802, "pitch": 58, "duration": 7, "velocity": 88}, {"time": 1802, "pitch": 62, "duration": 8, "velocity": 96}, {"time": 1802, "pitch": 67, "duration": 8, "velocity": 93}, {"time": 1814, "pitch": 48, "duration": 15, "velocity": 82}, {"time": 1814, "pitch": 60, "duration": 9, "velocity": 84}, {"time": 1814, "pitch": 64, "duration": 9, "velocity": 88}, {"time": 1814, "pitch": 67, "duration": 6, "velocity": 87}, {"time": 1826, "pitch": 60, "duration": 9, "velocity": 86}, {"time": 1826, "pitch": 64, "duration": 9, "velocity": 87}, {"time": 1826, "pitch": 67, "duration": 8, "velocity": 87}, {"time": 1832, "pitch": 48, "duration": 6, "velocity": 97}, {"time": 1838, "pitch": 48, "duration": 24, "velocity": 97}, {"time": 1838, "pitch": 60, "duration": 9, "velocity": 86}, {"time": 1838, "pitch": 64, "duration": 8, "velocity": 88}, {"time": 1838, "pitch": 67, "duration": 9, "velocity": 87}, {"time": 1850, "pitch": 60, "duration": 7, "velocity": 87}, {"time": 1850, "pitch": 64, "duration": 8, "velocity": 93}, {"time": 1850, "pitch": 67, "duration": 7, "velocity": 91}, {"time": 1862, "pitch": 43, "duration": 16, "velocity": 83}, {"time": 1862, "pitch": 55, "duration": 19, "velocity": 80}, {"time": 1862, "pitch": 58, "duration": 8, "velocity": 91}, {"time": 1862, "pitch": 62, "duration": 7, "velocity": 91}, {"time": 1862, "pitch": 67, "duration": 6, "velocity": 100}, {"time": 1874, "pitch": 58, "duration": 5, "velocity": 95}, {"time": 1874, "pitch": 62, "duration": 9, "velocity": 108}, {"time": 1874, "pitch": 67, "duration": 5, "velocity": 98}, {"time": 1880, "pitch": 43, "duration": 4, "velocity": 97}, {"time": 1886, "pitch": 48, "duration": 19, "velocity": 86}, {"time": 1886, "pitch": 60, "duration": 9, "velocity": 93}, {"time": 1886, "pitch": 64, "duration": 8, "velocity": 102}, {"time": 1886, "pitch": 67, "duration": 7, "velocity": 94}, {"time": 1898, "pitch": 60, "duration": 8, "velocity": 92}, {"time": 1898, "pitch": 64, "duration": 8, "velocity": 102}, {"time": 1898, "pitch": 67, "duration": 6, "velocity": 91}, {"time": 1910, "pitch": 46, "duration": 16, "velocity": 84}, {"time": 1910, "pitch": 58, "duration": 18, "velocity": 84}, {"time": 1910, "pitch": 62, "duration": 9, "velocity": 87}, {"time": 1910, "pitch": 65, "duration": 9, "velocity": 91}, {"time": 1910, "pitch": 69, "duration": 8, "velocity": 88}, {"time": 1922, "pitch": 62, "duration": 8, "velocity": 90}, {"time": 1922, "pitch": 65, "duration": 10, "velocity": 98}, {"time": 1922, "pitch": 69, "duration": 8, "velocity": 89}, {"time": 1928, "pitch": 46, "duration": 4, "velocity": 97}, {"time": 1934, "pitch": 45, "duration": 18, "velocity": 79}, {"time": 1934, "pitch": 57, "duration": 18, "velocity": 78}, {"time": 1934, "pitch": 60, "duration": 8, "velocity": 88}, {"time": 1934, "pitch": 64, "duration": 8, "velocity": 90}, {"time": 1934, "pitch": 69, "duration": 7, "velocity": 87}, {"time": 1946, "pitch": 60, "duration": 7, "velocity": 88}, {"time": 1946, "pitch": 64, "duration": 6, "velocity": 92}, {"time": 1946, "pitch": 69, "duration": 7, "velocity": 86}, {"time": 1952, "pitch": 45, "duration": 4, "velocity": 97}, {"time": 1958, "pitch": 43, "duration": 16, "velocity": 75}, {"time": 1958, "pitch": 55, "duration": 45, "velocity": 81}, {"time": 1958, "pitch": 58, "duration": 9, "velocity": 83}, {"time": 1958, "pitch": 62, "duration": 8, "velocity": 87}, {"time": 1958, "pitch": 67, "duration": 7, "velocity": 87}, {"time": 1970, "pitch": 58, "duration": 10, "velocity": 83}, {"time": 1970, "pitch": 62, "duration": 8, "velocity": 88}, {"time": 1970, "pitch": 67, "duration": 8, "velocity": 85}, {"time": 1976, "pitch": 43, "duration": 4, "velocity": 97}, {"time": 1982, "pitch": 43, "duration": 21, "velocity": 97}, {"time": 1982, "pitch": 58, "duration": 9, "velocity": 82}, {"time": 1982, "pitch": 62, "duration": 8, "velocity": 89}, {"time": 1982, "pitch": 67, "duration": 7, "velocity": 86}, {"time": 1994, "pitch": 58, "duration": 6, "velocity": 87}, {"time": 1994, "pitch": 62, "duration": 9, "velocity": 94}, {"time": 1994, "pitch": 67, "duration": 7, "velocity": 88}, {"time": 2006, "pitch": 45, "duration": 18, "velocity": 78}, {"time": 2006, "pitch": 57, "duration": 43, "velocity": 77}, {"time": 2006, "pitch": 60, "duration": 8, "velocity": 85}, {"time": 2006, "pitch": 64, "duration": 8, "velocity": 86}, {"time": 2006, "pitch": 69, "duration": 8, "velocity": 89}, {"time": 2018, "pitch": 60, "duration": 9, "velocity": 87}, {"time": 2018, "pitch": 64, "duration": 9, "velocity": 89}, {"time": 2018, "pitch": 69, "duration": 8, "velocity": 86}, {"time": 2024, "pitch": 45, "duration": 6, "velocity": 97}, {"time": 2030, "pitch": 45, "duration": 24, "velocity": 97}, {"time": 2030, "pitch": 60, "duration": 8, "velocity": 83}, {"time": 2030, "pitch": 64, "duration": 9, "velocity": 87}, {"time": 2030, "pitch": 69, "duration": 8, "velocity": 87}, {"time": 2042, "pitch": 60, "duration": 7, "velocity": 84}, {"time": 2042, "pitch": 64, "duration": 6, "velocity": 88}, {"time": 2042, "pitch": 69, "duration": 6, "velocity": 87}, {"time": 2054, "pitch": 48, "duration": 18, "velocity": 83}, {"time": 2054, "pitch": 60, "duration": 10, "velocity": 84}, {"time": 2054, "pitch": 64, "duration": 9, "velocity": 88}, {"time": 2054, "pitch": 67, "duration": 8, "velocity": 87}, {"time": 2066, "pitch": 60, "duration": 8, "velocity": 87}, {"time": 2066, "pitch": 64, "duration": 10, "velocity": 87}, {"time": 2066, "pitch": 67, "duration": 10, "velocity": 88}, {"time": 2072, "pitch": 48, "duration": 4, "velocity": 97}, {"time": 2078, "pitch": 50, "duration": 18, "velocity": 82}, {"time": 2078, "pitch": 62, "duration": 9, "velocity": 88}, {"time": 2078, "pitch": 65, "duration": 9, "velocity": 89}, {"time": 2078, "pitch": 69, "duration": 8, "velocity": 87}, {"time": 2090, "pitch": 62, "duration": 7, "velocity": 85}, {"time": 2090, "pitch": 65, "duration": 6, "velocity": 88}, {"time": 2090, "pitch": 69, "duration": 6, "velocity": 87}, {"time": 2102, "pitch": 50, "duration": 16, "velocity": 82}, {"time": 2102, "pitch": 62, "duration": 10, "velocity": 83}, {"time": 2102, "pitch": 65, "duration": 10, "velocity": 85}, {"time": 2102, "pitch": 69, "duration": 9, "velocity": 86}, {"time": 2114, "pitch": 62, "duration": 9, "velocity": 87}, {"time": 2114, "pitch": 65, "duration": 7, "velocity": 86}, {"time": 2114, "pitch": 69, "duration": 6, "velocity": 86}, {"time": 2120, "pitch": 50, "duration": 6, "velocity": 97}, {"time": 2126, "pitch": 43, "duration": 21, "velocity": 78}, {"time": 2126, "pitch": 55, "duration": 21, "velocity": 81}, {"time": 2126, "pitch": 59, "duration": 9, "velocity": 86}, {"time": 2126, "pitch": 62, "duration": 9, "velocity": 89}, {"time": 2126, "pitch": 67, "duration": 8, "velocity": 87}, {"time": 2138, "pitch": 59, "duration": 8, "velocity": 86}, {"time": 2138, "pitch": 62, "duration": 9, "velocity": 89}, {"time": 2138, "pitch": 67, "duration": 8, "velocity": 87}, {"time": 2150, "pitch": 48, "duration": 18, "velocity": 84}, {"time": 2150, "pitch": 60, "duration": 10, "velocity": 89}, {"time": 2150, "pitch": 64, "duration": 10, "velocity": 94}, {"time": 2150, "pitch": 67, "duration": 8, "velocity": 91}, {"time": 2162, "pitch": 60, "duration": 10, "velocity": 89}, {"time": 2162, "pitch": 64, "duration": 10, "velocity": 90}, {"time": 2162, "pitch": 67, "duration": 9, "velocity": 88}, {"time": 2168, "pitch": 48, "duration": 6, "velocity": 97}, {"time": 2174, "pitch": 48, "duration": 21, "velocity": 97}, {"time": 2174, "pitch": 60, "duration": 9, "velocity": 89}, {"time": 2174, "pitch": 64, "duration": 9, "velocity": 93}, {"time": 2174, "pitch": 67, "duration": 8, "velocity": 89}, {"time": 2198, "pitch": 43, "duration": 13, "velocity": 75}, {"time": 2198, "pitch": 59, "duration": 20, "velocity": 78}, {"time": 2198, "pitch": 67, "duration": 14, "velocity": 84}, {"time": 2204, "pitch": 50, "duration": 36, "velocity": 61}, {"time": 2210, "pitch": 55, "duration": 36, "velocity": 79}, {"time": 2216, "pitch": 43, "duration": 6, "velocity": 97}, {"time": 2216, "pitch": 62, "duration": 6, "velocity": 78}, {"time": 2222, "pitch": 43, "duration": 22, "velocity": 97}, {"time": 2222, "pitch": 67, "duration": 12, "velocity": 87}, {"time": 2234, "pitch": 62, "duration": 6, "velocity": 86}, {"time": 2240, "pitch": 67, "duration": 6, "velocity": 89}, {"time": 2246, "pitch": 45, "duration": 17, "velocity": 73}, {"time": 2246, "pitch": 57, "duration": 5, "velocity": 76}, {"time": 2246, "pitch": 60, "duration": 11, "velocity": 79}, {"time": 2252, "pitch": 52, "duration": 12, "velocity": 71}, {"time": 2258, "pitch": 57, "duration": 12, "velocity": 80}, {"time": 2264, "pitch": 45, "duration": 6, "velocity": 97}, {"time": 2264, "pitch": 60, "duration": 6, "velocity": 80}, {"time": 2270, "pitch": 50, "duration": 21, "velocity": 72}, {"time": 2270, "pitch": 62, "duration": 6, "velocity": 86}, {"time": 2276, "pitch": 57, "duration": 18, "velocity": 67}, {"time": 2282, "pitch": 62, "duration": 12, "velocity": 83}, {"time": 2288, "pitch": 64, "duration": 6, "velocity": 72}, {"time": 2294, "pitch": 50, "duration": 18, "velocity": 80}, {"time": 2294, "pitch": 65, "duration": 25, "velocity": 83}, {"time": 2300, "pitch": 57, "duration": 30, "velocity": 68}, {"time": 2306, "pitch": 74, "duration": 9, "velocity": 93}, {"time": 2312, "pitch": 50, "duration": 6, "velocity": 97}, {"time": 2312, "pitch": 62, "duration": 18, "velocity": 79}, {"time": 2318, "pitch": 50, "duration": 25, "velocity": 97}, {"time": 2318, "pitch": 69, "duration": 12, "velocity": 89}, {"time": 2330, "pitch": 62, "duration": 8, "velocity": 87}, {"time": 2330, "pitch": 65, "duration": 5, "velocity": 87}, {"time": 2330, "pitch": 69, "duration": 5, "velocity": 86}, {"time": 2342, "pitch": 43, "duration": 15, "velocity": 78}, {"time": 2342, "pitch": 59, "duration": 21, "velocity": 76}, {"time": 2342, "pitch": 67, "duration": 7, "velocity": 76}, {"time": 2342, "pitch": 67, "duration": 7, "velocity": 84}, {"time": 2348, "pitch": 50, "duration": 35, "velocity": 70}, {"time": 2354, "pitch": 55, "duration": 36, "velocity": 71}, {"time": 2360, "pitch": 43, "duration": 6, "velocity": 97}, {"time": 2360, "pitch": 62, "duration": 6, "velocity": 80}, {"time": 2366, "pitch": 43, "duration": 21, "velocity": 97}, {"time": 2366, "pitch": 67, "duration": 12, "velocity": 86}, {"time": 2378, "pitch": 62, "duration": 6, "velocity": 83}, {"time": 2384, "pitch": 67, "duration": 6, "velocity": 82}, {"time": 2390, "pitch": 45, "duration": 17, "velocity": 71}, {"time": 2390, "pitch": 60, "duration": 12, "velocity": 81}, {"time": 2390, "pitch": 64, "duration": 11, "velocity": 82}, {"time": 2396, "pitch": 52, "duration": 12, "velocity": 67}, {"time": 2402, "pitch": 57, "duration": 13, "velocity": 82}, {"time": 2408, "pitch": 45, "duration": 6, "velocity": 97}, {"time": 2408, "pitch": 60, "duration": 12, "velocity": 76}, {"time": 2414, "pitch": 48, "duration": 18, "velocity": 77}, {"time": 2414, "pitch": 64, "duration": 7, "velocity": 83}, {"time": 2414, "pitch": 67, "duration": 6, "velocity": 85}, {"time": 2420, "pitch": 55, "duration": 7, "velocity": 65}, {"time": 2426, "pitch": 60, "duration": 9, "velocity": 88}, {"time": 2432, "pitch": 55, "duration": 6, "velocity": 74}, {"time": 2438, "pitch": 50, "duration": 18, "velocity": 77}, {"time": 2438, "pitch": 62, "duration": 6, "velocity": 79}, {"time": 2438, "pitch": 65, "duration": 12, "velocity": 85}, {"time": 2444, "pitch": 57, "duration": 27, "velocity": 67}, {"time": 2450, "pitch": 62, "duration": 20, "velocity": 86}, {"time": 2456, "pitch": 50, "duration": 6, "velocity": 97}, {"time": 2456, "pitch": 74, "duration": 3, "velocity": 65}, {"time": 2462, "pitch": 50, "duration": 21, "velocity": 97}, {"time": 2462, "pitch": 69, "duration": 9, "velocity": 87}, {"time": 2474, "pitch": 62, "duration": 8, "velocity": 83}, {"time": 2474, "pitch": 65, "duration": 8, "velocity": 86}, {"time": 2474, "pitch": 69, "duration": 8, "velocity": 80}, {"time": 2486, "pitch": 43, "duration": 15, "velocity": 78}, {"time": 2486, "pitch": 59, "duration": 18, "velocity": 85}, {"time": 2486, "pitch": 67, "duration": 13, "velocity": 88}, {"time": 2492, "pitch": 50, "duration": 34, "velocity": 64}, {"time": 2498, "pitch": 55, "duration": 36, "velocity": 80}, {"time": 2504, "pitch": 43, "duration": 4, "velocity": 97}, {"time": 2504, "pitch": 67, "duration": 18, "velocity": 91}, {"time": 2510, "pitch": 43, "duration": 22, "velocity": 97}, {"time": 2510, "pitch": 62, "duration": 8, "velocity": 86}, {"time": 2522, "pitch": 59, "duration": 7, "velocity": 82}, {"time": 2528, "pitch": 62, "duration": 6, "velocity": 87}, {"time": 2534, "pitch": 48, "duration": 44, "velocity": 69}, {"time": 2534, "pitch": 60, "duration": 6, "velocity": 84}, {"time": 2540, "pitch": 55, "duration": 38, "velocity": 74}, {"time": 2543, "pitch": 60, "duration": 20, "velocity": 83}, {"time": 2546, "pitch": 65, "duration": 6, "velocity": 87}, {"time": 2552, "pitch": 67, "duration": 6, "velocity": 87}, {"time": 2558, "pitch": 62, "duration": 2, "velocity": 78}, {"time": 2558, "pitch": 64, "duration": 12, "velocity": 81}, {"time": 2564, "pitch": 72, "duration": 1, "velocity": 86}, {"time": 2567, "pitch": 76, "duration": 3, "velocity": 90}, {"time": 2570, "pitch": 60, "duration": 6, "velocity": 80}, {"time": 2570, "pitch": 79, "duration": 6, "velocity": 87}, {"time": 2576, "pitch": 62, "duration": 4, "velocity": 88}, {"time": 2576, "pitch": 67, "duration": 5, "velocity": 88}, {"time": 2576, "pitch": 84, "duration": 1, "velocity": 86}, {"time": 2582, "pitch": 48, "duration": 16, "velocity": 82}, {"time": 2582, "pitch": 60, "duration": 9, "velocity": 84}, {"time": 2582, "pitch": 64, "duration": 9, "velocity": 88}, {"time": 2582, "pitch": 67, "duration": 6, "velocity": 87}, {"time": 2594, "pitch": 60, "duration": 9, "velocity": 86}, {"time": 2594, "pitch": 64, "duration": 9, "velocity": 87}, {"time": 2594, "pitch": 67, "duration": 8, "velocity": 87}, {"time": 2600, "pitch": 48, "duration": 6, "velocity": 97}, {"time": 2606, "pitch": 48, "duration": 22, "velocity": 97}, {"time": 2606, "pitch": 60, "duration": 9, "velocity": 86}, {"time": 2606, "pitch": 64, "duration": 8, "velocity": 88}, {"time": 2606, "pitch": 67, "duration": 9, "velocity": 87}, {"time": 2618, "pitch": 60, "duration": 7, "velocity": 87}, {"time": 2618, "pitch": 64, "duration": 8, "velocity": 93}, {"time": 2618, "pitch": 67, "duration": 7, "velocity": 91}, {"time": 2630, "pitch": 43, "duration": 16, "velocity": 83}, {"time": 2630, "pitch": 55, "duration": 19, "velocity": 80}, {"time": 2630, "pitch": 58, "duration": 8, "velocity": 91}, {"time": 2630, "pitch": 62, "duration": 7, "velocity": 91}, {"time": 2630, "pitch": 67, "duration": 6, "velocity": 100}, {"time": 2642, "pitch": 58, "duration": 5, "velocity": 95}, {"time": 2642, "pitch": 62, "duration": 9, "velocity": 108}, {"time": 2642, "pitch": 67, "duration": 5, "velocity": 98}, {"time": 2648, "pitch": 43, "duration": 4, "velocity": 97}, {"time": 2654, "pitch": 48, "duration": 20, "velocity": 86}, {"time": 2654, "pitch": 60, "duration": 9, "velocity": 93}, {"time": 2654, "pitch": 64, "duration": 8, "velocity": 102}, {"time": 2654, "pitch": 67, "duration": 7, "velocity": 94}, {"time": 2666, "pitch": 60, "duration": 8, "velocity": 92}, {"time": 2666, "pitch": 64, "duration": 8, "velocity": 102}, {"time": 2666, "pitch": 67, "duration": 6, "velocity": 91}, {"time": 2678, "pitch": 46, "duration": 18, "velocity": 84}, {"time": 2678, "pitch": 58, "duration": 18, "velocity": 84}, {"time": 2678, "pitch": 62, "duration": 9, "velocity": 87}, {"time": 2678, "pitch": 65, "duration": 9, "velocity": 91}, {"time": 2678, "pitch": 69, "duration": 8, "velocity": 88}, {"time": 2690, "pitch": 62, "duration": 8, "velocity": 90}, {"time": 2690, "pitch": 65, "duration": 10, "velocity": 98}, {"time": 2690, "pitch": 69, "duration": 8, "velocity": 89}, {"time": 2693, "pitch": 46, "duration": 3, "velocity": 97}, {"time": 2702, "pitch": 45, "duration": 19, "velocity": 79}, {"time": 2702, "pitch": 57, "duration": 18, "velocity": 78}, {"time": 2702, "pitch": 60, "duration": 8, "velocity": 88}, {"time": 2702, "pitch": 64, "duration": 8, "velocity": 90}, {"time": 2702, "pitch": 69, "duration": 7, "velocity": 87}, {"time": 2714, "pitch": 60, "duration": 7, "velocity": 88}, {"time": 2714, "pitch": 64, "duration": 6, "velocity": 92}, {"time": 2714, "pitch": 69, "duration": 7, "velocity": 86}, {"time": 2726, "pitch": 43, "duration": 16, "velocity": 75}, {"time": 2726, "pitch": 55, "duration": 45, "velocity": 81}, {"time": 2726, "pitch": 58, "duration": 9, "velocity": 83}, {"time": 2726, "pitch": 62, "duration": 8, "velocity": 87}, {"time": 2726, "pitch": 67, "duration": 7, "velocity": 87}, {"time": 2738, "pitch": 58, "duration": 10, "velocity": 83}, {"time": 2738, "pitch": 62, "duration": 8, "velocity": 88}, {"time": 2738, "pitch": 67, "duration": 8, "velocity": 85}, {"time": 2744, "pitch": 43, "duration": 4, "velocity": 97}, {"time": 2750, "pitch": 43, "duration": 24, "velocity": 97}, {"time": 2750, "pitch": 58, "duration": 9, "velocity": 82}, {"time": 2750, "pitch": 62, "duration": 8, "velocity": 89}, {"time": 2750, "pitch": 67, "duration": 7, "velocity": 86}, {"time": 2762, "pitch": 58, "duration": 6, "velocity": 87}, {"time": 2762, "pitch": 62, "duration": 9, "velocity": 94}, {"time": 2762, "pitch": 67, "duration": 7, "velocity": 88}, {"time": 2774, "pitch": 45, "duration": 16, "velocity": 78}, {"time": 2774, "pitch": 57, "duration": 43, "velocity": 77}, {"time": 2774, "pitch": 60, "duration": 8, "velocity": 85}, {"time": 2774, "pitch": 64, "duration": 8, "velocity": 86}, {"time": 2774, "pitch": 69, "duration": 8, "velocity": 89}, {"time": 2786, "pitch": 60, "duration": 9, "velocity": 87}, {"time": 2786, "pitch": 64, "duration": 9, "velocity": 89}, {"time": 2786, "pitch": 69, "duration": 8, "velocity": 86}, {"time": 2792, "pitch": 45, "duration": 4, "velocity": 97}, {"time": 2798, "pitch": 45, "duration": 22, "velocity": 97}, {"time": 2798, "pitch": 60, "duration": 8, "velocity": 83}, {"time": 2798, "pitch": 64, "duration": 9, "velocity": 87}, {"time": 2798, "pitch": 69, "duration": 8, "velocity": 87}, {"time": 2810, "pitch": 60, "duration": 7, "velocity": 84}, {"time": 2810, "pitch": 64, "duration": 6, "velocity": 88}, {"time": 2810, "pitch": 69, "duration": 6, "velocity": 87}, {"time": 2822, "pitch": 48, "duration": 24, "velocity": 83}, {"time": 2822, "pitch": 60, "duration": 10, "velocity": 84}, {"time": 2822, "pitch": 64, "duration": 9, "velocity": 88}, {"time": 2822, "pitch": 67, "duration": 8, "velocity": 87}, {"time": 2834, "pitch": 60, "duration": 8, "velocity": 87}, {"time": 2834, "pitch": 64, "duration": 10, "velocity": 87}, {"time": 2834, "pitch": 67, "duration": 10, "velocity": 88}, {"time": 2846, "pitch": 50, "duration": 15, "velocity": 82}, {"time": 2846, "pitch": 62, "duration": 9, "velocity": 88}, {"time": 2846, "pitch": 65, "duration": 9, "velocity": 89}, {"time": 2846, "pitch": 69, "duration": 8, "velocity": 87}, {"time": 2858, "pitch": 62, "duration": 7, "velocity": 85}, {"time": 2858, "pitch": 65, "duration": 6, "velocity": 88}, {"time": 2858, "pitch": 69, "duration": 6, "velocity": 87}, {"time": 2864, "pitch": 50, "duration": 4, "velocity": 97}, {"time": 2870, "pitch": 50, "duration": 22, "velocity": 82}, {"time": 2870, "pitch": 62, "duration": 10, "velocity": 83}, {"time": 2870, "pitch": 65, "duration": 10, "velocity": 85}, {"time": 2870, "pitch": 69, "duration": 9, "velocity": 86}, {"time": 2882, "pitch": 62, "duration": 9, "velocity": 87}, {"time": 2882, "pitch": 65, "duration": 7, "velocity": 86}, {"time": 2882, "pitch": 69, "duration": 6, "velocity": 86}, {"time": 2894, "pitch": 43, "duration": 21, "velocity": 78}, {"time": 2894, "pitch": 55, "duration": 21, "velocity": 81}, {"time": 2894, "pitch": 59, "duration": 9, "velocity": 86}, {"time": 2894, "pitch": 62, "duration": 9, "velocity": 89}, {"time": 2894, "pitch": 67, "duration": 8, "velocity": 87}, {"time": 2906, "pitch": 59, "duration": 8, "velocity": 86}, {"time": 2906, "pitch": 62, "duration": 9, "velocity": 89}, {"time": 2906, "pitch": 67, "duration": 8, "velocity": 87}, {"time": 2918, "pitch": 48, "duration": 18, "velocity": 84}, {"time": 2918, "pitch": 60, "duration": 10, "velocity": 89}, {"time": 2918, "pitch": 64, "duration": 10, "velocity": 94}, {"time": 2918, "pitch": 67, "duration": 8, "velocity": 91}, {"time": 2930, "pitch": 60, "duration": 10, "velocity": 89}, {"time": 2930, "pitch": 64, "duration": 10, "velocity": 90}, {"time": 2930, "pitch": 67, "duration": 9, "velocity": 88}, {"time": 2936, "pitch": 48, "duration": 6, "velocity": 97}, {"time": 2942, "pitch": 48, "duration": 21, "velocity": 97}, {"time": 2942, "pitch": 60, "duration": 9, "velocity": 89}, {"time": 2942, "pitch": 64, "duration": 9, "velocity": 93}, {"time": 2942, "pitch": 67, "duration": 8, "velocity": 89}, {"time": 2954, "pitch": 60, "duration": 6, "velocity": 88}, {"time": 2954, "pitch": 64, "duration": 6, "velocity": 91}, {"time": 2954, "pitch": 67, "duration": 5, "velocity": 88}, {"time": 2966, "pitch": 48, "duration": 16, "velocity": 86}, {"time": 2966, "pitch": 60, "duration": 9, "velocity": 88}, {"time": 2966, "pitch": 64, "duration": 10, "velocity": 92}, {"time": 2966, "pitch": 67, "duration": 8, "velocity": 92}, {"time": 2978, "pitch": 60, "duration": 9, "velocity": 88}, {"time": 2978, "pitch": 64, "duration": 10, "velocity": 88}, {"time": 2978, "pitch": 67, "duration": 8, "velocity": 87}, {"time": 2984, "pitch": 48, "duration": 4, "velocity": 97}, {"time": 2990, "pitch": 48, "duration": 21, "velocity": 97}, {"time": 2990, "pitch": 60, "duration": 10, "velocity": 88}, {"time": 2990, "pitch": 64, "duration": 10, "velocity": 89}, {"time": 2990, "pitch": 67, "duration": 8, "velocity": 88}, {"time": 3002, "pitch": 60, "duration": 7, "velocity": 87}, {"time": 3002, "pitch": 64, "duration": 6, "velocity": 88}, {"time": 3002, "pitch": 67, "duration": 6, "velocity": 85}, {"time": 3014, "pitch": 43, "duration": 20, "velocity": 83}, {"time": 3014, "pitch": 55, "duration": 21, "velocity": 81}, {"time": 3014, "pitch": 58, "duration": 9, "velocity": 84}, {"time": 3014, "pitch": 62, "duration": 8, "velocity": 87}, {"time": 3014, "pitch": 67, "duration": 8, "velocity": 87}, {"time": 3026, "pitch": 58, "duration": 8, "velocity": 84}, {"time": 3026, "pitch": 62, "duration": 8, "velocity": 88}, {"time": 3026, "pitch": 67, "duration": 8, "velocity": 89}, {"time": 3038, "pitch": 48, "duration": 18, "velocity": 84}, {"time": 3038, "pitch": 60, "duration": 10, "velocity": 86}, {"time": 3038, "pitch": 64, "duration": 11, "velocity": 87}, {"time": 3038, "pitch": 67, "duration": 8, "velocity": 86}, {"time": 3050, "pitch": 60, "duration": 7, "velocity": 85}, {"time": 3050, "pitch": 64, "duration": 8, "velocity": 88}, {"time": 3050, "pitch": 67, "duration": 7, "velocity": 86}, {"time": 3062, "pitch": 46, "duration": 16, "velocity": 85}, {"time": 3062, "pitch": 58, "duration": 9, "velocity": 82}, {"time": 3062, "pitch": 62, "duration": 9, "velocity": 87}, {"time": 3062, "pitch": 65, "duration": 8, "velocity": 84}, {"time": 3074, "pitch": 58, "duration": 5, "velocity": 81}, {"time": 3074, "pitch": 62, "duration": 11, "velocity": 89}, {"time": 3074, "pitch": 65, "duration": 7, "velocity": 85}, {"time": 3080, "pitch": 46, "duration": 6, "velocity": 97}, {"time": 3086, "pitch": 45, "duration": 23, "velocity": 74}, {"time": 3086, "pitch": 60, "duration": 8, "velocity": 83}, {"time": 3086, "pitch": 64, "duration": 19, "velocity": 84}, {"time": 3086, "pitch": 69, "duration": 17, "velocity": 86}, {"time": 3098, "pitch": 60, "duration": 6, "velocity": 83}, {"time": 3110, "pitch": 43, "duration": 16, "velocity": 72}, {"time": 3110, "pitch": 55, "duration": 45, "velocity": 44}, {"time": 3110, "pitch": 58, "duration": 10, "velocity": 84}, {"time": 3110, "pitch": 62, "duration": 9, "velocity": 86}, {"time": 3110, "pitch": 67, "duration": 7, "velocity": 87}, {"time": 3122, "pitch": 58, "duration": 10, "velocity": 83}, {"time": 3122, "pitch": 62, "duration": 9, "velocity": 88}, {"time": 3122, "pitch": 67, "duration": 9, "velocity": 88}, {"time": 3128, "pitch": 43, "duration": 6, "velocity": 97}, {"time": 3134, "pitch": 43, "duration": 22, "velocity": 97}, {"time": 3134, "pitch": 58, "duration": 9, "velocity": 80}, {"time": 3134, "pitch": 62, "duration": 8, "velocity": 87}, {"time": 3134, "pitch": 67, "duration": 8, "velocity": 86}, {"time": 3146, "pitch": 58, "duration": 8, "velocity": 85}, {"time": 3146, "pitch": 62, "duration": 9, "velocity": 88}, {"time": 3146, "pitch": 67, "duration": 7, "velocity": 88}, {"time": 3158, "pitch": 45, "duration": 15, "velocity": 88}, {"time": 3164, "pitch": 57, "duration": 39, "velocity": 77}, {"time": 3170, "pitch": 60, "duration": 9, "velocity": 88}, {"time": 3170, "pitch": 64, "duration": 9, "velocity": 98}, {"time": 3170, "pitch": 69, "duration": 8, "velocity": 88}, {"time": 3176, "pitch": 45, "duration": 6, "velocity": 97}, {"time": 3182, "pitch": 45, "duration": 24, "velocity": 97}, {"time": 3182, "pitch": 60, "duration": 7, "velocity": 84}, {"time": 3182, "pitch": 64, "duration": 8, "velocity": 89}, {"time": 3182, "pitch": 69, "duration": 7, "velocity": 87}, {"time": 3194, "pitch": 60, "duration": 8, "velocity": 87}, {"time": 3194, "pitch": 64, "duration": 9, "velocity": 90}, {"time": 3194, "pitch": 69, "duration": 8, "velocity": 88}, {"time": 3206, "pitch": 48, "duration": 16, "velocity": 73}, {"time": 3206, "pitch": 60, "duration": 11, "velocity": 86}, {"time": 3206, "pitch": 64, "duration": 11, "velocity": 89}, {"time": 3206, "pitch": 67, "duration": 8, "velocity": 87}, {"time": 3218, "pitch": 60, "duration": 9, "velocity": 85}, {"time": 3218, "pitch": 64, "duration": 11, "velocity": 87}, {"time": 3218, "pitch": 67, "duration": 11, "velocity": 87}, {"time": 3224, "pitch": 48, "duration": 4, "velocity": 97}, {"time": 3230, "pitch": 50, "duration": 24, "velocity": 82}, {"time": 3230, "pitch": 62, "duration": 10, "velocity": 88}, {"time": 3230, "pitch": 65, "duration": 10, "velocity": 88}, {"time": 3230, "pitch": 69, "duration": 10, "velocity": 87}, {"time": 3242, "pitch": 62, "duration": 10, "velocity": 85}, {"time": 3242, "pitch": 65, "duration": 6, "velocity": 87}, {"time": 3242, "pitch": 69, "duration": 6, "velocity": 83}, {"time": 3254, "pitch": 50, "duration": 1, "velocity": 83}, {"time": 3254, "pitch": 62, "duration": 9, "velocity": 86}, {"time": 3254, "pitch": 65, "duration": 10, "velocity": 88}, {"time": 3254, "pitch": 69, "duration": 9, "velocity": 86}, {"time": 3266, "pitch": 62, "duration": 8, "velocity": 82}, {"time": 3266, "pitch": 65, "duration": 9, "velocity": 84}, {"time": 3266, "pitch": 69, "duration": 8, "velocity": 85}, {"time": 3272, "pitch": 50, "duration": 4, "velocity": 97}, {"time": 3278, "pitch": 50, "duration": 16, "velocity": 97}, {"time": 3278, "pitch": 62, "duration": 7, "velocity": 83}, {"time": 3278, "pitch": 65, "duration": 8, "velocity": 83}, {"time": 3278, "pitch": 69, "duration": 7, "velocity": 83}, {"time": 3290, "pitch": 62, "duration": 4, "velocity": 85}, {"time": 3290, "pitch": 65, "duration": 3, "velocity": 83}, {"time": 3290, "pitch": 69, "duration": 4, "velocity": 82}, {"time": 3296, "pitch": 50, "duration": 25, "velocity": 97}, {"time": 3296, "pitch": 62, "duration": 25, "velocity": 85}, {"time": 3296, "pitch": 65, "duration": 24, "velocity": 83}, {"time": 3296, "pitch": 69, "duration": 25, "velocity": 82}, {"time": 3326, "pitch": 43, "duration": 44, "velocity": 80}, {"time": 3326, "pitch": 55, "duration": 43, "velocity": 82}], "annotations": [{"time": 278, "annotation": {"number": 64, "value": 127}, "group": "control_change"}, {"time": 324, "annotation": {"number": 64, "value": 0}, "group": "control_change"}, {"time": 325, "annotation": {"number": 64, "value": 127}, "group": "control_change"}, {"time": 347, "annotation": {"number": 64, "value": 74}, "group": "control_change"}, {"time": 347, "annotation": {"number": 64, "value": 0}, "group": "control_change"}, {"time": 349, "annotation": {"number": 64, "value": 127}, "group": "control_change"}, {"time": 372, "annotation": {"number": 64, "value": 0}, "group": "control_change"}, {"time": 374, "annotation": {"number": 64, "value": 127}, "group": "control_change"}, {"time": 390, "annotation": {"number": 64, "value": 38}, "group": "control_change"}, {"time": 390, "annotation": {"number": 64, "value": 0}, "group": "control_change"}, {"time": 419, "annotation": {"number": 64, "value": 38}, "group": "control_change"}, {"time": 419, "annotation": {"number": 64, "value": 0}, "group": "control_change"}, {"time": 422, "annotation": {"number": 64, "value": 127}, "group": "control_change"}, {"time": 467, "annotation": {"number": 64, "value": 74}, "group": "control_change"}, {"time": 467, "annotation": {"number": 64, "value": 0}, "group": "control_change"}, {"time": 469, "annotation": {"number": 64, "value": 38}, "group": "control_change"}, {"time": 469, "annotation": {"number": 64, "value": 127}, "group": "control_change"}, {"time": 470, "annotation": {"number": 64, "value": 127}, "group": "control_change"}, {"time": 484, "annotation": {"number": 64, "value": 38}, "group": "control_change"}, {"time": 485, "annotation": {"number": 64, "value": 0}, "group": "control_change"}, {"time": 515, "annotation": {"number": 64, "value": 74}, "group": "control_change"}, {"time": 515, "annotation": {"number": 64, "value": 0}, "group": "control_change"}, {"time": 517, "annotation": {"number": 64, "value": 127}, "group": "control_change"}, {"time": 518, "annotation": {"number": 64, "value": 127}, "group": "control_change"}, {"time": 527, "annotation": {"number": 64, "value": 38}, "group": "control_change"}, {"time": 527, "annotation": {"number": 64, "value": 0}, "group": "control_change"}, {"time": 538, "annotation": {"number": 64, "value": 38}, "group": "control_change"}, {"time": 539, "annotation": {"number": 64, "value": 0}, "group": "control_change"}, {"time": 541, "annotation": {"number": 64, "value": 38}, "group": "control_change"}, {"time": 541, "annotation": {"number": 64, "value": 127}, "group": "control_change"}, {"time": 563, "annotation": {"number": 64, "value": 38}, "group": "control_change"}, {"time": 563, "annotation": {"number": 64, "value": 0}, "group": "control_change"}, {"time": 566, "annotation": {"number": 64, "value": 127}, "group": "control_change"}, {"time": 575, "annotation": {"number": 64, "value": 74}, "group": "control_change"}, {"time": 575, "annotation": {"number": 64, "value": 38}, "group": "control_change"}, {"time": 575, "annotation": {"number": 64, "value": 0}, "group": "control_change"}, {"time": 576, "annotation": {"number": 64, "value": 38}, "group": "control_change"}, {"time": 576, "annotation": {"number": 64, "value": 127}, "group": "control_change"}, {"time": 579, "annotation": {"number": 64, "value": 38}, "group": "control_change"}, {"time": 579, "annotation": {"number": 64, "value": 0}, "group": "control_change"}, {"time": 611, "annotation": {"number": 64, "value": 74}, "group": "control_change"}, {"time": 611, "annotation": {"number": 64, "value": 0}, "group": "control_change"}, {"time": 614, "annotation": {"number": 64, "value": 127}, "group": "control_change"}, {"time": 659, "annotation": {"number": 64, "value": 38}, "group": "control_change"}, {"time": 659, "annotation": {"number": 64, "value": 0}, "group": "control_change"}, {"time": 662, "annotation": {"number": 64, "value": 127}, "group": "control_change"}, {"time": 708, "annotation": {"number": 64, "value": 0}, "group": "control_change"}, {"time": 710, "annotation": {"number": 64, "value": 127}, "group": "control_change"}, {"time": 732, "annotation": {"number": 64, "value": 38}, "group": "control_change"}, {"time": 732, "annotation": {"number": 64, "value": 0}, "group": "control_change"}, {"time": 733, "annotation": {"number": 64, "value": 127}, "group": "control_change"}, {"time": 756, "annotation": {"number": 64, "value": 38}, "group": "control_change"}, {"time": 756, "annotation": {"number": 64, "value": 0}, "group": "control_change"}, {"time": 757, "annotation": {"number": 64, "value": 74}, "group": "control_change"}, {"time": 757, "annotation": {"number": 64, "value": 127}, "group": "control_change"}, {"time": 758, "annotation": {"number": 64, "value": 127}, "group": "control_change"}, {"time": 770, "annotation": {"number": 64, "value": 74}, "group": "control_change"}, {"time": 770, "annotation": {"number": 64, "value": 38}, "group": "control_change"}, {"time": 770, "annotation": {"number": 64, "value": 0}, "group": "control_change"}, {"time": 778, "annotation": {"number": 64, "value": 0}, "group": "control_change"}, {"time": 781, "annotation": {"number": 64, "value": 127}, "group": "control_change"}, {"time": 784, "annotation": {"number": 64, "value": 38}, "group": "control_change"}, {"time": 784, "annotation": {"number": 64, "value": 0}, "group": "control_change"}, {"time": 804, "annotation": {"number": 64, "value": 38}, "group": "control_change"}, {"time": 804, "annotation": {"number": 64, "value": 0}, "group": "control_change"}, {"time": 806, "annotation": {"number": 64, "value": 127}, "group": "control_change"}, {"time": 851, "annotation": {"number": 64, "value": 0}, "group": "control_change"}, {"time": 853, "annotation": {"number": 64, "value": 127}, "group": "control_change"}, {"time": 872, "annotation": {"number": 64, "value": 0}, "group": "control_change"}, {"time": 899, "annotation": {"number": 64, "value": 38}, "group": "control_change"}, {"time": 899, "annotation": {"number": 64, "value": 0}, "group": "control_change"}, {"time": 901, "annotation": {"number": 64, "value": 127}, "group": "control_change"}, {"time": 911, "annotation": {"number": 64, "value": 0}, "group": "control_change"}, {"time": 923, "annotation": {"number": 64, "value": 38}, "group": "control_change"}, {"time": 923, "annotation": {"number": 64, "value": 0}, "group": "control_change"}, {"time": 926, "annotation": {"number": 64, "value": 127}, "group": "control_change"}, {"time": 947, "annotation": {"number": 64, "value": 0}, "group": "control_change"}, {"time": 949, "annotation": {"number": 64, "value": 74}, "group": "control_change"}, {"time": 949, "annotation": {"number": 64, "value": 127}, "group": "control_change"}, {"time": 950, "annotation": {"number": 64, "value": 127}, "group": "control_change"}, {"time": 961, "annotation": {"number": 64, "value": 38}, "group": "control_change"}, {"time": 961, "annotation": {"number": 64, "value": 0}, "group": "control_change"}, {"time": 995, "annotation": {"number": 64, "value": 38}, "group": "control_change"}, {"time": 995, "annotation": {"number": 64, "value": 0}, "group": "control_change"}, {"time": 997, "annotation": {"number": 64, "value": 127}, "group": "control_change"}, {"time": 1043, "annotation": {"number": 64, "value": 0}, "group": "control_change"}, {"time": 1045, "annotation": {"number": 64, "value": 127}, "group": "control_change"}, {"time": 1091, "annotation": {"number": 64, "value": 0}, "group": "control_change"}, {"time": 1093, "annotation": {"number": 64, "value": 127}, "group": "control_change"}, {"time": 1102, "annotation": {"number": 64, "value": 38}, "group": "control_change"}, {"time": 1103, "annotation": {"number": 64, "value": 0}, "group": "control_change"}, {"time": 1859, "annotation": {"number": 64, "value": 0}, "group": "control_change"}, {"time": 1861, "annotation": {"number": 64, "value": 127}, "group": "control_change"}, {"time": 1870, "annotation": {"number": 64, "value": 38}, "group": "control_change"}, {"time": 1871, "annotation": {"number": 64, "value": 0}, "group": "control_change"}, {"time": 2198, "annotation": {"number": 64, "value": 127}, "group": "control_change"}, {"time": 2244, "annotation": {"number": 64, "value": 0}, "group": "control_change"}, {"time": 2246, "annotation": {"number": 64, "value": 127}, "group": "control_change"}, {"time": 2268, "annotation": {"number": 64, "value": 38}, "group": "control_change"}, {"time": 2268, "annotation": {"number": 64, "value": 0}, "group": "control_change"}, {"time": 2269, "annotation": {"number": 64, "value": 127}, "group": "control_change"}, {"time": 2292, "annotation": {"number": 64, "value": 38}, "group": "control_change"}, {"time": 2292, "annotation": {"number": 64, "value": 0}, "group": "control_change"}, {"time": 2293, "annotation": {"number": 64, "value": 74}, "group": "control_change"}, {"time": 2293, "annotation": {"number": 64, "value": 127}, "group": "control_change"}, {"time": 2294, "annotation": {"number": 64, "value": 127}, "group": "control_change"}, {"time": 2306, "annotation": {"number": 64, "value": 74}, "group": "control_change"}, {"time": 2306, "annotation": {"number": 64, "value": 38}, "group": "control_change"}, {"time": 2306, "annotation": {"number": 64, "value": 0}, "group": "control_change"}, {"time": 2314, "annotation": {"number": 64, "value": 0}, "group": "control_change"}, {"time": 2317, "annotation": {"number": 64, "value": 127}, "group": "control_change"}, {"time": 2320, "annotation": {"number": 64, "value": 38}, "group": "control_change"}, {"time": 2320, "annotation": {"number": 64, "value": 0}, "group": "control_change"}, {"time": 2340, "annotation": {"number": 64, "value": 38}, "group": "control_change"}, {"time": 2340, "annotation": {"number": 64, "value": 0}, "group": "control_change"}, {"time": 2342, "annotation": {"number": 64, "value": 127}, "group": "control_change"}, {"time": 2387, "annotation": {"number": 64, "value": 0}, "group": "control_change"}, {"time": 2389, "annotation": {"number": 64, "value": 127}, "group": "control_change"}, {"time": 2408, "annotation": {"number": 64, "value": 0}, "group": "control_change"}, {"time": 2435, "annotation": {"number": 64, "value": 38}, "group": "control_change"}, {"time": 2435, "annotation": {"number": 64, "value": 0}, "group": "control_change"}, {"time": 2437, "annotation": {"number": 64, "value": 127}, "group": "control_change"}, {"time": 2447, "annotation": {"number": 64, "value": 0}, "group": "control_change"}, {"time": 2459, "annotation": {"number": 64, "value": 38}, "group": "control_change"}, {"time": 2459, "annotation": {"number": 64, "value": 0}, "group": "control_change"}, {"time": 2462, "annotation": {"number": 64, "value": 127}, "group": "control_change"}, {"time": 2483, "annotation": {"number": 64, "value": 0}, "group": "control_change"}, {"time": 2485, "annotation": {"number": 64, "value": 74}, "group": "control_change"}, {"time": 2485, "annotation": {"number": 64, "value": 127}, "group": "control_change"}, {"time": 2486, "annotation": {"number": 64, "value": 127}, "group": "control_change"}, {"time": 2497, "annotation": {"number": 64, "value": 38}, "group": "control_change"}, {"time": 2497, "annotation": {"number": 64, "value": 0}, "group": "control_change"}, {"time": 2531, "annotation": {"number": 64, "value": 38}, "group": "control_change"}, {"time": 2531, "annotation": {"number": 64, "value": 0}, "group": "control_change"}, {"time": 2533, "annotation": {"number": 64, "value": 127}, "group": "control_change"}, {"time": 2579, "annotation": {"number": 64, "value": 0}, "group": "control_change"}, {"time": 2581, "annotation": {"number": 64, "value": 127}, "group": "control_change"}, {"time": 2627, "annotation": {"number": 64, "value": 0}, "group": "control_change"}, {"time": 2629, "annotation": {"number": 64, "value": 127}, "group": "control_change"}, {"time": 2638, "annotation": {"number": 64, "value": 38}, "group": "control_change"}, {"time": 2639, "annotation": {"number": 64, "value": 0}, "group": "control_change"}]}]}