{"metadata": {"schema_version": "0.2", "title": "None", "source_filename": "313.mid", "source_format": "midi"}, "resolution": 12, "tempos": [{"time": 0, "qpm": 62.00005993339127}], "time_signatures": [{"time": 0, "numerator": 4, "denominator": 4}], "tracks": [{"program": 0, "is_drum": false, "name": "MELODY", "notes": [{"time": 214, "pitch": 73, "duration": 3, "velocity": 114}, {"time": 217, "pitch": 72, "duration": 3, "velocity": 92}, {"time": 220, "pitch": 73, "duration": 3, "velocity": 92}, {"time": 223, "pitch": 72, "duration": 4, "velocity": 93}, {"time": 226, "pitch": 73, "duration": 6, "velocity": 96}, {"time": 232, "pitch": 70, "duration": 3, "velocity": 102}, {"time": 235, "pitch": 73, "duration": 15, "velocity": 110}, {"time": 250, "pitch": 75, "duration": 6, "velocity": 113}, {"time": 256, "pitch": 73, "duration": 6, "velocity": 102}, {"time": 262, "pitch": 72, "duration": 4, "velocity": 102}, {"time": 265, "pitch": 70, "duration": 3, "velocity": 89}, {"time": 268, "pitch": 72, "duration": 3, "velocity": 96}, {"time": 271, "pitch": 70, "duration": 3, "velocity": 91}, {"time": 274, "pitch": 72, "duration": 6, "velocity": 108}, {"time": 280, "pitch": 68, "duration": 3, "velocity": 102}, {"time": 283, "pitch": 72, "duration": 27, "velocity": 110}, {"time": 310, "pitch": 73, "duration": 3, "velocity": 107}, {"time": 313, "pitch": 72, "duration": 3, "velocity": 91}, {"time": 316, "pitch": 73, "duration": 3, "velocity": 96}, {"time": 319, "pitch": 72, "duration": 4, "velocity": 96}, {"time": 322, "pitch": 73, "duration": 6, "velocity": 107}, {"time": 328, "pitch": 70, "duration": 3, "velocity": 94}, {"time": 331, "pitch": 73, "duration": 15, "velocity": 107}, {"time": 346, "pitch": 75, "duration": 6, "velocity": 107}, {"time": 352, "pitch": 73, "duration": 6, "velocity": 96}, {"time": 358, "pitch": 72, "duration": 3, "velocity": 108}, {"time": 361, "pitch": 70, "duration": 3, "velocity": 89}, {"time": 364, "pitch": 72, "duration": 3, "velocity": 92}, {"time": 367, "pitch": 70, "duration": 3, "velocity": 90}, {"time": 370, "pitch": 72, "duration": 6, "velocity": 104}, {"time": 376, "pitch": 68, "duration": 6, "velocity": 91}, {"time": 382, "pitch": 77, "duration": 24, "velocity": 93}, {"time": 406, "pitch": 78, "duration": 3, "velocity": 110}, {"time": 409, "pitch": 77, "duration": 3, "velocity": 93}, {"time": 412, "pitch": 78, "duration": 3, "velocity": 94}, {"time": 415, "pitch": 77, "duration": 3, "velocity": 92}, {"time": 418, "pitch": 78, "duration": 6, "velocity": 104}, {"time": 424, "pitch": 70, "duration": 3, "velocity": 84}, {"time": 427, "pitch": 77, "duration": 6, "velocity": 107}, {"time": 433, "pitch": 75, "duration": 21, "velocity": 102}, {"time": 454, "pitch": 77, "duration": 3, "velocity": 107}, {"time": 457, "pitch": 75, "duration": 3, "velocity": 91}, {"time": 460, "pitch": 77, "duration": 3, "velocity": 96}, {"time": 463, "pitch": 75, "duration": 3, "velocity": 92}, {"time": 466, "pitch": 77, "duration": 6, "velocity": 108}, {"time": 472, "pitch": 75, "duration": 3, "velocity": 98}, {"time": 475, "pitch": 75, "duration": 6, "velocity": 104}, {"time": 481, "pitch": 73, "duration": 21, "velocity": 96}, {"time": 502, "pitch": 75, "duration": 3, "velocity": 108}, {"time": 505, "pitch": 73, "duration": 3, "velocity": 87}, {"time": 508, "pitch": 75, "duration": 3, "velocity": 96}, {"time": 511, "pitch": 73, "duration": 3, "velocity": 87}, {"time": 514, "pitch": 75, "duration": 6, "velocity": 102}, {"time": 520, "pitch": 77, "duration": 3, "velocity": 92}, {"time": 523, "pitch": 75, "duration": 6, "velocity": 96}, {"time": 529, "pitch": 72, "duration": 9, "velocity": 94}, {"time": 538, "pitch": 72, "duration": 6, "velocity": 102}, {"time": 544, "pitch": 68, "duration": 3, "velocity": 89}, {"time": 547, "pitch": 70, "duration": 51, "velocity": 96}, {"time": 598, "pitch": 73, "duration": 3, "velocity": 114}, {"time": 601, "pitch": 72, "duration": 3, "velocity": 92}, {"time": 604, "pitch": 73, "duration": 3, "velocity": 92}, {"time": 607, "pitch": 72, "duration": 4, "velocity": 93}, {"time": 610, "pitch": 73, "duration": 6, "velocity": 96}, {"time": 616, "pitch": 70, "duration": 3, "velocity": 102}, {"time": 619, "pitch": 73, "duration": 15, "velocity": 110}, {"time": 634, "pitch": 75, "duration": 6, "velocity": 113}, {"time": 640, "pitch": 73, "duration": 6, "velocity": 102}, {"time": 646, "pitch": 72, "duration": 4, "velocity": 102}, {"time": 649, "pitch": 70, "duration": 3, "velocity": 89}, {"time": 652, "pitch": 72, "duration": 3, "velocity": 96}, {"time": 655, "pitch": 70, "duration": 3, "velocity": 91}, {"time": 658, "pitch": 72, "duration": 6, "velocity": 108}, {"time": 664, "pitch": 68, "duration": 3, "velocity": 102}, {"time": 667, "pitch": 72, "duration": 27, "velocity": 110}, {"time": 694, "pitch": 73, "duration": 3, "velocity": 107}, {"time": 697, "pitch": 72, "duration": 3, "velocity": 91}, {"time": 700, "pitch": 73, "duration": 3, "velocity": 96}, {"time": 703, "pitch": 72, "duration": 4, "velocity": 96}, {"time": 706, "pitch": 73, "duration": 6, "velocity": 107}, {"time": 712, "pitch": 70, "duration": 3, "velocity": 94}, {"time": 715, "pitch": 73, "duration": 15, "velocity": 107}, {"time": 730, "pitch": 75, "duration": 6, "velocity": 107}, {"time": 736, "pitch": 73, "duration": 6, "velocity": 96}, {"time": 742, "pitch": 72, "duration": 3, "velocity": 108}, {"time": 745, "pitch": 70, "duration": 3, "velocity": 89}, {"time": 748, "pitch": 72, "duration": 3, "velocity": 92}, {"time": 751, "pitch": 70, "duration": 3, "velocity": 90}, {"time": 754, "pitch": 72, "duration": 6, "velocity": 104}, {"time": 760, "pitch": 68, "duration": 6, "velocity": 91}, {"time": 766, "pitch": 77, "duration": 24, "velocity": 93}, {"time": 790, "pitch": 78, "duration": 3, "velocity": 110}, {"time": 793, "pitch": 77, "duration": 3, "velocity": 93}, {"time": 796, "pitch": 78, "duration": 3, "velocity": 94}, {"time": 799, "pitch": 77, "duration": 3, "velocity": 92}, {"time": 802, "pitch": 78, "duration": 6, "velocity": 104}, {"time": 808, "pitch": 70, "duration": 3, "velocity": 84}, {"time": 811, "pitch": 77, "duration": 6, "velocity": 107}, {"time": 817, "pitch": 75, "duration": 21, "velocity": 102}, {"time": 838, "pitch": 77, "duration": 3, "velocity": 107}, {"time": 841, "pitch": 75, "duration": 3, "velocity": 91}, {"time": 844, "pitch": 77, "duration": 3, "velocity": 96}, {"time": 847, "pitch": 75, "duration": 3, "velocity": 92}, {"time": 850, "pitch": 77, "duration": 6, "velocity": 108}, {"time": 856, "pitch": 75, "duration": 3, "velocity": 98}, {"time": 859, "pitch": 75, "duration": 6, "velocity": 104}, {"time": 865, "pitch": 73, "duration": 21, "velocity": 96}, {"time": 886, "pitch": 75, "duration": 3, "velocity": 108}, {"time": 889, "pitch": 73, "duration": 3, "velocity": 87}, {"time": 892, "pitch": 75, "duration": 3, "velocity": 96}, {"time": 895, "pitch": 73, "duration": 3, "velocity": 87}, {"time": 898, "pitch": 75, "duration": 6, "velocity": 102}, {"time": 904, "pitch": 77, "duration": 3, "velocity": 92}, {"time": 907, "pitch": 75, "duration": 6, "velocity": 96}, {"time": 913, "pitch": 72, "duration": 9, "velocity": 94}, {"time": 922, "pitch": 72, "duration": 6, "velocity": 102}, {"time": 928, "pitch": 68, "duration": 3, "velocity": 89}, {"time": 931, "pitch": 70, "duration": 39, "velocity": 96}, {"time": 970, "pitch": 70, "duration": 3, "velocity": 117}, {"time": 973, "pitch": 72, "duration": 3, "velocity": 108}, {"time": 976, "pitch": 73, "duration": 3, "velocity": 104}, {"time": 979, "pitch": 77, "duration": 3, "velocity": 114}, {"time": 982, "pitch": 82, "duration": 12, "velocity": 120}, {"time": 994, "pitch": 77, "duration": 12, "velocity": 116}, {"time": 1006, "pitch": 78, "duration": 3, "velocity": 113}, {"time": 1009, "pitch": 80, "duration": 6, "velocity": 110}, {"time": 1015, "pitch": 75, "duration": 15, "velocity": 114}, {"time": 1030, "pitch": 84, "duration": 3, "velocity": 114}, {"time": 1033, "pitch": 82, "duration": 3, "velocity": 98}, {"time": 1036, "pitch": 84, "duration": 3, "velocity": 108}, {"time": 1039, "pitch": 82, "duration": 3, "velocity": 100}, {"time": 1042, "pitch": 84, "duration": 3, "velocity": 119}, {"time": 1045, "pitch": 80, "duration": 6, "velocity": 114}, {"time": 1051, "pitch": 75, "duration": 3, "velocity": 104}, {"time": 1054, "pitch": 78, "duration": 7, "velocity": 114}, {"time": 1060, "pitch": 77, "duration": 12, "velocity": 110}, {"time": 1072, "pitch": 82, "duration": 4, "velocity": 110}, {"time": 1075, "pitch": 80, "duration": 3, "velocity": 100}, {"time": 1078, "pitch": 82, "duration": 6, "velocity": 116}, {"time": 1084, "pitch": 80, "duration": 3, "velocity": 102}, {"time": 1087, "pitch": 82, "duration": 9, "velocity": 114}, {"time": 1096, "pitch": 73, "duration": 6, "velocity": 110}, {"time": 1102, "pitch": 75, "duration": 6, "velocity": 114}, {"time": 1108, "pitch": 77, "duration": 3, "velocity": 108}, {"time": 1111, "pitch": 75, "duration": 9, "velocity": 113}, {"time": 1120, "pitch": 77, "duration": 3, "velocity": 114}, {"time": 1123, "pitch": 75, "duration": 3, "velocity": 104}, {"time": 1126, "pitch": 77, "duration": 6, "velocity": 117}, {"time": 1132, "pitch": 77, "duration": 3, "velocity": 107}, {"time": 1135, "pitch": 77, "duration": 9, "velocity": 113}, {"time": 1144, "pitch": 75, "duration": 3, "velocity": 110}, {"time": 1147, "pitch": 77, "duration": 15, "velocity": 114}, {"time": 1162, "pitch": 70, "duration": 3, "velocity": 117}, {"time": 1165, "pitch": 72, "duration": 3, "velocity": 108}, {"time": 1168, "pitch": 73, "duration": 3, "velocity": 104}, {"time": 1171, "pitch": 77, "duration": 3, "velocity": 114}, {"time": 1174, "pitch": 82, "duration": 12, "velocity": 120}, {"time": 1186, "pitch": 77, "duration": 12, "velocity": 116}, {"time": 1198, "pitch": 78, "duration": 3, "velocity": 113}, {"time": 1201, "pitch": 80, "duration": 6, "velocity": 110}, {"time": 1207, "pitch": 75, "duration": 15, "velocity": 114}, {"time": 1222, "pitch": 84, "duration": 3, "velocity": 114}, {"time": 1225, "pitch": 82, "duration": 3, "velocity": 98}, {"time": 1228, "pitch": 84, "duration": 3, "velocity": 108}, {"time": 1231, "pitch": 82, "duration": 3, "velocity": 100}, {"time": 1234, "pitch": 84, "duration": 3, "velocity": 119}, {"time": 1237, "pitch": 80, "duration": 6, "velocity": 114}, {"time": 1243, "pitch": 75, "duration": 3, "velocity": 104}, {"time": 1246, "pitch": 78, "duration": 7, "velocity": 114}, {"time": 1252, "pitch": 77, "duration": 12, "velocity": 110}, {"time": 1264, "pitch": 82, "duration": 4, "velocity": 110}, {"time": 1267, "pitch": 80, "duration": 3, "velocity": 100}, {"time": 1270, "pitch": 82, "duration": 6, "velocity": 116}, {"time": 1276, "pitch": 80, "duration": 3, "velocity": 102}, {"time": 1279, "pitch": 82, "duration": 9, "velocity": 114}, {"time": 1288, "pitch": 73, "duration": 6, "velocity": 110}, {"time": 1294, "pitch": 75, "duration": 6, "velocity": 114}, {"time": 1300, "pitch": 77, "duration": 3, "velocity": 108}, {"time": 1303, "pitch": 75, "duration": 9, "velocity": 113}, {"time": 1312, "pitch": 77, "duration": 3, "velocity": 114}, {"time": 1315, "pitch": 75, "duration": 3, "velocity": 104}, {"time": 1318, "pitch": 77, "duration": 6, "velocity": 117}, {"time": 1324, "pitch": 75, "duration": 3, "velocity": 107}, {"time": 1327, "pitch": 77, "duration": 12, "velocity": 113}, {"time": 1339, "pitch": 75, "duration": 3, "velocity": 104}, {"time": 1342, "pitch": 77, "duration": 6, "velocity": 113}, {"time": 1348, "pitch": 75, "duration": 3, "velocity": 108}, {"time": 1351, "pitch": 73, "duration": 6, "velocity": 108}, {"time": 1357, "pitch": 75, "duration": 9, "velocity": 117}, {"time": 1366, "pitch": 70, "duration": 9, "velocity": 104}, {"time": 1414, "pitch": 73, "duration": 3, "velocity": 114}, {"time": 1417, "pitch": 72, "duration": 3, "velocity": 92}, {"time": 1420, "pitch": 73, "duration": 3, "velocity": 92}, {"time": 1423, "pitch": 72, "duration": 4, "velocity": 93}, {"time": 1426, "pitch": 73, "duration": 6, "velocity": 96}, {"time": 1432, "pitch": 70, "duration": 3, "velocity": 102}, {"time": 1435, "pitch": 73, "duration": 15, "velocity": 110}, {"time": 1450, "pitch": 75, "duration": 6, "velocity": 113}, {"time": 1456, "pitch": 73, "duration": 6, "velocity": 102}, {"time": 1462, "pitch": 72, "duration": 4, "velocity": 102}, {"time": 1465, "pitch": 70, "duration": 3, "velocity": 89}, {"time": 1468, "pitch": 72, "duration": 3, "velocity": 96}, {"time": 1471, "pitch": 70, "duration": 3, "velocity": 91}, {"time": 1474, "pitch": 72, "duration": 6, "velocity": 108}, {"time": 1480, "pitch": 68, "duration": 3, "velocity": 102}, {"time": 1483, "pitch": 72, "duration": 27, "velocity": 110}, {"time": 1510, "pitch": 73, "duration": 3, "velocity": 107}, {"time": 1513, "pitch": 72, "duration": 3, "velocity": 91}, {"time": 1516, "pitch": 73, "duration": 3, "velocity": 96}, {"time": 1519, "pitch": 72, "duration": 4, "velocity": 96}, {"time": 1522, "pitch": 73, "duration": 6, "velocity": 107}, {"time": 1528, "pitch": 70, "duration": 3, "velocity": 94}, {"time": 1531, "pitch": 73, "duration": 15, "velocity": 107}, {"time": 1546, "pitch": 75, "duration": 6, "velocity": 107}, {"time": 1552, "pitch": 73, "duration": 6, "velocity": 96}, {"time": 1558, "pitch": 72, "duration": 3, "velocity": 108}, {"time": 1561, "pitch": 70, "duration": 3, "velocity": 89}, {"time": 1564, "pitch": 72, "duration": 3, "velocity": 92}, {"time": 1567, "pitch": 70, "duration": 3, "velocity": 90}, {"time": 1570, "pitch": 72, "duration": 6, "velocity": 104}, {"time": 1576, "pitch": 68, "duration": 6, "velocity": 91}, {"time": 1582, "pitch": 77, "duration": 24, "velocity": 93}, {"time": 1606, "pitch": 78, "duration": 3, "velocity": 110}, {"time": 1609, "pitch": 77, "duration": 3, "velocity": 93}, {"time": 1612, "pitch": 78, "duration": 3, "velocity": 94}, {"time": 1615, "pitch": 77, "duration": 3, "velocity": 92}, {"time": 1618, "pitch": 78, "duration": 6, "velocity": 104}, {"time": 1624, "pitch": 70, "duration": 3, "velocity": 84}, {"time": 1627, "pitch": 77, "duration": 6, "velocity": 107}, {"time": 1633, "pitch": 75, "duration": 21, "velocity": 102}, {"time": 1654, "pitch": 77, "duration": 3, "velocity": 107}, {"time": 1657, "pitch": 75, "duration": 3, "velocity": 91}, {"time": 1660, "pitch": 77, "duration": 3, "velocity": 96}, {"time": 1663, "pitch": 75, "duration": 3, "velocity": 92}, {"time": 1666, "pitch": 77, "duration": 6, "velocity": 108}, {"time": 1672, "pitch": 75, "duration": 3, "velocity": 98}, {"time": 1675, "pitch": 75, "duration": 6, "velocity": 104}, {"time": 1681, "pitch": 73, "duration": 21, "velocity": 96}, {"time": 1702, "pitch": 75, "duration": 3, "velocity": 108}, {"time": 1705, "pitch": 73, "duration": 3, "velocity": 87}, {"time": 1708, "pitch": 75, "duration": 3, "velocity": 96}, {"time": 1711, "pitch": 73, "duration": 3, "velocity": 87}, {"time": 1714, "pitch": 75, "duration": 6, "velocity": 102}, {"time": 1720, "pitch": 77, "duration": 3, "velocity": 92}, {"time": 1723, "pitch": 75, "duration": 9, "velocity": 96}, {"time": 1732, "pitch": 72, "duration": 6, "velocity": 94}, {"time": 1738, "pitch": 72, "duration": 3, "velocity": 102}, {"time": 1741, "pitch": 73, "duration": 6, "velocity": 89}, {"time": 1747, "pitch": 72, "duration": 4, "velocity": 96}, {"time": 1750, "pitch": 70, "duration": 12, "velocity": 96}, {"time": 1786, "pitch": 70, "duration": 3, "velocity": 117}, {"time": 1789, "pitch": 72, "duration": 3, "velocity": 108}, {"time": 1792, "pitch": 73, "duration": 3, "velocity": 104}, {"time": 1795, "pitch": 77, "duration": 3, "velocity": 114}, {"time": 1798, "pitch": 82, "duration": 12, "velocity": 120}, {"time": 1810, "pitch": 77, "duration": 12, "velocity": 116}, {"time": 1822, "pitch": 78, "duration": 3, "velocity": 113}, {"time": 1825, "pitch": 80, "duration": 6, "velocity": 110}, {"time": 1831, "pitch": 75, "duration": 15, "velocity": 114}, {"time": 1846, "pitch": 84, "duration": 3, "velocity": 114}, {"time": 1849, "pitch": 82, "duration": 3, "velocity": 98}, {"time": 1852, "pitch": 84, "duration": 3, "velocity": 108}, {"time": 1855, "pitch": 82, "duration": 3, "velocity": 100}, {"time": 1858, "pitch": 84, "duration": 3, "velocity": 119}, {"time": 1861, "pitch": 80, "duration": 6, "velocity": 114}, {"time": 1867, "pitch": 75, "duration": 3, "velocity": 104}, {"time": 1870, "pitch": 78, "duration": 7, "velocity": 114}, {"time": 1876, "pitch": 77, "duration": 12, "velocity": 110}, {"time": 1888, "pitch": 82, "duration": 4, "velocity": 110}, {"time": 1891, "pitch": 80, "duration": 3, "velocity": 100}, {"time": 1894, "pitch": 82, "duration": 6, "velocity": 116}, {"time": 1900, "pitch": 80, "duration": 3, "velocity": 102}, {"time": 1903, "pitch": 82, "duration": 9, "velocity": 114}, {"time": 1912, "pitch": 73, "duration": 6, "velocity": 110}, {"time": 1918, "pitch": 75, "duration": 6, "velocity": 114}, {"time": 1924, "pitch": 77, "duration": 3, "velocity": 108}, {"time": 1927, "pitch": 75, "duration": 9, "velocity": 113}, {"time": 1936, "pitch": 77, "duration": 3, "velocity": 114}, {"time": 1939, "pitch": 75, "duration": 3, "velocity": 104}, {"time": 1942, "pitch": 77, "duration": 6, "velocity": 117}, {"time": 1948, "pitch": 77, "duration": 3, "velocity": 107}, {"time": 1951, "pitch": 77, "duration": 9, "velocity": 113}, {"time": 1960, "pitch": 75, "duration": 3, "velocity": 110}, {"time": 1963, "pitch": 77, "duration": 15, "velocity": 114}, {"time": 1978, "pitch": 70, "duration": 3, "velocity": 117}, {"time": 1981, "pitch": 72, "duration": 3, "velocity": 108}, {"time": 1984, "pitch": 73, "duration": 3, "velocity": 104}, {"time": 1987, "pitch": 77, "duration": 3, "velocity": 114}, {"time": 1990, "pitch": 82, "duration": 12, "velocity": 120}, {"time": 2002, "pitch": 77, "duration": 12, "velocity": 116}, {"time": 2014, "pitch": 78, "duration": 3, "velocity": 113}, {"time": 2017, "pitch": 80, "duration": 6, "velocity": 110}, {"time": 2023, "pitch": 75, "duration": 15, "velocity": 114}, {"time": 2038, "pitch": 84, "duration": 3, "velocity": 114}, {"time": 2041, "pitch": 82, "duration": 3, "velocity": 98}, {"time": 2044, "pitch": 84, "duration": 3, "velocity": 108}, {"time": 2047, "pitch": 82, "duration": 3, "velocity": 100}, {"time": 2050, "pitch": 84, "duration": 3, "velocity": 119}, {"time": 2053, "pitch": 80, "duration": 6, "velocity": 114}, {"time": 2059, "pitch": 75, "duration": 3, "velocity": 104}, {"time": 2062, "pitch": 78, "duration": 7, "velocity": 114}, {"time": 2068, "pitch": 77, "duration": 12, "velocity": 110}, {"time": 2080, "pitch": 82, "duration": 4, "velocity": 110}, {"time": 2083, "pitch": 80, "duration": 3, "velocity": 100}, {"time": 2086, "pitch": 82, "duration": 6, "velocity": 116}, {"time": 2092, "pitch": 80, "duration": 3, "velocity": 102}, {"time": 2095, "pitch": 82, "duration": 9, "velocity": 114}, {"time": 2104, "pitch": 73, "duration": 6, "velocity": 110}, {"time": 2110, "pitch": 75, "duration": 3, "velocity": 114}, {"time": 2113, "pitch": 77, "duration": 6, "velocity": 108}, {"time": 2119, "pitch": 75, "duration": 9, "velocity": 113}, {"time": 2128, "pitch": 77, "duration": 3, "velocity": 114}, {"time": 2131, "pitch": 75, "duration": 3, "velocity": 104}, {"time": 2134, "pitch": 77, "duration": 6, "velocity": 117}, {"time": 2140, "pitch": 75, "duration": 3, "velocity": 107}, {"time": 2143, "pitch": 77, "duration": 12, "velocity": 113}, {"time": 2155, "pitch": 75, "duration": 3, "velocity": 104}, {"time": 2158, "pitch": 77, "duration": 6, "velocity": 113}, {"time": 2164, "pitch": 75, "duration": 3, "velocity": 108}, {"time": 2167, "pitch": 73, "duration": 6, "velocity": 108}, {"time": 2173, "pitch": 75, "duration": 9, "velocity": 117}, {"time": 2182, "pitch": 70, "duration": 9, "velocity": 104}, {"time": 2218, "pitch": 70, "duration": 3, "velocity": 117}, {"time": 2221, "pitch": 72, "duration": 3, "velocity": 108}, {"time": 2224, "pitch": 73, "duration": 3, "velocity": 104}, {"time": 2227, "pitch": 77, "duration": 3, "velocity": 114}, {"time": 2230, "pitch": 82, "duration": 12, "velocity": 120}, {"time": 2242, "pitch": 77, "duration": 12, "velocity": 116}, {"time": 2254, "pitch": 78, "duration": 3, "velocity": 113}, {"time": 2257, "pitch": 80, "duration": 6, "velocity": 110}, {"time": 2263, "pitch": 75, "duration": 15, "velocity": 114}, {"time": 2278, "pitch": 84, "duration": 3, "velocity": 114}, {"time": 2281, "pitch": 82, "duration": 3, "velocity": 98}, {"time": 2284, "pitch": 84, "duration": 3, "velocity": 108}, {"time": 2287, "pitch": 82, "duration": 3, "velocity": 100}, {"time": 2290, "pitch": 84, "duration": 3, "velocity": 119}, {"time": 2293, "pitch": 80, "duration": 6, "velocity": 114}, {"time": 2299, "pitch": 75, "duration": 3, "velocity": 104}, {"time": 2302, "pitch": 78, "duration": 7, "velocity": 114}, {"time": 2308, "pitch": 77, "duration": 12, "velocity": 110}, {"time": 2320, "pitch": 82, "duration": 4, "velocity": 110}, {"time": 2323, "pitch": 80, "duration": 3, "velocity": 100}, {"time": 2326, "pitch": 82, "duration": 6, "velocity": 116}, {"time": 2332, "pitch": 80, "duration": 3, "velocity": 102}, {"time": 2335, "pitch": 82, "duration": 9, "velocity": 114}, {"time": 2344, "pitch": 73, "duration": 6, "velocity": 110}, {"time": 2350, "pitch": 75, "duration": 3, "velocity": 114}, {"time": 2353, "pitch": 77, "duration": 6, "velocity": 108}, {"time": 2359, "pitch": 75, "duration": 9, "velocity": 113}, {"time": 2368, "pitch": 77, "duration": 3, "velocity": 114}, {"time": 2371, "pitch": 75, "duration": 3, "velocity": 104}, {"time": 2374, "pitch": 77, "duration": 6, "velocity": 117}, {"time": 2380, "pitch": 77, "duration": 3, "velocity": 107}, {"time": 2383, "pitch": 77, "duration": 9, "velocity": 113}, {"time": 2392, "pitch": 75, "duration": 3, "velocity": 110}, {"time": 2395, "pitch": 77, "duration": 15, "velocity": 114}, {"time": 2410, "pitch": 70, "duration": 3, "velocity": 117}, {"time": 2413, "pitch": 72, "duration": 3, "velocity": 108}, {"time": 2416, "pitch": 73, "duration": 3, "velocity": 104}, {"time": 2419, "pitch": 77, "duration": 3, "velocity": 114}, {"time": 2422, "pitch": 82, "duration": 12, "velocity": 120}, {"time": 2434, "pitch": 77, "duration": 12, "velocity": 116}, {"time": 2446, "pitch": 78, "duration": 3, "velocity": 113}, {"time": 2449, "pitch": 80, "duration": 6, "velocity": 110}, {"time": 2455, "pitch": 75, "duration": 15, "velocity": 114}, {"time": 2470, "pitch": 84, "duration": 3, "velocity": 114}, {"time": 2473, "pitch": 82, "duration": 3, "velocity": 98}, {"time": 2476, "pitch": 84, "duration": 3, "velocity": 108}, {"time": 2479, "pitch": 82, "duration": 3, "velocity": 100}, {"time": 2482, "pitch": 84, "duration": 3, "velocity": 119}, {"time": 2485, "pitch": 80, "duration": 6, "velocity": 114}, {"time": 2491, "pitch": 75, "duration": 3, "velocity": 104}, {"time": 2494, "pitch": 78, "duration": 7, "velocity": 114}, {"time": 2500, "pitch": 77, "duration": 12, "velocity": 110}, {"time": 2512, "pitch": 82, "duration": 4, "velocity": 110}, {"time": 2515, "pitch": 80, "duration": 3, "velocity": 100}, {"time": 2518, "pitch": 82, "duration": 6, "velocity": 116}, {"time": 2524, "pitch": 80, "duration": 3, "velocity": 102}, {"time": 2527, "pitch": 82, "duration": 9, "velocity": 114}, {"time": 2536, "pitch": 73, "duration": 6, "velocity": 110}, {"time": 2542, "pitch": 75, "duration": 3, "velocity": 114}, {"time": 2545, "pitch": 77, "duration": 6, "velocity": 108}, {"time": 2551, "pitch": 75, "duration": 9, "velocity": 113}, {"time": 2560, "pitch": 77, "duration": 3, "velocity": 114}, {"time": 2563, "pitch": 75, "duration": 3, "velocity": 104}, {"time": 2566, "pitch": 77, "duration": 6, "velocity": 117}, {"time": 2572, "pitch": 75, "duration": 3, "velocity": 107}, {"time": 2575, "pitch": 77, "duration": 12, "velocity": 113}, {"time": 2587, "pitch": 75, "duration": 3, "velocity": 104}, {"time": 2590, "pitch": 77, "duration": 6, "velocity": 113}, {"time": 2596, "pitch": 75, "duration": 3, "velocity": 108}, {"time": 2599, "pitch": 73, "duration": 6, "velocity": 108}, {"time": 2605, "pitch": 75, "duration": 9, "velocity": 117}, {"time": 2614, "pitch": 70, "duration": 9, "velocity": 104}]}, {"program": 0, "is_drum": false, "name": "BRIDGE", "notes": [{"time": 10, "pitch": 70, "duration": 3, "velocity": 107}, {"time": 13, "pitch": 72, "duration": 3, "velocity": 98}, {"time": 16, "pitch": 73, "duration": 1, "velocity": 98}, {"time": 19, "pitch": 77, "duration": 3, "velocity": 94}, {"time": 22, "pitch": 82, "duration": 6, "velocity": 104}, {"time": 34, "pitch": 70, "duration": 3, "velocity": 89}, {"time": 37, "pitch": 72, "duration": 2, "velocity": 88}, {"time": 40, "pitch": 73, "duration": 2, "velocity": 83}, {"time": 43, "pitch": 77, "duration": 3, "velocity": 76}, {"time": 46, "pitch": 82, "duration": 5, "velocity": 88}, {"time": 64, "pitch": 82, "duration": 5, "velocity": 82}, {"time": 70, "pitch": 80, "duration": 4, "velocity": 86}, {"time": 79, "pitch": 75, "duration": 8, "velocity": 92}, {"time": 88, "pitch": 78, "duration": 6, "velocity": 91}, {"time": 94, "pitch": 77, "duration": 5, "velocity": 88}, {"time": 106, "pitch": 70, "duration": 3, "velocity": 90}, {"time": 109, "pitch": 72, "duration": 2, "velocity": 88}, {"time": 112, "pitch": 73, "duration": 3, "velocity": 88}, {"time": 115, "pitch": 77, "duration": 3, "velocity": 83}, {"time": 118, "pitch": 70, "duration": 3, "velocity": 98}, {"time": 118, "pitch": 82, "duration": 6, "velocity": 91}, {"time": 121, "pitch": 65, "duration": 3, "velocity": 86}, {"time": 124, "pitch": 70, "duration": 3, "velocity": 89}, {"time": 127, "pitch": 65, "duration": 3, "velocity": 82}, {"time": 127, "pitch": 82, "duration": 6, "velocity": 94}, {"time": 130, "pitch": 70, "duration": 3, "velocity": 87}, {"time": 133, "pitch": 65, "duration": 3, "velocity": 86}, {"time": 133, "pitch": 84, "duration": 3, "velocity": 87}, {"time": 136, "pitch": 70, "duration": 3, "velocity": 88}, {"time": 136, "pitch": 85, "duration": 2, "velocity": 88}, {"time": 139, "pitch": 65, "duration": 2, "velocity": 83}, {"time": 139, "pitch": 87, "duration": 3, "velocity": 93}, {"time": 142, "pitch": 70, "duration": 3, "velocity": 100}, {"time": 142, "pitch": 82, "duration": 4, "velocity": 88}, {"time": 145, "pitch": 67, "duration": 3, "velocity": 93}, {"time": 148, "pitch": 70, "duration": 3, "velocity": 94}, {"time": 151, "pitch": 67, "duration": 3, "velocity": 88}, {"time": 154, "pitch": 70, "duration": 3, "velocity": 91}, {"time": 157, "pitch": 67, "duration": 3, "velocity": 89}, {"time": 160, "pitch": 70, "duration": 3, "velocity": 93}, {"time": 160, "pitch": 82, "duration": 3, "velocity": 87}, {"time": 163, "pitch": 67, "duration": 2, "velocity": 93}, {"time": 163, "pitch": 84, "duration": 3, "velocity": 87}, {"time": 166, "pitch": 85, "duration": 2, "velocity": 88}, {"time": 169, "pitch": 77, "duration": 2, "velocity": 83}, {"time": 172, "pitch": 84, "duration": 2, "velocity": 88}, {"time": 175, "pitch": 77, "duration": 2, "velocity": 84}, {"time": 178, "pitch": 82, "duration": 3, "velocity": 88}, {"time": 181, "pitch": 77, "duration": 2, "velocity": 90}, {"time": 184, "pitch": 78, "duration": 3, "velocity": 87}, {"time": 187, "pitch": 75, "duration": 3, "velocity": 90}, {"time": 190, "pitch": 77, "duration": 4, "velocity": 89}, {"time": 298, "pitch": 72, "duration": 4, "velocity": 89}, {"time": 301, "pitch": 73, "duration": 3, "velocity": 81}, {"time": 304, "pitch": 77, "duration": 3, "velocity": 88}, {"time": 307, "pitch": 72, "duration": 4, "velocity": 86}, {"time": 310, "pitch": 73, "duration": 4, "velocity": 87}, {"time": 394, "pitch": 84, "duration": 3, "velocity": 107}, {"time": 397, "pitch": 80, "duration": 3, "velocity": 90}, {"time": 400, "pitch": 77, "duration": 5, "velocity": 87}, {"time": 439, "pitch": 73, "duration": 2, "velocity": 89}, {"time": 442, "pitch": 75, "duration": 3, "velocity": 87}, {"time": 445, "pitch": 73, "duration": 3, "velocity": 82}, {"time": 448, "pitch": 69, "duration": 3, "velocity": 87}, {"time": 451, "pitch": 66, "duration": 3, "velocity": 83}, {"time": 583, "pitch": 77, "duration": 1, "velocity": 100}, {"time": 586, "pitch": 85, "duration": 3, "velocity": 98}, {"time": 589, "pitch": 84, "duration": 2, "velocity": 89}, {"time": 592, "pitch": 80, "duration": 3, "velocity": 94}, {"time": 595, "pitch": 75, "duration": 3, "velocity": 89}, {"time": 598, "pitch": 77, "duration": 4, "velocity": 87}, {"time": 634, "pitch": 70, "duration": 3, "velocity": 89}, {"time": 637, "pitch": 72, "duration": 3, "velocity": 89}, {"time": 640, "pitch": 73, "duration": 3, "velocity": 89}, {"time": 643, "pitch": 77, "duration": 3, "velocity": 91}, {"time": 646, "pitch": 75, "duration": 7, "velocity": 93}, {"time": 670, "pitch": 75, "duration": 9, "velocity": 81}, {"time": 682, "pitch": 77, "duration": 5, "velocity": 87}, {"time": 688, "pitch": 73, "duration": 3, "velocity": 84}, {"time": 691, "pitch": 72, "duration": 1, "velocity": 67}, {"time": 694, "pitch": 73, "duration": 4, "velocity": 81}, {"time": 772, "pitch": 82, "duration": 2, "velocity": 81}, {"time": 775, "pitch": 80, "duration": 1, "velocity": 84}, {"time": 778, "pitch": 80, "duration": 3, "velocity": 84}, {"time": 781, "pitch": 77, "duration": 3, "velocity": 88}, {"time": 784, "pitch": 75, "duration": 3, "velocity": 84}, {"time": 787, "pitch": 73, "duration": 3, "velocity": 86}, {"time": 790, "pitch": 75, "duration": 5, "velocity": 87}, {"time": 823, "pitch": 80, "duration": 1, "velocity": 78}, {"time": 824, "pitch": 82, "duration": 2, "velocity": 86}, {"time": 826, "pitch": 80, "duration": 4, "velocity": 86}, {"time": 871, "pitch": 73, "duration": 1, "velocity": 86}, {"time": 872, "pitch": 75, "duration": 1, "velocity": 82}, {"time": 874, "pitch": 73, "duration": 5, "velocity": 83}, {"time": 1387, "pitch": 82, "duration": 1, "velocity": 90}, {"time": 1388, "pitch": 84, "duration": 1, "velocity": 86}, {"time": 1390, "pitch": 85, "duration": 3, "velocity": 100}, {"time": 1393, "pitch": 84, "duration": 3, "velocity": 89}, {"time": 1396, "pitch": 82, "duration": 3, "velocity": 92}, {"time": 1399, "pitch": 75, "duration": 6, "velocity": 89}, {"time": 1585, "pitch": 82, "duration": 3, "velocity": 98}, {"time": 1588, "pitch": 80, "duration": 3, "velocity": 94}, {"time": 1591, "pitch": 82, "duration": 3, "velocity": 90}, {"time": 1594, "pitch": 77, "duration": 3, "velocity": 87}, {"time": 1597, "pitch": 75, "duration": 2, "velocity": 76}, {"time": 1600, "pitch": 77, "duration": 5, "velocity": 77}, {"time": 1645, "pitch": 70, "duration": 3, "velocity": 91}, {"time": 1648, "pitch": 75, "duration": 2, "velocity": 94}, {"time": 1651, "pitch": 77, "duration": 3, "velocity": 93}, {"time": 1654, "pitch": 75, "duration": 4, "velocity": 98}, {"time": 1672, "pitch": 80, "duration": 3, "velocity": 88}, {"time": 1675, "pitch": 82, "duration": 2, "velocity": 100}, {"time": 1678, "pitch": 85, "duration": 3, "velocity": 110}, {"time": 1681, "pitch": 82, "duration": 3, "velocity": 91}, {"time": 1684, "pitch": 80, "duration": 3, "velocity": 91}, {"time": 1687, "pitch": 80, "duration": 3, "velocity": 88}, {"time": 1690, "pitch": 77, "duration": 2, "velocity": 80}, {"time": 1693, "pitch": 75, "duration": 2, "velocity": 86}, {"time": 1696, "pitch": 73, "duration": 5, "velocity": 81}, {"time": 1702, "pitch": 75, "duration": 4, "velocity": 89}, {"time": 1834, "pitch": 82, "duration": 4, "velocity": 114}, {"time": 1837, "pitch": 80, "duration": 3, "velocity": 102}, {"time": 1840, "pitch": 77, "duration": 3, "velocity": 104}, {"time": 1843, "pitch": 75, "duration": 33, "velocity": 108}, {"time": 1876, "pitch": 70, "duration": 3, "velocity": 102}, {"time": 1879, "pitch": 73, "duration": 6, "velocity": 113}, {"time": 1885, "pitch": 75, "duration": 48, "velocity": 110}, {"time": 1933, "pitch": 82, "duration": 3, "velocity": 110}, {"time": 1936, "pitch": 84, "duration": 3, "velocity": 107}, {"time": 1939, "pitch": 85, "duration": 3, "velocity": 114}, {"time": 1942, "pitch": 87, "duration": 18, "velocity": 116}, {"time": 1960, "pitch": 89, "duration": 3, "velocity": 116}, {"time": 1963, "pitch": 90, "duration": 3, "velocity": 108}, {"time": 1966, "pitch": 89, "duration": 3, "velocity": 114}, {"time": 1969, "pitch": 87, "duration": 3, "velocity": 113}, {"time": 1972, "pitch": 89, "duration": 48, "velocity": 116}, {"time": 2020, "pitch": 82, "duration": 6, "velocity": 114}, {"time": 2026, "pitch": 89, "duration": 9, "velocity": 114}, {"time": 2035, "pitch": 87, "duration": 2, "velocity": 86}, {"time": 2036, "pitch": 85, "duration": 2, "velocity": 92}, {"time": 2038, "pitch": 87, "duration": 24, "velocity": 120}, {"time": 2062, "pitch": 84, "duration": 3, "velocity": 108}, {"time": 2065, "pitch": 85, "duration": 3, "velocity": 91}, {"time": 2068, "pitch": 84, "duration": 3, "velocity": 96}, {"time": 2071, "pitch": 80, "duration": 6, "velocity": 113}, {"time": 2077, "pitch": 77, "duration": 45, "velocity": 102}, {"time": 2122, "pitch": 87, "duration": 10, "velocity": 119}, {"time": 2131, "pitch": 85, "duration": 3, "velocity": 107}, {"time": 2134, "pitch": 84, "duration": 18, "velocity": 114}, {"time": 2152, "pitch": 84, "duration": 3, "velocity": 114}, {"time": 2155, "pitch": 85, "duration": 3, "velocity": 107}, {"time": 2158, "pitch": 89, "duration": 24, "velocity": 117}, {"time": 2182, "pitch": 77, "duration": 6, "velocity": 113}, {"time": 2188, "pitch": 84, "duration": 3, "velocity": 96}, {"time": 2191, "pitch": 82, "duration": 6, "velocity": 113}, {"time": 2197, "pitch": 77, "duration": 3, "velocity": 98}, {"time": 2200, "pitch": 77, "duration": 6, "velocity": 114}, {"time": 2206, "pitch": 77, "duration": 25, "velocity": 113}, {"time": 2305, "pitch": 82, "duration": 1, "velocity": 88}, {"time": 2306, "pitch": 80, "duration": 2, "velocity": 89}, {"time": 2308, "pitch": 77, "duration": 1, "velocity": 104}, {"time": 2309, "pitch": 80, "duration": 8, "velocity": 113}, {"time": 2323, "pitch": 75, "duration": 1, "velocity": 87}, {"time": 2324, "pitch": 73, "duration": 2, "velocity": 91}, {"time": 2326, "pitch": 77, "duration": 8, "velocity": 117}, {"time": 2347, "pitch": 75, "duration": 1, "velocity": 84}, {"time": 2348, "pitch": 73, "duration": 2, "velocity": 89}, {"time": 2350, "pitch": 75, "duration": 6, "velocity": 116}, {"time": 2362, "pitch": 73, "duration": 2, "velocity": 113}, {"time": 2365, "pitch": 75, "duration": 1, "velocity": 87}, {"time": 2366, "pitch": 73, "duration": 2, "velocity": 87}, {"time": 2368, "pitch": 72, "duration": 3, "velocity": 104}, {"time": 2371, "pitch": 73, "duration": 2, "velocity": 102}, {"time": 2374, "pitch": 72, "duration": 7, "velocity": 113}, {"time": 2401, "pitch": 58, "duration": 1, "velocity": 97}, {"time": 2404, "pitch": 60, "duration": 2, "velocity": 97}, {"time": 2407, "pitch": 73, "duration": 1, "velocity": 102}, {"time": 2410, "pitch": 77, "duration": 9, "velocity": 127}, {"time": 2419, "pitch": 75, "duration": 2, "velocity": 102}, {"time": 2420, "pitch": 73, "duration": 2, "velocity": 108}, {"time": 2422, "pitch": 77, "duration": 8, "velocity": 127}, {"time": 2446, "pitch": 78, "duration": 3, "velocity": 114}, {"time": 2449, "pitch": 80, "duration": 3, "velocity": 116}, {"time": 2455, "pitch": 78, "duration": 5, "velocity": 117}, {"time": 2650, "pitch": 72, "duration": 6, "velocity": 107}, {"time": 2656, "pitch": 73, "duration": 6, "velocity": 98}, {"time": 2662, "pitch": 70, "duration": 33, "velocity": 89}, {"time": 2698, "pitch": 72, "duration": 6, "velocity": 100}, {"time": 2704, "pitch": 73, "duration": 6, "velocity": 96}, {"time": 2710, "pitch": 72, "duration": 10, "velocity": 90}, {"time": 2740, "pitch": 75, "duration": 17, "velocity": 82}, {"time": 2758, "pitch": 73, "duration": 3, "velocity": 78}, {"time": 2761, "pitch": 72, "duration": 3, "velocity": 81}, {"time": 2764, "pitch": 70, "duration": 11, "velocity": 76}]}, {"program": 0, "is_drum": false, "name": "PIANO", "notes": [{"time": 22, "pitch": 46, "duration": 20, "velocity": 87}, {"time": 25, "pitch": 53, "duration": 17, "velocity": 81}, {"time": 28, "pitch": 58, "duration": 14, "velocity": 84}, {"time": 31, "pitch": 60, "duration": 4, "velocity": 80}, {"time": 34, "pitch": 61, "duration": 1, "velocity": 86}, {"time": 37, "pitch": 65, "duration": 3, "velocity": 81}, {"time": 40, "pitch": 70, "duration": 3, "velocity": 72}, {"time": 43, "pitch": 72, "duration": 3, "velocity": 84}, {"time": 46, "pitch": 42, "duration": 20, "velocity": 87}, {"time": 49, "pitch": 49, "duration": 18, "velocity": 80}, {"time": 52, "pitch": 54, "duration": 16, "velocity": 83}, {"time": 55, "pitch": 58, "duration": 3, "velocity": 80}, {"time": 58, "pitch": 61, "duration": 3, "velocity": 71}, {"time": 61, "pitch": 66, "duration": 9, "velocity": 77}, {"time": 70, "pitch": 44, "duration": 19, "velocity": 83}, {"time": 73, "pitch": 51, "duration": 16, "velocity": 82}, {"time": 76, "pitch": 56, "duration": 15, "velocity": 84}, {"time": 79, "pitch": 60, "duration": 4, "velocity": 83}, {"time": 82, "pitch": 68, "duration": 11, "velocity": 87}, {"time": 88, "pitch": 63, "duration": 6, "velocity": 84}, {"time": 94, "pitch": 49, "duration": 20, "velocity": 83}, {"time": 97, "pitch": 56, "duration": 16, "velocity": 73}, {"time": 100, "pitch": 61, "duration": 12, "velocity": 86}, {"time": 103, "pitch": 63, "duration": 3, "velocity": 83}, {"time": 106, "pitch": 65, "duration": 1, "velocity": 73}, {"time": 109, "pitch": 68, "duration": 3, "velocity": 79}, {"time": 112, "pitch": 73, "duration": 3, "velocity": 83}, {"time": 115, "pitch": 75, "duration": 3, "velocity": 84}, {"time": 118, "pitch": 46, "duration": 20, "velocity": 81}, {"time": 121, "pitch": 53, "duration": 16, "velocity": 63}, {"time": 124, "pitch": 58, "duration": 14, "velocity": 81}, {"time": 127, "pitch": 61, "duration": 3, "velocity": 76}, {"time": 130, "pitch": 70, "duration": 8, "velocity": 83}, {"time": 133, "pitch": 61, "duration": 3, "velocity": 63}, {"time": 136, "pitch": 65, "duration": 4, "velocity": 76}, {"time": 139, "pitch": 61, "duration": 2, "velocity": 80}, {"time": 142, "pitch": 51, "duration": 19, "velocity": 74}, {"time": 145, "pitch": 58, "duration": 15, "velocity": 70}, {"time": 148, "pitch": 63, "duration": 12, "velocity": 87}, {"time": 151, "pitch": 67, "duration": 7, "velocity": 84}, {"time": 154, "pitch": 70, "duration": 11, "velocity": 88}, {"time": 160, "pitch": 75, "duration": 5, "velocity": 81}, {"time": 166, "pitch": 42, "duration": 19, "velocity": 82}, {"time": 169, "pitch": 54, "duration": 16, "velocity": 81}, {"time": 172, "pitch": 58, "duration": 14, "velocity": 78}, {"time": 175, "pitch": 61, "duration": 11, "velocity": 79}, {"time": 178, "pitch": 66, "duration": 7, "velocity": 79}, {"time": 190, "pitch": 41, "duration": 12, "velocity": 38}, {"time": 190, "pitch": 53, "duration": 14, "velocity": 70}, {"time": 190, "pitch": 57, "duration": 14, "velocity": 79}, {"time": 190, "pitch": 65, "duration": 13, "velocity": 50}, {"time": 214, "pitch": 46, "duration": 41, "velocity": 68}, {"time": 214, "pitch": 58, "duration": 40, "velocity": 68}, {"time": 214, "pitch": 60, "duration": 8, "velocity": 73}, {"time": 214, "pitch": 61, "duration": 8, "velocity": 76}, {"time": 214, "pitch": 65, "duration": 7, "velocity": 78}, {"time": 226, "pitch": 60, "duration": 10, "velocity": 65}, {"time": 226, "pitch": 61, "duration": 9, "velocity": 69}, {"time": 226, "pitch": 65, "duration": 8, "velocity": 68}, {"time": 238, "pitch": 60, "duration": 10, "velocity": 46}, {"time": 238, "pitch": 61, "duration": 9, "velocity": 63}, {"time": 238, "pitch": 65, "duration": 9, "velocity": 66}, {"time": 250, "pitch": 60, "duration": 6, "velocity": 42}, {"time": 250, "pitch": 61, "duration": 9, "velocity": 78}, {"time": 250, "pitch": 65, "duration": 7, "velocity": 76}, {"time": 262, "pitch": 44, "duration": 39, "velocity": 69}, {"time": 262, "pitch": 56, "duration": 39, "velocity": 73}, {"time": 262, "pitch": 60, "duration": 10, "velocity": 76}, {"time": 262, "pitch": 63, "duration": 9, "velocity": 74}, {"time": 262, "pitch": 68, "duration": 8, "velocity": 78}, {"time": 274, "pitch": 60, "duration": 10, "velocity": 66}, {"time": 274, "pitch": 63, "duration": 10, "velocity": 73}, {"time": 274, "pitch": 68, "duration": 8, "velocity": 70}, {"time": 286, "pitch": 60, "duration": 8, "velocity": 38}, {"time": 286, "pitch": 63, "duration": 8, "velocity": 46}, {"time": 286, "pitch": 68, "duration": 7, "velocity": 66}, {"time": 298, "pitch": 60, "duration": 6, "velocity": 76}, {"time": 298, "pitch": 63, "duration": 6, "velocity": 80}, {"time": 298, "pitch": 68, "duration": 9, "velocity": 77}, {"time": 310, "pitch": 42, "duration": 42, "velocity": 65}, {"time": 310, "pitch": 54, "duration": 43, "velocity": 64}, {"time": 310, "pitch": 58, "duration": 9, "velocity": 70}, {"time": 310, "pitch": 61, "duration": 9, "velocity": 64}, {"time": 310, "pitch": 65, "duration": 8, "velocity": 69}, {"time": 310, "pitch": 68, "duration": 10, "velocity": 69}, {"time": 322, "pitch": 58, "duration": 8, "velocity": 58}, {"time": 322, "pitch": 61, "duration": 9, "velocity": 68}, {"time": 322, "pitch": 65, "duration": 8, "velocity": 56}, {"time": 322, "pitch": 68, "duration": 10, "velocity": 74}, {"time": 334, "pitch": 58, "duration": 9, "velocity": 68}, {"time": 334, "pitch": 61, "duration": 9, "velocity": 73}, {"time": 334, "pitch": 65, "duration": 8, "velocity": 70}, {"time": 334, "pitch": 68, "duration": 9, "velocity": 70}, {"time": 346, "pitch": 58, "duration": 6, "velocity": 64}, {"time": 346, "pitch": 61, "duration": 8, "velocity": 72}, {"time": 346, "pitch": 65, "duration": 6, "velocity": 69}, {"time": 346, "pitch": 68, "duration": 6, "velocity": 73}, {"time": 358, "pitch": 44, "duration": 18, "velocity": 70}, {"time": 358, "pitch": 56, "duration": 21, "velocity": 74}, {"time": 358, "pitch": 60, "duration": 10, "velocity": 72}, {"time": 358, "pitch": 65, "duration": 10, "velocity": 77}, {"time": 358, "pitch": 68, "duration": 9, "velocity": 76}, {"time": 370, "pitch": 60, "duration": 9, "velocity": 71}, {"time": 370, "pitch": 65, "duration": 8, "velocity": 77}, {"time": 370, "pitch": 68, "duration": 9, "velocity": 78}, {"time": 382, "pitch": 49, "duration": 15, "velocity": 70}, {"time": 382, "pitch": 61, "duration": 9, "velocity": 73}, {"time": 382, "pitch": 65, "duration": 9, "velocity": 76}, {"time": 382, "pitch": 68, "duration": 9, "velocity": 74}, {"time": 394, "pitch": 61, "duration": 7, "velocity": 83}, {"time": 394, "pitch": 65, "duration": 7, "velocity": 86}, {"time": 394, "pitch": 68, "duration": 10, "velocity": 83}, {"time": 406, "pitch": 42, "duration": 21, "velocity": 74}, {"time": 406, "pitch": 54, "duration": 21, "velocity": 77}, {"time": 406, "pitch": 58, "duration": 8, "velocity": 75}, {"time": 406, "pitch": 61, "duration": 8, "velocity": 84}, {"time": 406, "pitch": 65, "duration": 8, "velocity": 79}, {"time": 406, "pitch": 68, "duration": 9, "velocity": 81}, {"time": 418, "pitch": 58, "duration": 7, "velocity": 75}, {"time": 418, "pitch": 61, "duration": 9, "velocity": 81}, {"time": 418, "pitch": 65, "duration": 8, "velocity": 76}, {"time": 418, "pitch": 68, "duration": 8, "velocity": 80}, {"time": 430, "pitch": 42, "duration": 19, "velocity": 69}, {"time": 430, "pitch": 54, "duration": 18, "velocity": 69}, {"time": 430, "pitch": 60, "duration": 9, "velocity": 73}, {"time": 430, "pitch": 63, "duration": 9, "velocity": 76}, {"time": 430, "pitch": 66, "duration": 8, "velocity": 78}, {"time": 442, "pitch": 60, "duration": 6, "velocity": 77}, {"time": 442, "pitch": 63, "duration": 6, "velocity": 83}, {"time": 442, "pitch": 66, "duration": 6, "velocity": 80}, {"time": 454, "pitch": 41, "duration": 19, "velocity": 75}, {"time": 454, "pitch": 53, "duration": 20, "velocity": 46}, {"time": 454, "pitch": 56, "duration": 9, "velocity": 75}, {"time": 454, "pitch": 60, "duration": 10, "velocity": 81}, {"time": 454, "pitch": 65, "duration": 8, "velocity": 82}, {"time": 466, "pitch": 56, "duration": 7, "velocity": 77}, {"time": 466, "pitch": 60, "duration": 9, "velocity": 76}, {"time": 466, "pitch": 65, "duration": 8, "velocity": 83}, {"time": 478, "pitch": 52, "duration": 22, "velocity": 81}, {"time": 478, "pitch": 61, "duration": 9, "velocity": 82}, {"time": 478, "pitch": 68, "duration": 9, "velocity": 84}, {"time": 490, "pitch": 61, "duration": 10, "velocity": 76}, {"time": 490, "pitch": 68, "duration": 10, "velocity": 77}, {"time": 502, "pitch": 51, "duration": 18, "velocity": 72}, {"time": 502, "pitch": 63, "duration": 8, "velocity": 80}, {"time": 502, "pitch": 66, "duration": 8, "velocity": 79}, {"time": 514, "pitch": 63, "duration": 7, "velocity": 80}, {"time": 514, "pitch": 66, "duration": 6, "velocity": 80}, {"time": 526, "pitch": 53, "duration": 23, "velocity": 74}, {"time": 526, "pitch": 57, "duration": 9, "velocity": 76}, {"time": 526, "pitch": 63, "duration": 6, "velocity": 78}, {"time": 538, "pitch": 57, "duration": 8, "velocity": 82}, {"time": 538, "pitch": 63, "duration": 7, "velocity": 87}, {"time": 550, "pitch": 46, "duration": 42, "velocity": 72}, {"time": 550, "pitch": 58, "duration": 9, "velocity": 71}, {"time": 550, "pitch": 61, "duration": 9, "velocity": 78}, {"time": 562, "pitch": 60, "duration": 11, "velocity": 71}, {"time": 562, "pitch": 61, "duration": 9, "velocity": 66}, {"time": 562, "pitch": 65, "duration": 6, "velocity": 71}, {"time": 574, "pitch": 58, "duration": 9, "velocity": 72}, {"time": 574, "pitch": 61, "duration": 8, "velocity": 69}, {"time": 574, "pitch": 65, "duration": 7, "velocity": 64}, {"time": 586, "pitch": 58, "duration": 5, "velocity": 72}, {"time": 586, "pitch": 61, "duration": 6, "velocity": 77}, {"time": 586, "pitch": 65, "duration": 5, "velocity": 81}, {"time": 598, "pitch": 46, "duration": 42, "velocity": 87}, {"time": 601, "pitch": 53, "duration": 29, "velocity": 79}, {"time": 604, "pitch": 58, "duration": 8, "velocity": 83}, {"time": 607, "pitch": 60, "duration": 2, "velocity": 78}, {"time": 610, "pitch": 61, "duration": 7, "velocity": 90}, {"time": 610, "pitch": 65, "duration": 6, "velocity": 93}, {"time": 616, "pitch": 58, "duration": 17, "velocity": 42}, {"time": 622, "pitch": 60, "duration": 9, "velocity": 86}, {"time": 622, "pitch": 65, "duration": 14, "velocity": 86}, {"time": 631, "pitch": 61, "duration": 7, "velocity": 79}, {"time": 634, "pitch": 53, "duration": 7, "velocity": 82}, {"time": 637, "pitch": 58, "duration": 3, "velocity": 85}, {"time": 640, "pitch": 60, "duration": 3, "velocity": 86}, {"time": 643, "pitch": 61, "duration": 3, "velocity": 84}, {"time": 646, "pitch": 53, "duration": 41, "velocity": 83}, {"time": 646, "pitch": 65, "duration": 2, "velocity": 85}, {"time": 652, "pitch": 60, "duration": 23, "velocity": 65}, {"time": 658, "pitch": 75, "duration": 21, "velocity": 100}, {"time": 664, "pitch": 65, "duration": 7, "velocity": 65}, {"time": 667, "pitch": 72, "duration": 12, "velocity": 79}, {"time": 673, "pitch": 68, "duration": 6, "velocity": 83}, {"time": 679, "pitch": 60, "duration": 7, "velocity": 76}, {"time": 682, "pitch": 65, "duration": 7, "velocity": 88}, {"time": 682, "pitch": 72, "duration": 12, "velocity": 77}, {"time": 682, "pitch": 75, "duration": 6, "velocity": 65}, {"time": 688, "pitch": 68, "duration": 5, "velocity": 78}, {"time": 694, "pitch": 42, "duration": 43, "velocity": 83}, {"time": 694, "pitch": 66, "duration": 5, "velocity": 86}, {"time": 694, "pitch": 73, "duration": 3, "velocity": 87}, {"time": 700, "pitch": 54, "duration": 9, "velocity": 74}, {"time": 706, "pitch": 58, "duration": 8, "velocity": 82}, {"time": 706, "pitch": 66, "duration": 6, "velocity": 86}, {"time": 712, "pitch": 54, "duration": 7, "velocity": 38}, {"time": 718, "pitch": 58, "duration": 9, "velocity": 75}, {"time": 718, "pitch": 66, "duration": 8, "velocity": 78}, {"time": 727, "pitch": 54, "duration": 12, "velocity": 69}, {"time": 730, "pitch": 58, "duration": 6, "velocity": 89}, {"time": 730, "pitch": 66, "duration": 6, "velocity": 88}, {"time": 742, "pitch": 44, "duration": 18, "velocity": 81}, {"time": 742, "pitch": 60, "duration": 9, "velocity": 82}, {"time": 742, "pitch": 68, "duration": 8, "velocity": 81}, {"time": 748, "pitch": 51, "duration": 12, "velocity": 40}, {"time": 751, "pitch": 56, "duration": 4, "velocity": 70}, {"time": 754, "pitch": 60, "duration": 7, "velocity": 87}, {"time": 754, "pitch": 68, "duration": 9, "velocity": 88}, {"time": 760, "pitch": 56, "duration": 6, "velocity": 71}, {"time": 766, "pitch": 49, "duration": 17, "velocity": 78}, {"time": 766, "pitch": 61, "duration": 7, "velocity": 80}, {"time": 766, "pitch": 65, "duration": 13, "velocity": 79}, {"time": 766, "pitch": 68, "duration": 12, "velocity": 78}, {"time": 775, "pitch": 56, "duration": 7, "velocity": 81}, {"time": 778, "pitch": 61, "duration": 3, "velocity": 88}, {"time": 781, "pitch": 63, "duration": 2, "velocity": 108}, {"time": 784, "pitch": 65, "duration": 3, "velocity": 94}, {"time": 787, "pitch": 68, "duration": 12, "velocity": 83}, {"time": 790, "pitch": 42, "duration": 20, "velocity": 80}, {"time": 790, "pitch": 61, "duration": 5, "velocity": 76}, {"time": 799, "pitch": 54, "duration": 6, "velocity": 38}, {"time": 802, "pitch": 58, "duration": 7, "velocity": 86}, {"time": 802, "pitch": 61, "duration": 10, "velocity": 88}, {"time": 802, "pitch": 68, "duration": 8, "velocity": 87}, {"time": 814, "pitch": 60, "duration": 9, "velocity": 83}, {"time": 814, "pitch": 63, "duration": 8, "velocity": 88}, {"time": 814, "pitch": 68, "duration": 8, "velocity": 83}, {"time": 823, "pitch": 42, "duration": 5, "velocity": 38}, {"time": 823, "pitch": 54, "duration": 4, "velocity": 48}, {"time": 826, "pitch": 60, "duration": 4, "velocity": 96}, {"time": 826, "pitch": 68, "duration": 5, "velocity": 88}, {"time": 829, "pitch": 42, "duration": 2, "velocity": 71}, {"time": 829, "pitch": 54, "duration": 2, "velocity": 80}, {"time": 832, "pitch": 63, "duration": 3, "velocity": 88}, {"time": 835, "pitch": 68, "duration": 2, "velocity": 84}, {"time": 838, "pitch": 41, "duration": 17, "velocity": 79}, {"time": 838, "pitch": 53, "duration": 13, "velocity": 80}, {"time": 838, "pitch": 60, "duration": 8, "velocity": 83}, {"time": 838, "pitch": 63, "duration": 8, "velocity": 88}, {"time": 838, "pitch": 68, "duration": 8, "velocity": 77}, {"time": 850, "pitch": 60, "duration": 6, "velocity": 88}, {"time": 850, "pitch": 63, "duration": 10, "velocity": 91}, {"time": 850, "pitch": 68, "duration": 11, "velocity": 87}, {"time": 856, "pitch": 53, "duration": 5, "velocity": 78}, {"time": 862, "pitch": 46, "duration": 19, "velocity": 83}, {"time": 862, "pitch": 58, "duration": 8, "velocity": 76}, {"time": 862, "pitch": 61, "duration": 12, "velocity": 83}, {"time": 862, "pitch": 65, "duration": 10, "velocity": 84}, {"time": 862, "pitch": 68, "duration": 17, "velocity": 80}, {"time": 871, "pitch": 53, "duration": 9, "velocity": 73}, {"time": 874, "pitch": 58, "duration": 6, "velocity": 83}, {"time": 877, "pitch": 60, "duration": 5, "velocity": 85}, {"time": 880, "pitch": 61, "duration": 5, "velocity": 83}, {"time": 886, "pitch": 51, "duration": 22, "velocity": 83}, {"time": 886, "pitch": 58, "duration": 9, "velocity": 86}, {"time": 886, "pitch": 63, "duration": 10, "velocity": 84}, {"time": 886, "pitch": 66, "duration": 9, "velocity": 83}, {"time": 898, "pitch": 58, "duration": 9, "velocity": 84}, {"time": 898, "pitch": 63, "duration": 9, "velocity": 90}, {"time": 898, "pitch": 66, "duration": 9, "velocity": 87}, {"time": 910, "pitch": 44, "duration": 19, "velocity": 81}, {"time": 910, "pitch": 60, "duration": 8, "velocity": 75}, {"time": 910, "pitch": 63, "duration": 8, "velocity": 79}, {"time": 910, "pitch": 68, "duration": 8, "velocity": 82}, {"time": 922, "pitch": 60, "duration": 7, "velocity": 73}, {"time": 922, "pitch": 63, "duration": 10, "velocity": 80}, {"time": 922, "pitch": 68, "duration": 8, "velocity": 78}, {"time": 934, "pitch": 46, "duration": 22, "velocity": 76}, {"time": 934, "pitch": 58, "duration": 6, "velocity": 80}, {"time": 934, "pitch": 61, "duration": 9, "velocity": 80}, {"time": 934, "pitch": 65, "duration": 8, "velocity": 83}, {"time": 940, "pitch": 53, "duration": 18, "velocity": 63}, {"time": 943, "pitch": 58, "duration": 5, "velocity": 82}, {"time": 946, "pitch": 60, "duration": 9, "velocity": 98}, {"time": 952, "pitch": 58, "duration": 3, "velocity": 82}, {"time": 955, "pitch": 61, "duration": 5, "velocity": 88}, {"time": 958, "pitch": 46, "duration": 20, "velocity": 81}, {"time": 961, "pitch": 53, "duration": 19, "velocity": 79}, {"time": 964, "pitch": 58, "duration": 7, "velocity": 86}, {"time": 967, "pitch": 65, "duration": 2, "velocity": 89}, {"time": 970, "pitch": 70, "duration": 4, "velocity": 110}, {"time": 976, "pitch": 72, "duration": 4, "velocity": 116}, {"time": 982, "pitch": 46, "duration": 20, "velocity": 81}, {"time": 982, "pitch": 65, "duration": 8, "velocity": 36}, {"time": 982, "pitch": 70, "duration": 9, "velocity": 38}, {"time": 982, "pitch": 73, "duration": 8, "velocity": 94}, {"time": 991, "pitch": 58, "duration": 4, "velocity": 74}, {"time": 994, "pitch": 65, "duration": 7, "velocity": 104}, {"time": 994, "pitch": 70, "duration": 8, "velocity": 113}, {"time": 994, "pitch": 73, "duration": 10, "velocity": 96}, {"time": 1000, "pitch": 58, "duration": 3, "velocity": 82}, {"time": 1006, "pitch": 51, "duration": 19, "velocity": 86}, {"time": 1006, "pitch": 63, "duration": 10, "velocity": 88}, {"time": 1006, "pitch": 66, "duration": 5, "velocity": 91}, {"time": 1006, "pitch": 70, "duration": 9, "velocity": 87}, {"time": 1015, "pitch": 58, "duration": 5, "velocity": 80}, {"time": 1018, "pitch": 63, "duration": 7, "velocity": 96}, {"time": 1018, "pitch": 66, "duration": 8, "velocity": 93}, {"time": 1018, "pitch": 70, "duration": 9, "velocity": 102}, {"time": 1024, "pitch": 58, "duration": 1, "velocity": 87}, {"time": 1030, "pitch": 44, "duration": 18, "velocity": 86}, {"time": 1030, "pitch": 60, "duration": 9, "velocity": 86}, {"time": 1030, "pitch": 63, "duration": 10, "velocity": 92}, {"time": 1030, "pitch": 68, "duration": 9, "velocity": 88}, {"time": 1036, "pitch": 51, "duration": 13, "velocity": 79}, {"time": 1039, "pitch": 56, "duration": 4, "velocity": 88}, {"time": 1042, "pitch": 60, "duration": 7, "velocity": 110}, {"time": 1042, "pitch": 68, "duration": 9, "velocity": 100}, {"time": 1048, "pitch": 56, "duration": 6, "velocity": 82}, {"time": 1048, "pitch": 63, "duration": 5, "velocity": 87}, {"time": 1054, "pitch": 49, "duration": 18, "velocity": 83}, {"time": 1054, "pitch": 61, "duration": 3, "velocity": 86}, {"time": 1054, "pitch": 65, "duration": 6, "velocity": 88}, {"time": 1054, "pitch": 68, "duration": 7, "velocity": 86}, {"time": 1057, "pitch": 56, "duration": 15, "velocity": 83}, {"time": 1060, "pitch": 61, "duration": 6, "velocity": 83}, {"time": 1063, "pitch": 63, "duration": 2, "velocity": 90}, {"time": 1066, "pitch": 68, "duration": 6, "velocity": 117}, {"time": 1069, "pitch": 61, "duration": 2, "velocity": 90}, {"time": 1072, "pitch": 63, "duration": 3, "velocity": 102}, {"time": 1075, "pitch": 65, "duration": 3, "velocity": 86}, {"time": 1078, "pitch": 42, "duration": 21, "velocity": 90}, {"time": 1078, "pitch": 58, "duration": 7, "velocity": 91}, {"time": 1078, "pitch": 61, "duration": 7, "velocity": 100}, {"time": 1078, "pitch": 66, "duration": 6, "velocity": 93}, {"time": 1084, "pitch": 54, "duration": 7, "velocity": 64}, {"time": 1090, "pitch": 58, "duration": 6, "velocity": 100}, {"time": 1090, "pitch": 61, "duration": 10, "velocity": 108}, {"time": 1090, "pitch": 66, "duration": 8, "velocity": 93}, {"time": 1096, "pitch": 54, "duration": 4, "velocity": 79}, {"time": 1102, "pitch": 42, "duration": 19, "velocity": 84}, {"time": 1102, "pitch": 54, "duration": 6, "velocity": 86}, {"time": 1102, "pitch": 60, "duration": 10, "velocity": 92}, {"time": 1102, "pitch": 63, "duration": 10, "velocity": 110}, {"time": 1102, "pitch": 66, "duration": 10, "velocity": 96}, {"time": 1111, "pitch": 54, "duration": 4, "velocity": 82}, {"time": 1114, "pitch": 60, "duration": 7, "velocity": 102}, {"time": 1114, "pitch": 63, "duration": 7, "velocity": 113}, {"time": 1114, "pitch": 66, "duration": 7, "velocity": 102}, {"time": 1120, "pitch": 54, "duration": 2, "velocity": 80}, {"time": 1126, "pitch": 41, "duration": 21, "velocity": 92}, {"time": 1132, "pitch": 53, "duration": 6, "velocity": 74}, {"time": 1138, "pitch": 58, "duration": 5, "velocity": 108}, {"time": 1141, "pitch": 53, "duration": 8, "velocity": 86}, {"time": 1144, "pitch": 60, "duration": 5, "velocity": 98}, {"time": 1150, "pitch": 41, "duration": 18, "velocity": 87}, {"time": 1150, "pitch": 53, "duration": 1, "velocity": 85}, {"time": 1150, "pitch": 57, "duration": 9, "velocity": 106}, {"time": 1150, "pitch": 65, "duration": 9, "velocity": 110}, {"time": 1159, "pitch": 53, "duration": 4, "velocity": 93}, {"time": 1162, "pitch": 57, "duration": 5, "velocity": 106}, {"time": 1162, "pitch": 65, "duration": 3, "velocity": 107}, {"time": 1165, "pitch": 53, "duration": 7, "velocity": 93}, {"time": 1168, "pitch": 57, "duration": 2, "velocity": 66}, {"time": 1168, "pitch": 60, "duration": 4, "velocity": 91}, {"time": 1168, "pitch": 65, "duration": 2, "velocity": 88}, {"time": 1174, "pitch": 44, "duration": 1, "velocity": 84}, {"time": 1174, "pitch": 46, "duration": 19, "velocity": 85}, {"time": 1174, "pitch": 58, "duration": 3, "velocity": 100}, {"time": 1174, "pitch": 61, "duration": 7, "velocity": 110}, {"time": 1174, "pitch": 65, "duration": 6, "velocity": 108}, {"time": 1180, "pitch": 53, "duration": 13, "velocity": 75}, {"time": 1183, "pitch": 58, "duration": 4, "velocity": 86}, {"time": 1186, "pitch": 61, "duration": 4, "velocity": 104}, {"time": 1186, "pitch": 65, "duration": 7, "velocity": 113}, {"time": 1186, "pitch": 70, "duration": 7, "velocity": 107}, {"time": 1192, "pitch": 58, "duration": 4, "velocity": 84}, {"time": 1198, "pitch": 51, "duration": 19, "velocity": 89}, {"time": 1198, "pitch": 63, "duration": 2, "velocity": 94}, {"time": 1198, "pitch": 66, "duration": 6, "velocity": 108}, {"time": 1198, "pitch": 70, "duration": 5, "velocity": 102}, {"time": 1201, "pitch": 58, "duration": 15, "velocity": 82}, {"time": 1204, "pitch": 63, "duration": 6, "velocity": 84}, {"time": 1207, "pitch": 65, "duration": 3, "velocity": 102}, {"time": 1207, "pitch": 70, "duration": 7, "velocity": 96}, {"time": 1210, "pitch": 66, "duration": 4, "velocity": 100}, {"time": 1213, "pitch": 63, "duration": 3, "velocity": 104}, {"time": 1216, "pitch": 66, "duration": 4, "velocity": 104}, {"time": 1219, "pitch": 75, "duration": 2, "velocity": 104}, {"time": 1222, "pitch": 44, "duration": 18, "velocity": 88}, {"time": 1222, "pitch": 68, "duration": 6, "velocity": 92}, {"time": 1222, "pitch": 70, "duration": 2, "velocity": 89}, {"time": 1222, "pitch": 72, "duration": 6, "velocity": 110}, {"time": 1222, "pitch": 75, "duration": 5, "velocity": 85}, {"time": 1228, "pitch": 51, "duration": 12, "velocity": 80}, {"time": 1231, "pitch": 56, "duration": 4, "velocity": 87}, {"time": 1234, "pitch": 60, "duration": 7, "velocity": 107}, {"time": 1234, "pitch": 68, "duration": 4, "velocity": 113}, {"time": 1237, "pitch": 56, "duration": 8, "velocity": 86}, {"time": 1240, "pitch": 63, "duration": 5, "velocity": 100}, {"time": 1243, "pitch": 68, "duration": 2, "velocity": 98}, {"time": 1246, "pitch": 49, "duration": 20, "velocity": 86}, {"time": 1246, "pitch": 61, "duration": 5, "velocity": 96}, {"time": 1246, "pitch": 65, "duration": 10, "velocity": 108}, {"time": 1246, "pitch": 68, "duration": 9, "velocity": 90}, {"time": 1252, "pitch": 56, "duration": 7, "velocity": 76}, {"time": 1255, "pitch": 61, "duration": 3, "velocity": 86}, {"time": 1258, "pitch": 63, "duration": 5, "velocity": 114}, {"time": 1258, "pitch": 68, "duration": 5, "velocity": 113}, {"time": 1261, "pitch": 56, "duration": 3, "velocity": 89}, {"time": 1264, "pitch": 65, "duration": 3, "velocity": 104}, {"time": 1267, "pitch": 68, "duration": 12, "velocity": 89}, {"time": 1270, "pitch": 42, "duration": 21, "velocity": 87}, {"time": 1270, "pitch": 58, "duration": 5, "velocity": 100}, {"time": 1270, "pitch": 61, "duration": 9, "velocity": 89}, {"time": 1279, "pitch": 54, "duration": 5, "velocity": 84}, {"time": 1282, "pitch": 58, "duration": 1, "velocity": 107}, {"time": 1282, "pitch": 61, "duration": 10, "velocity": 113}, {"time": 1282, "pitch": 68, "duration": 8, "velocity": 107}, {"time": 1288, "pitch": 54, "duration": 4, "velocity": 86}, {"time": 1294, "pitch": 51, "duration": 15, "velocity": 88}, {"time": 1294, "pitch": 63, "duration": 9, "velocity": 94}, {"time": 1294, "pitch": 66, "duration": 9, "velocity": 104}, {"time": 1294, "pitch": 70, "duration": 8, "velocity": 94}, {"time": 1303, "pitch": 58, "duration": 4, "velocity": 80}, {"time": 1306, "pitch": 63, "duration": 6, "velocity": 100}, {"time": 1306, "pitch": 66, "duration": 7, "velocity": 108}, {"time": 1306, "pitch": 70, "duration": 7, "velocity": 102}, {"time": 1312, "pitch": 51, "duration": 1, "velocity": 44}, {"time": 1318, "pitch": 41, "duration": 22, "velocity": 88}, {"time": 1318, "pitch": 60, "duration": 9, "velocity": 88}, {"time": 1318, "pitch": 63, "duration": 9, "velocity": 100}, {"time": 1318, "pitch": 69, "duration": 9, "velocity": 88}, {"time": 1327, "pitch": 53, "duration": 3, "velocity": 77}, {"time": 1330, "pitch": 60, "duration": 7, "velocity": 92}, {"time": 1330, "pitch": 63, "duration": 7, "velocity": 98}, {"time": 1330, "pitch": 69, "duration": 7, "velocity": 87}, {"time": 1336, "pitch": 53, "duration": 3, "velocity": 72}, {"time": 1342, "pitch": 41, "duration": 17, "velocity": 83}, {"time": 1342, "pitch": 60, "duration": 8, "velocity": 87}, {"time": 1342, "pitch": 63, "duration": 9, "velocity": 89}, {"time": 1342, "pitch": 65, "duration": 9, "velocity": 88}, {"time": 1342, "pitch": 69, "duration": 9, "velocity": 86}, {"time": 1351, "pitch": 53, "duration": 4, "velocity": 80}, {"time": 1354, "pitch": 60, "duration": 5, "velocity": 87}, {"time": 1354, "pitch": 69, "duration": 11, "velocity": 81}, {"time": 1357, "pitch": 53, "duration": 9, "velocity": 82}, {"time": 1360, "pitch": 63, "duration": 5, "velocity": 84}, {"time": 1366, "pitch": 46, "duration": 38, "velocity": 79}, {"time": 1366, "pitch": 61, "duration": 10, "velocity": 83}, {"time": 1366, "pitch": 70, "duration": 7, "velocity": 87}, {"time": 1369, "pitch": 65, "duration": 5, "velocity": 30}, {"time": 1372, "pitch": 53, "duration": 31, "velocity": 65}, {"time": 1375, "pitch": 58, "duration": 7, "velocity": 83}, {"time": 1378, "pitch": 60, "duration": 8, "velocity": 90}, {"time": 1384, "pitch": 58, "duration": 15, "velocity": 58}, {"time": 1387, "pitch": 61, "duration": 16, "velocity": 80}, {"time": 1414, "pitch": 46, "duration": 42, "velocity": 87}, {"time": 1417, "pitch": 53, "duration": 29, "velocity": 79}, {"time": 1420, "pitch": 58, "duration": 8, "velocity": 83}, {"time": 1423, "pitch": 60, "duration": 2, "velocity": 78}, {"time": 1426, "pitch": 61, "duration": 7, "velocity": 90}, {"time": 1426, "pitch": 65, "duration": 6, "velocity": 93}, {"time": 1432, "pitch": 58, "duration": 17, "velocity": 42}, {"time": 1438, "pitch": 60, "duration": 9, "velocity": 86}, {"time": 1438, "pitch": 65, "duration": 14, "velocity": 86}, {"time": 1447, "pitch": 61, "duration": 7, "velocity": 79}, {"time": 1450, "pitch": 53, "duration": 7, "velocity": 82}, {"time": 1453, "pitch": 58, "duration": 3, "velocity": 85}, {"time": 1456, "pitch": 60, "duration": 3, "velocity": 86}, {"time": 1459, "pitch": 61, "duration": 3, "velocity": 84}, {"time": 1462, "pitch": 53, "duration": 41, "velocity": 83}, {"time": 1462, "pitch": 65, "duration": 2, "velocity": 85}, {"time": 1468, "pitch": 60, "duration": 23, "velocity": 65}, {"time": 1474, "pitch": 75, "duration": 21, "velocity": 100}, {"time": 1480, "pitch": 65, "duration": 7, "velocity": 65}, {"time": 1483, "pitch": 72, "duration": 12, "velocity": 79}, {"time": 1489, "pitch": 68, "duration": 6, "velocity": 83}, {"time": 1495, "pitch": 60, "duration": 7, "velocity": 76}, {"time": 1498, "pitch": 65, "duration": 7, "velocity": 88}, {"time": 1498, "pitch": 72, "duration": 12, "velocity": 77}, {"time": 1498, "pitch": 75, "duration": 6, "velocity": 65}, {"time": 1504, "pitch": 68, "duration": 5, "velocity": 78}, {"time": 1510, "pitch": 42, "duration": 43, "velocity": 83}, {"time": 1510, "pitch": 66, "duration": 5, "velocity": 86}, {"time": 1510, "pitch": 73, "duration": 3, "velocity": 87}, {"time": 1516, "pitch": 54, "duration": 9, "velocity": 74}, {"time": 1522, "pitch": 58, "duration": 8, "velocity": 82}, {"time": 1522, "pitch": 66, "duration": 6, "velocity": 86}, {"time": 1528, "pitch": 54, "duration": 7, "velocity": 38}, {"time": 1534, "pitch": 58, "duration": 9, "velocity": 75}, {"time": 1534, "pitch": 66, "duration": 8, "velocity": 78}, {"time": 1543, "pitch": 54, "duration": 12, "velocity": 69}, {"time": 1546, "pitch": 58, "duration": 6, "velocity": 89}, {"time": 1546, "pitch": 66, "duration": 6, "velocity": 88}, {"time": 1558, "pitch": 44, "duration": 18, "velocity": 81}, {"time": 1558, "pitch": 60, "duration": 9, "velocity": 82}, {"time": 1558, "pitch": 68, "duration": 8, "velocity": 81}, {"time": 1564, "pitch": 51, "duration": 12, "velocity": 40}, {"time": 1567, "pitch": 56, "duration": 4, "velocity": 70}, {"time": 1570, "pitch": 60, "duration": 7, "velocity": 87}, {"time": 1570, "pitch": 68, "duration": 9, "velocity": 88}, {"time": 1576, "pitch": 56, "duration": 6, "velocity": 71}, {"time": 1582, "pitch": 49, "duration": 17, "velocity": 78}, {"time": 1582, "pitch": 61, "duration": 7, "velocity": 80}, {"time": 1582, "pitch": 65, "duration": 13, "velocity": 79}, {"time": 1582, "pitch": 68, "duration": 12, "velocity": 78}, {"time": 1591, "pitch": 56, "duration": 7, "velocity": 81}, {"time": 1594, "pitch": 61, "duration": 3, "velocity": 88}, {"time": 1597, "pitch": 63, "duration": 2, "velocity": 108}, {"time": 1600, "pitch": 65, "duration": 3, "velocity": 94}, {"time": 1603, "pitch": 68, "duration": 12, "velocity": 83}, {"time": 1606, "pitch": 42, "duration": 20, "velocity": 80}, {"time": 1606, "pitch": 61, "duration": 5, "velocity": 76}, {"time": 1615, "pitch": 54, "duration": 6, "velocity": 38}, {"time": 1618, "pitch": 58, "duration": 7, "velocity": 86}, {"time": 1618, "pitch": 61, "duration": 10, "velocity": 88}, {"time": 1618, "pitch": 68, "duration": 8, "velocity": 87}, {"time": 1630, "pitch": 60, "duration": 9, "velocity": 83}, {"time": 1630, "pitch": 63, "duration": 8, "velocity": 88}, {"time": 1630, "pitch": 68, "duration": 8, "velocity": 83}, {"time": 1639, "pitch": 42, "duration": 5, "velocity": 38}, {"time": 1639, "pitch": 54, "duration": 4, "velocity": 48}, {"time": 1642, "pitch": 60, "duration": 4, "velocity": 96}, {"time": 1642, "pitch": 68, "duration": 5, "velocity": 88}, {"time": 1645, "pitch": 42, "duration": 2, "velocity": 71}, {"time": 1645, "pitch": 54, "duration": 2, "velocity": 80}, {"time": 1648, "pitch": 63, "duration": 3, "velocity": 88}, {"time": 1651, "pitch": 68, "duration": 2, "velocity": 84}, {"time": 1654, "pitch": 41, "duration": 17, "velocity": 79}, {"time": 1654, "pitch": 53, "duration": 13, "velocity": 80}, {"time": 1654, "pitch": 60, "duration": 8, "velocity": 83}, {"time": 1654, "pitch": 63, "duration": 8, "velocity": 88}, {"time": 1654, "pitch": 68, "duration": 8, "velocity": 77}, {"time": 1666, "pitch": 60, "duration": 6, "velocity": 88}, {"time": 1666, "pitch": 63, "duration": 10, "velocity": 91}, {"time": 1666, "pitch": 68, "duration": 11, "velocity": 87}, {"time": 1672, "pitch": 53, "duration": 5, "velocity": 78}, {"time": 1678, "pitch": 46, "duration": 19, "velocity": 83}, {"time": 1678, "pitch": 58, "duration": 8, "velocity": 76}, {"time": 1678, "pitch": 61, "duration": 12, "velocity": 83}, {"time": 1678, "pitch": 65, "duration": 10, "velocity": 84}, {"time": 1678, "pitch": 68, "duration": 17, "velocity": 80}, {"time": 1687, "pitch": 53, "duration": 9, "velocity": 73}, {"time": 1690, "pitch": 58, "duration": 6, "velocity": 83}, {"time": 1693, "pitch": 60, "duration": 5, "velocity": 85}, {"time": 1696, "pitch": 61, "duration": 5, "velocity": 83}, {"time": 1702, "pitch": 51, "duration": 22, "velocity": 83}, {"time": 1702, "pitch": 58, "duration": 9, "velocity": 86}, {"time": 1702, "pitch": 63, "duration": 10, "velocity": 84}, {"time": 1702, "pitch": 66, "duration": 9, "velocity": 83}, {"time": 1714, "pitch": 58, "duration": 9, "velocity": 84}, {"time": 1714, "pitch": 63, "duration": 9, "velocity": 90}, {"time": 1714, "pitch": 66, "duration": 9, "velocity": 87}, {"time": 1726, "pitch": 44, "duration": 19, "velocity": 81}, {"time": 1726, "pitch": 60, "duration": 8, "velocity": 75}, {"time": 1726, "pitch": 63, "duration": 8, "velocity": 79}, {"time": 1726, "pitch": 68, "duration": 8, "velocity": 82}, {"time": 1738, "pitch": 60, "duration": 7, "velocity": 73}, {"time": 1738, "pitch": 63, "duration": 10, "velocity": 80}, {"time": 1738, "pitch": 68, "duration": 8, "velocity": 78}, {"time": 1750, "pitch": 46, "duration": 22, "velocity": 76}, {"time": 1750, "pitch": 58, "duration": 6, "velocity": 80}, {"time": 1750, "pitch": 61, "duration": 9, "velocity": 80}, {"time": 1750, "pitch": 65, "duration": 8, "velocity": 83}, {"time": 1756, "pitch": 53, "duration": 18, "velocity": 63}, {"time": 1759, "pitch": 58, "duration": 5, "velocity": 82}, {"time": 1762, "pitch": 60, "duration": 9, "velocity": 98}, {"time": 1768, "pitch": 58, "duration": 3, "velocity": 82}, {"time": 1771, "pitch": 61, "duration": 5, "velocity": 88}, {"time": 1774, "pitch": 46, "duration": 20, "velocity": 81}, {"time": 1777, "pitch": 53, "duration": 19, "velocity": 79}, {"time": 1780, "pitch": 58, "duration": 7, "velocity": 86}, {"time": 1783, "pitch": 65, "duration": 2, "velocity": 89}, {"time": 1786, "pitch": 70, "duration": 4, "velocity": 110}, {"time": 1792, "pitch": 72, "duration": 4, "velocity": 116}, {"time": 1798, "pitch": 46, "duration": 20, "velocity": 81}, {"time": 1798, "pitch": 65, "duration": 8, "velocity": 36}, {"time": 1798, "pitch": 70, "duration": 9, "velocity": 38}, {"time": 1798, "pitch": 73, "duration": 8, "velocity": 94}, {"time": 1807, "pitch": 58, "duration": 4, "velocity": 74}, {"time": 1810, "pitch": 65, "duration": 7, "velocity": 104}, {"time": 1810, "pitch": 70, "duration": 8, "velocity": 113}, {"time": 1810, "pitch": 73, "duration": 10, "velocity": 96}, {"time": 1816, "pitch": 58, "duration": 3, "velocity": 82}, {"time": 1822, "pitch": 51, "duration": 19, "velocity": 86}, {"time": 1822, "pitch": 63, "duration": 10, "velocity": 88}, {"time": 1822, "pitch": 66, "duration": 5, "velocity": 91}, {"time": 1822, "pitch": 70, "duration": 9, "velocity": 87}, {"time": 1831, "pitch": 58, "duration": 5, "velocity": 80}, {"time": 1834, "pitch": 63, "duration": 7, "velocity": 96}, {"time": 1834, "pitch": 66, "duration": 8, "velocity": 93}, {"time": 1834, "pitch": 70, "duration": 9, "velocity": 102}, {"time": 1840, "pitch": 58, "duration": 1, "velocity": 87}, {"time": 1846, "pitch": 44, "duration": 18, "velocity": 86}, {"time": 1846, "pitch": 60, "duration": 9, "velocity": 86}, {"time": 1846, "pitch": 63, "duration": 10, "velocity": 92}, {"time": 1846, "pitch": 68, "duration": 9, "velocity": 88}, {"time": 1852, "pitch": 51, "duration": 13, "velocity": 79}, {"time": 1855, "pitch": 56, "duration": 4, "velocity": 88}, {"time": 1858, "pitch": 60, "duration": 7, "velocity": 110}, {"time": 1858, "pitch": 68, "duration": 9, "velocity": 100}, {"time": 1864, "pitch": 56, "duration": 6, "velocity": 82}, {"time": 1864, "pitch": 63, "duration": 5, "velocity": 87}, {"time": 1870, "pitch": 49, "duration": 18, "velocity": 83}, {"time": 1870, "pitch": 61, "duration": 3, "velocity": 86}, {"time": 1870, "pitch": 65, "duration": 6, "velocity": 88}, {"time": 1870, "pitch": 68, "duration": 7, "velocity": 86}, {"time": 1873, "pitch": 56, "duration": 15, "velocity": 83}, {"time": 1876, "pitch": 61, "duration": 6, "velocity": 83}, {"time": 1879, "pitch": 63, "duration": 2, "velocity": 90}, {"time": 1882, "pitch": 68, "duration": 6, "velocity": 117}, {"time": 1885, "pitch": 61, "duration": 2, "velocity": 90}, {"time": 1888, "pitch": 63, "duration": 3, "velocity": 102}, {"time": 1891, "pitch": 65, "duration": 3, "velocity": 86}, {"time": 1894, "pitch": 42, "duration": 21, "velocity": 90}, {"time": 1894, "pitch": 58, "duration": 7, "velocity": 91}, {"time": 1894, "pitch": 61, "duration": 7, "velocity": 100}, {"time": 1894, "pitch": 66, "duration": 6, "velocity": 93}, {"time": 1900, "pitch": 54, "duration": 7, "velocity": 64}, {"time": 1906, "pitch": 58, "duration": 6, "velocity": 100}, {"time": 1906, "pitch": 61, "duration": 10, "velocity": 108}, {"time": 1906, "pitch": 66, "duration": 8, "velocity": 93}, {"time": 1912, "pitch": 54, "duration": 4, "velocity": 79}, {"time": 1918, "pitch": 42, "duration": 19, "velocity": 84}, {"time": 1918, "pitch": 54, "duration": 6, "velocity": 86}, {"time": 1918, "pitch": 60, "duration": 10, "velocity": 92}, {"time": 1918, "pitch": 63, "duration": 10, "velocity": 110}, {"time": 1918, "pitch": 66, "duration": 10, "velocity": 96}, {"time": 1927, "pitch": 54, "duration": 4, "velocity": 82}, {"time": 1930, "pitch": 60, "duration": 7, "velocity": 102}, {"time": 1930, "pitch": 63, "duration": 7, "velocity": 113}, {"time": 1930, "pitch": 66, "duration": 7, "velocity": 102}, {"time": 1936, "pitch": 54, "duration": 2, "velocity": 80}, {"time": 1942, "pitch": 41, "duration": 21, "velocity": 92}, {"time": 1948, "pitch": 53, "duration": 6, "velocity": 74}, {"time": 1954, "pitch": 58, "duration": 5, "velocity": 108}, {"time": 1957, "pitch": 53, "duration": 8, "velocity": 86}, {"time": 1960, "pitch": 60, "duration": 5, "velocity": 98}, {"time": 1966, "pitch": 41, "duration": 18, "velocity": 87}, {"time": 1966, "pitch": 53, "duration": 1, "velocity": 85}, {"time": 1966, "pitch": 57, "duration": 9, "velocity": 106}, {"time": 1966, "pitch": 65, "duration": 9, "velocity": 110}, {"time": 1975, "pitch": 53, "duration": 4, "velocity": 93}, {"time": 1978, "pitch": 57, "duration": 5, "velocity": 106}, {"time": 1978, "pitch": 65, "duration": 3, "velocity": 107}, {"time": 1981, "pitch": 53, "duration": 7, "velocity": 93}, {"time": 1984, "pitch": 57, "duration": 2, "velocity": 66}, {"time": 1984, "pitch": 60, "duration": 4, "velocity": 91}, {"time": 1984, "pitch": 65, "duration": 2, "velocity": 88}, {"time": 1990, "pitch": 44, "duration": 1, "velocity": 84}, {"time": 1990, "pitch": 46, "duration": 19, "velocity": 85}, {"time": 1990, "pitch": 58, "duration": 3, "velocity": 100}, {"time": 1990, "pitch": 61, "duration": 7, "velocity": 110}, {"time": 1990, "pitch": 65, "duration": 6, "velocity": 108}, {"time": 1996, "pitch": 53, "duration": 13, "velocity": 75}, {"time": 1999, "pitch": 58, "duration": 4, "velocity": 86}, {"time": 2002, "pitch": 61, "duration": 4, "velocity": 104}, {"time": 2002, "pitch": 65, "duration": 7, "velocity": 113}, {"time": 2002, "pitch": 70, "duration": 7, "velocity": 107}, {"time": 2008, "pitch": 58, "duration": 4, "velocity": 84}, {"time": 2014, "pitch": 51, "duration": 19, "velocity": 89}, {"time": 2014, "pitch": 63, "duration": 2, "velocity": 94}, {"time": 2014, "pitch": 66, "duration": 6, "velocity": 108}, {"time": 2014, "pitch": 70, "duration": 5, "velocity": 102}, {"time": 2017, "pitch": 58, "duration": 15, "velocity": 82}, {"time": 2020, "pitch": 63, "duration": 6, "velocity": 84}, {"time": 2023, "pitch": 65, "duration": 3, "velocity": 102}, {"time": 2023, "pitch": 70, "duration": 7, "velocity": 96}, {"time": 2026, "pitch": 66, "duration": 4, "velocity": 100}, {"time": 2029, "pitch": 63, "duration": 3, "velocity": 104}, {"time": 2032, "pitch": 66, "duration": 4, "velocity": 104}, {"time": 2035, "pitch": 75, "duration": 2, "velocity": 104}, {"time": 2038, "pitch": 44, "duration": 18, "velocity": 88}, {"time": 2038, "pitch": 68, "duration": 6, "velocity": 92}, {"time": 2038, "pitch": 70, "duration": 2, "velocity": 89}, {"time": 2038, "pitch": 72, "duration": 6, "velocity": 110}, {"time": 2038, "pitch": 75, "duration": 5, "velocity": 85}, {"time": 2044, "pitch": 51, "duration": 12, "velocity": 80}, {"time": 2047, "pitch": 56, "duration": 4, "velocity": 87}, {"time": 2050, "pitch": 60, "duration": 7, "velocity": 107}, {"time": 2050, "pitch": 68, "duration": 4, "velocity": 113}, {"time": 2053, "pitch": 56, "duration": 8, "velocity": 86}, {"time": 2056, "pitch": 63, "duration": 5, "velocity": 100}, {"time": 2059, "pitch": 68, "duration": 2, "velocity": 98}, {"time": 2062, "pitch": 49, "duration": 20, "velocity": 86}, {"time": 2062, "pitch": 61, "duration": 5, "velocity": 96}, {"time": 2062, "pitch": 65, "duration": 10, "velocity": 108}, {"time": 2062, "pitch": 68, "duration": 9, "velocity": 90}, {"time": 2068, "pitch": 56, "duration": 7, "velocity": 76}, {"time": 2071, "pitch": 61, "duration": 3, "velocity": 86}, {"time": 2074, "pitch": 63, "duration": 5, "velocity": 114}, {"time": 2074, "pitch": 68, "duration": 5, "velocity": 113}, {"time": 2077, "pitch": 56, "duration": 3, "velocity": 89}, {"time": 2080, "pitch": 65, "duration": 3, "velocity": 104}, {"time": 2083, "pitch": 68, "duration": 12, "velocity": 89}, {"time": 2086, "pitch": 42, "duration": 21, "velocity": 87}, {"time": 2086, "pitch": 58, "duration": 5, "velocity": 100}, {"time": 2086, "pitch": 61, "duration": 9, "velocity": 89}, {"time": 2095, "pitch": 54, "duration": 5, "velocity": 84}, {"time": 2098, "pitch": 58, "duration": 1, "velocity": 107}, {"time": 2098, "pitch": 61, "duration": 10, "velocity": 113}, {"time": 2098, "pitch": 68, "duration": 8, "velocity": 107}, {"time": 2104, "pitch": 54, "duration": 4, "velocity": 86}, {"time": 2110, "pitch": 51, "duration": 15, "velocity": 88}, {"time": 2110, "pitch": 63, "duration": 9, "velocity": 94}, {"time": 2110, "pitch": 66, "duration": 9, "velocity": 104}, {"time": 2110, "pitch": 70, "duration": 8, "velocity": 94}, {"time": 2119, "pitch": 58, "duration": 4, "velocity": 80}, {"time": 2122, "pitch": 63, "duration": 6, "velocity": 100}, {"time": 2122, "pitch": 66, "duration": 7, "velocity": 108}, {"time": 2122, "pitch": 70, "duration": 7, "velocity": 102}, {"time": 2128, "pitch": 51, "duration": 1, "velocity": 44}, {"time": 2134, "pitch": 41, "duration": 22, "velocity": 88}, {"time": 2134, "pitch": 60, "duration": 9, "velocity": 88}, {"time": 2134, "pitch": 63, "duration": 9, "velocity": 100}, {"time": 2134, "pitch": 69, "duration": 9, "velocity": 88}, {"time": 2143, "pitch": 53, "duration": 3, "velocity": 77}, {"time": 2146, "pitch": 60, "duration": 7, "velocity": 92}, {"time": 2146, "pitch": 63, "duration": 7, "velocity": 98}, {"time": 2146, "pitch": 69, "duration": 7, "velocity": 87}, {"time": 2152, "pitch": 53, "duration": 3, "velocity": 72}, {"time": 2158, "pitch": 41, "duration": 17, "velocity": 83}, {"time": 2158, "pitch": 60, "duration": 8, "velocity": 87}, {"time": 2158, "pitch": 63, "duration": 9, "velocity": 89}, {"time": 2158, "pitch": 65, "duration": 9, "velocity": 88}, {"time": 2158, "pitch": 69, "duration": 9, "velocity": 86}, {"time": 2167, "pitch": 53, "duration": 4, "velocity": 80}, {"time": 2170, "pitch": 60, "duration": 5, "velocity": 87}, {"time": 2170, "pitch": 69, "duration": 11, "velocity": 81}, {"time": 2173, "pitch": 53, "duration": 9, "velocity": 82}, {"time": 2176, "pitch": 63, "duration": 5, "velocity": 84}, {"time": 2182, "pitch": 46, "duration": 38, "velocity": 79}, {"time": 2182, "pitch": 61, "duration": 10, "velocity": 83}, {"time": 2182, "pitch": 70, "duration": 7, "velocity": 87}, {"time": 2185, "pitch": 65, "duration": 5, "velocity": 30}, {"time": 2188, "pitch": 53, "duration": 31, "velocity": 65}, {"time": 2191, "pitch": 58, "duration": 7, "velocity": 83}, {"time": 2194, "pitch": 60, "duration": 8, "velocity": 90}, {"time": 2200, "pitch": 58, "duration": 15, "velocity": 58}, {"time": 2203, "pitch": 61, "duration": 16, "velocity": 80}, {"time": 2230, "pitch": 46, "duration": 20, "velocity": 84}, {"time": 2233, "pitch": 53, "duration": 17, "velocity": 76}, {"time": 2236, "pitch": 58, "duration": 6, "velocity": 84}, {"time": 2239, "pitch": 61, "duration": 5, "velocity": 77}, {"time": 2242, "pitch": 70, "duration": 5, "velocity": 91}, {"time": 2245, "pitch": 58, "duration": 7, "velocity": 84}, {"time": 2248, "pitch": 61, "duration": 3, "velocity": 81}, {"time": 2251, "pitch": 70, "duration": 6, "velocity": 86}, {"time": 2254, "pitch": 51, "duration": 18, "velocity": 83}, {"time": 2257, "pitch": 58, "duration": 10, "velocity": 80}, {"time": 2257, "pitch": 63, "duration": 2, "velocity": 65}, {"time": 2260, "pitch": 66, "duration": 3, "velocity": 85}, {"time": 2263, "pitch": 63, "duration": 5, "velocity": 78}, {"time": 2266, "pitch": 70, "duration": 8, "velocity": 93}, {"time": 2269, "pitch": 58, "duration": 2, "velocity": 82}, {"time": 2272, "pitch": 63, "duration": 3, "velocity": 88}, {"time": 2275, "pitch": 66, "duration": 1, "velocity": 93}, {"time": 2278, "pitch": 68, "duration": 8, "velocity": 93}, {"time": 2278, "pitch": 44, "duration": 19, "velocity": 86}, {"time": 2278, "pitch": 60, "duration": 10, "velocity": 100}, {"time": 2281, "pitch": 51, "duration": 16, "velocity": 77}, {"time": 2287, "pitch": 56, "duration": 3, "velocity": 86}, {"time": 2290, "pitch": 60, "duration": 4, "velocity": 107}, {"time": 2290, "pitch": 68, "duration": 4, "velocity": 114}, {"time": 2293, "pitch": 56, "duration": 9, "velocity": 88}, {"time": 2296, "pitch": 63, "duration": 5, "velocity": 93}, {"time": 2299, "pitch": 68, "duration": 2, "velocity": 102}, {"time": 2302, "pitch": 49, "duration": 18, "velocity": 84}, {"time": 2302, "pitch": 61, "duration": 3, "velocity": 90}, {"time": 2302, "pitch": 65, "duration": 5, "velocity": 104}, {"time": 2302, "pitch": 68, "duration": 6, "velocity": 88}, {"time": 2305, "pitch": 56, "duration": 15, "velocity": 81}, {"time": 2308, "pitch": 61, "duration": 5, "velocity": 86}, {"time": 2311, "pitch": 63, "duration": 1, "velocity": 91}, {"time": 2311, "pitch": 68, "duration": 1, "velocity": 91}, {"time": 2314, "pitch": 65, "duration": 4, "velocity": 116}, {"time": 2314, "pitch": 68, "duration": 3, "velocity": 116}, {"time": 2317, "pitch": 61, "duration": 2, "velocity": 104}, {"time": 2320, "pitch": 65, "duration": 4, "velocity": 107}, {"time": 2320, "pitch": 68, "duration": 3, "velocity": 108}, {"time": 2326, "pitch": 42, "duration": 18, "velocity": 88}, {"time": 2326, "pitch": 61, "duration": 9, "velocity": 98}, {"time": 2326, "pitch": 66, "duration": 9, "velocity": 110}, {"time": 2326, "pitch": 70, "duration": 8, "velocity": 104}, {"time": 2335, "pitch": 54, "duration": 4, "velocity": 80}, {"time": 2338, "pitch": 61, "duration": 9, "velocity": 108}, {"time": 2338, "pitch": 66, "duration": 10, "velocity": 114}, {"time": 2338, "pitch": 70, "duration": 9, "velocity": 102}, {"time": 2344, "pitch": 54, "duration": 5, "velocity": 83}, {"time": 2350, "pitch": 51, "duration": 19, "velocity": 88}, {"time": 2350, "pitch": 63, "duration": 9, "velocity": 94}, {"time": 2350, "pitch": 66, "duration": 9, "velocity": 107}, {"time": 2350, "pitch": 70, "duration": 9, "velocity": 94}, {"time": 2359, "pitch": 58, "duration": 4, "velocity": 87}, {"time": 2362, "pitch": 63, "duration": 6, "velocity": 104}, {"time": 2362, "pitch": 66, "duration": 10, "velocity": 113}, {"time": 2362, "pitch": 70, "duration": 8, "velocity": 104}, {"time": 2368, "pitch": 58, "duration": 1, "velocity": 87}, {"time": 2374, "pitch": 41, "duration": 22, "velocity": 86}, {"time": 2374, "pitch": 60, "duration": 10, "velocity": 92}, {"time": 2374, "pitch": 65, "duration": 10, "velocity": 107}, {"time": 2374, "pitch": 69, "duration": 10, "velocity": 91}, {"time": 2380, "pitch": 48, "duration": 16, "velocity": 67}, {"time": 2383, "pitch": 53, "duration": 4, "velocity": 88}, {"time": 2386, "pitch": 60, "duration": 10, "velocity": 107}, {"time": 2386, "pitch": 65, "duration": 10, "velocity": 113}, {"time": 2386, "pitch": 69, "duration": 9, "velocity": 106}, {"time": 2392, "pitch": 53, "duration": 4, "velocity": 81}, {"time": 2398, "pitch": 41, "duration": 18, "velocity": 93}, {"time": 2398, "pitch": 60, "duration": 6, "velocity": 90}, {"time": 2398, "pitch": 65, "duration": 6, "velocity": 107}, {"time": 2398, "pitch": 69, "duration": 6, "velocity": 100}, {"time": 2401, "pitch": 48, "duration": 7, "velocity": 83}, {"time": 2404, "pitch": 53, "duration": 3, "velocity": 93}, {"time": 2407, "pitch": 60, "duration": 5, "velocity": 104}, {"time": 2407, "pitch": 65, "duration": 5, "velocity": 116}, {"time": 2407, "pitch": 69, "duration": 5, "velocity": 113}, {"time": 2413, "pitch": 48, "duration": 3, "velocity": 30}, {"time": 2413, "pitch": 53, "duration": 4, "velocity": 107}, {"time": 2416, "pitch": 60, "duration": 3, "velocity": 104}, {"time": 2416, "pitch": 65, "duration": 4, "velocity": 96}, {"time": 2416, "pitch": 69, "duration": 4, "velocity": 109}, {"time": 2422, "pitch": 46, "duration": 20, "velocity": 94}, {"time": 2422, "pitch": 61, "duration": 8, "velocity": 108}, {"time": 2422, "pitch": 65, "duration": 10, "velocity": 116}, {"time": 2422, "pitch": 70, "duration": 9, "velocity": 113}, {"time": 2428, "pitch": 53, "duration": 14, "velocity": 73}, {"time": 2431, "pitch": 58, "duration": 3, "velocity": 87}, {"time": 2434, "pitch": 61, "duration": 6, "velocity": 110}, {"time": 2434, "pitch": 65, "duration": 6, "velocity": 116}, {"time": 2434, "pitch": 70, "duration": 6, "velocity": 108}, {"time": 2440, "pitch": 58, "duration": 4, "velocity": 87}, {"time": 2443, "pitch": 61, "duration": 1, "velocity": 93}, {"time": 2443, "pitch": 65, "duration": 1, "velocity": 107}, {"time": 2443, "pitch": 70, "duration": 1, "velocity": 94}, {"time": 2446, "pitch": 51, "duration": 19, "velocity": 82}, {"time": 2446, "pitch": 63, "duration": 3, "velocity": 107}, {"time": 2446, "pitch": 66, "duration": 3, "velocity": 113}, {"time": 2446, "pitch": 70, "duration": 3, "velocity": 102}, {"time": 2449, "pitch": 63, "duration": 1, "velocity": 107}, {"time": 2449, "pitch": 66, "duration": 1, "velocity": 110}, {"time": 2449, "pitch": 70, "duration": 1, "velocity": 94}, {"time": 2455, "pitch": 63, "duration": 6, "velocity": 110}, {"time": 2455, "pitch": 66, "duration": 6, "velocity": 116}, {"time": 2455, "pitch": 70, "duration": 6, "velocity": 110}, {"time": 2461, "pitch": 58, "duration": 3, "velocity": 87}, {"time": 2464, "pitch": 63, "duration": 4, "velocity": 113}, {"time": 2464, "pitch": 66, "duration": 4, "velocity": 116}, {"time": 2464, "pitch": 70, "duration": 3, "velocity": 107}, {"time": 2470, "pitch": 44, "duration": 21, "velocity": 93}, {"time": 2470, "pitch": 60, "duration": 9, "velocity": 108}, {"time": 2470, "pitch": 63, "duration": 10, "velocity": 114}, {"time": 2470, "pitch": 68, "duration": 9, "velocity": 107}, {"time": 2476, "pitch": 51, "duration": 15, "velocity": 65}, {"time": 2479, "pitch": 56, "duration": 3, "velocity": 88}, {"time": 2482, "pitch": 60, "duration": 7, "velocity": 113}, {"time": 2482, "pitch": 63, "duration": 7, "velocity": 116}, {"time": 2482, "pitch": 68, "duration": 6, "velocity": 107}, {"time": 2491, "pitch": 56, "duration": 1, "velocity": 81}, {"time": 2491, "pitch": 60, "duration": 1, "velocity": 88}, {"time": 2491, "pitch": 63, "duration": 1, "velocity": 94}, {"time": 2491, "pitch": 68, "duration": 1, "velocity": 88}, {"time": 2494, "pitch": 49, "duration": 19, "velocity": 89}, {"time": 2494, "pitch": 61, "duration": 6, "velocity": 102}, {"time": 2494, "pitch": 65, "duration": 6, "velocity": 110}, {"time": 2494, "pitch": 68, "duration": 6, "velocity": 102}, {"time": 2498, "pitch": 56, "duration": 11, "velocity": 73}, {"time": 2503, "pitch": 61, "duration": 1, "velocity": 100}, {"time": 2503, "pitch": 65, "duration": 1, "velocity": 110}, {"time": 2503, "pitch": 68, "duration": 1, "velocity": 96}, {"time": 2509, "pitch": 61, "duration": 7, "velocity": 102}, {"time": 2509, "pitch": 65, "duration": 6, "velocity": 113}, {"time": 2509, "pitch": 68, "duration": 6, "velocity": 102}, {"time": 2512, "pitch": 56, "duration": 1, "velocity": 98}, {"time": 2518, "pitch": 42, "duration": 19, "velocity": 91}, {"time": 2518, "pitch": 58, "duration": 9, "velocity": 98}, {"time": 2518, "pitch": 61, "duration": 9, "velocity": 107}, {"time": 2518, "pitch": 66, "duration": 8, "velocity": 104}, {"time": 2527, "pitch": 54, "duration": 4, "velocity": 84}, {"time": 2530, "pitch": 58, "duration": 6, "velocity": 108}, {"time": 2530, "pitch": 61, "duration": 6, "velocity": 114}, {"time": 2530, "pitch": 66, "duration": 6, "velocity": 102}, {"time": 2536, "pitch": 54, "duration": 1, "velocity": 85}, {"time": 2537, "pitch": 58, "duration": 2, "velocity": 92}, {"time": 2537, "pitch": 61, "duration": 2, "velocity": 91}, {"time": 2537, "pitch": 66, "duration": 2, "velocity": 88}, {"time": 2542, "pitch": 39, "duration": 19, "velocity": 94}, {"time": 2542, "pitch": 58, "duration": 7, "velocity": 104}, {"time": 2542, "pitch": 61, "duration": 7, "velocity": 110}, {"time": 2542, "pitch": 63, "duration": 7, "velocity": 113}, {"time": 2542, "pitch": 66, "duration": 7, "velocity": 104}, {"time": 2546, "pitch": 51, "duration": 4, "velocity": 76}, {"time": 2549, "pitch": 58, "duration": 1, "velocity": 100}, {"time": 2549, "pitch": 61, "duration": 1, "velocity": 114}, {"time": 2549, "pitch": 63, "duration": 1, "velocity": 114}, {"time": 2549, "pitch": 66, "duration": 1, "velocity": 104}, {"time": 2557, "pitch": 51, "duration": 4, "velocity": 102}, {"time": 2560, "pitch": 58, "duration": 1, "velocity": 107}, {"time": 2560, "pitch": 61, "duration": 2, "velocity": 113}, {"time": 2560, "pitch": 63, "duration": 1, "velocity": 110}, {"time": 2560, "pitch": 66, "duration": 2, "velocity": 107}, {"time": 2566, "pitch": 41, "duration": 20, "velocity": 102}, {"time": 2569, "pitch": 53, "duration": 6, "velocity": 94}, {"time": 2572, "pitch": 58, "duration": 2, "velocity": 88}, {"time": 2575, "pitch": 60, "duration": 5, "velocity": 108}, {"time": 2575, "pitch": 65, "duration": 2, "velocity": 94}, {"time": 2578, "pitch": 53, "duration": 7, "velocity": 108}, {"time": 2581, "pitch": 58, "duration": 4, "velocity": 100}, {"time": 2584, "pitch": 60, "duration": 5, "velocity": 93}, {"time": 2587, "pitch": 65, "duration": 2, "velocity": 90}, {"time": 2590, "pitch": 41, "duration": 18, "velocity": 91}, {"time": 2590, "pitch": 53, "duration": 6, "velocity": 96}, {"time": 2590, "pitch": 57, "duration": 9, "velocity": 103}, {"time": 2590, "pitch": 60, "duration": 9, "velocity": 94}, {"time": 2590, "pitch": 65, "duration": 8, "velocity": 92}, {"time": 2599, "pitch": 53, "duration": 4, "velocity": 107}, {"time": 2602, "pitch": 57, "duration": 5, "velocity": 109}, {"time": 2602, "pitch": 60, "duration": 6, "velocity": 116}, {"time": 2602, "pitch": 65, "duration": 5, "velocity": 108}, {"time": 2608, "pitch": 53, "duration": 4, "velocity": 91}, {"time": 2614, "pitch": 46, "duration": 43, "velocity": 84}, {"time": 2614, "pitch": 58, "duration": 2, "velocity": 88}, {"time": 2614, "pitch": 61, "duration": 7, "velocity": 91}, {"time": 2614, "pitch": 65, "duration": 7, "velocity": 91}, {"time": 2617, "pitch": 53, "duration": 40, "velocity": 76}, {"time": 2620, "pitch": 58, "duration": 6, "velocity": 86}, {"time": 2623, "pitch": 60, "duration": 3, "velocity": 88}, {"time": 2626, "pitch": 61, "duration": 3, "velocity": 86}, {"time": 2629, "pitch": 58, "duration": 28, "velocity": 91}, {"time": 2632, "pitch": 65, "duration": 25, "velocity": 78}, {"time": 2635, "pitch": 70, "duration": 22, "velocity": 82}, {"time": 2638, "pitch": 73, "duration": 19, "velocity": 78}, {"time": 2662, "pitch": 54, "duration": 43, "velocity": 82}, {"time": 2668, "pitch": 61, "duration": 36, "velocity": 74}, {"time": 2674, "pitch": 66, "duration": 18, "velocity": 83}, {"time": 2680, "pitch": 70, "duration": 13, "velocity": 67}, {"time": 2686, "pitch": 78, "duration": 14, "velocity": 86}, {"time": 2692, "pitch": 73, "duration": 18, "velocity": 80}, {"time": 2698, "pitch": 66, "duration": 5, "velocity": 73}, {"time": 2704, "pitch": 70, "duration": 6, "velocity": 73}, {"time": 2710, "pitch": 44, "duration": 50, "velocity": 81}, {"time": 2716, "pitch": 56, "duration": 44, "velocity": 71}, {"time": 2722, "pitch": 60, "duration": 41, "velocity": 65}, {"time": 2728, "pitch": 68, "duration": 36, "velocity": 84}, {"time": 2734, "pitch": 63, "duration": 29, "velocity": 73}, {"time": 2764, "pitch": 46, "duration": 46, "velocity": 77}, {"time": 2770, "pitch": 53, "duration": 40, "velocity": 70}, {"time": 2776, "pitch": 58, "duration": 34, "velocity": 76}, {"time": 2782, "pitch": 60, "duration": 8, "velocity": 70}, {"time": 2788, "pitch": 61, "duration": 7, "velocity": 77}, {"time": 2794, "pitch": 68, "duration": 1, "velocity": 80}, {"time": 2801, "pitch": 70, "duration": 9, "velocity": 64}]}]}