{"metadata": {"schema_version": "0.2", "title": "None", "source_filename": "323.mid", "source_format": "midi"}, "resolution": 12, "tempos": [{"time": 0, "qpm": 60.0}], "time_signatures": [{"time": 0, "numerator": 4, "denominator": 4}], "tracks": [{"program": 0, "is_drum": false, "name": "MELODY", "notes": [{"time": 428, "pitch": 68, "duration": 3, "velocity": 110}, {"time": 431, "pitch": 68, "duration": 3, "velocity": 107}, {"time": 434, "pitch": 75, "duration": 6, "velocity": 119}, {"time": 440, "pitch": 75, "duration": 6, "velocity": 117}, {"time": 446, "pitch": 75, "duration": 3, "velocity": 116}, {"time": 449, "pitch": 73, "duration": 3, "velocity": 92}, {"time": 452, "pitch": 71, "duration": 3, "velocity": 90}, {"time": 455, "pitch": 75, "duration": 6, "velocity": 110}, {"time": 461, "pitch": 78, "duration": 6, "velocity": 113}, {"time": 467, "pitch": 75, "duration": 9, "velocity": 113}, {"time": 476, "pitch": 75, "duration": 3, "velocity": 108}, {"time": 479, "pitch": 78, "duration": 3, "velocity": 107}, {"time": 482, "pitch": 80, "duration": 6, "velocity": 113}, {"time": 488, "pitch": 80, "duration": 6, "velocity": 110}, {"time": 494, "pitch": 78, "duration": 3, "velocity": 113}, {"time": 497, "pitch": 80, "duration": 6, "velocity": 113}, {"time": 503, "pitch": 78, "duration": 3, "velocity": 96}, {"time": 506, "pitch": 78, "duration": 6, "velocity": 114}, {"time": 512, "pitch": 75, "duration": 12, "velocity": 110}, {"time": 524, "pitch": 75, "duration": 3, "velocity": 114}, {"time": 527, "pitch": 78, "duration": 3, "velocity": 98}, {"time": 530, "pitch": 73, "duration": 6, "velocity": 108}, {"time": 536, "pitch": 73, "duration": 6, "velocity": 108}, {"time": 542, "pitch": 73, "duration": 3, "velocity": 113}, {"time": 545, "pitch": 71, "duration": 3, "velocity": 104}, {"time": 548, "pitch": 71, "duration": 4, "velocity": 102}, {"time": 551, "pitch": 73, "duration": 3, "velocity": 94}, {"time": 554, "pitch": 75, "duration": 6, "velocity": 114}, {"time": 560, "pitch": 78, "duration": 3, "velocity": 104}, {"time": 563, "pitch": 75, "duration": 9, "velocity": 110}, {"time": 572, "pitch": 68, "duration": 3, "velocity": 108}, {"time": 575, "pitch": 70, "duration": 3, "velocity": 107}, {"time": 578, "pitch": 71, "duration": 6, "velocity": 110}, {"time": 584, "pitch": 73, "duration": 6, "velocity": 110}, {"time": 590, "pitch": 70, "duration": 4, "velocity": 108}, {"time": 593, "pitch": 68, "duration": 3, "velocity": 102}, {"time": 596, "pitch": 66, "duration": 3, "velocity": 100}, {"time": 599, "pitch": 68, "duration": 3, "velocity": 100}, {"time": 602, "pitch": 68, "duration": 18, "velocity": 113}, {"time": 620, "pitch": 68, "duration": 3, "velocity": 113}, {"time": 623, "pitch": 68, "duration": 3, "velocity": 108}, {"time": 626, "pitch": 75, "duration": 6, "velocity": 96}, {"time": 632, "pitch": 75, "duration": 6, "velocity": 113}, {"time": 638, "pitch": 75, "duration": 3, "velocity": 108}, {"time": 641, "pitch": 73, "duration": 3, "velocity": 102}, {"time": 644, "pitch": 71, "duration": 3, "velocity": 108}, {"time": 647, "pitch": 73, "duration": 3, "velocity": 98}, {"time": 650, "pitch": 75, "duration": 3, "velocity": 113}, {"time": 653, "pitch": 78, "duration": 6, "velocity": 113}, {"time": 659, "pitch": 75, "duration": 9, "velocity": 114}, {"time": 668, "pitch": 75, "duration": 3, "velocity": 114}, {"time": 671, "pitch": 78, "duration": 3, "velocity": 104}, {"time": 674, "pitch": 80, "duration": 6, "velocity": 113}, {"time": 680, "pitch": 80, "duration": 6, "velocity": 114}, {"time": 686, "pitch": 78, "duration": 3, "velocity": 110}, {"time": 689, "pitch": 80, "duration": 6, "velocity": 108}, {"time": 695, "pitch": 78, "duration": 3, "velocity": 98}, {"time": 698, "pitch": 78, "duration": 6, "velocity": 116}, {"time": 704, "pitch": 75, "duration": 12, "velocity": 116}, {"time": 716, "pitch": 75, "duration": 3, "velocity": 113}, {"time": 719, "pitch": 78, "duration": 3, "velocity": 102}, {"time": 722, "pitch": 73, "duration": 6, "velocity": 110}, {"time": 728, "pitch": 73, "duration": 6, "velocity": 110}, {"time": 734, "pitch": 73, "duration": 3, "velocity": 110}, {"time": 737, "pitch": 71, "duration": 3, "velocity": 102}, {"time": 740, "pitch": 71, "duration": 3, "velocity": 107}, {"time": 743, "pitch": 73, "duration": 3, "velocity": 102}, {"time": 746, "pitch": 75, "duration": 3, "velocity": 113}, {"time": 749, "pitch": 78, "duration": 6, "velocity": 100}, {"time": 755, "pitch": 75, "duration": 9, "velocity": 110}, {"time": 764, "pitch": 68, "duration": 3, "velocity": 107}, {"time": 767, "pitch": 70, "duration": 3, "velocity": 104}, {"time": 770, "pitch": 71, "duration": 12, "velocity": 110}, {"time": 782, "pitch": 70, "duration": 6, "velocity": 110}, {"time": 788, "pitch": 66, "duration": 6, "velocity": 114}, {"time": 794, "pitch": 68, "duration": 18, "velocity": 114}, {"time": 812, "pitch": 75, "duration": 3, "velocity": 116}, {"time": 815, "pitch": 75, "duration": 3, "velocity": 108}, {"time": 818, "pitch": 80, "duration": 6, "velocity": 113}, {"time": 824, "pitch": 80, "duration": 6, "velocity": 114}, {"time": 830, "pitch": 78, "duration": 3, "velocity": 108}, {"time": 833, "pitch": 80, "duration": 6, "velocity": 102}, {"time": 839, "pitch": 78, "duration": 3, "velocity": 107}, {"time": 842, "pitch": 78, "duration": 6, "velocity": 113}, {"time": 848, "pitch": 75, "duration": 12, "velocity": 117}, {"time": 860, "pitch": 75, "duration": 3, "velocity": 104}, {"time": 863, "pitch": 75, "duration": 3, "velocity": 104}, {"time": 866, "pitch": 80, "duration": 6, "velocity": 113}, {"time": 872, "pitch": 80, "duration": 6, "velocity": 113}, {"time": 878, "pitch": 78, "duration": 3, "velocity": 114}, {"time": 881, "pitch": 80, "duration": 6, "velocity": 98}, {"time": 887, "pitch": 78, "duration": 3, "velocity": 114}, {"time": 890, "pitch": 78, "duration": 6, "velocity": 116}, {"time": 896, "pitch": 75, "duration": 9, "velocity": 117}, {"time": 905, "pitch": 73, "duration": 3, "velocity": 116}, {"time": 908, "pitch": 73, "duration": 3, "velocity": 110}, {"time": 911, "pitch": 71, "duration": 3, "velocity": 110}, {"time": 914, "pitch": 73, "duration": 12, "velocity": 114}, {"time": 926, "pitch": 73, "duration": 6, "velocity": 117}, {"time": 932, "pitch": 71, "duration": 3, "velocity": 113}, {"time": 935, "pitch": 73, "duration": 15, "velocity": 117}, {"time": 950, "pitch": 78, "duration": 6, "velocity": 117}, {"time": 956, "pitch": 80, "duration": 6, "velocity": 116}, {"time": 962, "pitch": 75, "duration": 42, "velocity": 117}, {"time": 1004, "pitch": 75, "duration": 3, "velocity": 110}, {"time": 1007, "pitch": 75, "duration": 3, "velocity": 113}, {"time": 1010, "pitch": 80, "duration": 6, "velocity": 119}, {"time": 1016, "pitch": 80, "duration": 6, "velocity": 116}, {"time": 1022, "pitch": 78, "duration": 3, "velocity": 116}, {"time": 1025, "pitch": 80, "duration": 6, "velocity": 113}, {"time": 1031, "pitch": 78, "duration": 3, "velocity": 117}, {"time": 1034, "pitch": 78, "duration": 6, "velocity": 119}, {"time": 1040, "pitch": 75, "duration": 12, "velocity": 116}, {"time": 1052, "pitch": 75, "duration": 3, "velocity": 117}, {"time": 1055, "pitch": 78, "duration": 3, "velocity": 104}, {"time": 1058, "pitch": 73, "duration": 6, "velocity": 117}, {"time": 1064, "pitch": 73, "duration": 6, "velocity": 110}, {"time": 1070, "pitch": 73, "duration": 3, "velocity": 113}, {"time": 1073, "pitch": 71, "duration": 6, "velocity": 102}, {"time": 1079, "pitch": 73, "duration": 3, "velocity": 113}, {"time": 1082, "pitch": 75, "duration": 3, "velocity": 102}, {"time": 1085, "pitch": 78, "duration": 3, "velocity": 116}, {"time": 1088, "pitch": 75, "duration": 12, "velocity": 110}, {"time": 1100, "pitch": 68, "duration": 3, "velocity": 113}, {"time": 1103, "pitch": 70, "duration": 3, "velocity": 110}, {"time": 1106, "pitch": 71, "duration": 12, "velocity": 114}, {"time": 1118, "pitch": 71, "duration": 3, "velocity": 114}, {"time": 1121, "pitch": 73, "duration": 6, "velocity": 96}, {"time": 1127, "pitch": 70, "duration": 15, "velocity": 110}, {"time": 1142, "pitch": 70, "duration": 3, "velocity": 116}, {"time": 1145, "pitch": 70, "duration": 6, "velocity": 113}, {"time": 1151, "pitch": 66, "duration": 3, "velocity": 107}, {"time": 1154, "pitch": 70, "duration": 6, "velocity": 116}, {"time": 1160, "pitch": 68, "duration": 18, "velocity": 117}, {"time": 1580, "pitch": 68, "duration": 3, "velocity": 110}, {"time": 1583, "pitch": 68, "duration": 3, "velocity": 107}, {"time": 1586, "pitch": 75, "duration": 6, "velocity": 119}, {"time": 1592, "pitch": 75, "duration": 6, "velocity": 117}, {"time": 1598, "pitch": 75, "duration": 3, "velocity": 116}, {"time": 1601, "pitch": 73, "duration": 3, "velocity": 92}, {"time": 1604, "pitch": 71, "duration": 3, "velocity": 90}, {"time": 1607, "pitch": 75, "duration": 6, "velocity": 110}, {"time": 1613, "pitch": 78, "duration": 6, "velocity": 113}, {"time": 1619, "pitch": 75, "duration": 9, "velocity": 113}, {"time": 1628, "pitch": 75, "duration": 3, "velocity": 108}, {"time": 1631, "pitch": 78, "duration": 3, "velocity": 107}, {"time": 1634, "pitch": 80, "duration": 6, "velocity": 113}, {"time": 1640, "pitch": 80, "duration": 6, "velocity": 110}, {"time": 1646, "pitch": 78, "duration": 3, "velocity": 113}, {"time": 1649, "pitch": 80, "duration": 6, "velocity": 113}, {"time": 1655, "pitch": 78, "duration": 3, "velocity": 96}, {"time": 1658, "pitch": 78, "duration": 6, "velocity": 114}, {"time": 1664, "pitch": 75, "duration": 12, "velocity": 110}, {"time": 1676, "pitch": 75, "duration": 3, "velocity": 114}, {"time": 1679, "pitch": 78, "duration": 3, "velocity": 98}, {"time": 1682, "pitch": 73, "duration": 6, "velocity": 108}, {"time": 1688, "pitch": 73, "duration": 6, "velocity": 108}, {"time": 1694, "pitch": 73, "duration": 3, "velocity": 113}, {"time": 1697, "pitch": 71, "duration": 3, "velocity": 104}, {"time": 1700, "pitch": 71, "duration": 4, "velocity": 102}, {"time": 1703, "pitch": 73, "duration": 3, "velocity": 94}, {"time": 1706, "pitch": 75, "duration": 6, "velocity": 114}, {"time": 1712, "pitch": 78, "duration": 3, "velocity": 104}, {"time": 1715, "pitch": 75, "duration": 9, "velocity": 110}, {"time": 1724, "pitch": 68, "duration": 3, "velocity": 108}, {"time": 1727, "pitch": 70, "duration": 3, "velocity": 107}, {"time": 1730, "pitch": 71, "duration": 6, "velocity": 110}, {"time": 1736, "pitch": 73, "duration": 6, "velocity": 110}, {"time": 1742, "pitch": 70, "duration": 4, "velocity": 108}, {"time": 1745, "pitch": 68, "duration": 3, "velocity": 102}, {"time": 1748, "pitch": 66, "duration": 3, "velocity": 100}, {"time": 1751, "pitch": 68, "duration": 3, "velocity": 100}, {"time": 1754, "pitch": 68, "duration": 18, "velocity": 113}, {"time": 1772, "pitch": 68, "duration": 3, "velocity": 113}, {"time": 1775, "pitch": 68, "duration": 3, "velocity": 108}, {"time": 1778, "pitch": 75, "duration": 6, "velocity": 96}, {"time": 1784, "pitch": 75, "duration": 6, "velocity": 113}, {"time": 1790, "pitch": 75, "duration": 3, "velocity": 108}, {"time": 1793, "pitch": 73, "duration": 3, "velocity": 102}, {"time": 1796, "pitch": 71, "duration": 3, "velocity": 108}, {"time": 1799, "pitch": 73, "duration": 3, "velocity": 98}, {"time": 1802, "pitch": 75, "duration": 3, "velocity": 113}, {"time": 1805, "pitch": 78, "duration": 6, "velocity": 113}, {"time": 1811, "pitch": 75, "duration": 9, "velocity": 114}, {"time": 1820, "pitch": 75, "duration": 3, "velocity": 114}, {"time": 1823, "pitch": 78, "duration": 3, "velocity": 104}, {"time": 1826, "pitch": 80, "duration": 6, "velocity": 113}, {"time": 1832, "pitch": 80, "duration": 6, "velocity": 114}, {"time": 1838, "pitch": 78, "duration": 3, "velocity": 110}, {"time": 1841, "pitch": 80, "duration": 6, "velocity": 108}, {"time": 1847, "pitch": 78, "duration": 3, "velocity": 98}, {"time": 1850, "pitch": 78, "duration": 6, "velocity": 116}, {"time": 1856, "pitch": 75, "duration": 12, "velocity": 116}, {"time": 1868, "pitch": 75, "duration": 3, "velocity": 113}, {"time": 1871, "pitch": 78, "duration": 3, "velocity": 102}, {"time": 1874, "pitch": 73, "duration": 6, "velocity": 110}, {"time": 1880, "pitch": 73, "duration": 6, "velocity": 110}, {"time": 1886, "pitch": 73, "duration": 3, "velocity": 110}, {"time": 1889, "pitch": 71, "duration": 3, "velocity": 102}, {"time": 1892, "pitch": 71, "duration": 3, "velocity": 107}, {"time": 1895, "pitch": 73, "duration": 3, "velocity": 102}, {"time": 1898, "pitch": 75, "duration": 3, "velocity": 113}, {"time": 1901, "pitch": 78, "duration": 6, "velocity": 100}, {"time": 1907, "pitch": 75, "duration": 9, "velocity": 110}, {"time": 1916, "pitch": 68, "duration": 3, "velocity": 107}, {"time": 1919, "pitch": 70, "duration": 3, "velocity": 104}, {"time": 1922, "pitch": 71, "duration": 12, "velocity": 110}, {"time": 1934, "pitch": 70, "duration": 6, "velocity": 110}, {"time": 1940, "pitch": 66, "duration": 6, "velocity": 114}, {"time": 1946, "pitch": 68, "duration": 12, "velocity": 114}, {"time": 1964, "pitch": 75, "duration": 3, "velocity": 116}, {"time": 1967, "pitch": 75, "duration": 3, "velocity": 108}, {"time": 1970, "pitch": 80, "duration": 6, "velocity": 113}, {"time": 1976, "pitch": 80, "duration": 6, "velocity": 114}, {"time": 1982, "pitch": 78, "duration": 3, "velocity": 108}, {"time": 1985, "pitch": 80, "duration": 6, "velocity": 102}, {"time": 1991, "pitch": 78, "duration": 3, "velocity": 107}, {"time": 1994, "pitch": 78, "duration": 6, "velocity": 113}, {"time": 2000, "pitch": 75, "duration": 12, "velocity": 117}, {"time": 2012, "pitch": 75, "duration": 3, "velocity": 104}, {"time": 2015, "pitch": 75, "duration": 3, "velocity": 104}, {"time": 2018, "pitch": 80, "duration": 6, "velocity": 113}, {"time": 2024, "pitch": 80, "duration": 6, "velocity": 113}, {"time": 2030, "pitch": 78, "duration": 3, "velocity": 114}, {"time": 2033, "pitch": 80, "duration": 6, "velocity": 98}, {"time": 2039, "pitch": 78, "duration": 3, "velocity": 114}, {"time": 2042, "pitch": 78, "duration": 6, "velocity": 116}, {"time": 2048, "pitch": 75, "duration": 9, "velocity": 117}, {"time": 2057, "pitch": 73, "duration": 3, "velocity": 116}, {"time": 2060, "pitch": 73, "duration": 3, "velocity": 110}, {"time": 2063, "pitch": 71, "duration": 3, "velocity": 110}, {"time": 2066, "pitch": 73, "duration": 12, "velocity": 114}, {"time": 2078, "pitch": 73, "duration": 6, "velocity": 117}, {"time": 2084, "pitch": 71, "duration": 3, "velocity": 113}, {"time": 2087, "pitch": 73, "duration": 15, "velocity": 117}, {"time": 2102, "pitch": 78, "duration": 6, "velocity": 117}, {"time": 2108, "pitch": 80, "duration": 6, "velocity": 116}, {"time": 2114, "pitch": 75, "duration": 42, "velocity": 117}, {"time": 2156, "pitch": 75, "duration": 3, "velocity": 110}, {"time": 2159, "pitch": 75, "duration": 3, "velocity": 113}, {"time": 2162, "pitch": 80, "duration": 6, "velocity": 119}, {"time": 2168, "pitch": 80, "duration": 6, "velocity": 116}, {"time": 2174, "pitch": 78, "duration": 3, "velocity": 116}, {"time": 2177, "pitch": 80, "duration": 6, "velocity": 113}, {"time": 2183, "pitch": 78, "duration": 3, "velocity": 117}, {"time": 2186, "pitch": 78, "duration": 6, "velocity": 119}, {"time": 2192, "pitch": 75, "duration": 12, "velocity": 116}, {"time": 2204, "pitch": 75, "duration": 3, "velocity": 117}, {"time": 2207, "pitch": 78, "duration": 3, "velocity": 104}, {"time": 2210, "pitch": 73, "duration": 6, "velocity": 117}, {"time": 2216, "pitch": 73, "duration": 6, "velocity": 110}, {"time": 2222, "pitch": 73, "duration": 3, "velocity": 113}, {"time": 2225, "pitch": 71, "duration": 6, "velocity": 102}, {"time": 2231, "pitch": 73, "duration": 3, "velocity": 113}, {"time": 2234, "pitch": 75, "duration": 3, "velocity": 102}, {"time": 2237, "pitch": 78, "duration": 3, "velocity": 116}, {"time": 2240, "pitch": 75, "duration": 12, "velocity": 110}, {"time": 2252, "pitch": 68, "duration": 3, "velocity": 113}, {"time": 2255, "pitch": 70, "duration": 3, "velocity": 110}, {"time": 2258, "pitch": 71, "duration": 12, "velocity": 114}, {"time": 2270, "pitch": 71, "duration": 3, "velocity": 114}, {"time": 2273, "pitch": 73, "duration": 6, "velocity": 96}, {"time": 2279, "pitch": 70, "duration": 15, "velocity": 110}, {"time": 2294, "pitch": 70, "duration": 3, "velocity": 116}, {"time": 2297, "pitch": 70, "duration": 6, "velocity": 113}, {"time": 2303, "pitch": 66, "duration": 3, "velocity": 107}, {"time": 2306, "pitch": 70, "duration": 6, "velocity": 116}, {"time": 2312, "pitch": 68, "duration": 18, "velocity": 117}, {"time": 2348, "pitch": 75, "duration": 3, "velocity": 116}, {"time": 2351, "pitch": 75, "duration": 3, "velocity": 108}, {"time": 2354, "pitch": 80, "duration": 6, "velocity": 113}, {"time": 2360, "pitch": 80, "duration": 6, "velocity": 114}, {"time": 2366, "pitch": 78, "duration": 3, "velocity": 108}, {"time": 2369, "pitch": 80, "duration": 6, "velocity": 102}, {"time": 2375, "pitch": 78, "duration": 3, "velocity": 107}, {"time": 2378, "pitch": 78, "duration": 6, "velocity": 113}, {"time": 2384, "pitch": 75, "duration": 12, "velocity": 117}, {"time": 2396, "pitch": 75, "duration": 3, "velocity": 104}, {"time": 2399, "pitch": 75, "duration": 3, "velocity": 104}, {"time": 2402, "pitch": 80, "duration": 6, "velocity": 113}, {"time": 2408, "pitch": 80, "duration": 6, "velocity": 113}, {"time": 2414, "pitch": 78, "duration": 3, "velocity": 114}, {"time": 2417, "pitch": 80, "duration": 6, "velocity": 98}, {"time": 2423, "pitch": 78, "duration": 3, "velocity": 114}, {"time": 2426, "pitch": 78, "duration": 6, "velocity": 116}, {"time": 2432, "pitch": 75, "duration": 9, "velocity": 117}, {"time": 2441, "pitch": 73, "duration": 3, "velocity": 116}, {"time": 2444, "pitch": 73, "duration": 3, "velocity": 110}, {"time": 2447, "pitch": 71, "duration": 3, "velocity": 110}, {"time": 2450, "pitch": 73, "duration": 12, "velocity": 114}, {"time": 2462, "pitch": 73, "duration": 6, "velocity": 117}, {"time": 2468, "pitch": 71, "duration": 3, "velocity": 113}, {"time": 2471, "pitch": 73, "duration": 15, "velocity": 117}, {"time": 2486, "pitch": 78, "duration": 6, "velocity": 117}, {"time": 2492, "pitch": 80, "duration": 6, "velocity": 116}, {"time": 2498, "pitch": 75, "duration": 42, "velocity": 117}, {"time": 2540, "pitch": 75, "duration": 3, "velocity": 110}, {"time": 2543, "pitch": 75, "duration": 3, "velocity": 113}, {"time": 2546, "pitch": 80, "duration": 6, "velocity": 119}, {"time": 2552, "pitch": 80, "duration": 6, "velocity": 116}, {"time": 2558, "pitch": 78, "duration": 3, "velocity": 116}, {"time": 2561, "pitch": 80, "duration": 6, "velocity": 113}, {"time": 2567, "pitch": 78, "duration": 3, "velocity": 117}, {"time": 2570, "pitch": 78, "duration": 6, "velocity": 119}, {"time": 2576, "pitch": 75, "duration": 12, "velocity": 116}, {"time": 2588, "pitch": 75, "duration": 3, "velocity": 117}, {"time": 2591, "pitch": 78, "duration": 3, "velocity": 104}, {"time": 2594, "pitch": 73, "duration": 6, "velocity": 117}, {"time": 2600, "pitch": 73, "duration": 6, "velocity": 110}, {"time": 2606, "pitch": 73, "duration": 3, "velocity": 113}, {"time": 2609, "pitch": 71, "duration": 6, "velocity": 102}, {"time": 2615, "pitch": 73, "duration": 3, "velocity": 113}, {"time": 2618, "pitch": 75, "duration": 3, "velocity": 102}, {"time": 2621, "pitch": 78, "duration": 3, "velocity": 116}, {"time": 2624, "pitch": 75, "duration": 12, "velocity": 110}, {"time": 2636, "pitch": 68, "duration": 3, "velocity": 113}, {"time": 2639, "pitch": 70, "duration": 3, "velocity": 110}, {"time": 2642, "pitch": 71, "duration": 12, "velocity": 114}, {"time": 2654, "pitch": 71, "duration": 3, "velocity": 114}, {"time": 2657, "pitch": 73, "duration": 6, "velocity": 96}, {"time": 2663, "pitch": 70, "duration": 15, "velocity": 110}, {"time": 2678, "pitch": 70, "duration": 3, "velocity": 116}, {"time": 2681, "pitch": 70, "duration": 6, "velocity": 113}, {"time": 2687, "pitch": 66, "duration": 3, "velocity": 107}, {"time": 2690, "pitch": 70, "duration": 6, "velocity": 116}, {"time": 2696, "pitch": 68, "duration": 36, "velocity": 117}, {"time": 2732, "pitch": 68, "duration": 3, "velocity": 98}, {"time": 2735, "pitch": 70, "duration": 3, "velocity": 76}, {"time": 2738, "pitch": 71, "duration": 12, "velocity": 107}, {"time": 2750, "pitch": 71, "duration": 3, "velocity": 100}, {"time": 2753, "pitch": 73, "duration": 9, "velocity": 89}, {"time": 2762, "pitch": 70, "duration": 12, "velocity": 100}, {"time": 2774, "pitch": 82, "duration": 3, "velocity": 116}, {"time": 2777, "pitch": 82, "duration": 6, "velocity": 117}, {"time": 2783, "pitch": 78, "duration": 5, "velocity": 114}, {"time": 2788, "pitch": 82, "duration": 10, "velocity": 117}, {"time": 2798, "pitch": 80, "duration": 36, "velocity": 116}]}, {"program": 0, "is_drum": false, "name": "BRIDGE", "notes": [{"time": 38, "pitch": 80, "duration": 3, "velocity": 114}, {"time": 41, "pitch": 82, "duration": 3, "velocity": 89}, {"time": 44, "pitch": 83, "duration": 3, "velocity": 98}, {"time": 47, "pitch": 75, "duration": 3, "velocity": 94}, {"time": 50, "pitch": 73, "duration": 9, "velocity": 108}, {"time": 59, "pitch": 82, "duration": 3, "velocity": 113}, {"time": 62, "pitch": 80, "duration": 24, "velocity": 110}, {"time": 86, "pitch": 80, "duration": 3, "velocity": 113}, {"time": 89, "pitch": 82, "duration": 3, "velocity": 93}, {"time": 92, "pitch": 83, "duration": 3, "velocity": 107}, {"time": 95, "pitch": 75, "duration": 3, "velocity": 100}, {"time": 98, "pitch": 73, "duration": 9, "velocity": 100}, {"time": 107, "pitch": 82, "duration": 3, "velocity": 110}, {"time": 110, "pitch": 80, "duration": 24, "velocity": 107}, {"time": 134, "pitch": 80, "duration": 3, "velocity": 107}, {"time": 137, "pitch": 82, "duration": 4, "velocity": 100}, {"time": 140, "pitch": 83, "duration": 3, "velocity": 102}, {"time": 143, "pitch": 87, "duration": 3, "velocity": 107}, {"time": 146, "pitch": 88, "duration": 36, "velocity": 107}, {"time": 182, "pitch": 88, "duration": 3, "velocity": 110}, {"time": 185, "pitch": 87, "duration": 3, "velocity": 98}, {"time": 188, "pitch": 85, "duration": 3, "velocity": 93}, {"time": 191, "pitch": 83, "duration": 3, "velocity": 92}, {"time": 194, "pitch": 85, "duration": 9, "velocity": 104}, {"time": 203, "pitch": 87, "duration": 27, "velocity": 108}, {"time": 230, "pitch": 80, "duration": 3, "velocity": 114}, {"time": 233, "pitch": 82, "duration": 3, "velocity": 89}, {"time": 236, "pitch": 83, "duration": 3, "velocity": 98}, {"time": 239, "pitch": 75, "duration": 3, "velocity": 94}, {"time": 242, "pitch": 73, "duration": 9, "velocity": 108}, {"time": 251, "pitch": 82, "duration": 3, "velocity": 113}, {"time": 254, "pitch": 80, "duration": 24, "velocity": 110}, {"time": 278, "pitch": 80, "duration": 3, "velocity": 113}, {"time": 281, "pitch": 82, "duration": 3, "velocity": 93}, {"time": 284, "pitch": 83, "duration": 3, "velocity": 107}, {"time": 287, "pitch": 75, "duration": 3, "velocity": 100}, {"time": 290, "pitch": 73, "duration": 9, "velocity": 100}, {"time": 299, "pitch": 82, "duration": 3, "velocity": 110}, {"time": 302, "pitch": 80, "duration": 24, "velocity": 107}, {"time": 326, "pitch": 80, "duration": 3, "velocity": 114}, {"time": 329, "pitch": 82, "duration": 3, "velocity": 88}, {"time": 332, "pitch": 80, "duration": 3, "velocity": 96}, {"time": 335, "pitch": 78, "duration": 3, "velocity": 92}, {"time": 338, "pitch": 76, "duration": 36, "velocity": 96}, {"time": 374, "pitch": 73, "duration": 6, "velocity": 102}, {"time": 380, "pitch": 71, "duration": 6, "velocity": 96}, {"time": 386, "pitch": 73, "duration": 24, "velocity": 102}, {"time": 806, "pitch": 68, "duration": 12, "velocity": 113}, {"time": 818, "pitch": 71, "duration": 12, "velocity": 110}, {"time": 830, "pitch": 73, "duration": 12, "velocity": 107}, {"time": 842, "pitch": 75, "duration": 24, "velocity": 108}, {"time": 965, "pitch": 75, "duration": 3, "velocity": 113}, {"time": 968, "pitch": 79, "duration": 3, "velocity": 100}, {"time": 971, "pitch": 82, "duration": 3, "velocity": 100}, {"time": 974, "pitch": 83, "duration": 3, "velocity": 114}, {"time": 977, "pitch": 85, "duration": 6, "velocity": 114}, {"time": 983, "pitch": 85, "duration": 3, "velocity": 116}, {"time": 986, "pitch": 82, "duration": 9, "velocity": 117}, {"time": 995, "pitch": 82, "duration": 1, "velocity": 84}, {"time": 996, "pitch": 80, "duration": 2, "velocity": 98}, {"time": 998, "pitch": 75, "duration": 12, "velocity": 113}, {"time": 1202, "pitch": 68, "duration": 39, "velocity": 108}, {"time": 1241, "pitch": 68, "duration": 3, "velocity": 108}, {"time": 1244, "pitch": 70, "duration": 4, "velocity": 104}, {"time": 1247, "pitch": 71, "duration": 3, "velocity": 98}, {"time": 1250, "pitch": 73, "duration": 24, "velocity": 108}, {"time": 1274, "pitch": 70, "duration": 20, "velocity": 92}, {"time": 1294, "pitch": 71, "duration": 1, "velocity": 75}, {"time": 1295, "pitch": 70, "duration": 2, "velocity": 88}, {"time": 1296, "pitch": 66, "duration": 2, "velocity": 89}, {"time": 1298, "pitch": 68, "duration": 30, "velocity": 100}, {"time": 1328, "pitch": 68, "duration": 6, "velocity": 104}, {"time": 1334, "pitch": 66, "duration": 6, "velocity": 90}, {"time": 1340, "pitch": 64, "duration": 6, "velocity": 104}, {"time": 1346, "pitch": 63, "duration": 36, "velocity": 110}, {"time": 1382, "pitch": 70, "duration": 6, "velocity": 117}, {"time": 1388, "pitch": 71, "duration": 6, "velocity": 119}, {"time": 1394, "pitch": 80, "duration": 48, "velocity": 119}, {"time": 1404, "pitch": 52, "duration": 2, "velocity": 57}, {"time": 1406, "pitch": 54, "duration": 1, "velocity": 63}, {"time": 1408, "pitch": 56, "duration": 1, "velocity": 67}, {"time": 1409, "pitch": 57, "duration": 1, "velocity": 70}, {"time": 1409, "pitch": 59, "duration": 1, "velocity": 72}, {"time": 1410, "pitch": 61, "duration": 1, "velocity": 75}, {"time": 1411, "pitch": 63, "duration": 1, "velocity": 77}, {"time": 1412, "pitch": 64, "duration": 1, "velocity": 80}, {"time": 1413, "pitch": 66, "duration": 1, "velocity": 83}, {"time": 1414, "pitch": 68, "duration": 1, "velocity": 87}, {"time": 1415, "pitch": 69, "duration": 1, "velocity": 91}, {"time": 1416, "pitch": 71, "duration": 1, "velocity": 95}, {"time": 1417, "pitch": 73, "duration": 1, "velocity": 98}, {"time": 1418, "pitch": 75, "duration": 1, "velocity": 101}, {"time": 1419, "pitch": 76, "duration": 8, "velocity": 106}, {"time": 1442, "pitch": 78, "duration": 48, "velocity": 108}, {"time": 1452, "pitch": 50, "duration": 2, "velocity": 57}, {"time": 1454, "pitch": 52, "duration": 1, "velocity": 63}, {"time": 1455, "pitch": 54, "duration": 1, "velocity": 67}, {"time": 1456, "pitch": 55, "duration": 1, "velocity": 70}, {"time": 1457, "pitch": 57, "duration": 1, "velocity": 72}, {"time": 1458, "pitch": 59, "duration": 1, "velocity": 75}, {"time": 1459, "pitch": 61, "duration": 1, "velocity": 77}, {"time": 1459, "pitch": 62, "duration": 1, "velocity": 80}, {"time": 1460, "pitch": 64, "duration": 1, "velocity": 83}, {"time": 1461, "pitch": 66, "duration": 1, "velocity": 87}, {"time": 1462, "pitch": 67, "duration": 1, "velocity": 91}, {"time": 1463, "pitch": 69, "duration": 1, "velocity": 95}, {"time": 1464, "pitch": 71, "duration": 2, "velocity": 98}, {"time": 1466, "pitch": 73, "duration": 1, "velocity": 101}, {"time": 1467, "pitch": 74, "duration": 8, "velocity": 106}, {"time": 1490, "pitch": 76, "duration": 48, "velocity": 108}, {"time": 1502, "pitch": 45, "duration": 1, "velocity": 74}, {"time": 1503, "pitch": 48, "duration": 1, "velocity": 74}, {"time": 1504, "pitch": 52, "duration": 2, "velocity": 75}, {"time": 1506, "pitch": 57, "duration": 2, "velocity": 73}, {"time": 1508, "pitch": 60, "duration": 1, "velocity": 70}, {"time": 1509, "pitch": 64, "duration": 2, "velocity": 69}, {"time": 1510, "pitch": 69, "duration": 3, "velocity": 67}, {"time": 1512, "pitch": 64, "duration": 2, "velocity": 67}, {"time": 1514, "pitch": 60, "duration": 8, "velocity": 67}, {"time": 1538, "pitch": 75, "duration": 48, "velocity": 108}, {"time": 1946, "pitch": 75, "duration": 12, "velocity": 119}, {"time": 1958, "pitch": 78, "duration": 12, "velocity": 119}, {"time": 1970, "pitch": 80, "duration": 12, "velocity": 119}, {"time": 1982, "pitch": 78, "duration": 12, "velocity": 119}, {"time": 1994, "pitch": 75, "duration": 24, "velocity": 119}, {"time": 2018, "pitch": 80, "duration": 12, "velocity": 119}, {"time": 2030, "pitch": 78, "duration": 12, "velocity": 119}, {"time": 2042, "pitch": 75, "duration": 24, "velocity": 119}, {"time": 2066, "pitch": 73, "duration": 24, "velocity": 119}, {"time": 2090, "pitch": 71, "duration": 24, "velocity": 119}, {"time": 2114, "pitch": 80, "duration": 24, "velocity": 119}, {"time": 2138, "pitch": 79, "duration": 12, "velocity": 119}, {"time": 2150, "pitch": 75, "duration": 12, "velocity": 114}, {"time": 2162, "pitch": 80, "duration": 14, "velocity": 119}, {"time": 2174, "pitch": 78, "duration": 12, "velocity": 113}, {"time": 2186, "pitch": 75, "duration": 24, "velocity": 108}, {"time": 2210, "pitch": 73, "duration": 12, "velocity": 117}, {"time": 2222, "pitch": 78, "duration": 12, "velocity": 116}, {"time": 2234, "pitch": 75, "duration": 24, "velocity": 116}, {"time": 2258, "pitch": 68, "duration": 24, "velocity": 119}, {"time": 2282, "pitch": 70, "duration": 24, "velocity": 116}, {"time": 2306, "pitch": 68, "duration": 6, "velocity": 117}, {"time": 2312, "pitch": 70, "duration": 6, "velocity": 110}, {"time": 2318, "pitch": 71, "duration": 6, "velocity": 114}, {"time": 2324, "pitch": 73, "duration": 6, "velocity": 113}, {"time": 2330, "pitch": 75, "duration": 3, "velocity": 113}, {"time": 2333, "pitch": 73, "duration": 3, "velocity": 91}, {"time": 2336, "pitch": 71, "duration": 3, "velocity": 113}, {"time": 2339, "pitch": 73, "duration": 3, "velocity": 100}, {"time": 2342, "pitch": 75, "duration": 3, "velocity": 102}, {"time": 2345, "pitch": 73, "duration": 4, "velocity": 102}, {"time": 2348, "pitch": 75, "duration": 3, "velocity": 110}, {"time": 2351, "pitch": 78, "duration": 3, "velocity": 116}, {"time": 2354, "pitch": 80, "duration": 12, "velocity": 113}, {"time": 2366, "pitch": 78, "duration": 12, "velocity": 116}, {"time": 2378, "pitch": 75, "duration": 12, "velocity": 116}, {"time": 2390, "pitch": 83, "duration": 6, "velocity": 119}, {"time": 2396, "pitch": 82, "duration": 6, "velocity": 116}, {"time": 2402, "pitch": 80, "duration": 13, "velocity": 116}, {"time": 2414, "pitch": 78, "duration": 12, "velocity": 114}, {"time": 2426, "pitch": 75, "duration": 24, "velocity": 114}, {"time": 2450, "pitch": 73, "duration": 24, "velocity": 104}, {"time": 2474, "pitch": 75, "duration": 6, "velocity": 114}, {"time": 2480, "pitch": 68, "duration": 18, "velocity": 116}, {"time": 2498, "pitch": 70, "duration": 24, "velocity": 119}, {"time": 2522, "pitch": 75, "duration": 14, "velocity": 117}, {"time": 2534, "pitch": 80, "duration": 6, "velocity": 117}, {"time": 2540, "pitch": 78, "duration": 6, "velocity": 114}, {"time": 2546, "pitch": 75, "duration": 13, "velocity": 117}, {"time": 2558, "pitch": 73, "duration": 12, "velocity": 116}, {"time": 2570, "pitch": 75, "duration": 24, "velocity": 116}, {"time": 2594, "pitch": 73, "duration": 13, "velocity": 116}, {"time": 2606, "pitch": 78, "duration": 12, "velocity": 113}, {"time": 2618, "pitch": 75, "duration": 24, "velocity": 113}, {"time": 2642, "pitch": 68, "duration": 24, "velocity": 119}, {"time": 2666, "pitch": 70, "duration": 24, "velocity": 114}]}, {"program": 0, "is_drum": false, "name": "PIANO", "notes": [{"time": 50, "pitch": 44, "duration": 43, "velocity": 81}, {"time": 53, "pitch": 51, "duration": 39, "velocity": 71}, {"time": 56, "pitch": 56, "duration": 37, "velocity": 78}, {"time": 59, "pitch": 58, "duration": 35, "velocity": 80}, {"time": 98, "pitch": 40, "duration": 40, "velocity": 84}, {"time": 101, "pitch": 47, "duration": 37, "velocity": 72}, {"time": 104, "pitch": 52, "duration": 34, "velocity": 76}, {"time": 107, "pitch": 56, "duration": 32, "velocity": 81}, {"time": 146, "pitch": 49, "duration": 40, "velocity": 86}, {"time": 149, "pitch": 56, "duration": 37, "velocity": 72}, {"time": 152, "pitch": 61, "duration": 33, "velocity": 85}, {"time": 155, "pitch": 64, "duration": 33, "velocity": 78}, {"time": 167, "pitch": 73, "duration": 20, "velocity": 84}, {"time": 194, "pitch": 51, "duration": 40, "velocity": 87}, {"time": 197, "pitch": 58, "duration": 36, "velocity": 75}, {"time": 200, "pitch": 63, "duration": 4, "velocity": 73}, {"time": 203, "pitch": 68, "duration": 12, "velocity": 88}, {"time": 215, "pitch": 71, "duration": 3, "velocity": 76}, {"time": 218, "pitch": 70, "duration": 13, "velocity": 81}, {"time": 242, "pitch": 44, "duration": 41, "velocity": 85}, {"time": 245, "pitch": 51, "duration": 37, "velocity": 71}, {"time": 248, "pitch": 56, "duration": 27, "velocity": 67}, {"time": 251, "pitch": 59, "duration": 28, "velocity": 83}, {"time": 257, "pitch": 63, "duration": 6, "velocity": 79}, {"time": 263, "pitch": 68, "duration": 17, "velocity": 82}, {"time": 278, "pitch": 56, "duration": 5, "velocity": 67}, {"time": 281, "pitch": 59, "duration": 4, "velocity": 80}, {"time": 284, "pitch": 63, "duration": 1, "velocity": 63}, {"time": 290, "pitch": 52, "duration": 41, "velocity": 83}, {"time": 293, "pitch": 59, "duration": 36, "velocity": 70}, {"time": 296, "pitch": 64, "duration": 16, "velocity": 77}, {"time": 299, "pitch": 76, "duration": 10, "velocity": 87}, {"time": 305, "pitch": 71, "duration": 6, "velocity": 76}, {"time": 311, "pitch": 68, "duration": 19, "velocity": 82}, {"time": 338, "pitch": 49, "duration": 38, "velocity": 86}, {"time": 341, "pitch": 56, "duration": 34, "velocity": 75}, {"time": 344, "pitch": 61, "duration": 30, "velocity": 84}, {"time": 347, "pitch": 64, "duration": 31, "velocity": 84}, {"time": 353, "pitch": 68, "duration": 6, "velocity": 65}, {"time": 359, "pitch": 73, "duration": 18, "velocity": 81}, {"time": 386, "pitch": 51, "duration": 37, "velocity": 86}, {"time": 389, "pitch": 58, "duration": 32, "velocity": 71}, {"time": 392, "pitch": 63, "duration": 29, "velocity": 78}, {"time": 395, "pitch": 68, "duration": 12, "velocity": 86}, {"time": 407, "pitch": 70, "duration": 3, "velocity": 82}, {"time": 410, "pitch": 67, "duration": 12, "velocity": 82}, {"time": 434, "pitch": 44, "duration": 20, "velocity": 88}, {"time": 437, "pitch": 51, "duration": 21, "velocity": 79}, {"time": 440, "pitch": 56, "duration": 12, "velocity": 79}, {"time": 443, "pitch": 59, "duration": 2, "velocity": 75}, {"time": 446, "pitch": 68, "duration": 10, "velocity": 102}, {"time": 452, "pitch": 63, "duration": 4, "velocity": 77}, {"time": 455, "pitch": 59, "duration": 3, "velocity": 77}, {"time": 458, "pitch": 42, "duration": 18, "velocity": 83}, {"time": 461, "pitch": 51, "duration": 14, "velocity": 73}, {"time": 464, "pitch": 54, "duration": 11, "velocity": 82}, {"time": 467, "pitch": 58, "duration": 6, "velocity": 84}, {"time": 473, "pitch": 66, "duration": 7, "velocity": 98}, {"time": 479, "pitch": 63, "duration": 3, "velocity": 78}, {"time": 482, "pitch": 40, "duration": 8, "velocity": 83}, {"time": 485, "pitch": 52, "duration": 9, "velocity": 86}, {"time": 488, "pitch": 56, "duration": 4, "velocity": 87}, {"time": 491, "pitch": 59, "duration": 5, "velocity": 88}, {"time": 494, "pitch": 42, "duration": 7, "velocity": 84}, {"time": 497, "pitch": 49, "duration": 5, "velocity": 84}, {"time": 500, "pitch": 54, "duration": 6, "velocity": 84}, {"time": 503, "pitch": 58, "duration": 3, "velocity": 87}, {"time": 506, "pitch": 47, "duration": 18, "velocity": 84}, {"time": 509, "pitch": 54, "duration": 14, "velocity": 75}, {"time": 512, "pitch": 59, "duration": 10, "velocity": 85}, {"time": 515, "pitch": 61, "duration": 6, "velocity": 94}, {"time": 515, "pitch": 66, "duration": 6, "velocity": 92}, {"time": 521, "pitch": 63, "duration": 8, "velocity": 88}, {"time": 530, "pitch": 49, "duration": 20, "velocity": 92}, {"time": 533, "pitch": 56, "duration": 7, "velocity": 83}, {"time": 536, "pitch": 61, "duration": 4, "velocity": 68}, {"time": 539, "pitch": 68, "duration": 9, "velocity": 108}, {"time": 545, "pitch": 56, "duration": 5, "velocity": 71}, {"time": 548, "pitch": 64, "duration": 6, "velocity": 79}, {"time": 551, "pitch": 61, "duration": 2, "velocity": 78}, {"time": 554, "pitch": 51, "duration": 18, "velocity": 87}, {"time": 560, "pitch": 58, "duration": 7, "velocity": 34}, {"time": 563, "pitch": 70, "duration": 9, "velocity": 110}, {"time": 569, "pitch": 58, "duration": 3, "velocity": 81}, {"time": 575, "pitch": 63, "duration": 4, "velocity": 94}, {"time": 578, "pitch": 40, "duration": 9, "velocity": 91}, {"time": 581, "pitch": 52, "duration": 8, "velocity": 86}, {"time": 584, "pitch": 56, "duration": 4, "velocity": 83}, {"time": 587, "pitch": 59, "duration": 7, "velocity": 90}, {"time": 590, "pitch": 42, "duration": 8, "velocity": 88}, {"time": 593, "pitch": 49, "duration": 9, "velocity": 86}, {"time": 596, "pitch": 58, "duration": 7, "velocity": 85}, {"time": 602, "pitch": 44, "duration": 21, "velocity": 87}, {"time": 605, "pitch": 51, "duration": 19, "velocity": 80}, {"time": 608, "pitch": 56, "duration": 7, "velocity": 86}, {"time": 611, "pitch": 58, "duration": 2, "velocity": 91}, {"time": 614, "pitch": 59, "duration": 4, "velocity": 113}, {"time": 617, "pitch": 56, "duration": 5, "velocity": 96}, {"time": 620, "pitch": 63, "duration": 5, "velocity": 93}, {"time": 626, "pitch": 44, "duration": 18, "velocity": 86}, {"time": 626, "pitch": 59, "duration": 8, "velocity": 88}, {"time": 626, "pitch": 63, "duration": 6, "velocity": 87}, {"time": 626, "pitch": 68, "duration": 6, "velocity": 92}, {"time": 632, "pitch": 51, "duration": 18, "velocity": 73}, {"time": 635, "pitch": 56, "duration": 6, "velocity": 88}, {"time": 638, "pitch": 58, "duration": 6, "velocity": 104}, {"time": 638, "pitch": 63, "duration": 3, "velocity": 104}, {"time": 641, "pitch": 59, "duration": 5, "velocity": 70}, {"time": 644, "pitch": 63, "duration": 4, "velocity": 73}, {"time": 650, "pitch": 42, "duration": 19, "velocity": 82}, {"time": 650, "pitch": 58, "duration": 6, "velocity": 89}, {"time": 650, "pitch": 63, "duration": 7, "velocity": 87}, {"time": 650, "pitch": 66, "duration": 6, "velocity": 94}, {"time": 653, "pitch": 51, "duration": 16, "velocity": 77}, {"time": 656, "pitch": 54, "duration": 5, "velocity": 84}, {"time": 659, "pitch": 59, "duration": 7, "velocity": 102}, {"time": 659, "pitch": 66, "duration": 6, "velocity": 108}, {"time": 665, "pitch": 54, "duration": 2, "velocity": 86}, {"time": 668, "pitch": 66, "duration": 4, "velocity": 93}, {"time": 674, "pitch": 40, "duration": 7, "velocity": 91}, {"time": 674, "pitch": 56, "duration": 4, "velocity": 87}, {"time": 674, "pitch": 59, "duration": 10, "velocity": 94}, {"time": 674, "pitch": 66, "duration": 8, "velocity": 91}, {"time": 680, "pitch": 52, "duration": 5, "velocity": 80}, {"time": 686, "pitch": 42, "duration": 8, "velocity": 87}, {"time": 686, "pitch": 58, "duration": 9, "velocity": 90}, {"time": 686, "pitch": 61, "duration": 10, "velocity": 102}, {"time": 686, "pitch": 66, "duration": 9, "velocity": 96}, {"time": 698, "pitch": 47, "duration": 19, "velocity": 87}, {"time": 698, "pitch": 59, "duration": 3, "velocity": 92}, {"time": 698, "pitch": 63, "duration": 4, "velocity": 89}, {"time": 701, "pitch": 54, "duration": 16, "velocity": 77}, {"time": 704, "pitch": 59, "duration": 5, "velocity": 76}, {"time": 707, "pitch": 61, "duration": 8, "velocity": 100}, {"time": 707, "pitch": 66, "duration": 7, "velocity": 107}, {"time": 713, "pitch": 59, "duration": 2, "velocity": 85}, {"time": 716, "pitch": 63, "duration": 4, "velocity": 88}, {"time": 722, "pitch": 49, "duration": 17, "velocity": 91}, {"time": 728, "pitch": 56, "duration": 7, "velocity": 54}, {"time": 731, "pitch": 61, "duration": 2, "velocity": 83}, {"time": 734, "pitch": 68, "duration": 8, "velocity": 113}, {"time": 737, "pitch": 56, "duration": 2, "velocity": 81}, {"time": 740, "pitch": 61, "duration": 5, "velocity": 83}, {"time": 746, "pitch": 39, "duration": 19, "velocity": 86}, {"time": 746, "pitch": 58, "duration": 6, "velocity": 94}, {"time": 746, "pitch": 63, "duration": 9, "velocity": 86}, {"time": 746, "pitch": 66, "duration": 8, "velocity": 86}, {"time": 755, "pitch": 51, "duration": 4, "velocity": 89}, {"time": 758, "pitch": 58, "duration": 5, "velocity": 108}, {"time": 758, "pitch": 66, "duration": 4, "velocity": 104}, {"time": 761, "pitch": 51, "duration": 5, "velocity": 96}, {"time": 764, "pitch": 63, "duration": 3, "velocity": 108}, {"time": 767, "pitch": 66, "duration": 3, "velocity": 102}, {"time": 770, "pitch": 40, "duration": 8, "velocity": 88}, {"time": 770, "pitch": 52, "duration": 9, "velocity": 87}, {"time": 770, "pitch": 56, "duration": 7, "velocity": 78}, {"time": 770, "pitch": 59, "duration": 11, "velocity": 88}, {"time": 770, "pitch": 64, "duration": 7, "velocity": 86}, {"time": 782, "pitch": 42, "duration": 9, "velocity": 86}, {"time": 782, "pitch": 58, "duration": 8, "velocity": 92}, {"time": 782, "pitch": 61, "duration": 11, "velocity": 102}, {"time": 782, "pitch": 66, "duration": 8, "velocity": 96}, {"time": 794, "pitch": 44, "duration": 19, "velocity": 85}, {"time": 794, "pitch": 56, "duration": 2, "velocity": 84}, {"time": 794, "pitch": 59, "duration": 7, "velocity": 88}, {"time": 794, "pitch": 63, "duration": 5, "velocity": 87}, {"time": 797, "pitch": 51, "duration": 15, "velocity": 77}, {"time": 800, "pitch": 56, "duration": 6, "velocity": 84}, {"time": 803, "pitch": 58, "duration": 2, "velocity": 90}, {"time": 806, "pitch": 59, "duration": 4, "velocity": 110}, {"time": 809, "pitch": 56, "duration": 3, "velocity": 102}, {"time": 812, "pitch": 63, "duration": 3, "velocity": 116}, {"time": 815, "pitch": 59, "duration": 2, "velocity": 85}, {"time": 818, "pitch": 40, "duration": 12, "velocity": 108}, {"time": 818, "pitch": 56, "duration": 7, "velocity": 107}, {"time": 818, "pitch": 59, "duration": 10, "velocity": 113}, {"time": 818, "pitch": 64, "duration": 9, "velocity": 108}, {"time": 824, "pitch": 52, "duration": 6, "velocity": 85}, {"time": 830, "pitch": 42, "duration": 9, "velocity": 87}, {"time": 830, "pitch": 58, "duration": 8, "velocity": 100}, {"time": 830, "pitch": 61, "duration": 8, "velocity": 113}, {"time": 830, "pitch": 66, "duration": 7, "velocity": 113}, {"time": 836, "pitch": 54, "duration": 5, "velocity": 86}, {"time": 839, "pitch": 58, "duration": 3, "velocity": 87}, {"time": 839, "pitch": 61, "duration": 4, "velocity": 88}, {"time": 839, "pitch": 66, "duration": 4, "velocity": 88}, {"time": 842, "pitch": 47, "duration": 19, "velocity": 98}, {"time": 845, "pitch": 54, "duration": 15, "velocity": 74}, {"time": 848, "pitch": 59, "duration": 6, "velocity": 84}, {"time": 851, "pitch": 61, "duration": 8, "velocity": 102}, {"time": 851, "pitch": 66, "duration": 7, "velocity": 110}, {"time": 857, "pitch": 59, "duration": 2, "velocity": 96}, {"time": 860, "pitch": 63, "duration": 5, "velocity": 108}, {"time": 860, "pitch": 66, "duration": 1, "velocity": 98}, {"time": 866, "pitch": 40, "duration": 9, "velocity": 92}, {"time": 866, "pitch": 59, "duration": 10, "velocity": 91}, {"time": 866, "pitch": 64, "duration": 5, "velocity": 104}, {"time": 866, "pitch": 68, "duration": 6, "velocity": 98}, {"time": 872, "pitch": 52, "duration": 5, "velocity": 81}, {"time": 878, "pitch": 42, "duration": 9, "velocity": 88}, {"time": 878, "pitch": 58, "duration": 8, "velocity": 89}, {"time": 878, "pitch": 61, "duration": 7, "velocity": 100}, {"time": 878, "pitch": 66, "duration": 7, "velocity": 100}, {"time": 884, "pitch": 54, "duration": 6, "velocity": 81}, {"time": 887, "pitch": 58, "duration": 2, "velocity": 67}, {"time": 887, "pitch": 61, "duration": 2, "velocity": 81}, {"time": 887, "pitch": 66, "duration": 2, "velocity": 84}, {"time": 890, "pitch": 47, "duration": 20, "velocity": 88}, {"time": 890, "pitch": 59, "duration": 4, "velocity": 88}, {"time": 890, "pitch": 63, "duration": 7, "velocity": 94}, {"time": 890, "pitch": 66, "duration": 7, "velocity": 93}, {"time": 893, "pitch": 54, "duration": 18, "velocity": 80}, {"time": 896, "pitch": 59, "duration": 2, "velocity": 91}, {"time": 899, "pitch": 61, "duration": 4, "velocity": 94}, {"time": 899, "pitch": 66, "duration": 2, "velocity": 89}, {"time": 902, "pitch": 63, "duration": 4, "velocity": 98}, {"time": 902, "pitch": 66, "duration": 4, "velocity": 88}, {"time": 905, "pitch": 59, "duration": 4, "velocity": 107}, {"time": 908, "pitch": 63, "duration": 5, "velocity": 107}, {"time": 908, "pitch": 66, "duration": 4, "velocity": 110}, {"time": 914, "pitch": 49, "duration": 20, "velocity": 89}, {"time": 914, "pitch": 61, "duration": 5, "velocity": 91}, {"time": 914, "pitch": 64, "duration": 9, "velocity": 102}, {"time": 914, "pitch": 68, "duration": 8, "velocity": 102}, {"time": 923, "pitch": 56, "duration": 5, "velocity": 83}, {"time": 926, "pitch": 61, "duration": 11, "velocity": 110}, {"time": 926, "pitch": 64, "duration": 5, "velocity": 116}, {"time": 926, "pitch": 68, "duration": 7, "velocity": 110}, {"time": 932, "pitch": 56, "duration": 1, "velocity": 82}, {"time": 938, "pitch": 49, "duration": 16, "velocity": 88}, {"time": 938, "pitch": 61, "duration": 8, "velocity": 89}, {"time": 938, "pitch": 64, "duration": 8, "velocity": 98}, {"time": 938, "pitch": 68, "duration": 9, "velocity": 94}, {"time": 947, "pitch": 56, "duration": 5, "velocity": 86}, {"time": 950, "pitch": 61, "duration": 7, "velocity": 104}, {"time": 950, "pitch": 64, "duration": 12, "velocity": 114}, {"time": 950, "pitch": 68, "duration": 13, "velocity": 100}, {"time": 956, "pitch": 49, "duration": 1, "velocity": 76}, {"time": 962, "pitch": 39, "duration": 21, "velocity": 100}, {"time": 965, "pitch": 46, "duration": 17, "velocity": 81}, {"time": 968, "pitch": 51, "duration": 6, "velocity": 100}, {"time": 971, "pitch": 56, "duration": 2, "velocity": 108}, {"time": 974, "pitch": 58, "duration": 4, "velocity": 117}, {"time": 977, "pitch": 51, "duration": 6, "velocity": 114}, {"time": 980, "pitch": 56, "duration": 3, "velocity": 110}, {"time": 983, "pitch": 58, "duration": 3, "velocity": 88}, {"time": 986, "pitch": 39, "duration": 18, "velocity": 92}, {"time": 986, "pitch": 55, "duration": 3, "velocity": 109}, {"time": 986, "pitch": 63, "duration": 3, "velocity": 110}, {"time": 992, "pitch": 51, "duration": 6, "velocity": 89}, {"time": 995, "pitch": 63, "duration": 2, "velocity": 86}, {"time": 998, "pitch": 67, "duration": 4, "velocity": 119}, {"time": 1001, "pitch": 51, "duration": 5, "velocity": 94}, {"time": 1004, "pitch": 63, "duration": 4, "velocity": 110}, {"time": 1007, "pitch": 70, "duration": 2, "velocity": 96}, {"time": 1010, "pitch": 40, "duration": 10, "velocity": 92}, {"time": 1010, "pitch": 59, "duration": 9, "velocity": 92}, {"time": 1010, "pitch": 64, "duration": 11, "velocity": 107}, {"time": 1010, "pitch": 68, "duration": 9, "velocity": 96}, {"time": 1022, "pitch": 42, "duration": 8, "velocity": 84}, {"time": 1022, "pitch": 58, "duration": 9, "velocity": 89}, {"time": 1022, "pitch": 61, "duration": 12, "velocity": 93}, {"time": 1022, "pitch": 66, "duration": 9, "velocity": 90}, {"time": 1034, "pitch": 47, "duration": 20, "velocity": 89}, {"time": 1034, "pitch": 59, "duration": 3, "velocity": 88}, {"time": 1034, "pitch": 63, "duration": 6, "velocity": 94}, {"time": 1034, "pitch": 66, "duration": 7, "velocity": 88}, {"time": 1037, "pitch": 54, "duration": 16, "velocity": 82}, {"time": 1040, "pitch": 59, "duration": 7, "velocity": 86}, {"time": 1043, "pitch": 61, "duration": 1, "velocity": 86}, {"time": 1046, "pitch": 61, "duration": 6, "velocity": 104}, {"time": 1046, "pitch": 66, "duration": 4, "velocity": 110}, {"time": 1049, "pitch": 59, "duration": 4, "velocity": 88}, {"time": 1052, "pitch": 63, "duration": 4, "velocity": 86}, {"time": 1055, "pitch": 66, "duration": 1, "velocity": 76}, {"time": 1058, "pitch": 49, "duration": 12, "velocity": 86}, {"time": 1058, "pitch": 61, "duration": 10, "velocity": 92}, {"time": 1058, "pitch": 64, "duration": 10, "velocity": 104}, {"time": 1058, "pitch": 68, "duration": 10, "velocity": 94}, {"time": 1070, "pitch": 42, "duration": 7, "velocity": 86}, {"time": 1070, "pitch": 54, "duration": 12, "velocity": 87}, {"time": 1070, "pitch": 58, "duration": 8, "velocity": 89}, {"time": 1070, "pitch": 61, "duration": 11, "velocity": 102}, {"time": 1070, "pitch": 66, "duration": 9, "velocity": 88}, {"time": 1082, "pitch": 47, "duration": 20, "velocity": 87}, {"time": 1082, "pitch": 59, "duration": 8, "velocity": 86}, {"time": 1082, "pitch": 63, "duration": 9, "velocity": 91}, {"time": 1082, "pitch": 66, "duration": 8, "velocity": 89}, {"time": 1088, "pitch": 54, "duration": 7, "velocity": 75}, {"time": 1091, "pitch": 61, "duration": 2, "velocity": 87}, {"time": 1094, "pitch": 61, "duration": 4, "velocity": 108}, {"time": 1094, "pitch": 66, "duration": 5, "velocity": 107}, {"time": 1097, "pitch": 54, "duration": 5, "velocity": 88}, {"time": 1100, "pitch": 63, "duration": 3, "velocity": 88}, {"time": 1106, "pitch": 49, "duration": 15, "velocity": 90}, {"time": 1106, "pitch": 61, "duration": 9, "velocity": 90}, {"time": 1106, "pitch": 64, "duration": 8, "velocity": 98}, {"time": 1106, "pitch": 68, "duration": 8, "velocity": 89}, {"time": 1115, "pitch": 56, "duration": 6, "velocity": 77}, {"time": 1118, "pitch": 61, "duration": 8, "velocity": 107}, {"time": 1118, "pitch": 64, "duration": 6, "velocity": 108}, {"time": 1118, "pitch": 68, "duration": 7, "velocity": 104}, {"time": 1124, "pitch": 49, "duration": 1, "velocity": 87}, {"time": 1130, "pitch": 39, "duration": 18, "velocity": 91}, {"time": 1130, "pitch": 58, "duration": 9, "velocity": 90}, {"time": 1130, "pitch": 63, "duration": 9, "velocity": 100}, {"time": 1130, "pitch": 67, "duration": 9, "velocity": 91}, {"time": 1139, "pitch": 51, "duration": 4, "velocity": 86}, {"time": 1142, "pitch": 58, "duration": 7, "velocity": 94}, {"time": 1142, "pitch": 63, "duration": 6, "velocity": 108}, {"time": 1142, "pitch": 67, "duration": 5, "velocity": 95}, {"time": 1148, "pitch": 51, "duration": 5, "velocity": 86}, {"time": 1154, "pitch": 44, "duration": 43, "velocity": 86}, {"time": 1154, "pitch": 56, "duration": 3, "velocity": 90}, {"time": 1154, "pitch": 59, "duration": 7, "velocity": 96}, {"time": 1154, "pitch": 63, "duration": 7, "velocity": 94}, {"time": 1157, "pitch": 51, "duration": 39, "velocity": 80}, {"time": 1160, "pitch": 56, "duration": 7, "velocity": 87}, {"time": 1163, "pitch": 58, "duration": 3, "velocity": 88}, {"time": 1163, "pitch": 63, "duration": 2, "velocity": 86}, {"time": 1166, "pitch": 59, "duration": 3, "velocity": 108}, {"time": 1166, "pitch": 63, "duration": 3, "velocity": 94}, {"time": 1169, "pitch": 56, "duration": 19, "velocity": 92}, {"time": 1172, "pitch": 63, "duration": 2, "velocity": 83}, {"time": 1175, "pitch": 63, "duration": 4, "velocity": 91}, {"time": 1175, "pitch": 70, "duration": 5, "velocity": 100}, {"time": 1181, "pitch": 63, "duration": 4, "velocity": 104}, {"time": 1181, "pitch": 71, "duration": 5, "velocity": 91}, {"time": 1187, "pitch": 63, "duration": 5, "velocity": 90}, {"time": 1187, "pitch": 70, "duration": 6, "velocity": 98}, {"time": 1190, "pitch": 56, "duration": 6, "velocity": 93}, {"time": 1193, "pitch": 63, "duration": 1, "velocity": 83}, {"time": 1193, "pitch": 68, "duration": 3, "velocity": 100}, {"time": 1202, "pitch": 40, "duration": 43, "velocity": 93}, {"time": 1205, "pitch": 47, "duration": 40, "velocity": 79}, {"time": 1208, "pitch": 52, "duration": 37, "velocity": 87}, {"time": 1211, "pitch": 56, "duration": 3, "velocity": 83}, {"time": 1214, "pitch": 59, "duration": 2, "velocity": 71}, {"time": 1217, "pitch": 64, "duration": 1, "velocity": 86}, {"time": 1220, "pitch": 68, "duration": 10, "velocity": 86}, {"time": 1223, "pitch": 76, "duration": 6, "velocity": 86}, {"time": 1229, "pitch": 71, "duration": 15, "velocity": 83}, {"time": 1250, "pitch": 39, "duration": 39, "velocity": 85}, {"time": 1253, "pitch": 47, "duration": 37, "velocity": 75}, {"time": 1256, "pitch": 51, "duration": 10, "velocity": 85}, {"time": 1259, "pitch": 58, "duration": 3, "velocity": 83}, {"time": 1265, "pitch": 66, "duration": 6, "velocity": 102}, {"time": 1271, "pitch": 63, "duration": 6, "velocity": 86}, {"time": 1277, "pitch": 61, "duration": 11, "velocity": 81}, {"time": 1286, "pitch": 51, "duration": 6, "velocity": 80}, {"time": 1289, "pitch": 58, "duration": 4, "velocity": 77}, {"time": 1292, "pitch": 61, "duration": 5, "velocity": 81}, {"time": 1298, "pitch": 49, "duration": 43, "velocity": 76}, {"time": 1301, "pitch": 56, "duration": 30, "velocity": 71}, {"time": 1304, "pitch": 61, "duration": 7, "velocity": 86}, {"time": 1307, "pitch": 63, "duration": 3, "velocity": 85}, {"time": 1310, "pitch": 64, "duration": 8, "velocity": 91}, {"time": 1313, "pitch": 61, "duration": 16, "velocity": 80}, {"time": 1316, "pitch": 68, "duration": 3, "velocity": 82}, {"time": 1319, "pitch": 73, "duration": 6, "velocity": 104}, {"time": 1325, "pitch": 68, "duration": 6, "velocity": 83}, {"time": 1331, "pitch": 64, "duration": 16, "velocity": 81}, {"time": 1334, "pitch": 56, "duration": 6, "velocity": 73}, {"time": 1346, "pitch": 51, "duration": 41, "velocity": 87}, {"time": 1349, "pitch": 58, "duration": 8, "velocity": 82}, {"time": 1352, "pitch": 63, "duration": 2, "velocity": 75}, {"time": 1355, "pitch": 68, "duration": 7, "velocity": 108}, {"time": 1361, "pitch": 58, "duration": 6, "velocity": 87}, {"time": 1364, "pitch": 68, "duration": 2, "velocity": 107}, {"time": 1367, "pitch": 70, "duration": 3, "velocity": 96}, {"time": 1370, "pitch": 67, "duration": 6, "velocity": 88}, {"time": 1373, "pitch": 58, "duration": 6, "velocity": 79}, {"time": 1376, "pitch": 63, "duration": 2, "velocity": 82}, {"time": 1379, "pitch": 70, "duration": 5, "velocity": 116}, {"time": 1382, "pitch": 58, "duration": 4, "velocity": 88}, {"time": 1385, "pitch": 63, "duration": 3, "velocity": 89}, {"time": 1394, "pitch": 40, "duration": 43, "velocity": 86}, {"time": 1394, "pitch": 56, "duration": 10, "velocity": 88}, {"time": 1394, "pitch": 59, "duration": 10, "velocity": 93}, {"time": 1394, "pitch": 64, "duration": 9, "velocity": 92}, {"time": 1403, "pitch": 52, "duration": 7, "velocity": 77}, {"time": 1406, "pitch": 56, "duration": 11, "velocity": 90}, {"time": 1406, "pitch": 59, "duration": 11, "velocity": 94}, {"time": 1406, "pitch": 64, "duration": 10, "velocity": 92}, {"time": 1415, "pitch": 52, "duration": 8, "velocity": 38}, {"time": 1418, "pitch": 56, "duration": 5, "velocity": 88}, {"time": 1418, "pitch": 59, "duration": 8, "velocity": 89}, {"time": 1418, "pitch": 64, "duration": 10, "velocity": 91}, {"time": 1427, "pitch": 52, "duration": 9, "velocity": 87}, {"time": 1430, "pitch": 59, "duration": 6, "velocity": 91}, {"time": 1436, "pitch": 64, "duration": 3, "velocity": 93}, {"time": 1442, "pitch": 38, "duration": 42, "velocity": 84}, {"time": 1442, "pitch": 50, "duration": 7, "velocity": 85}, {"time": 1442, "pitch": 62, "duration": 10, "velocity": 89}, {"time": 1442, "pitch": 66, "duration": 10, "velocity": 89}, {"time": 1442, "pitch": 69, "duration": 10, "velocity": 88}, {"time": 1451, "pitch": 50, "duration": 8, "velocity": 77}, {"time": 1454, "pitch": 62, "duration": 8, "velocity": 89}, {"time": 1454, "pitch": 66, "duration": 7, "velocity": 107}, {"time": 1454, "pitch": 69, "duration": 8, "velocity": 90}, {"time": 1463, "pitch": 50, "duration": 8, "velocity": 64}, {"time": 1466, "pitch": 62, "duration": 9, "velocity": 90}, {"time": 1466, "pitch": 69, "duration": 9, "velocity": 89}, {"time": 1475, "pitch": 50, "duration": 3, "velocity": 78}, {"time": 1478, "pitch": 62, "duration": 5, "velocity": 109}, {"time": 1478, "pitch": 69, "duration": 4, "velocity": 88}, {"time": 1481, "pitch": 50, "duration": 3, "velocity": 106}, {"time": 1484, "pitch": 66, "duration": 2, "velocity": 93}, {"time": 1490, "pitch": 37, "duration": 41, "velocity": 86}, {"time": 1490, "pitch": 49, "duration": 17, "velocity": 87}, {"time": 1490, "pitch": 61, "duration": 10, "velocity": 88}, {"time": 1490, "pitch": 64, "duration": 10, "velocity": 93}, {"time": 1490, "pitch": 68, "duration": 10, "velocity": 89}, {"time": 1502, "pitch": 61, "duration": 10, "velocity": 88}, {"time": 1502, "pitch": 64, "duration": 10, "velocity": 91}, {"time": 1502, "pitch": 68, "duration": 10, "velocity": 88}, {"time": 1511, "pitch": 49, "duration": 9, "velocity": 38}, {"time": 1514, "pitch": 68, "duration": 10, "velocity": 87}, {"time": 1523, "pitch": 49, "duration": 4, "velocity": 79}, {"time": 1526, "pitch": 61, "duration": 7, "velocity": 93}, {"time": 1526, "pitch": 68, "duration": 6, "velocity": 88}, {"time": 1529, "pitch": 49, "duration": 6, "velocity": 80}, {"time": 1538, "pitch": 51, "duration": 42, "velocity": 88}, {"time": 1541, "pitch": 58, "duration": 38, "velocity": 72}, {"time": 1544, "pitch": 61, "duration": 35, "velocity": 82}, {"time": 1547, "pitch": 67, "duration": 2, "velocity": 86}, {"time": 1550, "pitch": 70, "duration": 3, "velocity": 88}, {"time": 1553, "pitch": 73, "duration": 2, "velocity": 89}, {"time": 1556, "pitch": 75, "duration": 3, "velocity": 87}, {"time": 1559, "pitch": 79, "duration": 20, "velocity": 76}, {"time": 1562, "pitch": 87, "duration": 10, "velocity": 88}, {"time": 1574, "pitch": 75, "duration": 3, "velocity": 36}, {"time": 1574, "pitch": 87, "duration": 4, "velocity": 92}, {"time": 1586, "pitch": 44, "duration": 20, "velocity": 88}, {"time": 1589, "pitch": 51, "duration": 21, "velocity": 79}, {"time": 1592, "pitch": 56, "duration": 12, "velocity": 79}, {"time": 1595, "pitch": 59, "duration": 2, "velocity": 75}, {"time": 1598, "pitch": 68, "duration": 10, "velocity": 102}, {"time": 1604, "pitch": 63, "duration": 4, "velocity": 77}, {"time": 1607, "pitch": 59, "duration": 3, "velocity": 77}, {"time": 1610, "pitch": 42, "duration": 18, "velocity": 83}, {"time": 1613, "pitch": 51, "duration": 14, "velocity": 73}, {"time": 1616, "pitch": 54, "duration": 11, "velocity": 82}, {"time": 1619, "pitch": 58, "duration": 6, "velocity": 84}, {"time": 1625, "pitch": 66, "duration": 7, "velocity": 98}, {"time": 1631, "pitch": 63, "duration": 3, "velocity": 78}, {"time": 1634, "pitch": 40, "duration": 8, "velocity": 83}, {"time": 1637, "pitch": 52, "duration": 9, "velocity": 86}, {"time": 1640, "pitch": 56, "duration": 4, "velocity": 87}, {"time": 1643, "pitch": 59, "duration": 5, "velocity": 88}, {"time": 1646, "pitch": 42, "duration": 7, "velocity": 84}, {"time": 1649, "pitch": 49, "duration": 5, "velocity": 84}, {"time": 1652, "pitch": 54, "duration": 6, "velocity": 84}, {"time": 1655, "pitch": 58, "duration": 3, "velocity": 87}, {"time": 1658, "pitch": 47, "duration": 18, "velocity": 84}, {"time": 1661, "pitch": 54, "duration": 14, "velocity": 75}, {"time": 1664, "pitch": 59, "duration": 10, "velocity": 85}, {"time": 1667, "pitch": 61, "duration": 6, "velocity": 94}, {"time": 1667, "pitch": 66, "duration": 6, "velocity": 92}, {"time": 1673, "pitch": 63, "duration": 8, "velocity": 88}, {"time": 1682, "pitch": 49, "duration": 20, "velocity": 92}, {"time": 1685, "pitch": 56, "duration": 7, "velocity": 83}, {"time": 1688, "pitch": 61, "duration": 4, "velocity": 68}, {"time": 1691, "pitch": 68, "duration": 9, "velocity": 108}, {"time": 1697, "pitch": 56, "duration": 5, "velocity": 71}, {"time": 1700, "pitch": 64, "duration": 6, "velocity": 79}, {"time": 1703, "pitch": 61, "duration": 2, "velocity": 78}, {"time": 1706, "pitch": 51, "duration": 18, "velocity": 87}, {"time": 1712, "pitch": 58, "duration": 7, "velocity": 34}, {"time": 1715, "pitch": 70, "duration": 9, "velocity": 110}, {"time": 1721, "pitch": 58, "duration": 3, "velocity": 81}, {"time": 1727, "pitch": 63, "duration": 4, "velocity": 94}, {"time": 1730, "pitch": 40, "duration": 9, "velocity": 91}, {"time": 1733, "pitch": 52, "duration": 8, "velocity": 86}, {"time": 1736, "pitch": 56, "duration": 4, "velocity": 83}, {"time": 1739, "pitch": 59, "duration": 7, "velocity": 90}, {"time": 1742, "pitch": 42, "duration": 8, "velocity": 88}, {"time": 1745, "pitch": 49, "duration": 9, "velocity": 86}, {"time": 1748, "pitch": 58, "duration": 7, "velocity": 85}, {"time": 1754, "pitch": 44, "duration": 21, "velocity": 87}, {"time": 1757, "pitch": 51, "duration": 19, "velocity": 80}, {"time": 1760, "pitch": 56, "duration": 7, "velocity": 86}, {"time": 1763, "pitch": 58, "duration": 2, "velocity": 91}, {"time": 1766, "pitch": 59, "duration": 4, "velocity": 113}, {"time": 1769, "pitch": 56, "duration": 5, "velocity": 96}, {"time": 1772, "pitch": 63, "duration": 5, "velocity": 93}, {"time": 1778, "pitch": 44, "duration": 18, "velocity": 86}, {"time": 1778, "pitch": 59, "duration": 8, "velocity": 88}, {"time": 1778, "pitch": 63, "duration": 6, "velocity": 87}, {"time": 1778, "pitch": 68, "duration": 6, "velocity": 92}, {"time": 1784, "pitch": 51, "duration": 18, "velocity": 73}, {"time": 1787, "pitch": 56, "duration": 6, "velocity": 88}, {"time": 1790, "pitch": 58, "duration": 6, "velocity": 104}, {"time": 1790, "pitch": 63, "duration": 3, "velocity": 104}, {"time": 1793, "pitch": 59, "duration": 5, "velocity": 70}, {"time": 1796, "pitch": 63, "duration": 4, "velocity": 73}, {"time": 1802, "pitch": 42, "duration": 19, "velocity": 82}, {"time": 1802, "pitch": 58, "duration": 6, "velocity": 89}, {"time": 1802, "pitch": 63, "duration": 7, "velocity": 87}, {"time": 1802, "pitch": 66, "duration": 6, "velocity": 94}, {"time": 1805, "pitch": 51, "duration": 16, "velocity": 77}, {"time": 1808, "pitch": 54, "duration": 5, "velocity": 84}, {"time": 1811, "pitch": 59, "duration": 7, "velocity": 102}, {"time": 1811, "pitch": 66, "duration": 6, "velocity": 108}, {"time": 1817, "pitch": 54, "duration": 2, "velocity": 86}, {"time": 1820, "pitch": 66, "duration": 4, "velocity": 93}, {"time": 1826, "pitch": 40, "duration": 7, "velocity": 91}, {"time": 1826, "pitch": 56, "duration": 4, "velocity": 87}, {"time": 1826, "pitch": 59, "duration": 10, "velocity": 94}, {"time": 1826, "pitch": 66, "duration": 8, "velocity": 91}, {"time": 1832, "pitch": 52, "duration": 5, "velocity": 80}, {"time": 1838, "pitch": 42, "duration": 8, "velocity": 87}, {"time": 1838, "pitch": 58, "duration": 9, "velocity": 90}, {"time": 1838, "pitch": 61, "duration": 10, "velocity": 102}, {"time": 1838, "pitch": 66, "duration": 9, "velocity": 96}, {"time": 1850, "pitch": 47, "duration": 19, "velocity": 87}, {"time": 1850, "pitch": 59, "duration": 3, "velocity": 92}, {"time": 1850, "pitch": 63, "duration": 4, "velocity": 89}, {"time": 1853, "pitch": 54, "duration": 16, "velocity": 77}, {"time": 1856, "pitch": 59, "duration": 5, "velocity": 76}, {"time": 1859, "pitch": 61, "duration": 8, "velocity": 100}, {"time": 1859, "pitch": 66, "duration": 7, "velocity": 107}, {"time": 1865, "pitch": 59, "duration": 2, "velocity": 85}, {"time": 1868, "pitch": 63, "duration": 4, "velocity": 88}, {"time": 1874, "pitch": 49, "duration": 17, "velocity": 91}, {"time": 1880, "pitch": 56, "duration": 7, "velocity": 54}, {"time": 1883, "pitch": 61, "duration": 2, "velocity": 83}, {"time": 1886, "pitch": 68, "duration": 8, "velocity": 113}, {"time": 1889, "pitch": 56, "duration": 2, "velocity": 81}, {"time": 1892, "pitch": 61, "duration": 5, "velocity": 83}, {"time": 1898, "pitch": 39, "duration": 19, "velocity": 86}, {"time": 1898, "pitch": 58, "duration": 6, "velocity": 94}, {"time": 1898, "pitch": 63, "duration": 9, "velocity": 86}, {"time": 1898, "pitch": 66, "duration": 8, "velocity": 86}, {"time": 1907, "pitch": 51, "duration": 4, "velocity": 89}, {"time": 1910, "pitch": 58, "duration": 5, "velocity": 108}, {"time": 1910, "pitch": 66, "duration": 4, "velocity": 104}, {"time": 1913, "pitch": 51, "duration": 5, "velocity": 96}, {"time": 1916, "pitch": 63, "duration": 3, "velocity": 108}, {"time": 1919, "pitch": 66, "duration": 3, "velocity": 102}, {"time": 1922, "pitch": 40, "duration": 8, "velocity": 88}, {"time": 1922, "pitch": 52, "duration": 9, "velocity": 87}, {"time": 1922, "pitch": 56, "duration": 7, "velocity": 78}, {"time": 1922, "pitch": 59, "duration": 11, "velocity": 88}, {"time": 1922, "pitch": 64, "duration": 7, "velocity": 86}, {"time": 1934, "pitch": 42, "duration": 9, "velocity": 86}, {"time": 1934, "pitch": 58, "duration": 8, "velocity": 92}, {"time": 1934, "pitch": 61, "duration": 11, "velocity": 102}, {"time": 1934, "pitch": 66, "duration": 8, "velocity": 96}, {"time": 1946, "pitch": 44, "duration": 19, "velocity": 85}, {"time": 1946, "pitch": 56, "duration": 2, "velocity": 84}, {"time": 1946, "pitch": 59, "duration": 7, "velocity": 88}, {"time": 1946, "pitch": 63, "duration": 5, "velocity": 87}, {"time": 1949, "pitch": 51, "duration": 15, "velocity": 77}, {"time": 1952, "pitch": 56, "duration": 6, "velocity": 84}, {"time": 1955, "pitch": 58, "duration": 2, "velocity": 90}, {"time": 1958, "pitch": 59, "duration": 4, "velocity": 110}, {"time": 1961, "pitch": 56, "duration": 3, "velocity": 102}, {"time": 1964, "pitch": 63, "duration": 3, "velocity": 116}, {"time": 1967, "pitch": 59, "duration": 2, "velocity": 85}, {"time": 1970, "pitch": 40, "duration": 12, "velocity": 108}, {"time": 1970, "pitch": 56, "duration": 7, "velocity": 107}, {"time": 1970, "pitch": 59, "duration": 10, "velocity": 113}, {"time": 1970, "pitch": 64, "duration": 9, "velocity": 108}, {"time": 1976, "pitch": 52, "duration": 6, "velocity": 85}, {"time": 1982, "pitch": 42, "duration": 9, "velocity": 87}, {"time": 1982, "pitch": 58, "duration": 8, "velocity": 100}, {"time": 1982, "pitch": 61, "duration": 8, "velocity": 113}, {"time": 1982, "pitch": 66, "duration": 7, "velocity": 113}, {"time": 1988, "pitch": 54, "duration": 5, "velocity": 86}, {"time": 1991, "pitch": 58, "duration": 3, "velocity": 87}, {"time": 1991, "pitch": 61, "duration": 4, "velocity": 88}, {"time": 1991, "pitch": 66, "duration": 4, "velocity": 88}, {"time": 1994, "pitch": 47, "duration": 19, "velocity": 98}, {"time": 1997, "pitch": 54, "duration": 15, "velocity": 74}, {"time": 2000, "pitch": 59, "duration": 6, "velocity": 84}, {"time": 2003, "pitch": 61, "duration": 8, "velocity": 102}, {"time": 2003, "pitch": 66, "duration": 7, "velocity": 110}, {"time": 2009, "pitch": 59, "duration": 2, "velocity": 96}, {"time": 2012, "pitch": 63, "duration": 5, "velocity": 108}, {"time": 2012, "pitch": 66, "duration": 1, "velocity": 98}, {"time": 2018, "pitch": 40, "duration": 9, "velocity": 92}, {"time": 2018, "pitch": 59, "duration": 10, "velocity": 91}, {"time": 2018, "pitch": 64, "duration": 5, "velocity": 104}, {"time": 2018, "pitch": 68, "duration": 6, "velocity": 98}, {"time": 2024, "pitch": 52, "duration": 5, "velocity": 81}, {"time": 2030, "pitch": 42, "duration": 9, "velocity": 88}, {"time": 2030, "pitch": 58, "duration": 8, "velocity": 89}, {"time": 2030, "pitch": 61, "duration": 7, "velocity": 100}, {"time": 2030, "pitch": 66, "duration": 7, "velocity": 100}, {"time": 2036, "pitch": 54, "duration": 6, "velocity": 81}, {"time": 2039, "pitch": 58, "duration": 2, "velocity": 67}, {"time": 2039, "pitch": 61, "duration": 2, "velocity": 81}, {"time": 2039, "pitch": 66, "duration": 2, "velocity": 84}, {"time": 2042, "pitch": 47, "duration": 20, "velocity": 88}, {"time": 2042, "pitch": 59, "duration": 4, "velocity": 88}, {"time": 2042, "pitch": 63, "duration": 7, "velocity": 94}, {"time": 2042, "pitch": 66, "duration": 7, "velocity": 93}, {"time": 2045, "pitch": 54, "duration": 18, "velocity": 80}, {"time": 2048, "pitch": 59, "duration": 2, "velocity": 91}, {"time": 2051, "pitch": 61, "duration": 4, "velocity": 94}, {"time": 2051, "pitch": 66, "duration": 2, "velocity": 89}, {"time": 2054, "pitch": 63, "duration": 4, "velocity": 98}, {"time": 2054, "pitch": 66, "duration": 4, "velocity": 88}, {"time": 2057, "pitch": 59, "duration": 4, "velocity": 107}, {"time": 2060, "pitch": 63, "duration": 5, "velocity": 107}, {"time": 2060, "pitch": 66, "duration": 4, "velocity": 110}, {"time": 2066, "pitch": 49, "duration": 20, "velocity": 89}, {"time": 2066, "pitch": 61, "duration": 5, "velocity": 91}, {"time": 2066, "pitch": 64, "duration": 9, "velocity": 102}, {"time": 2066, "pitch": 68, "duration": 8, "velocity": 102}, {"time": 2075, "pitch": 56, "duration": 5, "velocity": 83}, {"time": 2078, "pitch": 61, "duration": 11, "velocity": 110}, {"time": 2078, "pitch": 64, "duration": 5, "velocity": 116}, {"time": 2078, "pitch": 68, "duration": 7, "velocity": 110}, {"time": 2084, "pitch": 56, "duration": 1, "velocity": 82}, {"time": 2090, "pitch": 49, "duration": 16, "velocity": 88}, {"time": 2090, "pitch": 61, "duration": 8, "velocity": 89}, {"time": 2090, "pitch": 64, "duration": 8, "velocity": 98}, {"time": 2090, "pitch": 68, "duration": 9, "velocity": 94}, {"time": 2099, "pitch": 56, "duration": 5, "velocity": 86}, {"time": 2102, "pitch": 61, "duration": 7, "velocity": 104}, {"time": 2102, "pitch": 64, "duration": 12, "velocity": 114}, {"time": 2102, "pitch": 68, "duration": 13, "velocity": 100}, {"time": 2108, "pitch": 49, "duration": 1, "velocity": 76}, {"time": 2114, "pitch": 39, "duration": 21, "velocity": 100}, {"time": 2117, "pitch": 46, "duration": 17, "velocity": 81}, {"time": 2120, "pitch": 51, "duration": 6, "velocity": 100}, {"time": 2123, "pitch": 56, "duration": 2, "velocity": 108}, {"time": 2126, "pitch": 58, "duration": 4, "velocity": 117}, {"time": 2129, "pitch": 51, "duration": 6, "velocity": 114}, {"time": 2132, "pitch": 56, "duration": 3, "velocity": 110}, {"time": 2135, "pitch": 58, "duration": 3, "velocity": 88}, {"time": 2138, "pitch": 39, "duration": 18, "velocity": 92}, {"time": 2138, "pitch": 55, "duration": 3, "velocity": 109}, {"time": 2138, "pitch": 63, "duration": 3, "velocity": 110}, {"time": 2144, "pitch": 51, "duration": 6, "velocity": 89}, {"time": 2147, "pitch": 63, "duration": 2, "velocity": 86}, {"time": 2150, "pitch": 67, "duration": 4, "velocity": 119}, {"time": 2153, "pitch": 51, "duration": 5, "velocity": 94}, {"time": 2156, "pitch": 63, "duration": 4, "velocity": 110}, {"time": 2159, "pitch": 70, "duration": 2, "velocity": 96}, {"time": 2162, "pitch": 40, "duration": 10, "velocity": 92}, {"time": 2162, "pitch": 59, "duration": 9, "velocity": 92}, {"time": 2162, "pitch": 64, "duration": 11, "velocity": 107}, {"time": 2162, "pitch": 68, "duration": 9, "velocity": 96}, {"time": 2174, "pitch": 42, "duration": 8, "velocity": 84}, {"time": 2174, "pitch": 58, "duration": 9, "velocity": 89}, {"time": 2174, "pitch": 61, "duration": 12, "velocity": 93}, {"time": 2174, "pitch": 66, "duration": 9, "velocity": 90}, {"time": 2186, "pitch": 47, "duration": 20, "velocity": 89}, {"time": 2186, "pitch": 59, "duration": 3, "velocity": 88}, {"time": 2186, "pitch": 63, "duration": 6, "velocity": 94}, {"time": 2186, "pitch": 66, "duration": 7, "velocity": 88}, {"time": 2189, "pitch": 54, "duration": 16, "velocity": 82}, {"time": 2192, "pitch": 59, "duration": 7, "velocity": 86}, {"time": 2195, "pitch": 61, "duration": 1, "velocity": 86}, {"time": 2198, "pitch": 61, "duration": 6, "velocity": 104}, {"time": 2198, "pitch": 66, "duration": 4, "velocity": 110}, {"time": 2201, "pitch": 59, "duration": 4, "velocity": 88}, {"time": 2204, "pitch": 63, "duration": 4, "velocity": 86}, {"time": 2207, "pitch": 66, "duration": 1, "velocity": 76}, {"time": 2210, "pitch": 49, "duration": 12, "velocity": 86}, {"time": 2210, "pitch": 61, "duration": 10, "velocity": 92}, {"time": 2210, "pitch": 64, "duration": 10, "velocity": 104}, {"time": 2210, "pitch": 68, "duration": 10, "velocity": 94}, {"time": 2222, "pitch": 42, "duration": 7, "velocity": 86}, {"time": 2222, "pitch": 54, "duration": 12, "velocity": 87}, {"time": 2222, "pitch": 58, "duration": 8, "velocity": 89}, {"time": 2222, "pitch": 61, "duration": 11, "velocity": 102}, {"time": 2222, "pitch": 66, "duration": 9, "velocity": 88}, {"time": 2234, "pitch": 47, "duration": 20, "velocity": 87}, {"time": 2234, "pitch": 59, "duration": 8, "velocity": 86}, {"time": 2234, "pitch": 63, "duration": 9, "velocity": 91}, {"time": 2234, "pitch": 66, "duration": 8, "velocity": 89}, {"time": 2240, "pitch": 54, "duration": 7, "velocity": 75}, {"time": 2243, "pitch": 61, "duration": 2, "velocity": 87}, {"time": 2246, "pitch": 61, "duration": 4, "velocity": 108}, {"time": 2246, "pitch": 66, "duration": 5, "velocity": 107}, {"time": 2249, "pitch": 54, "duration": 5, "velocity": 88}, {"time": 2252, "pitch": 63, "duration": 3, "velocity": 88}, {"time": 2258, "pitch": 49, "duration": 15, "velocity": 90}, {"time": 2258, "pitch": 61, "duration": 9, "velocity": 90}, {"time": 2258, "pitch": 64, "duration": 8, "velocity": 98}, {"time": 2258, "pitch": 68, "duration": 8, "velocity": 89}, {"time": 2267, "pitch": 56, "duration": 6, "velocity": 77}, {"time": 2270, "pitch": 61, "duration": 8, "velocity": 107}, {"time": 2270, "pitch": 64, "duration": 6, "velocity": 108}, {"time": 2270, "pitch": 68, "duration": 7, "velocity": 104}, {"time": 2276, "pitch": 49, "duration": 1, "velocity": 87}, {"time": 2282, "pitch": 39, "duration": 18, "velocity": 91}, {"time": 2282, "pitch": 58, "duration": 9, "velocity": 90}, {"time": 2282, "pitch": 63, "duration": 9, "velocity": 100}, {"time": 2282, "pitch": 67, "duration": 9, "velocity": 91}, {"time": 2291, "pitch": 51, "duration": 4, "velocity": 86}, {"time": 2294, "pitch": 58, "duration": 7, "velocity": 94}, {"time": 2294, "pitch": 63, "duration": 6, "velocity": 108}, {"time": 2294, "pitch": 67, "duration": 5, "velocity": 95}, {"time": 2300, "pitch": 51, "duration": 5, "velocity": 86}, {"time": 2306, "pitch": 44, "duration": 41, "velocity": 92}, {"time": 2306, "pitch": 59, "duration": 7, "velocity": 107}, {"time": 2306, "pitch": 63, "duration": 5, "velocity": 107}, {"time": 2309, "pitch": 51, "duration": 38, "velocity": 78}, {"time": 2312, "pitch": 56, "duration": 6, "velocity": 87}, {"time": 2315, "pitch": 58, "duration": 1, "velocity": 91}, {"time": 2315, "pitch": 63, "duration": 1, "velocity": 91}, {"time": 2318, "pitch": 59, "duration": 3, "velocity": 119}, {"time": 2318, "pitch": 63, "duration": 3, "velocity": 120}, {"time": 2321, "pitch": 56, "duration": 6, "velocity": 88}, {"time": 2324, "pitch": 63, "duration": 1, "velocity": 78}, {"time": 2327, "pitch": 63, "duration": 2, "velocity": 113}, {"time": 2327, "pitch": 68, "duration": 3, "velocity": 117}, {"time": 2330, "pitch": 56, "duration": 13, "velocity": 91}, {"time": 2333, "pitch": 70, "duration": 2, "velocity": 98}, {"time": 2336, "pitch": 71, "duration": 3, "velocity": 107}, {"time": 2342, "pitch": 75, "duration": 1, "velocity": 88}, {"time": 2342, "pitch": 80, "duration": 4, "velocity": 119}, {"time": 2345, "pitch": 56, "duration": 2, "velocity": 110}, {"time": 2348, "pitch": 75, "duration": 4, "velocity": 107}, {"time": 2348, "pitch": 82, "duration": 4, "velocity": 119}, {"time": 2351, "pitch": 42, "duration": 2, "velocity": 82}, {"time": 2354, "pitch": 40, "duration": 10, "velocity": 107}, {"time": 2354, "pitch": 75, "duration": 3, "velocity": 110}, {"time": 2354, "pitch": 83, "duration": 3, "velocity": 116}, {"time": 2360, "pitch": 52, "duration": 5, "velocity": 93}, {"time": 2366, "pitch": 42, "duration": 7, "velocity": 90}, {"time": 2366, "pitch": 58, "duration": 8, "velocity": 92}, {"time": 2366, "pitch": 61, "duration": 11, "velocity": 98}, {"time": 2366, "pitch": 66, "duration": 8, "velocity": 98}, {"time": 2372, "pitch": 54, "duration": 6, "velocity": 86}, {"time": 2378, "pitch": 47, "duration": 18, "velocity": 89}, {"time": 2378, "pitch": 59, "duration": 4, "velocity": 107}, {"time": 2378, "pitch": 63, "duration": 4, "velocity": 110}, {"time": 2378, "pitch": 66, "duration": 5, "velocity": 96}, {"time": 2381, "pitch": 54, "duration": 14, "velocity": 78}, {"time": 2384, "pitch": 59, "duration": 6, "velocity": 94}, {"time": 2387, "pitch": 61, "duration": 4, "velocity": 108}, {"time": 2387, "pitch": 66, "duration": 7, "velocity": 113}, {"time": 2390, "pitch": 63, "duration": 4, "velocity": 88}, {"time": 2393, "pitch": 59, "duration": 2, "velocity": 107}, {"time": 2396, "pitch": 63, "duration": 5, "velocity": 108}, {"time": 2396, "pitch": 66, "duration": 4, "velocity": 108}, {"time": 2402, "pitch": 40, "duration": 8, "velocity": 92}, {"time": 2402, "pitch": 59, "duration": 7, "velocity": 100}, {"time": 2402, "pitch": 64, "duration": 7, "velocity": 110}, {"time": 2402, "pitch": 68, "duration": 7, "velocity": 104}, {"time": 2408, "pitch": 52, "duration": 6, "velocity": 81}, {"time": 2414, "pitch": 42, "duration": 7, "velocity": 87}, {"time": 2414, "pitch": 58, "duration": 6, "velocity": 94}, {"time": 2414, "pitch": 61, "duration": 7, "velocity": 114}, {"time": 2414, "pitch": 66, "duration": 6, "velocity": 100}, {"time": 2420, "pitch": 54, "duration": 6, "velocity": 88}, {"time": 2423, "pitch": 58, "duration": 2, "velocity": 85}, {"time": 2423, "pitch": 61, "duration": 2, "velocity": 85}, {"time": 2423, "pitch": 66, "duration": 2, "velocity": 86}, {"time": 2426, "pitch": 47, "duration": 19, "velocity": 84}, {"time": 2426, "pitch": 59, "duration": 5, "velocity": 94}, {"time": 2426, "pitch": 63, "duration": 9, "velocity": 107}, {"time": 2426, "pitch": 66, "duration": 9, "velocity": 93}, {"time": 2435, "pitch": 54, "duration": 4, "velocity": 84}, {"time": 2438, "pitch": 59, "duration": 7, "velocity": 110}, {"time": 2438, "pitch": 63, "duration": 10, "velocity": 116}, {"time": 2438, "pitch": 66, "duration": 7, "velocity": 110}, {"time": 2444, "pitch": 54, "duration": 6, "velocity": 84}, {"time": 2450, "pitch": 49, "duration": 20, "velocity": 88}, {"time": 2450, "pitch": 61, "duration": 8, "velocity": 91}, {"time": 2450, "pitch": 64, "duration": 8, "velocity": 102}, {"time": 2450, "pitch": 68, "duration": 7, "velocity": 92}, {"time": 2459, "pitch": 56, "duration": 8, "velocity": 64}, {"time": 2462, "pitch": 61, "duration": 7, "velocity": 94}, {"time": 2462, "pitch": 64, "duration": 7, "velocity": 104}, {"time": 2462, "pitch": 68, "duration": 6, "velocity": 90}, {"time": 2468, "pitch": 56, "duration": 2, "velocity": 52}, {"time": 2474, "pitch": 47, "duration": 14, "velocity": 88}, {"time": 2474, "pitch": 59, "duration": 10, "velocity": 88}, {"time": 2474, "pitch": 63, "duration": 10, "velocity": 89}, {"time": 2474, "pitch": 66, "duration": 8, "velocity": 88}, {"time": 2486, "pitch": 59, "duration": 5, "velocity": 98}, {"time": 2486, "pitch": 63, "duration": 6, "velocity": 110}, {"time": 2486, "pitch": 66, "duration": 6, "velocity": 100}, {"time": 2492, "pitch": 47, "duration": 5, "velocity": 94}, {"time": 2498, "pitch": 51, "duration": 22, "velocity": 93}, {"time": 2498, "pitch": 63, "duration": 8, "velocity": 100}, {"time": 2498, "pitch": 67, "duration": 9, "velocity": 109}, {"time": 2498, "pitch": 70, "duration": 9, "velocity": 104}, {"time": 2507, "pitch": 58, "duration": 6, "velocity": 84}, {"time": 2510, "pitch": 63, "duration": 4, "velocity": 110}, {"time": 2513, "pitch": 68, "duration": 5, "velocity": 113}, {"time": 2516, "pitch": 58, "duration": 5, "velocity": 93}, {"time": 2519, "pitch": 70, "duration": 2, "velocity": 100}, {"time": 2522, "pitch": 51, "duration": 18, "velocity": 91}, {"time": 2522, "pitch": 63, "duration": 1, "velocity": 88}, {"time": 2522, "pitch": 67, "duration": 2, "velocity": 106}, {"time": 2522, "pitch": 70, "duration": 2, "velocity": 86}, {"time": 2525, "pitch": 58, "duration": 14, "velocity": 81}, {"time": 2528, "pitch": 63, "duration": 6, "velocity": 91}, {"time": 2531, "pitch": 75, "duration": 1, "velocity": 92}, {"time": 2534, "pitch": 75, "duration": 7, "velocity": 110}, {"time": 2537, "pitch": 63, "duration": 2, "velocity": 108}, {"time": 2546, "pitch": 40, "duration": 9, "velocity": 92}, {"time": 2546, "pitch": 80, "duration": 2, "velocity": 108}, {"time": 2546, "pitch": 83, "duration": 2, "velocity": 102}, {"time": 2552, "pitch": 52, "duration": 5, "velocity": 85}, {"time": 2558, "pitch": 42, "duration": 7, "velocity": 88}, {"time": 2558, "pitch": 58, "duration": 6, "velocity": 88}, {"time": 2558, "pitch": 61, "duration": 7, "velocity": 100}, {"time": 2558, "pitch": 66, "duration": 6, "velocity": 92}, {"time": 2564, "pitch": 54, "duration": 6, "velocity": 77}, {"time": 2567, "pitch": 58, "duration": 2, "velocity": 84}, {"time": 2567, "pitch": 61, "duration": 2, "velocity": 80}, {"time": 2567, "pitch": 66, "duration": 2, "velocity": 83}, {"time": 2570, "pitch": 47, "duration": 18, "velocity": 86}, {"time": 2570, "pitch": 59, "duration": 3, "velocity": 98}, {"time": 2570, "pitch": 63, "duration": 3, "velocity": 98}, {"time": 2570, "pitch": 66, "duration": 3, "velocity": 87}, {"time": 2573, "pitch": 54, "duration": 15, "velocity": 81}, {"time": 2576, "pitch": 59, "duration": 6, "velocity": 87}, {"time": 2579, "pitch": 61, "duration": 2, "velocity": 90}, {"time": 2579, "pitch": 66, "duration": 1, "velocity": 88}, {"time": 2582, "pitch": 63, "duration": 4, "velocity": 114}, {"time": 2582, "pitch": 66, "duration": 4, "velocity": 113}, {"time": 2585, "pitch": 59, "duration": 2, "velocity": 108}, {"time": 2588, "pitch": 63, "duration": 4, "velocity": 104}, {"time": 2588, "pitch": 66, "duration": 2, "velocity": 102}, {"time": 2594, "pitch": 40, "duration": 10, "velocity": 96}, {"time": 2594, "pitch": 56, "duration": 8, "velocity": 92}, {"time": 2594, "pitch": 59, "duration": 11, "velocity": 96}, {"time": 2594, "pitch": 61, "duration": 11, "velocity": 98}, {"time": 2594, "pitch": 64, "duration": 8, "velocity": 94}, {"time": 2606, "pitch": 42, "duration": 7, "velocity": 91}, {"time": 2606, "pitch": 58, "duration": 7, "velocity": 94}, {"time": 2606, "pitch": 61, "duration": 7, "velocity": 107}, {"time": 2606, "pitch": 66, "duration": 6, "velocity": 100}, {"time": 2612, "pitch": 54, "duration": 6, "velocity": 80}, {"time": 2615, "pitch": 58, "duration": 3, "velocity": 80}, {"time": 2615, "pitch": 61, "duration": 3, "velocity": 76}, {"time": 2615, "pitch": 66, "duration": 3, "velocity": 81}, {"time": 2618, "pitch": 47, "duration": 20, "velocity": 87}, {"time": 2618, "pitch": 59, "duration": 4, "velocity": 94}, {"time": 2618, "pitch": 63, "duration": 4, "velocity": 91}, {"time": 2621, "pitch": 54, "duration": 19, "velocity": 84}, {"time": 2624, "pitch": 59, "duration": 6, "velocity": 86}, {"time": 2630, "pitch": 61, "duration": 6, "velocity": 113}, {"time": 2630, "pitch": 66, "duration": 5, "velocity": 113}, {"time": 2633, "pitch": 59, "duration": 5, "velocity": 85}, {"time": 2636, "pitch": 63, "duration": 4, "velocity": 84}, {"time": 2642, "pitch": 49, "duration": 15, "velocity": 89}, {"time": 2642, "pitch": 61, "duration": 9, "velocity": 94}, {"time": 2642, "pitch": 64, "duration": 9, "velocity": 107}, {"time": 2642, "pitch": 68, "duration": 9, "velocity": 98}, {"time": 2651, "pitch": 56, "duration": 5, "velocity": 77}, {"time": 2654, "pitch": 61, "duration": 7, "velocity": 98}, {"time": 2654, "pitch": 64, "duration": 7, "velocity": 108}, {"time": 2654, "pitch": 68, "duration": 6, "velocity": 96}, {"time": 2660, "pitch": 49, "duration": 4, "velocity": 88}, {"time": 2666, "pitch": 51, "duration": 15, "velocity": 88}, {"time": 2666, "pitch": 58, "duration": 10, "velocity": 91}, {"time": 2666, "pitch": 63, "duration": 10, "velocity": 98}, {"time": 2666, "pitch": 67, "duration": 10, "velocity": 90}, {"time": 2678, "pitch": 58, "duration": 7, "velocity": 94}, {"time": 2678, "pitch": 63, "duration": 7, "velocity": 104}, {"time": 2678, "pitch": 67, "duration": 6, "velocity": 91}, {"time": 2684, "pitch": 51, "duration": 6, "velocity": 88}, {"time": 2687, "pitch": 56, "duration": 2, "velocity": 72}, {"time": 2690, "pitch": 44, "duration": 43, "velocity": 85}, {"time": 2690, "pitch": 59, "duration": 8, "velocity": 58}, {"time": 2690, "pitch": 63, "duration": 6, "velocity": 88}, {"time": 2693, "pitch": 51, "duration": 41, "velocity": 83}, {"time": 2696, "pitch": 56, "duration": 7, "velocity": 88}, {"time": 2699, "pitch": 58, "duration": 2, "velocity": 91}, {"time": 2702, "pitch": 59, "duration": 3, "velocity": 107}, {"time": 2705, "pitch": 56, "duration": 19, "velocity": 96}, {"time": 2708, "pitch": 63, "duration": 2, "velocity": 86}, {"time": 2711, "pitch": 63, "duration": 5, "velocity": 80}, {"time": 2711, "pitch": 70, "duration": 5, "velocity": 110}, {"time": 2717, "pitch": 63, "duration": 5, "velocity": 91}, {"time": 2717, "pitch": 71, "duration": 6, "velocity": 102}, {"time": 2723, "pitch": 63, "duration": 8, "velocity": 89}, {"time": 2723, "pitch": 68, "duration": 7, "velocity": 110}, {"time": 2726, "pitch": 56, "duration": 8, "velocity": 91}, {"time": 2732, "pitch": 63, "duration": 4, "velocity": 88}, {"time": 2732, "pitch": 68, "duration": 3, "velocity": 88}, {"time": 2738, "pitch": 49, "duration": 19, "velocity": 94}, {"time": 2744, "pitch": 56, "duration": 14, "velocity": 86}, {"time": 2747, "pitch": 61, "duration": 13, "velocity": 76}, {"time": 2750, "pitch": 68, "duration": 11, "velocity": 104}, {"time": 2762, "pitch": 51, "duration": 23, "velocity": 87}, {"time": 2768, "pitch": 58, "duration": 16, "velocity": 80}, {"time": 2774, "pitch": 68, "duration": 8, "velocity": 84}, {"time": 2783, "pitch": 67, "duration": 18, "velocity": 82}, {"time": 2799, "pitch": 44, "duration": 75, "velocity": 87}, {"time": 2803, "pitch": 51, "duration": 70, "velocity": 76}, {"time": 2807, "pitch": 56, "duration": 66, "velocity": 83}, {"time": 2810, "pitch": 58, "duration": 3, "velocity": 80}, {"time": 2813, "pitch": 59, "duration": 1, "velocity": 87}, {"time": 2815, "pitch": 63, "duration": 2, "velocity": 84}, {"time": 2818, "pitch": 68, "duration": 3, "velocity": 88}, {"time": 2820, "pitch": 70, "duration": 2, "velocity": 87}, {"time": 2823, "pitch": 71, "duration": 1, "velocity": 92}, {"time": 2825, "pitch": 75, "duration": 2, "velocity": 91}, {"time": 2828, "pitch": 80, "duration": 2, "velocity": 88}, {"time": 2831, "pitch": 82, "duration": 2, "velocity": 88}, {"time": 2834, "pitch": 83, "duration": 3, "velocity": 94}, {"time": 2838, "pitch": 87, "duration": 2, "velocity": 86}, {"time": 2844, "pitch": 92, "duration": 2, "velocity": 88}, {"time": 2866, "pitch": 80, "duration": 5, "velocity": 38}, {"time": 2867, "pitch": 83, "duration": 5, "velocity": 73}, {"time": 2867, "pitch": 87, "duration": 5, "velocity": 83}, {"time": 2869, "pitch": 92, "duration": 4, "velocity": 86}], "annotations": [{"time": 435, "annotation": {"number": 64, "value": 127}, "group": "control_change"}, {"time": 456, "annotation": {"number": 64, "value": 74}, "group": "control_change"}, {"time": 456, "annotation": {"number": 64, "value": 127}, "group": "control_change"}, {"time": 457, "annotation": {"number": 64, "value": 0}, "group": "control_change"}, {"time": 458, "annotation": {"number": 64, "value": 127}, "group": "control_change"}, {"time": 493, "annotation": {"number": 64, "value": 38}, "group": "control_change"}, {"time": 493, "annotation": {"number": 64, "value": 0}, "group": "control_change"}, {"time": 494, "annotation": {"number": 64, "value": 38}, "group": "control_change"}, {"time": 494, "annotation": {"number": 64, "value": 127}, "group": "control_change"}, {"time": 505, "annotation": {"number": 64, "value": 0}, "group": "control_change"}, {"time": 506, "annotation": {"number": 64, "value": 74}, "group": "control_change"}, {"time": 506, "annotation": {"number": 64, "value": 127}, "group": "control_change"}, {"time": 528, "annotation": {"number": 64, "value": 38}, "group": "control_change"}, {"time": 528, "annotation": {"number": 64, "value": 0}, "group": "control_change"}, {"time": 530, "annotation": {"number": 64, "value": 127}, "group": "control_change"}, {"time": 537, "annotation": {"number": 64, "value": 38}, "group": "control_change"}, {"time": 537, "annotation": {"number": 64, "value": 0}, "group": "control_change"}, {"time": 1587, "annotation": {"number": 64, "value": 127}, "group": "control_change"}, {"time": 1608, "annotation": {"number": 64, "value": 74}, "group": "control_change"}, {"time": 1608, "annotation": {"number": 64, "value": 127}, "group": "control_change"}, {"time": 1609, "annotation": {"number": 64, "value": 0}, "group": "control_change"}, {"time": 1610, "annotation": {"number": 64, "value": 127}, "group": "control_change"}, {"time": 1645, "annotation": {"number": 64, "value": 38}, "group": "control_change"}, {"time": 1645, "annotation": {"number": 64, "value": 0}, "group": "control_change"}, {"time": 1646, "annotation": {"number": 64, "value": 38}, "group": "control_change"}, {"time": 1646, "annotation": {"number": 64, "value": 127}, "group": "control_change"}, {"time": 1657, "annotation": {"number": 64, "value": 0}, "group": "control_change"}, {"time": 1658, "annotation": {"number": 64, "value": 74}, "group": "control_change"}, {"time": 1658, "annotation": {"number": 64, "value": 127}, "group": "control_change"}, {"time": 1680, "annotation": {"number": 64, "value": 38}, "group": "control_change"}, {"time": 1680, "annotation": {"number": 64, "value": 0}, "group": "control_change"}, {"time": 1682, "annotation": {"number": 64, "value": 127}, "group": "control_change"}, {"time": 1689, "annotation": {"number": 64, "value": 38}, "group": "control_change"}, {"time": 1689, "annotation": {"number": 64, "value": 0}, "group": "control_change"}]}]}