{"metadata": {"schema_version": "0.2", "title": "None", "source_filename": "325.mid", "source_format": "midi"}, "resolution": 12, "tempos": [{"time": 0, "qpm": 65.99999340000066}], "key_signatures": [{"time": 0, "root": 0, "mode": "major"}], "time_signatures": [{"time": 0, "numerator": 4, "denominator": 4}], "tracks": [{"program": 0, "is_drum": false, "name": "MELODY", "notes": [{"time": 424, "pitch": 70, "duration": 4, "velocity": 117}, {"time": 427, "pitch": 71, "duration": 7, "velocity": 114}, {"time": 433, "pitch": 73, "duration": 5, "velocity": 113}, {"time": 436, "pitch": 75, "duration": 5, "velocity": 116}, {"time": 439, "pitch": 73, "duration": 5, "velocity": 113}, {"time": 442, "pitch": 70, "duration": 7, "velocity": 113}, {"time": 457, "pitch": 66, "duration": 6, "velocity": 119}, {"time": 460, "pitch": 63, "duration": 6, "velocity": 116}, {"time": 466, "pitch": 73, "duration": 7, "velocity": 119}, {"time": 472, "pitch": 71, "duration": 8, "velocity": 117}, {"time": 478, "pitch": 70, "duration": 7, "velocity": 123}, {"time": 484, "pitch": 71, "duration": 11, "velocity": 117}, {"time": 493, "pitch": 68, "duration": 8, "velocity": 119}, {"time": 520, "pitch": 68, "duration": 6, "velocity": 116}, {"time": 523, "pitch": 75, "duration": 7, "velocity": 119}, {"time": 529, "pitch": 73, "duration": 6, "velocity": 119}, {"time": 532, "pitch": 70, "duration": 10, "velocity": 119}, {"time": 541, "pitch": 66, "duration": 13, "velocity": 116}, {"time": 556, "pitch": 70, "duration": 9, "velocity": 123}, {"time": 565, "pitch": 66, "duration": 6, "velocity": 119}, {"time": 574, "pitch": 76, "duration": 7, "velocity": 114}, {"time": 580, "pitch": 75, "duration": 22, "velocity": 119}, {"time": 622, "pitch": 75, "duration": 4, "velocity": 106}, {"time": 625, "pitch": 75, "duration": 1, "velocity": 100}, {"time": 628, "pitch": 73, "duration": 6, "velocity": 113}, {"time": 634, "pitch": 78, "duration": 18, "velocity": 119}, {"time": 664, "pitch": 78, "duration": 6, "velocity": 103}, {"time": 670, "pitch": 73, "duration": 5, "velocity": 103}, {"time": 673, "pitch": 75, "duration": 5, "velocity": 106}, {"time": 676, "pitch": 76, "duration": 26, "velocity": 107}, {"time": 712, "pitch": 76, "duration": 7, "velocity": 113}, {"time": 715, "pitch": 75, "duration": 7, "velocity": 116}, {"time": 721, "pitch": 73, "duration": 6, "velocity": 106}, {"time": 724, "pitch": 71, "duration": 7, "velocity": 102}, {"time": 730, "pitch": 73, "duration": 6, "velocity": 116}, {"time": 733, "pitch": 68, "duration": 8, "velocity": 113}, {"time": 748, "pitch": 75, "duration": 6, "velocity": 119}, {"time": 754, "pitch": 68, "duration": 6, "velocity": 116}, {"time": 760, "pitch": 75, "duration": 6, "velocity": 113}, {"time": 766, "pitch": 75, "duration": 5, "velocity": 116}, {"time": 769, "pitch": 75, "duration": 2, "velocity": 116}, {"time": 772, "pitch": 73, "duration": 14, "velocity": 113}, {"time": 811, "pitch": 71, "duration": 5, "velocity": 98}, {"time": 814, "pitch": 71, "duration": 2, "velocity": 94}, {"time": 817, "pitch": 73, "duration": 6, "velocity": 109}, {"time": 820, "pitch": 75, "duration": 6, "velocity": 109}, {"time": 823, "pitch": 76, "duration": 7, "velocity": 100}, {"time": 826, "pitch": 75, "duration": 6, "velocity": 109}, {"time": 829, "pitch": 70, "duration": 9, "velocity": 113}, {"time": 841, "pitch": 66, "duration": 6, "velocity": 119}, {"time": 844, "pitch": 63, "duration": 6, "velocity": 116}, {"time": 850, "pitch": 73, "duration": 7, "velocity": 119}, {"time": 856, "pitch": 71, "duration": 8, "velocity": 117}, {"time": 862, "pitch": 70, "duration": 7, "velocity": 123}, {"time": 868, "pitch": 71, "duration": 8, "velocity": 117}, {"time": 877, "pitch": 68, "duration": 17, "velocity": 119}, {"time": 904, "pitch": 68, "duration": 6, "velocity": 116}, {"time": 907, "pitch": 75, "duration": 7, "velocity": 119}, {"time": 913, "pitch": 73, "duration": 6, "velocity": 119}, {"time": 916, "pitch": 70, "duration": 8, "velocity": 119}, {"time": 925, "pitch": 66, "duration": 7, "velocity": 116}, {"time": 940, "pitch": 70, "duration": 9, "velocity": 123}, {"time": 949, "pitch": 66, "duration": 6, "velocity": 119}, {"time": 958, "pitch": 76, "duration": 7, "velocity": 114}, {"time": 964, "pitch": 75, "duration": 32, "velocity": 119}, {"time": 1006, "pitch": 75, "duration": 4, "velocity": 106}, {"time": 1009, "pitch": 75, "duration": 1, "velocity": 100}, {"time": 1012, "pitch": 73, "duration": 6, "velocity": 113}, {"time": 1018, "pitch": 78, "duration": 24, "velocity": 119}, {"time": 1048, "pitch": 78, "duration": 6, "velocity": 103}, {"time": 1054, "pitch": 73, "duration": 5, "velocity": 103}, {"time": 1057, "pitch": 75, "duration": 5, "velocity": 106}, {"time": 1060, "pitch": 76, "duration": 26, "velocity": 107}, {"time": 1096, "pitch": 76, "duration": 7, "velocity": 116}, {"time": 1099, "pitch": 78, "duration": 6, "velocity": 113}, {"time": 1105, "pitch": 76, "duration": 6, "velocity": 110}, {"time": 1108, "pitch": 75, "duration": 7, "velocity": 119}, {"time": 1114, "pitch": 76, "duration": 5, "velocity": 113}, {"time": 1117, "pitch": 76, "duration": 2, "velocity": 117}, {"time": 1132, "pitch": 76, "duration": 8, "velocity": 104}, {"time": 1138, "pitch": 70, "duration": 7, "velocity": 116}, {"time": 1144, "pitch": 71, "duration": 6, "velocity": 110}, {"time": 1147, "pitch": 73, "duration": 9, "velocity": 116}, {"time": 1156, "pitch": 71, "duration": 28, "velocity": 116}, {"time": 1198, "pitch": 75, "duration": 7, "velocity": 114}, {"time": 1201, "pitch": 76, "duration": 5, "velocity": 110}, {"time": 1204, "pitch": 78, "duration": 7, "velocity": 116}, {"time": 1210, "pitch": 78, "duration": 1, "velocity": 113}, {"time": 1216, "pitch": 76, "duration": 7, "velocity": 114}, {"time": 1222, "pitch": 75, "duration": 7, "velocity": 117}, {"time": 1228, "pitch": 73, "duration": 11, "velocity": 119}, {"time": 1240, "pitch": 76, "duration": 8, "velocity": 117}, {"time": 1246, "pitch": 75, "duration": 40, "velocity": 116}, {"time": 1294, "pitch": 76, "duration": 7, "velocity": 113}, {"time": 1297, "pitch": 78, "duration": 6, "velocity": 114}, {"time": 1300, "pitch": 80, "duration": 8, "velocity": 117}, {"time": 1306, "pitch": 80, "duration": 2, "velocity": 117}, {"time": 1312, "pitch": 78, "duration": 10, "velocity": 117}, {"time": 1318, "pitch": 76, "duration": 9, "velocity": 117}, {"time": 1321, "pitch": 75, "duration": 7, "velocity": 117}, {"time": 1330, "pitch": 66, "duration": 6, "velocity": 108}, {"time": 1336, "pitch": 76, "duration": 6, "velocity": 113}, {"time": 1339, "pitch": 75, "duration": 8, "velocity": 114}, {"time": 1348, "pitch": 73, "duration": 26, "velocity": 117}, {"time": 1390, "pitch": 75, "duration": 6, "velocity": 116}, {"time": 1393, "pitch": 73, "duration": 6, "velocity": 114}, {"time": 1396, "pitch": 71, "duration": 8, "velocity": 114}, {"time": 1402, "pitch": 73, "duration": 4, "velocity": 116}, {"time": 1405, "pitch": 73, "duration": 1, "velocity": 114}, {"time": 1408, "pitch": 75, "duration": 8, "velocity": 119}, {"time": 1414, "pitch": 80, "duration": 7, "velocity": 119}, {"time": 1423, "pitch": 79, "duration": 6, "velocity": 123}, {"time": 1426, "pitch": 75, "duration": 5, "velocity": 113}, {"time": 1429, "pitch": 75, "duration": 2, "velocity": 116}, {"time": 1432, "pitch": 73, "duration": 7, "velocity": 114}, {"time": 1438, "pitch": 75, "duration": 7, "velocity": 116}, {"time": 1453, "pitch": 71, "duration": 5, "velocity": 114}, {"time": 1456, "pitch": 71, "duration": 2, "velocity": 114}, {"time": 1462, "pitch": 80, "duration": 9, "velocity": 117}, {"time": 1468, "pitch": 78, "duration": 22, "velocity": 119}, {"time": 1492, "pitch": 76, "duration": 8, "velocity": 116}, {"time": 1501, "pitch": 75, "duration": 5, "velocity": 117}, {"time": 1504, "pitch": 76, "duration": 6, "velocity": 116}, {"time": 1510, "pitch": 78, "duration": 7, "velocity": 119}, {"time": 1516, "pitch": 76, "duration": 7, "velocity": 117}, {"time": 1525, "pitch": 68, "duration": 9, "velocity": 114}, {"time": 1534, "pitch": 75, "duration": 7, "velocity": 117}, {"time": 1540, "pitch": 75, "duration": 1, "velocity": 116}, {"time": 1546, "pitch": 73, "duration": 26, "velocity": 117}, {"time": 1582, "pitch": 75, "duration": 7, "velocity": 114}, {"time": 1585, "pitch": 76, "duration": 5, "velocity": 110}, {"time": 1588, "pitch": 78, "duration": 7, "velocity": 116}, {"time": 1594, "pitch": 78, "duration": 1, "velocity": 113}, {"time": 1600, "pitch": 76, "duration": 7, "velocity": 114}, {"time": 1606, "pitch": 75, "duration": 7, "velocity": 117}, {"time": 1612, "pitch": 73, "duration": 12, "velocity": 119}, {"time": 1624, "pitch": 76, "duration": 8, "velocity": 117}, {"time": 1630, "pitch": 75, "duration": 32, "velocity": 116}, {"time": 1678, "pitch": 76, "duration": 7, "velocity": 113}, {"time": 1681, "pitch": 78, "duration": 6, "velocity": 114}, {"time": 1684, "pitch": 80, "duration": 8, "velocity": 117}, {"time": 1690, "pitch": 80, "duration": 2, "velocity": 117}, {"time": 1696, "pitch": 78, "duration": 10, "velocity": 117}, {"time": 1702, "pitch": 76, "duration": 9, "velocity": 117}, {"time": 1705, "pitch": 75, "duration": 7, "velocity": 117}, {"time": 1714, "pitch": 66, "duration": 6, "velocity": 108}, {"time": 1720, "pitch": 76, "duration": 6, "velocity": 113}, {"time": 1723, "pitch": 75, "duration": 11, "velocity": 114}, {"time": 1732, "pitch": 73, "duration": 32, "velocity": 117}, {"time": 1774, "pitch": 75, "duration": 6, "velocity": 116}, {"time": 1777, "pitch": 73, "duration": 6, "velocity": 114}, {"time": 1780, "pitch": 71, "duration": 8, "velocity": 114}, {"time": 1786, "pitch": 73, "duration": 4, "velocity": 116}, {"time": 1789, "pitch": 73, "duration": 1, "velocity": 114}, {"time": 1792, "pitch": 75, "duration": 6, "velocity": 119}, {"time": 1798, "pitch": 80, "duration": 7, "velocity": 119}, {"time": 1807, "pitch": 79, "duration": 6, "velocity": 123}, {"time": 1810, "pitch": 75, "duration": 5, "velocity": 113}, {"time": 1813, "pitch": 75, "duration": 2, "velocity": 116}, {"time": 1816, "pitch": 73, "duration": 7, "velocity": 114}, {"time": 1822, "pitch": 75, "duration": 7, "velocity": 116}, {"time": 1837, "pitch": 71, "duration": 5, "velocity": 113}, {"time": 1840, "pitch": 80, "duration": 6, "velocity": 117}, {"time": 1843, "pitch": 80, "duration": 3, "velocity": 113}, {"time": 1849, "pitch": 78, "duration": 6, "velocity": 116}, {"time": 1852, "pitch": 80, "duration": 7, "velocity": 119}, {"time": 1858, "pitch": 78, "duration": 6, "velocity": 110}, {"time": 1861, "pitch": 75, "duration": 7, "velocity": 113}, {"time": 1870, "pitch": 78, "duration": 8, "velocity": 116}, {"time": 1876, "pitch": 75, "duration": 17, "velocity": 116}, {"time": 1894, "pitch": 70, "duration": 14, "velocity": 119}, {"time": 1912, "pitch": 73, "duration": 9, "velocity": 116}, {"time": 1918, "pitch": 71, "duration": 30, "velocity": 116}, {"time": 1966, "pitch": 71, "duration": 6, "velocity": 114}, {"time": 1969, "pitch": 73, "duration": 5, "velocity": 108}, {"time": 1972, "pitch": 75, "duration": 8, "velocity": 117}, {"time": 1978, "pitch": 70, "duration": 9, "velocity": 119}, {"time": 1984, "pitch": 71, "duration": 8, "velocity": 116}, {"time": 1990, "pitch": 73, "duration": 6, "velocity": 117}, {"time": 2014, "pitch": 70, "duration": 5, "velocity": 117}, {"time": 2017, "pitch": 70, "duration": 2, "velocity": 104}, {"time": 2020, "pitch": 71, "duration": 16, "velocity": 117}, {"time": 2062, "pitch": 73, "duration": 6, "velocity": 117}, {"time": 2065, "pitch": 75, "duration": 6, "velocity": 114}, {"time": 2068, "pitch": 76, "duration": 8, "velocity": 117}, {"time": 2074, "pitch": 73, "duration": 7, "velocity": 117}, {"time": 2080, "pitch": 75, "duration": 7, "velocity": 116}, {"time": 2086, "pitch": 76, "duration": 7, "velocity": 119}, {"time": 2104, "pitch": 66, "duration": 12, "velocity": 117}, {"time": 2116, "pitch": 75, "duration": 7, "velocity": 113}, {"time": 2122, "pitch": 73, "duration": 29, "velocity": 117}, {"time": 2158, "pitch": 75, "duration": 7, "velocity": 116}, {"time": 2161, "pitch": 76, "duration": 5, "velocity": 104}, {"time": 2164, "pitch": 78, "duration": 7, "velocity": 119}, {"time": 2170, "pitch": 75, "duration": 7, "velocity": 117}, {"time": 2176, "pitch": 76, "duration": 7, "velocity": 117}, {"time": 2182, "pitch": 78, "duration": 11, "velocity": 117}, {"time": 2200, "pitch": 68, "duration": 7, "velocity": 120}, {"time": 2209, "pitch": 78, "duration": 5, "velocity": 116}, {"time": 2212, "pitch": 78, "duration": 2, "velocity": 116}, {"time": 2215, "pitch": 76, "duration": 31, "velocity": 119}, {"time": 2251, "pitch": 76, "duration": 6, "velocity": 110}, {"time": 2254, "pitch": 73, "duration": 6, "velocity": 114}, {"time": 2257, "pitch": 75, "duration": 5, "velocity": 114}, {"time": 2260, "pitch": 76, "duration": 8, "velocity": 117}, {"time": 2272, "pitch": 78, "duration": 7, "velocity": 116}, {"time": 2278, "pitch": 76, "duration": 9, "velocity": 117}, {"time": 2290, "pitch": 76, "duration": 7, "velocity": 114}, {"time": 2296, "pitch": 79, "duration": 12, "velocity": 123}, {"time": 2308, "pitch": 78, "duration": 40, "velocity": 123}, {"time": 2350, "pitch": 75, "duration": 7, "velocity": 114}, {"time": 2353, "pitch": 76, "duration": 5, "velocity": 110}, {"time": 2356, "pitch": 78, "duration": 7, "velocity": 116}, {"time": 2362, "pitch": 78, "duration": 1, "velocity": 113}, {"time": 2368, "pitch": 76, "duration": 7, "velocity": 114}, {"time": 2374, "pitch": 75, "duration": 7, "velocity": 117}, {"time": 2380, "pitch": 73, "duration": 9, "velocity": 119}, {"time": 2392, "pitch": 76, "duration": 8, "velocity": 117}, {"time": 2398, "pitch": 75, "duration": 41, "velocity": 116}, {"time": 2446, "pitch": 76, "duration": 7, "velocity": 113}, {"time": 2449, "pitch": 78, "duration": 6, "velocity": 114}, {"time": 2452, "pitch": 80, "duration": 8, "velocity": 117}, {"time": 2458, "pitch": 80, "duration": 2, "velocity": 117}, {"time": 2464, "pitch": 78, "duration": 10, "velocity": 117}, {"time": 2470, "pitch": 76, "duration": 9, "velocity": 117}, {"time": 2473, "pitch": 75, "duration": 7, "velocity": 117}, {"time": 2482, "pitch": 66, "duration": 6, "velocity": 108}, {"time": 2488, "pitch": 76, "duration": 6, "velocity": 113}, {"time": 2491, "pitch": 75, "duration": 8, "velocity": 114}, {"time": 2500, "pitch": 73, "duration": 38, "velocity": 117}, {"time": 2542, "pitch": 75, "duration": 6, "velocity": 116}, {"time": 2545, "pitch": 73, "duration": 6, "velocity": 114}, {"time": 2548, "pitch": 71, "duration": 8, "velocity": 114}, {"time": 2554, "pitch": 73, "duration": 4, "velocity": 116}, {"time": 2557, "pitch": 73, "duration": 1, "velocity": 114}, {"time": 2560, "pitch": 75, "duration": 6, "velocity": 119}, {"time": 2566, "pitch": 80, "duration": 7, "velocity": 119}, {"time": 2575, "pitch": 79, "duration": 6, "velocity": 123}, {"time": 2578, "pitch": 75, "duration": 5, "velocity": 113}, {"time": 2581, "pitch": 75, "duration": 2, "velocity": 116}, {"time": 2584, "pitch": 73, "duration": 7, "velocity": 114}, {"time": 2590, "pitch": 75, "duration": 7, "velocity": 116}, {"time": 2605, "pitch": 71, "duration": 5, "velocity": 114}, {"time": 2608, "pitch": 71, "duration": 2, "velocity": 114}, {"time": 2614, "pitch": 80, "duration": 9, "velocity": 117}, {"time": 2620, "pitch": 78, "duration": 20, "velocity": 119}, {"time": 2644, "pitch": 76, "duration": 8, "velocity": 116}, {"time": 2653, "pitch": 75, "duration": 5, "velocity": 117}, {"time": 2656, "pitch": 76, "duration": 6, "velocity": 116}, {"time": 2662, "pitch": 78, "duration": 7, "velocity": 119}, {"time": 2668, "pitch": 76, "duration": 7, "velocity": 117}, {"time": 2677, "pitch": 68, "duration": 9, "velocity": 114}, {"time": 2686, "pitch": 75, "duration": 7, "velocity": 117}, {"time": 2692, "pitch": 75, "duration": 1, "velocity": 116}, {"time": 2698, "pitch": 73, "duration": 29, "velocity": 117}, {"time": 2734, "pitch": 75, "duration": 7, "velocity": 114}, {"time": 2737, "pitch": 76, "duration": 5, "velocity": 110}, {"time": 2740, "pitch": 78, "duration": 7, "velocity": 116}, {"time": 2746, "pitch": 78, "duration": 1, "velocity": 113}, {"time": 2752, "pitch": 76, "duration": 7, "velocity": 114}, {"time": 2758, "pitch": 75, "duration": 7, "velocity": 117}, {"time": 2764, "pitch": 73, "duration": 14, "velocity": 119}, {"time": 2776, "pitch": 76, "duration": 8, "velocity": 117}, {"time": 2782, "pitch": 75, "duration": 29, "velocity": 116}, {"time": 2830, "pitch": 76, "duration": 7, "velocity": 113}, {"time": 2833, "pitch": 78, "duration": 6, "velocity": 114}, {"time": 2836, "pitch": 80, "duration": 8, "velocity": 117}, {"time": 2842, "pitch": 80, "duration": 2, "velocity": 117}, {"time": 2848, "pitch": 78, "duration": 10, "velocity": 117}, {"time": 2854, "pitch": 76, "duration": 9, "velocity": 117}, {"time": 2857, "pitch": 75, "duration": 7, "velocity": 117}, {"time": 2866, "pitch": 66, "duration": 6, "velocity": 108}, {"time": 2872, "pitch": 76, "duration": 6, "velocity": 113}, {"time": 2875, "pitch": 75, "duration": 8, "velocity": 114}, {"time": 2884, "pitch": 73, "duration": 29, "velocity": 117}, {"time": 2926, "pitch": 75, "duration": 6, "velocity": 116}, {"time": 2929, "pitch": 73, "duration": 6, "velocity": 114}, {"time": 2932, "pitch": 71, "duration": 8, "velocity": 114}, {"time": 2938, "pitch": 73, "duration": 4, "velocity": 116}, {"time": 2941, "pitch": 73, "duration": 1, "velocity": 114}, {"time": 2944, "pitch": 75, "duration": 6, "velocity": 119}, {"time": 2950, "pitch": 80, "duration": 8, "velocity": 119}, {"time": 2959, "pitch": 79, "duration": 6, "velocity": 123}, {"time": 2962, "pitch": 75, "duration": 5, "velocity": 113}, {"time": 2965, "pitch": 75, "duration": 2, "velocity": 116}, {"time": 2968, "pitch": 73, "duration": 7, "velocity": 114}, {"time": 2974, "pitch": 75, "duration": 11, "velocity": 116}, {"time": 2989, "pitch": 71, "duration": 5, "velocity": 113}, {"time": 2992, "pitch": 80, "duration": 5, "velocity": 117}, {"time": 2995, "pitch": 80, "duration": 2, "velocity": 116}, {"time": 3001, "pitch": 78, "duration": 5, "velocity": 117}, {"time": 3004, "pitch": 80, "duration": 7, "velocity": 117}, {"time": 3010, "pitch": 78, "duration": 6, "velocity": 113}, {"time": 3013, "pitch": 75, "duration": 11, "velocity": 116}, {"time": 3022, "pitch": 78, "duration": 9, "velocity": 116}, {"time": 3028, "pitch": 75, "duration": 18, "velocity": 119}, {"time": 3046, "pitch": 70, "duration": 9, "velocity": 119}, {"time": 3064, "pitch": 75, "duration": 8, "velocity": 116}, {"time": 3070, "pitch": 71, "duration": 33, "velocity": 110}]}, {"program": 0, "is_drum": false, "name": "BRIDGE", "notes": [{"time": 52, "pitch": 75, "duration": 3, "velocity": 119}, {"time": 55, "pitch": 76, "duration": 2, "velocity": 108}, {"time": 58, "pitch": 75, "duration": 3, "velocity": 114}, {"time": 61, "pitch": 70, "duration": 19, "velocity": 110}, {"time": 82, "pitch": 75, "duration": 5, "velocity": 116}, {"time": 88, "pitch": 78, "duration": 6, "velocity": 108}, {"time": 94, "pitch": 75, "duration": 4, "velocity": 110}, {"time": 100, "pitch": 75, "duration": 3, "velocity": 119}, {"time": 103, "pitch": 76, "duration": 3, "velocity": 104}, {"time": 106, "pitch": 75, "duration": 3, "velocity": 108}, {"time": 109, "pitch": 68, "duration": 21, "velocity": 117}, {"time": 130, "pitch": 75, "duration": 6, "velocity": 117}, {"time": 136, "pitch": 80, "duration": 6, "velocity": 116}, {"time": 142, "pitch": 75, "duration": 4, "velocity": 114}, {"time": 148, "pitch": 75, "duration": 3, "velocity": 117}, {"time": 151, "pitch": 76, "duration": 3, "velocity": 92}, {"time": 154, "pitch": 75, "duration": 3, "velocity": 93}, {"time": 157, "pitch": 70, "duration": 20, "velocity": 102}, {"time": 178, "pitch": 76, "duration": 5, "velocity": 113}, {"time": 184, "pitch": 78, "duration": 5, "velocity": 113}, {"time": 190, "pitch": 76, "duration": 5, "velocity": 114}, {"time": 196, "pitch": 73, "duration": 3, "velocity": 116}, {"time": 199, "pitch": 75, "duration": 4, "velocity": 91}, {"time": 202, "pitch": 73, "duration": 2, "velocity": 108}, {"time": 205, "pitch": 66, "duration": 36, "velocity": 108}, {"time": 244, "pitch": 73, "duration": 3, "velocity": 116}, {"time": 247, "pitch": 75, "duration": 3, "velocity": 100}, {"time": 250, "pitch": 73, "duration": 3, "velocity": 107}, {"time": 253, "pitch": 69, "duration": 18, "velocity": 113}, {"time": 274, "pitch": 83, "duration": 5, "velocity": 110}, {"time": 280, "pitch": 78, "duration": 4, "velocity": 114}, {"time": 292, "pitch": 71, "duration": 3, "velocity": 116}, {"time": 295, "pitch": 73, "duration": 3, "velocity": 107}, {"time": 298, "pitch": 71, "duration": 3, "velocity": 100}, {"time": 301, "pitch": 67, "duration": 38, "velocity": 116}, {"time": 340, "pitch": 71, "duration": 3, "velocity": 116}, {"time": 343, "pitch": 73, "duration": 4, "velocity": 102}, {"time": 346, "pitch": 71, "duration": 3, "velocity": 108}, {"time": 349, "pitch": 68, "duration": 36, "velocity": 110}, {"time": 388, "pitch": 75, "duration": 3, "velocity": 117}, {"time": 391, "pitch": 76, "duration": 3, "velocity": 100}, {"time": 394, "pitch": 75, "duration": 3, "velocity": 108}, {"time": 397, "pitch": 70, "duration": 35, "velocity": 114}, {"time": 820, "pitch": 75, "duration": 3, "velocity": 119}, {"time": 823, "pitch": 76, "duration": 2, "velocity": 108}, {"time": 826, "pitch": 75, "duration": 3, "velocity": 114}, {"time": 829, "pitch": 70, "duration": 12, "velocity": 110}, {"time": 868, "pitch": 75, "duration": 3, "velocity": 119}, {"time": 871, "pitch": 76, "duration": 3, "velocity": 104}, {"time": 874, "pitch": 75, "duration": 3, "velocity": 108}, {"time": 877, "pitch": 68, "duration": 9, "velocity": 117}, {"time": 916, "pitch": 75, "duration": 3, "velocity": 117}, {"time": 919, "pitch": 76, "duration": 3, "velocity": 92}, {"time": 922, "pitch": 75, "duration": 3, "velocity": 93}, {"time": 925, "pitch": 70, "duration": 5, "velocity": 102}, {"time": 946, "pitch": 76, "duration": 5, "velocity": 113}, {"time": 952, "pitch": 78, "duration": 5, "velocity": 113}, {"time": 958, "pitch": 76, "duration": 5, "velocity": 114}, {"time": 964, "pitch": 73, "duration": 3, "velocity": 116}, {"time": 967, "pitch": 75, "duration": 4, "velocity": 91}, {"time": 970, "pitch": 73, "duration": 2, "velocity": 108}, {"time": 973, "pitch": 66, "duration": 8, "velocity": 108}, {"time": 1012, "pitch": 73, "duration": 3, "velocity": 116}, {"time": 1015, "pitch": 75, "duration": 3, "velocity": 100}, {"time": 1018, "pitch": 73, "duration": 3, "velocity": 107}, {"time": 1021, "pitch": 69, "duration": 8, "velocity": 113}, {"time": 1060, "pitch": 71, "duration": 3, "velocity": 116}, {"time": 1063, "pitch": 73, "duration": 3, "velocity": 107}, {"time": 1066, "pitch": 71, "duration": 3, "velocity": 100}, {"time": 1069, "pitch": 67, "duration": 10, "velocity": 116}, {"time": 1108, "pitch": 71, "duration": 3, "velocity": 116}, {"time": 1111, "pitch": 73, "duration": 4, "velocity": 102}, {"time": 1114, "pitch": 71, "duration": 3, "velocity": 108}, {"time": 1117, "pitch": 68, "duration": 7, "velocity": 110}, {"time": 1156, "pitch": 71, "duration": 12, "velocity": 108}, {"time": 1168, "pitch": 73, "duration": 12, "velocity": 104}, {"time": 1180, "pitch": 75, "duration": 9, "velocity": 113}, {"time": 1258, "pitch": 73, "duration": 7, "velocity": 107}, {"time": 1258, "pitch": 85, "duration": 6, "velocity": 107}, {"time": 1267, "pitch": 75, "duration": 4, "velocity": 89}, {"time": 1267, "pitch": 87, "duration": 5, "velocity": 110}, {"time": 1276, "pitch": 78, "duration": 4, "velocity": 96}, {"time": 1276, "pitch": 90, "duration": 4, "velocity": 113}, {"time": 1642, "pitch": 73, "duration": 4, "velocity": 104}, {"time": 1642, "pitch": 85, "duration": 4, "velocity": 107}, {"time": 1651, "pitch": 75, "duration": 4, "velocity": 91}, {"time": 1651, "pitch": 87, "duration": 4, "velocity": 108}, {"time": 1660, "pitch": 78, "duration": 4, "velocity": 90}, {"time": 1660, "pitch": 90, "duration": 3, "velocity": 116}, {"time": 2410, "pitch": 73, "duration": 4, "velocity": 108}, {"time": 2410, "pitch": 85, "duration": 5, "velocity": 104}, {"time": 2419, "pitch": 75, "duration": 5, "velocity": 89}, {"time": 2419, "pitch": 87, "duration": 5, "velocity": 107}, {"time": 2428, "pitch": 78, "duration": 4, "velocity": 83}, {"time": 2428, "pitch": 90, "duration": 4, "velocity": 108}, {"time": 2794, "pitch": 73, "duration": 4, "velocity": 102}, {"time": 2794, "pitch": 85, "duration": 5, "velocity": 100}, {"time": 2803, "pitch": 75, "duration": 4, "velocity": 96}, {"time": 2803, "pitch": 87, "duration": 5, "velocity": 107}, {"time": 2812, "pitch": 78, "duration": 4, "velocity": 88}, {"time": 2812, "pitch": 90, "duration": 4, "velocity": 110}, {"time": 3124, "pitch": 75, "duration": 3, "velocity": 119}, {"time": 3127, "pitch": 76, "duration": 2, "velocity": 108}, {"time": 3130, "pitch": 75, "duration": 3, "velocity": 114}, {"time": 3133, "pitch": 70, "duration": 12, "velocity": 110}, {"time": 3154, "pitch": 75, "duration": 5, "velocity": 116}, {"time": 3160, "pitch": 78, "duration": 6, "velocity": 108}, {"time": 3166, "pitch": 75, "duration": 4, "velocity": 110}, {"time": 3172, "pitch": 75, "duration": 3, "velocity": 119}, {"time": 3175, "pitch": 76, "duration": 3, "velocity": 104}, {"time": 3178, "pitch": 75, "duration": 3, "velocity": 108}, {"time": 3181, "pitch": 68, "duration": 9, "velocity": 117}, {"time": 3202, "pitch": 75, "duration": 6, "velocity": 117}, {"time": 3208, "pitch": 80, "duration": 6, "velocity": 116}, {"time": 3214, "pitch": 75, "duration": 4, "velocity": 114}, {"time": 3220, "pitch": 75, "duration": 3, "velocity": 117}, {"time": 3223, "pitch": 76, "duration": 3, "velocity": 92}, {"time": 3226, "pitch": 75, "duration": 3, "velocity": 93}, {"time": 3229, "pitch": 70, "duration": 5, "velocity": 102}, {"time": 3250, "pitch": 76, "duration": 5, "velocity": 113}, {"time": 3256, "pitch": 78, "duration": 5, "velocity": 113}, {"time": 3262, "pitch": 76, "duration": 5, "velocity": 114}, {"time": 3268, "pitch": 73, "duration": 3, "velocity": 116}, {"time": 3271, "pitch": 75, "duration": 4, "velocity": 91}, {"time": 3274, "pitch": 73, "duration": 2, "velocity": 108}, {"time": 3277, "pitch": 66, "duration": 8, "velocity": 108}, {"time": 3304, "pitch": 68, "duration": 7, "velocity": 104}, {"time": 3316, "pitch": 70, "duration": 6, "velocity": 114}]}, {"program": 0, "is_drum": false, "name": "PIANO", "notes": [{"time": 52, "pitch": 47, "duration": 43, "velocity": 91}, {"time": 52, "pitch": 63, "duration": 38, "velocity": 92}, {"time": 52, "pitch": 66, "duration": 38, "velocity": 100}, {"time": 52, "pitch": 70, "duration": 38, "velocity": 93}, {"time": 52, "pitch": 71, "duration": 42, "velocity": 91}, {"time": 100, "pitch": 40, "duration": 40, "velocity": 84}, {"time": 100, "pitch": 52, "duration": 39, "velocity": 81}, {"time": 100, "pitch": 64, "duration": 40, "velocity": 86}, {"time": 100, "pitch": 68, "duration": 40, "velocity": 85}, {"time": 100, "pitch": 71, "duration": 40, "velocity": 84}, {"time": 100, "pitch": 75, "duration": 40, "velocity": 82}, {"time": 148, "pitch": 42, "duration": 39, "velocity": 86}, {"time": 148, "pitch": 64, "duration": 38, "velocity": 86}, {"time": 148, "pitch": 70, "duration": 38, "velocity": 88}, {"time": 148, "pitch": 73, "duration": 38, "velocity": 88}, {"time": 196, "pitch": 47, "duration": 29, "velocity": 84}, {"time": 196, "pitch": 63, "duration": 30, "velocity": 84}, {"time": 196, "pitch": 66, "duration": 30, "velocity": 88}, {"time": 196, "pitch": 70, "duration": 19, "velocity": 87}, {"time": 196, "pitch": 71, "duration": 30, "velocity": 87}, {"time": 244, "pitch": 45, "duration": 38, "velocity": 83}, {"time": 244, "pitch": 64, "duration": 37, "velocity": 88}, {"time": 244, "pitch": 69, "duration": 37, "velocity": 93}, {"time": 244, "pitch": 71, "duration": 37, "velocity": 91}, {"time": 244, "pitch": 73, "duration": 37, "velocity": 91}, {"time": 292, "pitch": 43, "duration": 39, "velocity": 81}, {"time": 292, "pitch": 67, "duration": 37, "velocity": 84}, {"time": 292, "pitch": 71, "duration": 37, "velocity": 94}, {"time": 292, "pitch": 74, "duration": 38, "velocity": 84}, {"time": 340, "pitch": 40, "duration": 37, "velocity": 86}, {"time": 340, "pitch": 64, "duration": 36, "velocity": 87}, {"time": 340, "pitch": 66, "duration": 36, "velocity": 89}, {"time": 340, "pitch": 68, "duration": 36, "velocity": 90}, {"time": 340, "pitch": 71, "duration": 36, "velocity": 87}, {"time": 388, "pitch": 42, "duration": 40, "velocity": 82}, {"time": 388, "pitch": 61, "duration": 41, "velocity": 84}, {"time": 388, "pitch": 64, "duration": 41, "velocity": 87}, {"time": 388, "pitch": 66, "duration": 41, "velocity": 87}, {"time": 388, "pitch": 70, "duration": 41, "velocity": 87}, {"time": 436, "pitch": 47, "duration": 40, "velocity": 87}, {"time": 436, "pitch": 61, "duration": 10, "velocity": 89}, {"time": 436, "pitch": 66, "duration": 11, "velocity": 90}, {"time": 442, "pitch": 54, "duration": 32, "velocity": 36}, {"time": 448, "pitch": 61, "duration": 30, "velocity": 76}, {"time": 448, "pitch": 70, "duration": 30, "velocity": 90}, {"time": 457, "pitch": 66, "duration": 22, "velocity": 84}, {"time": 484, "pitch": 52, "duration": 40, "velocity": 80}, {"time": 484, "pitch": 59, "duration": 30, "velocity": 83}, {"time": 484, "pitch": 68, "duration": 35, "velocity": 91}, {"time": 496, "pitch": 63, "duration": 22, "velocity": 75}, {"time": 517, "pitch": 59, "duration": 7, "velocity": 71}, {"time": 520, "pitch": 63, "duration": 6, "velocity": 88}, {"time": 532, "pitch": 42, "duration": 37, "velocity": 81}, {"time": 532, "pitch": 58, "duration": 12, "velocity": 84}, {"time": 532, "pitch": 66, "duration": 11, "velocity": 86}, {"time": 538, "pitch": 49, "duration": 32, "velocity": 56}, {"time": 544, "pitch": 54, "duration": 28, "velocity": 71}, {"time": 550, "pitch": 58, "duration": 21, "velocity": 81}, {"time": 550, "pitch": 64, "duration": 17, "velocity": 84}, {"time": 565, "pitch": 61, "duration": 4, "velocity": 86}, {"time": 580, "pitch": 47, "duration": 43, "velocity": 82}, {"time": 580, "pitch": 63, "duration": 18, "velocity": 88}, {"time": 580, "pitch": 70, "duration": 18, "velocity": 89}, {"time": 586, "pitch": 54, "duration": 36, "velocity": 40}, {"time": 598, "pitch": 61, "duration": 24, "velocity": 83}, {"time": 598, "pitch": 66, "duration": 14, "velocity": 85}, {"time": 616, "pitch": 59, "duration": 5, "velocity": 71}, {"time": 622, "pitch": 63, "duration": 3, "velocity": 76}, {"time": 628, "pitch": 45, "duration": 41, "velocity": 79}, {"time": 628, "pitch": 61, "duration": 13, "velocity": 90}, {"time": 628, "pitch": 66, "duration": 12, "velocity": 88}, {"time": 634, "pitch": 52, "duration": 33, "velocity": 54}, {"time": 640, "pitch": 57, "duration": 27, "velocity": 65}, {"time": 646, "pitch": 59, "duration": 12, "velocity": 81}, {"time": 646, "pitch": 66, "duration": 25, "velocity": 84}, {"time": 658, "pitch": 61, "duration": 17, "velocity": 83}, {"time": 676, "pitch": 40, "duration": 39, "velocity": 77}, {"time": 676, "pitch": 59, "duration": 16, "velocity": 89}, {"time": 676, "pitch": 64, "duration": 16, "velocity": 89}, {"time": 688, "pitch": 52, "duration": 28, "velocity": 38}, {"time": 694, "pitch": 56, "duration": 10, "velocity": 80}, {"time": 694, "pitch": 63, "duration": 27, "velocity": 84}, {"time": 706, "pitch": 59, "duration": 16, "velocity": 86}, {"time": 724, "pitch": 42, "duration": 44, "velocity": 80}, {"time": 730, "pitch": 49, "duration": 39, "velocity": 75}, {"time": 736, "pitch": 54, "duration": 36, "velocity": 73}, {"time": 742, "pitch": 59, "duration": 6, "velocity": 81}, {"time": 748, "pitch": 58, "duration": 31, "velocity": 82}, {"time": 748, "pitch": 66, "duration": 16, "velocity": 77}, {"time": 760, "pitch": 61, "duration": 19, "velocity": 79}, {"time": 772, "pitch": 42, "duration": 40, "velocity": 77}, {"time": 778, "pitch": 49, "duration": 34, "velocity": 38}, {"time": 784, "pitch": 54, "duration": 13, "velocity": 81}, {"time": 790, "pitch": 58, "duration": 14, "velocity": 86}, {"time": 790, "pitch": 64, "duration": 14, "velocity": 91}, {"time": 802, "pitch": 54, "duration": 10, "velocity": 82}, {"time": 808, "pitch": 58, "duration": 4, "velocity": 102}, {"time": 811, "pitch": 61, "duration": 3, "velocity": 88}, {"time": 820, "pitch": 47, "duration": 42, "velocity": 83}, {"time": 820, "pitch": 61, "duration": 12, "velocity": 86}, {"time": 820, "pitch": 70, "duration": 12, "velocity": 88}, {"time": 826, "pitch": 54, "duration": 36, "velocity": 38}, {"time": 832, "pitch": 59, "duration": 17, "velocity": 75}, {"time": 838, "pitch": 61, "duration": 6, "velocity": 81}, {"time": 838, "pitch": 66, "duration": 18, "velocity": 86}, {"time": 844, "pitch": 63, "duration": 17, "velocity": 80}, {"time": 856, "pitch": 59, "duration": 4, "velocity": 82}, {"time": 862, "pitch": 61, "duration": 4, "velocity": 88}, {"time": 862, "pitch": 66, "duration": 7, "velocity": 87}, {"time": 868, "pitch": 52, "duration": 42, "velocity": 81}, {"time": 868, "pitch": 59, "duration": 34, "velocity": 86}, {"time": 868, "pitch": 64, "duration": 12, "velocity": 89}, {"time": 880, "pitch": 70, "duration": 7, "velocity": 107}, {"time": 889, "pitch": 66, "duration": 14, "velocity": 86}, {"time": 895, "pitch": 63, "duration": 7, "velocity": 68}, {"time": 904, "pitch": 59, "duration": 6, "velocity": 91}, {"time": 904, "pitch": 66, "duration": 9, "velocity": 87}, {"time": 910, "pitch": 63, "duration": 5, "velocity": 77}, {"time": 916, "pitch": 42, "duration": 41, "velocity": 84}, {"time": 916, "pitch": 58, "duration": 8, "velocity": 93}, {"time": 916, "pitch": 64, "duration": 9, "velocity": 92}, {"time": 922, "pitch": 49, "duration": 37, "velocity": 72}, {"time": 928, "pitch": 58, "duration": 12, "velocity": 86}, {"time": 928, "pitch": 66, "duration": 11, "velocity": 89}, {"time": 934, "pitch": 54, "duration": 9, "velocity": 75}, {"time": 940, "pitch": 61, "duration": 10, "velocity": 89}, {"time": 946, "pitch": 54, "duration": 13, "velocity": 46}, {"time": 949, "pitch": 58, "duration": 9, "velocity": 86}, {"time": 952, "pitch": 66, "duration": 6, "velocity": 104}, {"time": 958, "pitch": 61, "duration": 5, "velocity": 86}, {"time": 964, "pitch": 47, "duration": 41, "velocity": 84}, {"time": 964, "pitch": 59, "duration": 5, "velocity": 85}, {"time": 964, "pitch": 64, "duration": 7, "velocity": 88}, {"time": 970, "pitch": 54, "duration": 35, "velocity": 67}, {"time": 976, "pitch": 59, "duration": 21, "velocity": 77}, {"time": 982, "pitch": 63, "duration": 5, "velocity": 81}, {"time": 988, "pitch": 63, "duration": 1, "velocity": 76}, {"time": 988, "pitch": 70, "duration": 7, "velocity": 108}, {"time": 994, "pitch": 66, "duration": 1, "velocity": 77}, {"time": 997, "pitch": 66, "duration": 6, "velocity": 114}, {"time": 1000, "pitch": 59, "duration": 4, "velocity": 92}, {"time": 1003, "pitch": 63, "duration": 3, "velocity": 92}, {"time": 1006, "pitch": 66, "duration": 6, "velocity": 96}, {"time": 1012, "pitch": 45, "duration": 41, "velocity": 80}, {"time": 1012, "pitch": 61, "duration": 16, "velocity": 91}, {"time": 1012, "pitch": 64, "duration": 11, "velocity": 92}, {"time": 1018, "pitch": 52, "duration": 33, "velocity": 64}, {"time": 1024, "pitch": 57, "duration": 15, "velocity": 84}, {"time": 1030, "pitch": 61, "duration": 6, "velocity": 88}, {"time": 1036, "pitch": 61, "duration": 10, "velocity": 86}, {"time": 1036, "pitch": 66, "duration": 11, "velocity": 100}, {"time": 1042, "pitch": 57, "duration": 8, "velocity": 80}, {"time": 1048, "pitch": 64, "duration": 6, "velocity": 113}, {"time": 1054, "pitch": 61, "duration": 5, "velocity": 98}, {"time": 1060, "pitch": 43, "duration": 40, "velocity": 84}, {"time": 1060, "pitch": 59, "duration": 8, "velocity": 107}, {"time": 1060, "pitch": 64, "duration": 7, "velocity": 102}, {"time": 1066, "pitch": 55, "duration": 10, "velocity": 58}, {"time": 1072, "pitch": 59, "duration": 10, "velocity": 90}, {"time": 1072, "pitch": 64, "duration": 9, "velocity": 88}, {"time": 1081, "pitch": 55, "duration": 8, "velocity": 36}, {"time": 1084, "pitch": 59, "duration": 9, "velocity": 91}, {"time": 1084, "pitch": 64, "duration": 9, "velocity": 92}, {"time": 1093, "pitch": 55, "duration": 7, "velocity": 77}, {"time": 1096, "pitch": 59, "duration": 11, "velocity": 104}, {"time": 1096, "pitch": 64, "duration": 8, "velocity": 102}, {"time": 1108, "pitch": 42, "duration": 43, "velocity": 82}, {"time": 1108, "pitch": 58, "duration": 8, "velocity": 87}, {"time": 1108, "pitch": 61, "duration": 8, "velocity": 91}, {"time": 1114, "pitch": 54, "duration": 20, "velocity": 77}, {"time": 1120, "pitch": 58, "duration": 10, "velocity": 89}, {"time": 1120, "pitch": 61, "duration": 11, "velocity": 93}, {"time": 1126, "pitch": 49, "duration": 27, "velocity": 76}, {"time": 1132, "pitch": 58, "duration": 10, "velocity": 90}, {"time": 1132, "pitch": 64, "duration": 10, "velocity": 96}, {"time": 1138, "pitch": 54, "duration": 8, "velocity": 72}, {"time": 1144, "pitch": 61, "duration": 12, "velocity": 113}, {"time": 1150, "pitch": 54, "duration": 6, "velocity": 69}, {"time": 1156, "pitch": 47, "duration": 41, "velocity": 81}, {"time": 1156, "pitch": 61, "duration": 1, "velocity": 96}, {"time": 1156, "pitch": 70, "duration": 6, "velocity": 87}, {"time": 1162, "pitch": 54, "duration": 36, "velocity": 71}, {"time": 1168, "pitch": 61, "duration": 5, "velocity": 93}, {"time": 1168, "pitch": 66, "duration": 6, "velocity": 104}, {"time": 1174, "pitch": 59, "duration": 24, "velocity": 74}, {"time": 1180, "pitch": 63, "duration": 13, "velocity": 87}, {"time": 1180, "pitch": 70, "duration": 11, "velocity": 89}, {"time": 1192, "pitch": 66, "duration": 6, "velocity": 113}, {"time": 1198, "pitch": 63, "duration": 2, "velocity": 88}, {"time": 1204, "pitch": 40, "duration": 20, "velocity": 87}, {"time": 1204, "pitch": 56, "duration": 11, "velocity": 93}, {"time": 1204, "pitch": 64, "duration": 8, "velocity": 96}, {"time": 1210, "pitch": 52, "duration": 7, "velocity": 74}, {"time": 1216, "pitch": 59, "duration": 11, "velocity": 107}, {"time": 1216, "pitch": 64, "duration": 8, "velocity": 86}, {"time": 1222, "pitch": 52, "duration": 6, "velocity": 83}, {"time": 1225, "pitch": 58, "duration": 12, "velocity": 81}, {"time": 1225, "pitch": 61, "duration": 13, "velocity": 87}, {"time": 1228, "pitch": 42, "duration": 20, "velocity": 88}, {"time": 1228, "pitch": 66, "duration": 10, "velocity": 110}, {"time": 1234, "pitch": 49, "duration": 16, "velocity": 78}, {"time": 1237, "pitch": 54, "duration": 12, "velocity": 89}, {"time": 1240, "pitch": 58, "duration": 4, "velocity": 102}, {"time": 1243, "pitch": 61, "duration": 3, "velocity": 88}, {"time": 1246, "pitch": 66, "duration": 5, "velocity": 102}, {"time": 1252, "pitch": 44, "duration": 43, "velocity": 88}, {"time": 1252, "pitch": 59, "duration": 4, "velocity": 102}, {"time": 1252, "pitch": 63, "duration": 5, "velocity": 104}, {"time": 1252, "pitch": 66, "duration": 5, "velocity": 87}, {"time": 1258, "pitch": 51, "duration": 36, "velocity": 78}, {"time": 1261, "pitch": 56, "duration": 4, "velocity": 83}, {"time": 1264, "pitch": 59, "duration": 5, "velocity": 102}, {"time": 1264, "pitch": 68, "duration": 6, "velocity": 113}, {"time": 1270, "pitch": 56, "duration": 6, "velocity": 80}, {"time": 1270, "pitch": 59, "duration": 8, "velocity": 87}, {"time": 1270, "pitch": 66, "duration": 11, "velocity": 110}, {"time": 1276, "pitch": 56, "duration": 1, "velocity": 87}, {"time": 1282, "pitch": 59, "duration": 4, "velocity": 87}, {"time": 1285, "pitch": 56, "duration": 4, "velocity": 100}, {"time": 1288, "pitch": 59, "duration": 5, "velocity": 100}, {"time": 1288, "pitch": 68, "duration": 6, "velocity": 116}, {"time": 1291, "pitch": 56, "duration": 2, "velocity": 89}, {"time": 1294, "pitch": 63, "duration": 5, "velocity": 98}, {"time": 1300, "pitch": 40, "duration": 21, "velocity": 92}, {"time": 1300, "pitch": 59, "duration": 6, "velocity": 96}, {"time": 1300, "pitch": 68, "duration": 7, "velocity": 96}, {"time": 1306, "pitch": 52, "duration": 8, "velocity": 76}, {"time": 1309, "pitch": 59, "duration": 3, "velocity": 102}, {"time": 1312, "pitch": 64, "duration": 6, "velocity": 120}, {"time": 1315, "pitch": 52, "duration": 9, "velocity": 94}, {"time": 1318, "pitch": 61, "duration": 3, "velocity": 87}, {"time": 1321, "pitch": 59, "duration": 9, "velocity": 86}, {"time": 1324, "pitch": 42, "duration": 21, "velocity": 93}, {"time": 1327, "pitch": 49, "duration": 18, "velocity": 86}, {"time": 1330, "pitch": 54, "duration": 7, "velocity": 104}, {"time": 1333, "pitch": 58, "duration": 3, "velocity": 92}, {"time": 1336, "pitch": 58, "duration": 8, "velocity": 88}, {"time": 1336, "pitch": 66, "duration": 7, "velocity": 116}, {"time": 1339, "pitch": 54, "duration": 8, "velocity": 91}, {"time": 1342, "pitch": 61, "duration": 8, "velocity": 91}, {"time": 1345, "pitch": 58, "duration": 4, "velocity": 78}, {"time": 1345, "pitch": 66, "duration": 5, "velocity": 87}, {"time": 1348, "pitch": 42, "duration": 21, "velocity": 96}, {"time": 1354, "pitch": 49, "duration": 17, "velocity": 81}, {"time": 1357, "pitch": 54, "duration": 4, "velocity": 102}, {"time": 1360, "pitch": 59, "duration": 6, "velocity": 116}, {"time": 1363, "pitch": 54, "duration": 6, "velocity": 83}, {"time": 1366, "pitch": 61, "duration": 4, "velocity": 88}, {"time": 1369, "pitch": 58, "duration": 9, "velocity": 108}, {"time": 1369, "pitch": 66, "duration": 10, "velocity": 93}, {"time": 1372, "pitch": 42, "duration": 17, "velocity": 87}, {"time": 1375, "pitch": 49, "duration": 15, "velocity": 86}, {"time": 1378, "pitch": 54, "duration": 6, "velocity": 100}, {"time": 1381, "pitch": 58, "duration": 2, "velocity": 91}, {"time": 1384, "pitch": 61, "duration": 6, "velocity": 116}, {"time": 1387, "pitch": 54, "duration": 2, "velocity": 91}, {"time": 1390, "pitch": 58, "duration": 3, "velocity": 84}, {"time": 1390, "pitch": 66, "duration": 5, "velocity": 83}, {"time": 1396, "pitch": 44, "duration": 13, "velocity": 89}, {"time": 1396, "pitch": 59, "duration": 7, "velocity": 92}, {"time": 1396, "pitch": 63, "duration": 7, "velocity": 100}, {"time": 1396, "pitch": 68, "duration": 6, "velocity": 93}, {"time": 1402, "pitch": 51, "duration": 7, "velocity": 69}, {"time": 1408, "pitch": 59, "duration": 7, "velocity": 104}, {"time": 1408, "pitch": 63, "duration": 10, "velocity": 114}, {"time": 1408, "pitch": 68, "duration": 9, "velocity": 107}, {"time": 1420, "pitch": 43, "duration": 15, "velocity": 84}, {"time": 1420, "pitch": 55, "duration": 15, "velocity": 86}, {"time": 1420, "pitch": 58, "duration": 9, "velocity": 96}, {"time": 1420, "pitch": 63, "duration": 10, "velocity": 100}, {"time": 1420, "pitch": 67, "duration": 10, "velocity": 95}, {"time": 1432, "pitch": 58, "duration": 6, "velocity": 96}, {"time": 1432, "pitch": 63, "duration": 6, "velocity": 110}, {"time": 1432, "pitch": 67, "duration": 6, "velocity": 116}, {"time": 1438, "pitch": 43, "duration": 1, "velocity": 85}, {"time": 1438, "pitch": 55, "duration": 1, "velocity": 93}, {"time": 1444, "pitch": 40, "duration": 18, "velocity": 90}, {"time": 1444, "pitch": 59, "duration": 8, "velocity": 91}, {"time": 1444, "pitch": 64, "duration": 8, "velocity": 98}, {"time": 1444, "pitch": 68, "duration": 8, "velocity": 94}, {"time": 1453, "pitch": 52, "duration": 5, "velocity": 80}, {"time": 1456, "pitch": 59, "duration": 10, "velocity": 104}, {"time": 1456, "pitch": 64, "duration": 10, "velocity": 114}, {"time": 1456, "pitch": 68, "duration": 9, "velocity": 102}, {"time": 1462, "pitch": 52, "duration": 6, "velocity": 86}, {"time": 1468, "pitch": 47, "duration": 20, "velocity": 87}, {"time": 1468, "pitch": 59, "duration": 9, "velocity": 92}, {"time": 1468, "pitch": 63, "duration": 9, "velocity": 107}, {"time": 1468, "pitch": 66, "duration": 9, "velocity": 102}, {"time": 1477, "pitch": 54, "duration": 5, "velocity": 86}, {"time": 1480, "pitch": 59, "duration": 7, "velocity": 107}, {"time": 1480, "pitch": 63, "duration": 10, "velocity": 116}, {"time": 1480, "pitch": 66, "duration": 9, "velocity": 113}, {"time": 1486, "pitch": 54, "duration": 6, "velocity": 82}, {"time": 1492, "pitch": 49, "duration": 15, "velocity": 88}, {"time": 1492, "pitch": 61, "duration": 10, "velocity": 92}, {"time": 1492, "pitch": 64, "duration": 10, "velocity": 107}, {"time": 1492, "pitch": 68, "duration": 9, "velocity": 100}, {"time": 1501, "pitch": 56, "duration": 6, "velocity": 68}, {"time": 1504, "pitch": 61, "duration": 9, "velocity": 104}, {"time": 1504, "pitch": 64, "duration": 9, "velocity": 114}, {"time": 1504, "pitch": 68, "duration": 8, "velocity": 102}, {"time": 1510, "pitch": 49, "duration": 4, "velocity": 89}, {"time": 1516, "pitch": 52, "duration": 16, "velocity": 87}, {"time": 1516, "pitch": 59, "duration": 9, "velocity": 100}, {"time": 1516, "pitch": 64, "duration": 10, "velocity": 96}, {"time": 1516, "pitch": 68, "duration": 9, "velocity": 88}, {"time": 1528, "pitch": 59, "duration": 7, "velocity": 102}, {"time": 1528, "pitch": 64, "duration": 11, "velocity": 114}, {"time": 1528, "pitch": 68, "duration": 7, "velocity": 96}, {"time": 1534, "pitch": 52, "duration": 5, "velocity": 92}, {"time": 1540, "pitch": 42, "duration": 21, "velocity": 89}, {"time": 1540, "pitch": 58, "duration": 9, "velocity": 91}, {"time": 1540, "pitch": 61, "duration": 8, "velocity": 113}, {"time": 1540, "pitch": 66, "duration": 9, "velocity": 107}, {"time": 1546, "pitch": 49, "duration": 17, "velocity": 83}, {"time": 1549, "pitch": 54, "duration": 4, "velocity": 96}, {"time": 1552, "pitch": 59, "duration": 4, "velocity": 117}, {"time": 1555, "pitch": 54, "duration": 7, "velocity": 102}, {"time": 1558, "pitch": 61, "duration": 2, "velocity": 110}, {"time": 1561, "pitch": 58, "duration": 7, "velocity": 114}, {"time": 1561, "pitch": 61, "duration": 10, "velocity": 96}, {"time": 1561, "pitch": 66, "duration": 10, "velocity": 91}, {"time": 1564, "pitch": 42, "duration": 19, "velocity": 96}, {"time": 1567, "pitch": 49, "duration": 16, "velocity": 83}, {"time": 1570, "pitch": 54, "duration": 1, "velocity": 108}, {"time": 1573, "pitch": 58, "duration": 2, "velocity": 107}, {"time": 1576, "pitch": 58, "duration": 4, "velocity": 87}, {"time": 1576, "pitch": 61, "duration": 5, "velocity": 116}, {"time": 1576, "pitch": 66, "duration": 4, "velocity": 110}, {"time": 1579, "pitch": 54, "duration": 7, "velocity": 114}, {"time": 1582, "pitch": 58, "duration": 3, "velocity": 110}, {"time": 1582, "pitch": 66, "duration": 1, "velocity": 87}, {"time": 1585, "pitch": 61, "duration": 3, "velocity": 98}, {"time": 1588, "pitch": 47, "duration": 16, "velocity": 86}, {"time": 1588, "pitch": 59, "duration": 4, "velocity": 94}, {"time": 1588, "pitch": 63, "duration": 7, "velocity": 110}, {"time": 1588, "pitch": 66, "duration": 9, "velocity": 104}, {"time": 1594, "pitch": 54, "duration": 11, "velocity": 75}, {"time": 1597, "pitch": 59, "duration": 5, "velocity": 91}, {"time": 1600, "pitch": 63, "duration": 7, "velocity": 116}, {"time": 1600, "pitch": 66, "duration": 10, "velocity": 117}, {"time": 1606, "pitch": 47, "duration": 6, "velocity": 87}, {"time": 1612, "pitch": 42, "duration": 19, "velocity": 91}, {"time": 1612, "pitch": 58, "duration": 9, "velocity": 102}, {"time": 1612, "pitch": 61, "duration": 9, "velocity": 110}, {"time": 1612, "pitch": 66, "duration": 8, "velocity": 89}, {"time": 1618, "pitch": 49, "duration": 18, "velocity": 83}, {"time": 1621, "pitch": 54, "duration": 4, "velocity": 88}, {"time": 1624, "pitch": 58, "duration": 6, "velocity": 108}, {"time": 1624, "pitch": 61, "duration": 11, "velocity": 117}, {"time": 1624, "pitch": 66, "duration": 7, "velocity": 102}, {"time": 1630, "pitch": 54, "duration": 6, "velocity": 86}, {"time": 1636, "pitch": 44, "duration": 47, "velocity": 86}, {"time": 1636, "pitch": 59, "duration": 10, "velocity": 94}, {"time": 1636, "pitch": 63, "duration": 11, "velocity": 110}, {"time": 1636, "pitch": 68, "duration": 11, "velocity": 100}, {"time": 1642, "pitch": 51, "duration": 34, "velocity": 68}, {"time": 1645, "pitch": 56, "duration": 4, "velocity": 92}, {"time": 1648, "pitch": 61, "duration": 8, "velocity": 117}, {"time": 1648, "pitch": 68, "duration": 4, "velocity": 84}, {"time": 1654, "pitch": 56, "duration": 4, "velocity": 84}, {"time": 1657, "pitch": 59, "duration": 7, "velocity": 104}, {"time": 1657, "pitch": 63, "duration": 8, "velocity": 114}, {"time": 1657, "pitch": 68, "duration": 7, "velocity": 100}, {"time": 1663, "pitch": 56, "duration": 4, "velocity": 87}, {"time": 1666, "pitch": 61, "duration": 4, "velocity": 104}, {"time": 1669, "pitch": 56, "duration": 6, "velocity": 104}, {"time": 1672, "pitch": 59, "duration": 7, "velocity": 114}, {"time": 1672, "pitch": 63, "duration": 9, "velocity": 113}, {"time": 1672, "pitch": 68, "duration": 7, "velocity": 114}, {"time": 1684, "pitch": 40, "duration": 18, "velocity": 87}, {"time": 1684, "pitch": 52, "duration": 6, "velocity": 102}, {"time": 1684, "pitch": 56, "duration": 9, "velocity": 100}, {"time": 1684, "pitch": 59, "duration": 10, "velocity": 113}, {"time": 1684, "pitch": 64, "duration": 9, "velocity": 104}, {"time": 1693, "pitch": 52, "duration": 4, "velocity": 91}, {"time": 1696, "pitch": 56, "duration": 6, "velocity": 102}, {"time": 1696, "pitch": 59, "duration": 11, "velocity": 108}, {"time": 1696, "pitch": 64, "duration": 7, "velocity": 102}, {"time": 1702, "pitch": 52, "duration": 6, "velocity": 88}, {"time": 1708, "pitch": 42, "duration": 22, "velocity": 92}, {"time": 1708, "pitch": 58, "duration": 9, "velocity": 93}, {"time": 1708, "pitch": 61, "duration": 9, "velocity": 108}, {"time": 1708, "pitch": 66, "duration": 9, "velocity": 98}, {"time": 1714, "pitch": 49, "duration": 17, "velocity": 80}, {"time": 1717, "pitch": 54, "duration": 4, "velocity": 96}, {"time": 1720, "pitch": 58, "duration": 10, "velocity": 108}, {"time": 1720, "pitch": 61, "duration": 11, "velocity": 113}, {"time": 1720, "pitch": 66, "duration": 10, "velocity": 102}, {"time": 1726, "pitch": 54, "duration": 4, "velocity": 82}, {"time": 1732, "pitch": 42, "duration": 22, "velocity": 98}, {"time": 1732, "pitch": 58, "duration": 10, "velocity": 104}, {"time": 1732, "pitch": 61, "duration": 10, "velocity": 108}, {"time": 1732, "pitch": 66, "duration": 7, "velocity": 100}, {"time": 1738, "pitch": 49, "duration": 19, "velocity": 74}, {"time": 1741, "pitch": 54, "duration": 4, "velocity": 92}, {"time": 1744, "pitch": 59, "duration": 11, "velocity": 113}, {"time": 1750, "pitch": 54, "duration": 5, "velocity": 86}, {"time": 1756, "pitch": 42, "duration": 19, "velocity": 91}, {"time": 1756, "pitch": 58, "duration": 9, "velocity": 96}, {"time": 1756, "pitch": 61, "duration": 9, "velocity": 104}, {"time": 1756, "pitch": 66, "duration": 9, "velocity": 94}, {"time": 1762, "pitch": 49, "duration": 18, "velocity": 87}, {"time": 1765, "pitch": 54, "duration": 3, "velocity": 108}, {"time": 1768, "pitch": 58, "duration": 4, "velocity": 110}, {"time": 1771, "pitch": 54, "duration": 8, "velocity": 110}, {"time": 1774, "pitch": 61, "duration": 5, "velocity": 114}, {"time": 1777, "pitch": 66, "duration": 13, "velocity": 104}, {"time": 1780, "pitch": 44, "duration": 19, "velocity": 88}, {"time": 1780, "pitch": 59, "duration": 10, "velocity": 92}, {"time": 1780, "pitch": 63, "duration": 10, "velocity": 114}, {"time": 1789, "pitch": 51, "duration": 5, "velocity": 88}, {"time": 1792, "pitch": 59, "duration": 6, "velocity": 104}, {"time": 1792, "pitch": 63, "duration": 11, "velocity": 114}, {"time": 1792, "pitch": 66, "duration": 6, "velocity": 104}, {"time": 1798, "pitch": 51, "duration": 6, "velocity": 85}, {"time": 1804, "pitch": 43, "duration": 15, "velocity": 84}, {"time": 1804, "pitch": 58, "duration": 10, "velocity": 100}, {"time": 1804, "pitch": 63, "duration": 10, "velocity": 110}, {"time": 1804, "pitch": 67, "duration": 10, "velocity": 113}, {"time": 1816, "pitch": 58, "duration": 6, "velocity": 107}, {"time": 1816, "pitch": 62, "duration": 1, "velocity": 97}, {"time": 1816, "pitch": 63, "duration": 11, "velocity": 114}, {"time": 1816, "pitch": 67, "duration": 9, "velocity": 119}, {"time": 1822, "pitch": 43, "duration": 6, "velocity": 106}, {"time": 1828, "pitch": 40, "duration": 18, "velocity": 90}, {"time": 1828, "pitch": 59, "duration": 11, "velocity": 91}, {"time": 1828, "pitch": 64, "duration": 5, "velocity": 107}, {"time": 1828, "pitch": 68, "duration": 5, "velocity": 94}, {"time": 1837, "pitch": 52, "duration": 6, "velocity": 89}, {"time": 1840, "pitch": 56, "duration": 7, "velocity": 107}, {"time": 1840, "pitch": 59, "duration": 11, "velocity": 113}, {"time": 1840, "pitch": 64, "duration": 8, "velocity": 102}, {"time": 1846, "pitch": 52, "duration": 6, "velocity": 91}, {"time": 1852, "pitch": 47, "duration": 19, "velocity": 88}, {"time": 1852, "pitch": 59, "duration": 5, "velocity": 93}, {"time": 1852, "pitch": 63, "duration": 6, "velocity": 93}, {"time": 1852, "pitch": 66, "duration": 7, "velocity": 91}, {"time": 1858, "pitch": 54, "duration": 13, "velocity": 73}, {"time": 1861, "pitch": 59, "duration": 4, "velocity": 100}, {"time": 1864, "pitch": 61, "duration": 6, "velocity": 104}, {"time": 1864, "pitch": 66, "duration": 6, "velocity": 110}, {"time": 1867, "pitch": 59, "duration": 2, "velocity": 94}, {"time": 1870, "pitch": 63, "duration": 5, "velocity": 91}, {"time": 1876, "pitch": 49, "duration": 25, "velocity": 87}, {"time": 1876, "pitch": 61, "duration": 10, "velocity": 90}, {"time": 1876, "pitch": 64, "duration": 10, "velocity": 100}, {"time": 1876, "pitch": 68, "duration": 9, "velocity": 92}, {"time": 1885, "pitch": 56, "duration": 6, "velocity": 88}, {"time": 1888, "pitch": 61, "duration": 4, "velocity": 102}, {"time": 1891, "pitch": 63, "duration": 4, "velocity": 89}, {"time": 1894, "pitch": 64, "duration": 5, "velocity": 93}, {"time": 1900, "pitch": 42, "duration": 19, "velocity": 88}, {"time": 1900, "pitch": 58, "duration": 9, "velocity": 87}, {"time": 1900, "pitch": 61, "duration": 10, "velocity": 89}, {"time": 1900, "pitch": 66, "duration": 9, "velocity": 88}, {"time": 1906, "pitch": 49, "duration": 13, "velocity": 81}, {"time": 1909, "pitch": 54, "duration": 4, "velocity": 94}, {"time": 1912, "pitch": 58, "duration": 8, "velocity": 104}, {"time": 1912, "pitch": 61, "duration": 11, "velocity": 114}, {"time": 1912, "pitch": 66, "duration": 8, "velocity": 100}, {"time": 1918, "pitch": 54, "duration": 6, "velocity": 87}, {"time": 1924, "pitch": 47, "duration": 43, "velocity": 88}, {"time": 1924, "pitch": 59, "duration": 6, "velocity": 87}, {"time": 1924, "pitch": 63, "duration": 9, "velocity": 94}, {"time": 1924, "pitch": 66, "duration": 10, "velocity": 89}, {"time": 1930, "pitch": 54, "duration": 15, "velocity": 75}, {"time": 1933, "pitch": 59, "duration": 3, "velocity": 92}, {"time": 1936, "pitch": 61, "duration": 4, "velocity": 107}, {"time": 1939, "pitch": 59, "duration": 5, "velocity": 94}, {"time": 1942, "pitch": 61, "duration": 2, "velocity": 90}, {"time": 1945, "pitch": 63, "duration": 6, "velocity": 113}, {"time": 1945, "pitch": 66, "duration": 5, "velocity": 110}, {"time": 1948, "pitch": 54, "duration": 8, "velocity": 87}, {"time": 1951, "pitch": 61, "duration": 4, "velocity": 102}, {"time": 1957, "pitch": 63, "duration": 6, "velocity": 110}, {"time": 1957, "pitch": 66, "duration": 5, "velocity": 102}, {"time": 1960, "pitch": 54, "duration": 5, "velocity": 113}, {"time": 1963, "pitch": 61, "duration": 4, "velocity": 90}, {"time": 1966, "pitch": 63, "duration": 2, "velocity": 104}, {"time": 1972, "pitch": 47, "duration": 48, "velocity": 88}, {"time": 1972, "pitch": 59, "duration": 9, "velocity": 96}, {"time": 1972, "pitch": 63, "duration": 10, "velocity": 110}, {"time": 1972, "pitch": 66, "duration": 9, "velocity": 107}, {"time": 1981, "pitch": 54, "duration": 7, "velocity": 66}, {"time": 1984, "pitch": 59, "duration": 9, "velocity": 93}, {"time": 1984, "pitch": 63, "duration": 10, "velocity": 107}, {"time": 1984, "pitch": 66, "duration": 9, "velocity": 102}, {"time": 1993, "pitch": 54, "duration": 8, "velocity": 65}, {"time": 1996, "pitch": 59, "duration": 9, "velocity": 89}, {"time": 1996, "pitch": 63, "duration": 9, "velocity": 94}, {"time": 1996, "pitch": 66, "duration": 8, "velocity": 93}, {"time": 2005, "pitch": 54, "duration": 6, "velocity": 73}, {"time": 2008, "pitch": 59, "duration": 8, "velocity": 100}, {"time": 2008, "pitch": 63, "duration": 6, "velocity": 108}, {"time": 2008, "pitch": 66, "duration": 10, "velocity": 108}, {"time": 2020, "pitch": 44, "duration": 43, "velocity": 84}, {"time": 2020, "pitch": 59, "duration": 10, "velocity": 89}, {"time": 2020, "pitch": 63, "duration": 5, "velocity": 98}, {"time": 2020, "pitch": 66, "duration": 8, "velocity": 91}, {"time": 2026, "pitch": 51, "duration": 36, "velocity": 67}, {"time": 2032, "pitch": 58, "duration": 8, "velocity": 92}, {"time": 2032, "pitch": 63, "duration": 8, "velocity": 89}, {"time": 2032, "pitch": 66, "duration": 7, "velocity": 89}, {"time": 2038, "pitch": 56, "duration": 14, "velocity": 76}, {"time": 2041, "pitch": 59, "duration": 1, "velocity": 91}, {"time": 2041, "pitch": 63, "duration": 2, "velocity": 91}, {"time": 2041, "pitch": 66, "duration": 2, "velocity": 90}, {"time": 2047, "pitch": 58, "duration": 6, "velocity": 88}, {"time": 2047, "pitch": 63, "duration": 8, "velocity": 91}, {"time": 2047, "pitch": 66, "duration": 8, "velocity": 88}, {"time": 2053, "pitch": 59, "duration": 2, "velocity": 82}, {"time": 2056, "pitch": 59, "duration": 3, "velocity": 93}, {"time": 2056, "pitch": 63, "duration": 3, "velocity": 88}, {"time": 2056, "pitch": 66, "duration": 3, "velocity": 88}, {"time": 2059, "pitch": 56, "duration": 3, "velocity": 89}, {"time": 2062, "pitch": 59, "duration": 5, "velocity": 88}, {"time": 2062, "pitch": 63, "duration": 5, "velocity": 86}, {"time": 2062, "pitch": 66, "duration": 3, "velocity": 84}, {"time": 2068, "pitch": 40, "duration": 44, "velocity": 91}, {"time": 2068, "pitch": 56, "duration": 10, "velocity": 88}, {"time": 2068, "pitch": 59, "duration": 10, "velocity": 92}, {"time": 2068, "pitch": 64, "duration": 9, "velocity": 92}, {"time": 2077, "pitch": 52, "duration": 7, "velocity": 78}, {"time": 2080, "pitch": 56, "duration": 10, "velocity": 94}, {"time": 2080, "pitch": 59, "duration": 10, "velocity": 102}, {"time": 2080, "pitch": 64, "duration": 10, "velocity": 90}, {"time": 2089, "pitch": 52, "duration": 6, "velocity": 64}, {"time": 2092, "pitch": 56, "duration": 10, "velocity": 87}, {"time": 2092, "pitch": 59, "duration": 10, "velocity": 91}, {"time": 2092, "pitch": 64, "duration": 9, "velocity": 91}, {"time": 2101, "pitch": 52, "duration": 4, "velocity": 84}, {"time": 2104, "pitch": 56, "duration": 6, "velocity": 108}, {"time": 2104, "pitch": 64, "duration": 3, "velocity": 88}, {"time": 2107, "pitch": 52, "duration": 8, "velocity": 88}, {"time": 2110, "pitch": 59, "duration": 5, "velocity": 88}, {"time": 2116, "pitch": 42, "duration": 42, "velocity": 87}, {"time": 2116, "pitch": 58, "duration": 7, "velocity": 87}, {"time": 2116, "pitch": 61, "duration": 7, "velocity": 98}, {"time": 2116, "pitch": 66, "duration": 7, "velocity": 89}, {"time": 2119, "pitch": 49, "duration": 38, "velocity": 83}, {"time": 2122, "pitch": 54, "duration": 7, "velocity": 92}, {"time": 2125, "pitch": 59, "duration": 2, "velocity": 94}, {"time": 2128, "pitch": 61, "duration": 6, "velocity": 116}, {"time": 2131, "pitch": 54, "duration": 18, "velocity": 93}, {"time": 2134, "pitch": 59, "duration": 2, "velocity": 86}, {"time": 2137, "pitch": 58, "duration": 11, "velocity": 107}, {"time": 2137, "pitch": 66, "duration": 11, "velocity": 102}, {"time": 2143, "pitch": 61, "duration": 6, "velocity": 85}, {"time": 2149, "pitch": 59, "duration": 5, "velocity": 87}, {"time": 2152, "pitch": 54, "duration": 4, "velocity": 110}, {"time": 2155, "pitch": 58, "duration": 4, "velocity": 88}, {"time": 2158, "pitch": 59, "duration": 3, "velocity": 88}, {"time": 2161, "pitch": 59, "duration": 1, "velocity": 71}, {"time": 2161, "pitch": 66, "duration": 2, "velocity": 87}, {"time": 2164, "pitch": 39, "duration": 21, "velocity": 96}, {"time": 2164, "pitch": 58, "duration": 9, "velocity": 98}, {"time": 2164, "pitch": 63, "duration": 8, "velocity": 110}, {"time": 2164, "pitch": 66, "duration": 9, "velocity": 91}, {"time": 2173, "pitch": 51, "duration": 7, "velocity": 87}, {"time": 2176, "pitch": 58, "duration": 10, "velocity": 98}, {"time": 2176, "pitch": 63, "duration": 10, "velocity": 113}, {"time": 2176, "pitch": 66, "duration": 10, "velocity": 100}, {"time": 2188, "pitch": 44, "duration": 18, "velocity": 92}, {"time": 2188, "pitch": 56, "duration": 9, "velocity": 93}, {"time": 2188, "pitch": 60, "duration": 10, "velocity": 100}, {"time": 2188, "pitch": 63, "duration": 9, "velocity": 100}, {"time": 2197, "pitch": 51, "duration": 9, "velocity": 92}, {"time": 2200, "pitch": 56, "duration": 6, "velocity": 108}, {"time": 2203, "pitch": 60, "duration": 7, "velocity": 109}, {"time": 2206, "pitch": 63, "duration": 5, "velocity": 108}, {"time": 2212, "pitch": 37, "duration": 41, "velocity": 96}, {"time": 2212, "pitch": 56, "duration": 4, "velocity": 96}, {"time": 2212, "pitch": 61, "duration": 7, "velocity": 100}, {"time": 2212, "pitch": 64, "duration": 9, "velocity": 94}, {"time": 2221, "pitch": 49, "duration": 8, "velocity": 84}, {"time": 2224, "pitch": 61, "duration": 10, "velocity": 88}, {"time": 2224, "pitch": 64, "duration": 3, "velocity": 93}, {"time": 2224, "pitch": 68, "duration": 9, "velocity": 89}, {"time": 2230, "pitch": 64, "duration": 2, "velocity": 32}, {"time": 2233, "pitch": 49, "duration": 8, "velocity": 85}, {"time": 2236, "pitch": 61, "duration": 9, "velocity": 90}, {"time": 2236, "pitch": 64, "duration": 9, "velocity": 94}, {"time": 2236, "pitch": 68, "duration": 10, "velocity": 94}, {"time": 2245, "pitch": 49, "duration": 9, "velocity": 96}, {"time": 2248, "pitch": 61, "duration": 4, "velocity": 114}, {"time": 2251, "pitch": 64, "duration": 4, "velocity": 90}, {"time": 2254, "pitch": 68, "duration": 5, "velocity": 98}, {"time": 2260, "pitch": 40, "duration": 44, "velocity": 89}, {"time": 2260, "pitch": 59, "duration": 11, "velocity": 88}, {"time": 2260, "pitch": 64, "duration": 5, "velocity": 104}, {"time": 2260, "pitch": 68, "duration": 5, "velocity": 86}, {"time": 2269, "pitch": 52, "duration": 7, "velocity": 71}, {"time": 2272, "pitch": 56, "duration": 9, "velocity": 98}, {"time": 2272, "pitch": 59, "duration": 10, "velocity": 107}, {"time": 2272, "pitch": 64, "duration": 8, "velocity": 92}, {"time": 2281, "pitch": 52, "duration": 6, "velocity": 77}, {"time": 2284, "pitch": 56, "duration": 9, "velocity": 91}, {"time": 2284, "pitch": 59, "duration": 9, "velocity": 92}, {"time": 2284, "pitch": 64, "duration": 8, "velocity": 91}, {"time": 2293, "pitch": 52, "duration": 14, "velocity": 90}, {"time": 2296, "pitch": 56, "duration": 4, "velocity": 102}, {"time": 2299, "pitch": 59, "duration": 8, "velocity": 87}, {"time": 2302, "pitch": 64, "duration": 3, "velocity": 91}, {"time": 2308, "pitch": 42, "duration": 22, "velocity": 88}, {"time": 2308, "pitch": 58, "duration": 9, "velocity": 88}, {"time": 2308, "pitch": 61, "duration": 12, "velocity": 100}, {"time": 2308, "pitch": 66, "duration": 12, "velocity": 91}, {"time": 2314, "pitch": 49, "duration": 17, "velocity": 77}, {"time": 2317, "pitch": 54, "duration": 4, "velocity": 93}, {"time": 2320, "pitch": 59, "duration": 5, "velocity": 114}, {"time": 2323, "pitch": 54, "duration": 6, "velocity": 87}, {"time": 2326, "pitch": 61, "duration": 4, "velocity": 92}, {"time": 2329, "pitch": 59, "duration": 11, "velocity": 108}, {"time": 2332, "pitch": 42, "duration": 19, "velocity": 92}, {"time": 2335, "pitch": 49, "duration": 17, "velocity": 84}, {"time": 2338, "pitch": 54, "duration": 17, "velocity": 102}, {"time": 2341, "pitch": 58, "duration": 7, "velocity": 107}, {"time": 2344, "pitch": 59, "duration": 4, "velocity": 102}, {"time": 2347, "pitch": 61, "duration": 8, "velocity": 87}, {"time": 2350, "pitch": 66, "duration": 4, "velocity": 93}, {"time": 2356, "pitch": 47, "duration": 20, "velocity": 90}, {"time": 2356, "pitch": 59, "duration": 5, "velocity": 102}, {"time": 2356, "pitch": 63, "duration": 6, "velocity": 91}, {"time": 2362, "pitch": 54, "duration": 9, "velocity": 79}, {"time": 2365, "pitch": 59, "duration": 8, "velocity": 89}, {"time": 2368, "pitch": 63, "duration": 6, "velocity": 93}, {"time": 2368, "pitch": 66, "duration": 11, "velocity": 108}, {"time": 2368, "pitch": 71, "duration": 10, "velocity": 91}, {"time": 2374, "pitch": 54, "duration": 2, "velocity": 86}, {"time": 2380, "pitch": 42, "duration": 19, "velocity": 87}, {"time": 2380, "pitch": 61, "duration": 10, "velocity": 90}, {"time": 2380, "pitch": 66, "duration": 1, "velocity": 86}, {"time": 2380, "pitch": 70, "duration": 5, "velocity": 104}, {"time": 2386, "pitch": 49, "duration": 18, "velocity": 83}, {"time": 2389, "pitch": 54, "duration": 5, "velocity": 92}, {"time": 2392, "pitch": 58, "duration": 7, "velocity": 113}, {"time": 2392, "pitch": 66, "duration": 8, "velocity": 108}, {"time": 2398, "pitch": 54, "duration": 5, "velocity": 83}, {"time": 2398, "pitch": 61, "duration": 4, "velocity": 54}, {"time": 2404, "pitch": 44, "duration": 48, "velocity": 88}, {"time": 2404, "pitch": 59, "duration": 2, "velocity": 94}, {"time": 2404, "pitch": 63, "duration": 4, "velocity": 108}, {"time": 2404, "pitch": 68, "duration": 5, "velocity": 92}, {"time": 2410, "pitch": 51, "duration": 36, "velocity": 83}, {"time": 2413, "pitch": 63, "duration": 1, "velocity": 81}, {"time": 2413, "pitch": 71, "duration": 1, "velocity": 80}, {"time": 2416, "pitch": 63, "duration": 4, "velocity": 110}, {"time": 2416, "pitch": 71, "duration": 5, "velocity": 110}, {"time": 2419, "pitch": 56, "duration": 13, "velocity": 85}, {"time": 2422, "pitch": 63, "duration": 1, "velocity": 88}, {"time": 2422, "pitch": 70, "duration": 2, "velocity": 100}, {"time": 2425, "pitch": 63, "duration": 4, "velocity": 107}, {"time": 2425, "pitch": 71, "duration": 5, "velocity": 108}, {"time": 2431, "pitch": 63, "duration": 7, "velocity": 91}, {"time": 2431, "pitch": 70, "duration": 7, "velocity": 96}, {"time": 2437, "pitch": 56, "duration": 6, "velocity": 93}, {"time": 2440, "pitch": 63, "duration": 11, "velocity": 102}, {"time": 2440, "pitch": 66, "duration": 11, "velocity": 117}, {"time": 2452, "pitch": 40, "duration": 18, "velocity": 92}, {"time": 2452, "pitch": 59, "duration": 8, "velocity": 100}, {"time": 2452, "pitch": 64, "duration": 10, "velocity": 110}, {"time": 2452, "pitch": 68, "duration": 9, "velocity": 104}, {"time": 2461, "pitch": 47, "duration": 14, "velocity": 84}, {"time": 2464, "pitch": 59, "duration": 6, "velocity": 108}, {"time": 2464, "pitch": 64, "duration": 7, "velocity": 110}, {"time": 2464, "pitch": 68, "duration": 7, "velocity": 104}, {"time": 2470, "pitch": 52, "duration": 5, "velocity": 82}, {"time": 2476, "pitch": 42, "duration": 21, "velocity": 87}, {"time": 2476, "pitch": 58, "duration": 10, "velocity": 94}, {"time": 2476, "pitch": 61, "duration": 11, "velocity": 108}, {"time": 2476, "pitch": 66, "duration": 10, "velocity": 91}, {"time": 2482, "pitch": 49, "duration": 18, "velocity": 82}, {"time": 2488, "pitch": 58, "duration": 6, "velocity": 98}, {"time": 2488, "pitch": 61, "duration": 11, "velocity": 108}, {"time": 2488, "pitch": 66, "duration": 7, "velocity": 89}, {"time": 2494, "pitch": 54, "duration": 5, "velocity": 82}, {"time": 2500, "pitch": 42, "duration": 21, "velocity": 92}, {"time": 2500, "pitch": 58, "duration": 8, "velocity": 96}, {"time": 2500, "pitch": 61, "duration": 4, "velocity": 98}, {"time": 2500, "pitch": 66, "duration": 7, "velocity": 88}, {"time": 2503, "pitch": 49, "duration": 21, "velocity": 80}, {"time": 2506, "pitch": 54, "duration": 6, "velocity": 98}, {"time": 2509, "pitch": 59, "duration": 2, "velocity": 107}, {"time": 2512, "pitch": 61, "duration": 5, "velocity": 117}, {"time": 2515, "pitch": 54, "duration": 6, "velocity": 102}, {"time": 2518, "pitch": 59, "duration": 2, "velocity": 102}, {"time": 2521, "pitch": 58, "duration": 9, "velocity": 107}, {"time": 2521, "pitch": 61, "duration": 10, "velocity": 113}, {"time": 2521, "pitch": 66, "duration": 9, "velocity": 96}, {"time": 2524, "pitch": 42, "duration": 19, "velocity": 89}, {"time": 2527, "pitch": 49, "duration": 20, "velocity": 84}, {"time": 2530, "pitch": 54, "duration": 6, "velocity": 100}, {"time": 2533, "pitch": 58, "duration": 6, "velocity": 108}, {"time": 2536, "pitch": 59, "duration": 4, "velocity": 114}, {"time": 2539, "pitch": 54, "duration": 6, "velocity": 116}, {"time": 2542, "pitch": 61, "duration": 3, "velocity": 107}, {"time": 2545, "pitch": 66, "duration": 3, "velocity": 94}, {"time": 2548, "pitch": 44, "duration": 18, "velocity": 90}, {"time": 2548, "pitch": 59, "duration": 10, "velocity": 110}, {"time": 2548, "pitch": 63, "duration": 7, "velocity": 107}, {"time": 2554, "pitch": 51, "duration": 8, "velocity": 80}, {"time": 2557, "pitch": 56, "duration": 9, "velocity": 89}, {"time": 2560, "pitch": 59, "duration": 7, "velocity": 107}, {"time": 2566, "pitch": 63, "duration": 5, "velocity": 107}, {"time": 2572, "pitch": 43, "duration": 15, "velocity": 86}, {"time": 2572, "pitch": 61, "duration": 10, "velocity": 107}, {"time": 2572, "pitch": 67, "duration": 9, "velocity": 113}, {"time": 2581, "pitch": 55, "duration": 5, "velocity": 86}, {"time": 2584, "pitch": 61, "duration": 11, "velocity": 107}, {"time": 2584, "pitch": 67, "duration": 6, "velocity": 119}, {"time": 2590, "pitch": 43, "duration": 2, "velocity": 81}, {"time": 2596, "pitch": 40, "duration": 19, "velocity": 89}, {"time": 2596, "pitch": 59, "duration": 10, "velocity": 98}, {"time": 2596, "pitch": 64, "duration": 9, "velocity": 108}, {"time": 2602, "pitch": 47, "duration": 14, "velocity": 72}, {"time": 2605, "pitch": 52, "duration": 12, "velocity": 85}, {"time": 2608, "pitch": 56, "duration": 5, "velocity": 100}, {"time": 2611, "pitch": 59, "duration": 5, "velocity": 88}, {"time": 2614, "pitch": 64, "duration": 5, "velocity": 89}, {"time": 2617, "pitch": 59, "duration": 1, "velocity": 38}, {"time": 2620, "pitch": 47, "duration": 20, "velocity": 87}, {"time": 2620, "pitch": 59, "duration": 4, "velocity": 90}, {"time": 2620, "pitch": 63, "duration": 6, "velocity": 88}, {"time": 2623, "pitch": 54, "duration": 16, "velocity": 72}, {"time": 2626, "pitch": 59, "duration": 7, "velocity": 89}, {"time": 2632, "pitch": 61, "duration": 6, "velocity": 102}, {"time": 2632, "pitch": 66, "duration": 6, "velocity": 108}, {"time": 2635, "pitch": 59, "duration": 3, "velocity": 88}, {"time": 2638, "pitch": 63, "duration": 5, "velocity": 94}, {"time": 2644, "pitch": 49, "duration": 16, "velocity": 87}, {"time": 2644, "pitch": 61, "duration": 9, "velocity": 89}, {"time": 2644, "pitch": 64, "duration": 10, "velocity": 102}, {"time": 2644, "pitch": 68, "duration": 8, "velocity": 91}, {"time": 2653, "pitch": 56, "duration": 6, "velocity": 83}, {"time": 2656, "pitch": 61, "duration": 9, "velocity": 102}, {"time": 2656, "pitch": 68, "duration": 9, "velocity": 104}, {"time": 2662, "pitch": 49, "duration": 12, "velocity": 78}, {"time": 2668, "pitch": 61, "duration": 11, "velocity": 90}, {"time": 2668, "pitch": 68, "duration": 11, "velocity": 89}, {"time": 2677, "pitch": 49, "duration": 15, "velocity": 88}, {"time": 2680, "pitch": 63, "duration": 5, "velocity": 108}, {"time": 2686, "pitch": 64, "duration": 5, "velocity": 110}, {"time": 2692, "pitch": 42, "duration": 43, "velocity": 87}, {"time": 2692, "pitch": 58, "duration": 10, "velocity": 91}, {"time": 2692, "pitch": 61, "duration": 11, "velocity": 96}, {"time": 2692, "pitch": 66, "duration": 10, "velocity": 90}, {"time": 2698, "pitch": 49, "duration": 43, "velocity": 79}, {"time": 2701, "pitch": 54, "duration": 6, "velocity": 79}, {"time": 2704, "pitch": 59, "duration": 12, "velocity": 93}, {"time": 2704, "pitch": 66, "duration": 4, "velocity": 36}, {"time": 2710, "pitch": 54, "duration": 10, "velocity": 82}, {"time": 2716, "pitch": 58, "duration": 9, "velocity": 91}, {"time": 2716, "pitch": 61, "duration": 9, "velocity": 104}, {"time": 2716, "pitch": 66, "duration": 9, "velocity": 93}, {"time": 2725, "pitch": 54, "duration": 4, "velocity": 81}, {"time": 2728, "pitch": 58, "duration": 7, "velocity": 104}, {"time": 2728, "pitch": 61, "duration": 11, "velocity": 114}, {"time": 2728, "pitch": 66, "duration": 7, "velocity": 104}, {"time": 2734, "pitch": 54, "duration": 5, "velocity": 83}, {"time": 2740, "pitch": 47, "duration": 14, "velocity": 88}, {"time": 2740, "pitch": 59, "duration": 4, "velocity": 92}, {"time": 2740, "pitch": 63, "duration": 9, "velocity": 110}, {"time": 2740, "pitch": 66, "duration": 8, "velocity": 108}, {"time": 2746, "pitch": 54, "duration": 10, "velocity": 67}, {"time": 2749, "pitch": 59, "duration": 5, "velocity": 87}, {"time": 2752, "pitch": 63, "duration": 7, "velocity": 113}, {"time": 2752, "pitch": 66, "duration": 11, "velocity": 114}, {"time": 2758, "pitch": 47, "duration": 7, "velocity": 88}, {"time": 2764, "pitch": 42, "duration": 18, "velocity": 86}, {"time": 2764, "pitch": 58, "duration": 8, "velocity": 96}, {"time": 2764, "pitch": 61, "duration": 9, "velocity": 108}, {"time": 2764, "pitch": 66, "duration": 9, "velocity": 90}, {"time": 2773, "pitch": 49, "duration": 4, "velocity": 77}, {"time": 2776, "pitch": 58, "duration": 6, "velocity": 100}, {"time": 2776, "pitch": 61, "duration": 6, "velocity": 114}, {"time": 2776, "pitch": 66, "duration": 11, "velocity": 94}, {"time": 2782, "pitch": 49, "duration": 6, "velocity": 81}, {"time": 2788, "pitch": 44, "duration": 43, "velocity": 83}, {"time": 2788, "pitch": 56, "duration": 7, "velocity": 87}, {"time": 2788, "pitch": 59, "duration": 11, "velocity": 96}, {"time": 2788, "pitch": 63, "duration": 10, "velocity": 92}, {"time": 2794, "pitch": 51, "duration": 36, "velocity": 68}, {"time": 2797, "pitch": 56, "duration": 12, "velocity": 94}, {"time": 2800, "pitch": 58, "duration": 7, "velocity": 110}, {"time": 2806, "pitch": 59, "duration": 2, "velocity": 82}, {"time": 2809, "pitch": 59, "duration": 6, "velocity": 102}, {"time": 2809, "pitch": 63, "duration": 6, "velocity": 113}, {"time": 2815, "pitch": 56, "duration": 6, "velocity": 72}, {"time": 2818, "pitch": 58, "duration": 3, "velocity": 87}, {"time": 2821, "pitch": 59, "duration": 5, "velocity": 92}, {"time": 2824, "pitch": 56, "duration": 4, "velocity": 110}, {"time": 2827, "pitch": 58, "duration": 2, "velocity": 91}, {"time": 2830, "pitch": 59, "duration": 3, "velocity": 107}, {"time": 2833, "pitch": 63, "duration": 2, "velocity": 89}, {"time": 2836, "pitch": 40, "duration": 42, "velocity": 91}, {"time": 2836, "pitch": 56, "duration": 9, "velocity": 92}, {"time": 2836, "pitch": 59, "duration": 9, "velocity": 88}, {"time": 2836, "pitch": 64, "duration": 9, "velocity": 91}, {"time": 2845, "pitch": 52, "duration": 5, "velocity": 82}, {"time": 2848, "pitch": 56, "duration": 6, "velocity": 98}, {"time": 2848, "pitch": 59, "duration": 10, "velocity": 98}, {"time": 2848, "pitch": 64, "duration": 7, "velocity": 91}, {"time": 2854, "pitch": 52, "duration": 10, "velocity": 81}, {"time": 2860, "pitch": 56, "duration": 9, "velocity": 84}, {"time": 2860, "pitch": 59, "duration": 10, "velocity": 87}, {"time": 2860, "pitch": 64, "duration": 9, "velocity": 87}, {"time": 2869, "pitch": 52, "duration": 4, "velocity": 87}, {"time": 2872, "pitch": 56, "duration": 5, "velocity": 98}, {"time": 2872, "pitch": 59, "duration": 11, "velocity": 98}, {"time": 2872, "pitch": 64, "duration": 7, "velocity": 90}, {"time": 2878, "pitch": 52, "duration": 6, "velocity": 85}, {"time": 2884, "pitch": 42, "duration": 22, "velocity": 87}, {"time": 2884, "pitch": 58, "duration": 10, "velocity": 88}, {"time": 2884, "pitch": 61, "duration": 11, "velocity": 98}, {"time": 2884, "pitch": 66, "duration": 10, "velocity": 93}, {"time": 2890, "pitch": 49, "duration": 18, "velocity": 72}, {"time": 2893, "pitch": 54, "duration": 5, "velocity": 91}, {"time": 2896, "pitch": 59, "duration": 11, "velocity": 114}, {"time": 2902, "pitch": 54, "duration": 4, "velocity": 88}, {"time": 2908, "pitch": 42, "duration": 20, "velocity": 88}, {"time": 2908, "pitch": 58, "duration": 9, "velocity": 96}, {"time": 2908, "pitch": 61, "duration": 10, "velocity": 107}, {"time": 2908, "pitch": 66, "duration": 10, "velocity": 91}, {"time": 2914, "pitch": 49, "duration": 17, "velocity": 67}, {"time": 2917, "pitch": 54, "duration": 4, "velocity": 104}, {"time": 2920, "pitch": 58, "duration": 7, "velocity": 102}, {"time": 2923, "pitch": 54, "duration": 7, "velocity": 100}, {"time": 2926, "pitch": 61, "duration": 5, "velocity": 110}, {"time": 2929, "pitch": 66, "duration": 2, "velocity": 74}, {"time": 2932, "pitch": 44, "duration": 14, "velocity": 86}, {"time": 2932, "pitch": 59, "duration": 9, "velocity": 92}, {"time": 2932, "pitch": 63, "duration": 9, "velocity": 108}, {"time": 2932, "pitch": 68, "duration": 9, "velocity": 96}, {"time": 2938, "pitch": 51, "duration": 9, "velocity": 76}, {"time": 2941, "pitch": 56, "duration": 4, "velocity": 88}, {"time": 2944, "pitch": 59, "duration": 7, "velocity": 102}, {"time": 2944, "pitch": 63, "duration": 11, "velocity": 110}, {"time": 2944, "pitch": 68, "duration": 7, "velocity": 102}, {"time": 2950, "pitch": 44, "duration": 1, "velocity": 88}, {"time": 2956, "pitch": 43, "duration": 15, "velocity": 86}, {"time": 2956, "pitch": 58, "duration": 9, "velocity": 94}, {"time": 2956, "pitch": 63, "duration": 10, "velocity": 102}, {"time": 2956, "pitch": 67, "duration": 9, "velocity": 97}, {"time": 2965, "pitch": 55, "duration": 5, "velocity": 106}, {"time": 2968, "pitch": 58, "duration": 7, "velocity": 98}, {"time": 2968, "pitch": 63, "duration": 11, "velocity": 113}, {"time": 2968, "pitch": 67, "duration": 8, "velocity": 119}, {"time": 2974, "pitch": 43, "duration": 6, "velocity": 79}, {"time": 2980, "pitch": 40, "duration": 20, "velocity": 87}, {"time": 2980, "pitch": 59, "duration": 10, "velocity": 91}, {"time": 2980, "pitch": 64, "duration": 9, "velocity": 107}, {"time": 2986, "pitch": 47, "duration": 13, "velocity": 77}, {"time": 2989, "pitch": 52, "duration": 15, "velocity": 82}, {"time": 2992, "pitch": 56, "duration": 5, "velocity": 102}, {"time": 2992, "pitch": 64, "duration": 2, "velocity": 85}, {"time": 2995, "pitch": 59, "duration": 4, "velocity": 83}, {"time": 2998, "pitch": 64, "duration": 5, "velocity": 88}, {"time": 3001, "pitch": 59, "duration": 1, "velocity": 78}, {"time": 3004, "pitch": 47, "duration": 19, "velocity": 77}, {"time": 3004, "pitch": 59, "duration": 4, "velocity": 94}, {"time": 3004, "pitch": 63, "duration": 5, "velocity": 88}, {"time": 3010, "pitch": 54, "duration": 13, "velocity": 74}, {"time": 3013, "pitch": 59, "duration": 9, "velocity": 92}, {"time": 3016, "pitch": 63, "duration": 5, "velocity": 89}, {"time": 3016, "pitch": 71, "duration": 3, "velocity": 84}, {"time": 3019, "pitch": 66, "duration": 3, "velocity": 88}, {"time": 3022, "pitch": 71, "duration": 6, "velocity": 84}, {"time": 3028, "pitch": 49, "duration": 24, "velocity": 88}, {"time": 3028, "pitch": 61, "duration": 7, "velocity": 88}, {"time": 3028, "pitch": 64, "duration": 9, "velocity": 92}, {"time": 3028, "pitch": 68, "duration": 9, "velocity": 93}, {"time": 3034, "pitch": 56, "duration": 6, "velocity": 58}, {"time": 3040, "pitch": 61, "duration": 8, "velocity": 88}, {"time": 3040, "pitch": 64, "duration": 9, "velocity": 92}, {"time": 3040, "pitch": 68, "duration": 8, "velocity": 88}, {"time": 3052, "pitch": 42, "duration": 19, "velocity": 87}, {"time": 3052, "pitch": 58, "duration": 8, "velocity": 86}, {"time": 3052, "pitch": 61, "duration": 8, "velocity": 90}, {"time": 3052, "pitch": 66, "duration": 6, "velocity": 87}, {"time": 3058, "pitch": 49, "duration": 15, "velocity": 67}, {"time": 3064, "pitch": 58, "duration": 8, "velocity": 91}, {"time": 3064, "pitch": 61, "duration": 10, "velocity": 104}, {"time": 3064, "pitch": 66, "duration": 8, "velocity": 91}, {"time": 3076, "pitch": 47, "duration": 48, "velocity": 79}, {"time": 3076, "pitch": 59, "duration": 5, "velocity": 84}, {"time": 3076, "pitch": 63, "duration": 7, "velocity": 87}, {"time": 3076, "pitch": 66, "duration": 6, "velocity": 85}, {"time": 3082, "pitch": 54, "duration": 7, "velocity": 64}, {"time": 3088, "pitch": 59, "duration": 9, "velocity": 86}, {"time": 3088, "pitch": 63, "duration": 10, "velocity": 88}, {"time": 3088, "pitch": 66, "duration": 9, "velocity": 87}, {"time": 3097, "pitch": 54, "duration": 12, "velocity": 82}, {"time": 3103, "pitch": 61, "duration": 9, "velocity": 88}, {"time": 3109, "pitch": 63, "duration": 5, "velocity": 87}, {"time": 3112, "pitch": 54, "duration": 11, "velocity": 88}, {"time": 3115, "pitch": 59, "duration": 6, "velocity": 90}, {"time": 3118, "pitch": 63, "duration": 4, "velocity": 96}, {"time": 3118, "pitch": 66, "duration": 4, "velocity": 92}, {"time": 3124, "pitch": 47, "duration": 46, "velocity": 90}, {"time": 3124, "pitch": 59, "duration": 10, "velocity": 91}, {"time": 3124, "pitch": 63, "duration": 11, "velocity": 93}, {"time": 3124, "pitch": 70, "duration": 11, "velocity": 91}, {"time": 3136, "pitch": 59, "duration": 10, "velocity": 79}, {"time": 3136, "pitch": 63, "duration": 11, "velocity": 86}, {"time": 3136, "pitch": 70, "duration": 10, "velocity": 84}, {"time": 3148, "pitch": 59, "duration": 11, "velocity": 79}, {"time": 3148, "pitch": 63, "duration": 12, "velocity": 82}, {"time": 3148, "pitch": 66, "duration": 12, "velocity": 84}, {"time": 3160, "pitch": 63, "duration": 7, "velocity": 80}, {"time": 3160, "pitch": 70, "duration": 6, "velocity": 88}, {"time": 3172, "pitch": 40, "duration": 42, "velocity": 82}, {"time": 3172, "pitch": 52, "duration": 29, "velocity": 83}, {"time": 3172, "pitch": 59, "duration": 10, "velocity": 86}, {"time": 3172, "pitch": 63, "duration": 10, "velocity": 88}, {"time": 3172, "pitch": 64, "duration": 8, "velocity": 87}, {"time": 3172, "pitch": 66, "duration": 9, "velocity": 88}, {"time": 3184, "pitch": 59, "duration": 10, "velocity": 80}, {"time": 3184, "pitch": 63, "duration": 11, "velocity": 85}, {"time": 3184, "pitch": 66, "duration": 9, "velocity": 84}, {"time": 3196, "pitch": 59, "duration": 10, "velocity": 76}, {"time": 3196, "pitch": 63, "duration": 11, "velocity": 83}, {"time": 3196, "pitch": 66, "duration": 10, "velocity": 82}, {"time": 3205, "pitch": 52, "duration": 9, "velocity": 83}, {"time": 3208, "pitch": 59, "duration": 6, "velocity": 81}, {"time": 3211, "pitch": 63, "duration": 2, "velocity": 42}, {"time": 3220, "pitch": 37, "duration": 40, "velocity": 76}, {"time": 3220, "pitch": 49, "duration": 16, "velocity": 86}, {"time": 3220, "pitch": 58, "duration": 3, "velocity": 81}, {"time": 3220, "pitch": 59, "duration": 1, "velocity": 76}, {"time": 3220, "pitch": 61, "duration": 5, "velocity": 76}, {"time": 3232, "pitch": 56, "duration": 10, "velocity": 77}, {"time": 3232, "pitch": 59, "duration": 10, "velocity": 82}, {"time": 3232, "pitch": 64, "duration": 8, "velocity": 83}, {"time": 3241, "pitch": 49, "duration": 13, "velocity": 74}, {"time": 3244, "pitch": 64, "duration": 9, "velocity": 88}, {"time": 3250, "pitch": 61, "duration": 7, "velocity": 77}, {"time": 3253, "pitch": 59, "duration": 6, "velocity": 84}, {"time": 3256, "pitch": 49, "duration": 7, "velocity": 85}, {"time": 3259, "pitch": 56, "duration": 5, "velocity": 75}, {"time": 3262, "pitch": 59, "duration": 6, "velocity": 83}, {"time": 3268, "pitch": 42, "duration": 43, "velocity": 77}, {"time": 3268, "pitch": 58, "duration": 6, "velocity": 80}, {"time": 3268, "pitch": 61, "duration": 6, "velocity": 81}, {"time": 3268, "pitch": 66, "duration": 7, "velocity": 83}, {"time": 3274, "pitch": 49, "duration": 37, "velocity": 72}, {"time": 3280, "pitch": 58, "duration": 6, "velocity": 77}, {"time": 3280, "pitch": 61, "duration": 6, "velocity": 76}, {"time": 3280, "pitch": 66, "duration": 6, "velocity": 76}, {"time": 3286, "pitch": 54, "duration": 8, "velocity": 67}, {"time": 3292, "pitch": 58, "duration": 10, "velocity": 81}, {"time": 3292, "pitch": 66, "duration": 5, "velocity": 68}, {"time": 3298, "pitch": 54, "duration": 8, "velocity": 81}, {"time": 3304, "pitch": 58, "duration": 4, "velocity": 76}, {"time": 3304, "pitch": 61, "duration": 8, "velocity": 113}, {"time": 3310, "pitch": 54, "duration": 6, "velocity": 77}, {"time": 3316, "pitch": 47, "duration": 32, "velocity": 74}, {"time": 3316, "pitch": 59, "duration": 5, "velocity": 78}, {"time": 3316, "pitch": 63, "duration": 7, "velocity": 88}, {"time": 3325, "pitch": 54, "duration": 24, "velocity": 70}, {"time": 3328, "pitch": 59, "duration": 19, "velocity": 77}, {"time": 3331, "pitch": 66, "duration": 16, "velocity": 80}, {"time": 3340, "pitch": 75, "duration": 9, "velocity": 36}]}]}