{"metadata": {"schema_version": "0.2", "title": "None", "source_filename": "326.mid", "source_format": "midi"}, "resolution": 12, "tempos": [{"time": 0, "qpm": 58.00004253336452}], "key_signatures": [{"time": 0, "root": 0, "mode": "major"}], "time_signatures": [{"time": 0, "numerator": 4, "denominator": 4}], "tracks": [{"program": 0, "is_drum": false, "name": "MELODY", "notes": [{"time": 253, "pitch": 67, "duration": 6, "velocity": 119}, {"time": 259, "pitch": 72, "duration": 3, "velocity": 113}, {"time": 262, "pitch": 69, "duration": 3, "velocity": 114}, {"time": 265, "pitch": 67, "duration": 6, "velocity": 117}, {"time": 271, "pitch": 67, "duration": 6, "velocity": 117}, {"time": 277, "pitch": 64, "duration": 3, "velocity": 113}, {"time": 280, "pitch": 67, "duration": 3, "velocity": 108}, {"time": 283, "pitch": 69, "duration": 3, "velocity": 114}, {"time": 286, "pitch": 72, "duration": 3, "velocity": 100}, {"time": 289, "pitch": 67, "duration": 6, "velocity": 119}, {"time": 295, "pitch": 67, "duration": 6, "velocity": 117}, {"time": 301, "pitch": 69, "duration": 6, "velocity": 117}, {"time": 307, "pitch": 67, "duration": 3, "velocity": 94}, {"time": 310, "pitch": 64, "duration": 3, "velocity": 100}, {"time": 313, "pitch": 62, "duration": 6, "velocity": 114}, {"time": 319, "pitch": 62, "duration": 6, "velocity": 113}, {"time": 325, "pitch": 64, "duration": 6, "velocity": 114}, {"time": 331, "pitch": 67, "duration": 3, "velocity": 108}, {"time": 334, "pitch": 64, "duration": 3, "velocity": 110}, {"time": 337, "pitch": 62, "duration": 6, "velocity": 113}, {"time": 343, "pitch": 60, "duration": 6, "velocity": 116}, {"time": 348, "pitch": 69, "duration": 6, "velocity": 116}, {"time": 354, "pitch": 67, "duration": 6, "velocity": 119}, {"time": 360, "pitch": 69, "duration": 6, "velocity": 119}, {"time": 366, "pitch": 67, "duration": 6, "velocity": 116}, {"time": 372, "pitch": 64, "duration": 6, "velocity": 114}, {"time": 378, "pitch": 69, "duration": 6, "velocity": 116}, {"time": 384, "pitch": 67, "duration": 12, "velocity": 119}, {"time": 396, "pitch": 67, "duration": 3, "velocity": 116}, {"time": 399, "pitch": 67, "duration": 3, "velocity": 110}, {"time": 402, "pitch": 64, "duration": 3, "velocity": 114}, {"time": 405, "pitch": 62, "duration": 3, "velocity": 108}, {"time": 408, "pitch": 60, "duration": 12, "velocity": 104}, {"time": 420, "pitch": 60, "duration": 3, "velocity": 108}, {"time": 423, "pitch": 60, "duration": 3, "velocity": 102}, {"time": 426, "pitch": 62, "duration": 3, "velocity": 107}, {"time": 429, "pitch": 64, "duration": 3, "velocity": 113}, {"time": 432, "pitch": 60, "duration": 13, "velocity": 113}, {"time": 539, "pitch": 67, "duration": 6, "velocity": 119}, {"time": 545, "pitch": 72, "duration": 3, "velocity": 113}, {"time": 548, "pitch": 69, "duration": 3, "velocity": 114}, {"time": 551, "pitch": 67, "duration": 6, "velocity": 117}, {"time": 557, "pitch": 67, "duration": 6, "velocity": 117}, {"time": 563, "pitch": 64, "duration": 3, "velocity": 113}, {"time": 566, "pitch": 67, "duration": 3, "velocity": 108}, {"time": 569, "pitch": 69, "duration": 3, "velocity": 114}, {"time": 572, "pitch": 72, "duration": 3, "velocity": 100}, {"time": 575, "pitch": 67, "duration": 6, "velocity": 119}, {"time": 581, "pitch": 67, "duration": 6, "velocity": 117}, {"time": 587, "pitch": 69, "duration": 6, "velocity": 117}, {"time": 593, "pitch": 67, "duration": 3, "velocity": 94}, {"time": 596, "pitch": 64, "duration": 3, "velocity": 100}, {"time": 599, "pitch": 62, "duration": 6, "velocity": 114}, {"time": 605, "pitch": 62, "duration": 6, "velocity": 113}, {"time": 611, "pitch": 64, "duration": 6, "velocity": 114}, {"time": 617, "pitch": 67, "duration": 3, "velocity": 108}, {"time": 620, "pitch": 64, "duration": 3, "velocity": 110}, {"time": 623, "pitch": 62, "duration": 6, "velocity": 113}, {"time": 629, "pitch": 60, "duration": 6, "velocity": 116}, {"time": 635, "pitch": 69, "duration": 6, "velocity": 116}, {"time": 641, "pitch": 67, "duration": 6, "velocity": 119}, {"time": 647, "pitch": 69, "duration": 6, "velocity": 119}, {"time": 653, "pitch": 67, "duration": 6, "velocity": 116}, {"time": 659, "pitch": 64, "duration": 6, "velocity": 114}, {"time": 665, "pitch": 69, "duration": 6, "velocity": 116}, {"time": 671, "pitch": 67, "duration": 12, "velocity": 119}, {"time": 683, "pitch": 67, "duration": 3, "velocity": 116}, {"time": 686, "pitch": 67, "duration": 3, "velocity": 110}, {"time": 689, "pitch": 64, "duration": 3, "velocity": 114}, {"time": 692, "pitch": 62, "duration": 3, "velocity": 108}, {"time": 695, "pitch": 60, "duration": 12, "velocity": 104}, {"time": 707, "pitch": 60, "duration": 3, "velocity": 108}, {"time": 710, "pitch": 60, "duration": 3, "velocity": 102}, {"time": 713, "pitch": 62, "duration": 3, "velocity": 107}, {"time": 716, "pitch": 64, "duration": 3, "velocity": 113}, {"time": 719, "pitch": 60, "duration": 14, "velocity": 113}, {"time": 827, "pitch": 67, "duration": 6, "velocity": 119}, {"time": 833, "pitch": 72, "duration": 3, "velocity": 113}, {"time": 836, "pitch": 69, "duration": 3, "velocity": 114}, {"time": 839, "pitch": 67, "duration": 6, "velocity": 117}, {"time": 845, "pitch": 67, "duration": 6, "velocity": 117}, {"time": 851, "pitch": 64, "duration": 3, "velocity": 113}, {"time": 854, "pitch": 67, "duration": 3, "velocity": 108}, {"time": 857, "pitch": 69, "duration": 3, "velocity": 114}, {"time": 860, "pitch": 72, "duration": 3, "velocity": 100}, {"time": 863, "pitch": 67, "duration": 6, "velocity": 119}, {"time": 869, "pitch": 67, "duration": 6, "velocity": 117}, {"time": 875, "pitch": 69, "duration": 6, "velocity": 117}, {"time": 881, "pitch": 67, "duration": 3, "velocity": 94}, {"time": 884, "pitch": 64, "duration": 3, "velocity": 100}, {"time": 887, "pitch": 62, "duration": 6, "velocity": 114}, {"time": 893, "pitch": 62, "duration": 6, "velocity": 113}, {"time": 899, "pitch": 64, "duration": 6, "velocity": 114}, {"time": 905, "pitch": 67, "duration": 3, "velocity": 108}, {"time": 908, "pitch": 64, "duration": 3, "velocity": 110}, {"time": 911, "pitch": 62, "duration": 6, "velocity": 113}, {"time": 917, "pitch": 60, "duration": 5, "velocity": 116}, {"time": 924, "pitch": 69, "duration": 6, "velocity": 116}, {"time": 930, "pitch": 67, "duration": 6, "velocity": 119}, {"time": 936, "pitch": 69, "duration": 6, "velocity": 119}, {"time": 942, "pitch": 67, "duration": 6, "velocity": 116}, {"time": 948, "pitch": 64, "duration": 6, "velocity": 114}, {"time": 954, "pitch": 69, "duration": 6, "velocity": 116}, {"time": 960, "pitch": 67, "duration": 12, "velocity": 119}, {"time": 972, "pitch": 67, "duration": 3, "velocity": 116}, {"time": 975, "pitch": 67, "duration": 3, "velocity": 110}, {"time": 978, "pitch": 64, "duration": 3, "velocity": 114}, {"time": 981, "pitch": 62, "duration": 3, "velocity": 108}, {"time": 984, "pitch": 60, "duration": 12, "velocity": 104}, {"time": 996, "pitch": 60, "duration": 3, "velocity": 108}, {"time": 999, "pitch": 60, "duration": 3, "velocity": 102}, {"time": 1002, "pitch": 62, "duration": 3, "velocity": 107}, {"time": 1005, "pitch": 64, "duration": 3, "velocity": 113}, {"time": 1008, "pitch": 60, "duration": 13, "velocity": 113}, {"time": 1117, "pitch": 67, "duration": 6, "velocity": 119}, {"time": 1123, "pitch": 72, "duration": 3, "velocity": 113}, {"time": 1126, "pitch": 69, "duration": 3, "velocity": 114}, {"time": 1129, "pitch": 67, "duration": 6, "velocity": 117}, {"time": 1135, "pitch": 67, "duration": 6, "velocity": 117}, {"time": 1141, "pitch": 64, "duration": 3, "velocity": 113}, {"time": 1144, "pitch": 67, "duration": 3, "velocity": 108}, {"time": 1147, "pitch": 69, "duration": 3, "velocity": 114}, {"time": 1150, "pitch": 72, "duration": 3, "velocity": 100}, {"time": 1153, "pitch": 67, "duration": 6, "velocity": 119}, {"time": 1159, "pitch": 67, "duration": 6, "velocity": 117}, {"time": 1165, "pitch": 69, "duration": 6, "velocity": 117}, {"time": 1171, "pitch": 67, "duration": 3, "velocity": 94}, {"time": 1174, "pitch": 64, "duration": 3, "velocity": 100}, {"time": 1177, "pitch": 62, "duration": 6, "velocity": 114}, {"time": 1183, "pitch": 62, "duration": 6, "velocity": 113}, {"time": 1189, "pitch": 64, "duration": 6, "velocity": 114}, {"time": 1195, "pitch": 67, "duration": 3, "velocity": 108}, {"time": 1198, "pitch": 64, "duration": 3, "velocity": 110}, {"time": 1201, "pitch": 62, "duration": 6, "velocity": 113}, {"time": 1207, "pitch": 60, "duration": 6, "velocity": 116}, {"time": 1213, "pitch": 69, "duration": 6, "velocity": 116}, {"time": 1219, "pitch": 67, "duration": 6, "velocity": 119}, {"time": 1225, "pitch": 69, "duration": 6, "velocity": 119}, {"time": 1231, "pitch": 67, "duration": 6, "velocity": 116}, {"time": 1237, "pitch": 64, "duration": 6, "velocity": 114}, {"time": 1243, "pitch": 69, "duration": 6, "velocity": 116}, {"time": 1249, "pitch": 67, "duration": 12, "velocity": 119}, {"time": 1261, "pitch": 67, "duration": 3, "velocity": 116}, {"time": 1264, "pitch": 67, "duration": 3, "velocity": 110}, {"time": 1267, "pitch": 64, "duration": 3, "velocity": 114}, {"time": 1270, "pitch": 62, "duration": 3, "velocity": 108}, {"time": 1273, "pitch": 60, "duration": 12, "velocity": 104}, {"time": 1286, "pitch": 60, "duration": 3, "velocity": 108}, {"time": 1289, "pitch": 60, "duration": 3, "velocity": 102}, {"time": 1292, "pitch": 62, "duration": 3, "velocity": 107}, {"time": 1295, "pitch": 64, "duration": 3, "velocity": 113}, {"time": 1298, "pitch": 60, "duration": 11, "velocity": 113}]}, {"program": 0, "is_drum": false, "name": "BRIDGE", "notes": [{"time": 13, "pitch": 67, "duration": 12, "velocity": 116}, {"time": 25, "pitch": 72, "duration": 7, "velocity": 114}, {"time": 31, "pitch": 69, "duration": 6, "velocity": 114}, {"time": 37, "pitch": 67, "duration": 48, "velocity": 116}, {"time": 85, "pitch": 64, "duration": 6, "velocity": 107}, {"time": 91, "pitch": 67, "duration": 6, "velocity": 110}, {"time": 97, "pitch": 69, "duration": 6, "velocity": 116}, {"time": 103, "pitch": 72, "duration": 6, "velocity": 108}, {"time": 109, "pitch": 67, "duration": 48, "velocity": 117}, {"time": 157, "pitch": 67, "duration": 6, "velocity": 116}, {"time": 163, "pitch": 72, "duration": 3, "velocity": 110}, {"time": 166, "pitch": 69, "duration": 3, "velocity": 113}, {"time": 169, "pitch": 67, "duration": 6, "velocity": 113}, {"time": 175, "pitch": 67, "duration": 6, "velocity": 116}, {"time": 181, "pitch": 64, "duration": 3, "velocity": 108}, {"time": 184, "pitch": 67, "duration": 3, "velocity": 98}, {"time": 187, "pitch": 69, "duration": 3, "velocity": 98}, {"time": 190, "pitch": 72, "duration": 3, "velocity": 100}, {"time": 193, "pitch": 67, "duration": 6, "velocity": 107}, {"time": 199, "pitch": 67, "duration": 6, "velocity": 113}, {"time": 205, "pitch": 69, "duration": 6, "velocity": 114}, {"time": 211, "pitch": 67, "duration": 3, "velocity": 102}, {"time": 214, "pitch": 64, "duration": 3, "velocity": 93}, {"time": 217, "pitch": 62, "duration": 6, "velocity": 96}, {"time": 223, "pitch": 62, "duration": 6, "velocity": 108}, {"time": 229, "pitch": 64, "duration": 6, "velocity": 116}, {"time": 235, "pitch": 67, "duration": 3, "velocity": 114}, {"time": 238, "pitch": 64, "duration": 3, "velocity": 113}, {"time": 241, "pitch": 62, "duration": 3, "velocity": 116}, {"time": 244, "pitch": 64, "duration": 3, "velocity": 110}, {"time": 247, "pitch": 60, "duration": 6, "velocity": 104}, {"time": 348, "pitch": 65, "duration": 6, "velocity": 116}, {"time": 354, "pitch": 64, "duration": 4, "velocity": 116}, {"time": 360, "pitch": 65, "duration": 5, "velocity": 117}, {"time": 366, "pitch": 64, "duration": 4, "velocity": 119}, {"time": 372, "pitch": 60, "duration": 4, "velocity": 102}, {"time": 438, "pitch": 60, "duration": 2, "velocity": 107}, {"time": 439, "pitch": 62, "duration": 2, "velocity": 107}, {"time": 441, "pitch": 64, "duration": 1, "velocity": 100}, {"time": 442, "pitch": 65, "duration": 2, "velocity": 89}, {"time": 444, "pitch": 67, "duration": 6, "velocity": 116}, {"time": 450, "pitch": 72, "duration": 3, "velocity": 110}, {"time": 453, "pitch": 69, "duration": 3, "velocity": 113}, {"time": 456, "pitch": 67, "duration": 6, "velocity": 113}, {"time": 462, "pitch": 67, "duration": 6, "velocity": 116}, {"time": 468, "pitch": 64, "duration": 3, "velocity": 108}, {"time": 471, "pitch": 67, "duration": 3, "velocity": 98}, {"time": 474, "pitch": 69, "duration": 3, "velocity": 98}, {"time": 477, "pitch": 72, "duration": 3, "velocity": 100}, {"time": 480, "pitch": 67, "duration": 6, "velocity": 107}, {"time": 486, "pitch": 67, "duration": 6, "velocity": 113}, {"time": 492, "pitch": 69, "duration": 6, "velocity": 114}, {"time": 498, "pitch": 67, "duration": 3, "velocity": 102}, {"time": 501, "pitch": 64, "duration": 3, "velocity": 93}, {"time": 504, "pitch": 62, "duration": 6, "velocity": 96}, {"time": 510, "pitch": 62, "duration": 6, "velocity": 108}, {"time": 516, "pitch": 64, "duration": 6, "velocity": 116}, {"time": 522, "pitch": 67, "duration": 3, "velocity": 114}, {"time": 525, "pitch": 64, "duration": 3, "velocity": 113}, {"time": 528, "pitch": 62, "duration": 4, "velocity": 116}, {"time": 531, "pitch": 64, "duration": 3, "velocity": 110}, {"time": 534, "pitch": 60, "duration": 7, "velocity": 104}, {"time": 635, "pitch": 65, "duration": 6, "velocity": 116}, {"time": 641, "pitch": 64, "duration": 4, "velocity": 116}, {"time": 647, "pitch": 65, "duration": 5, "velocity": 117}, {"time": 653, "pitch": 64, "duration": 3, "velocity": 119}, {"time": 659, "pitch": 60, "duration": 4, "velocity": 102}, {"time": 724, "pitch": 60, "duration": 2, "velocity": 107}, {"time": 726, "pitch": 62, "duration": 2, "velocity": 107}, {"time": 727, "pitch": 64, "duration": 2, "velocity": 100}, {"time": 729, "pitch": 65, "duration": 1, "velocity": 89}, {"time": 730, "pitch": 67, "duration": 6, "velocity": 116}, {"time": 736, "pitch": 72, "duration": 3, "velocity": 110}, {"time": 739, "pitch": 69, "duration": 3, "velocity": 113}, {"time": 742, "pitch": 67, "duration": 6, "velocity": 113}, {"time": 748, "pitch": 67, "duration": 6, "velocity": 116}, {"time": 754, "pitch": 64, "duration": 3, "velocity": 108}, {"time": 757, "pitch": 67, "duration": 3, "velocity": 98}, {"time": 760, "pitch": 69, "duration": 3, "velocity": 98}, {"time": 763, "pitch": 72, "duration": 3, "velocity": 100}, {"time": 766, "pitch": 67, "duration": 6, "velocity": 107}, {"time": 772, "pitch": 67, "duration": 6, "velocity": 113}, {"time": 778, "pitch": 69, "duration": 6, "velocity": 114}, {"time": 784, "pitch": 67, "duration": 3, "velocity": 102}, {"time": 787, "pitch": 64, "duration": 3, "velocity": 93}, {"time": 790, "pitch": 62, "duration": 6, "velocity": 96}, {"time": 796, "pitch": 62, "duration": 6, "velocity": 108}, {"time": 802, "pitch": 64, "duration": 6, "velocity": 116}, {"time": 808, "pitch": 67, "duration": 3, "velocity": 114}, {"time": 811, "pitch": 64, "duration": 3, "velocity": 113}, {"time": 814, "pitch": 62, "duration": 4, "velocity": 116}, {"time": 817, "pitch": 64, "duration": 3, "velocity": 110}, {"time": 820, "pitch": 60, "duration": 9, "velocity": 104}, {"time": 924, "pitch": 65, "duration": 5, "velocity": 116}, {"time": 930, "pitch": 64, "duration": 3, "velocity": 116}, {"time": 936, "pitch": 65, "duration": 5, "velocity": 117}, {"time": 942, "pitch": 64, "duration": 3, "velocity": 119}, {"time": 948, "pitch": 60, "duration": 4, "velocity": 102}, {"time": 1014, "pitch": 60, "duration": 2, "velocity": 107}, {"time": 1015, "pitch": 62, "duration": 2, "velocity": 107}, {"time": 1017, "pitch": 64, "duration": 1, "velocity": 100}, {"time": 1018, "pitch": 65, "duration": 1, "velocity": 89}, {"time": 1020, "pitch": 67, "duration": 5, "velocity": 116}, {"time": 1026, "pitch": 72, "duration": 3, "velocity": 110}, {"time": 1029, "pitch": 69, "duration": 3, "velocity": 113}, {"time": 1032, "pitch": 67, "duration": 4, "velocity": 113}, {"time": 1038, "pitch": 67, "duration": 4, "velocity": 116}, {"time": 1044, "pitch": 64, "duration": 2, "velocity": 108}, {"time": 1047, "pitch": 67, "duration": 2, "velocity": 98}, {"time": 1050, "pitch": 69, "duration": 2, "velocity": 98}, {"time": 1053, "pitch": 72, "duration": 2, "velocity": 100}, {"time": 1056, "pitch": 67, "duration": 3, "velocity": 107}, {"time": 1062, "pitch": 67, "duration": 4, "velocity": 113}, {"time": 1068, "pitch": 69, "duration": 4, "velocity": 114}, {"time": 1074, "pitch": 67, "duration": 3, "velocity": 102}, {"time": 1077, "pitch": 64, "duration": 2, "velocity": 93}, {"time": 1080, "pitch": 62, "duration": 3, "velocity": 96}, {"time": 1086, "pitch": 62, "duration": 3, "velocity": 108}, {"time": 1092, "pitch": 64, "duration": 3, "velocity": 116}, {"time": 1098, "pitch": 67, "duration": 2, "velocity": 114}, {"time": 1101, "pitch": 64, "duration": 2, "velocity": 113}, {"time": 1104, "pitch": 62, "duration": 4, "velocity": 116}, {"time": 1107, "pitch": 64, "duration": 2, "velocity": 110}, {"time": 1110, "pitch": 60, "duration": 3, "velocity": 104}, {"time": 1213, "pitch": 65, "duration": 5, "velocity": 116}, {"time": 1219, "pitch": 64, "duration": 4, "velocity": 116}, {"time": 1225, "pitch": 65, "duration": 5, "velocity": 117}, {"time": 1231, "pitch": 64, "duration": 3, "velocity": 119}, {"time": 1237, "pitch": 60, "duration": 4, "velocity": 102}, {"time": 1303, "pitch": 60, "duration": 2, "velocity": 104}, {"time": 1305, "pitch": 62, "duration": 2, "velocity": 88}, {"time": 1306, "pitch": 64, "duration": 2, "velocity": 89}, {"time": 1308, "pitch": 65, "duration": 1, "velocity": 84}, {"time": 1309, "pitch": 67, "duration": 9, "velocity": 107}, {"time": 1318, "pitch": 67, "duration": 3, "velocity": 108}, {"time": 1321, "pitch": 69, "duration": 6, "velocity": 117}, {"time": 1327, "pitch": 67, "duration": 3, "velocity": 116}, {"time": 1330, "pitch": 69, "duration": 3, "velocity": 113}, {"time": 1333, "pitch": 72, "duration": 24, "velocity": 117}]}, {"program": 0, "is_drum": false, "name": "PIANO", "notes": [{"time": 37, "pitch": 48, "duration": 63, "velocity": 89}, {"time": 37, "pitch": 60, "duration": 63, "velocity": 83}, {"time": 37, "pitch": 64, "duration": 64, "velocity": 87}, {"time": 37, "pitch": 67, "duration": 63, "velocity": 87}, {"time": 109, "pitch": 43, "duration": 41, "velocity": 78}, {"time": 109, "pitch": 55, "duration": 42, "velocity": 79}, {"time": 109, "pitch": 59, "duration": 44, "velocity": 80}, {"time": 109, "pitch": 62, "duration": 44, "velocity": 89}, {"time": 109, "pitch": 67, "duration": 44, "velocity": 88}, {"time": 157, "pitch": 48, "duration": 10, "velocity": 91}, {"time": 163, "pitch": 60, "duration": 1, "velocity": 91}, {"time": 163, "pitch": 64, "duration": 1, "velocity": 104}, {"time": 163, "pitch": 67, "duration": 1, "velocity": 94}, {"time": 166, "pitch": 60, "duration": 2, "velocity": 92}, {"time": 166, "pitch": 64, "duration": 2, "velocity": 107}, {"time": 166, "pitch": 67, "duration": 2, "velocity": 98}, {"time": 169, "pitch": 55, "duration": 8, "velocity": 92}, {"time": 175, "pitch": 60, "duration": 5, "velocity": 89}, {"time": 175, "pitch": 64, "duration": 6, "velocity": 96}, {"time": 175, "pitch": 67, "duration": 4, "velocity": 93}, {"time": 178, "pitch": 43, "duration": 3, "velocity": 90}, {"time": 181, "pitch": 48, "duration": 9, "velocity": 98}, {"time": 187, "pitch": 60, "duration": 1, "velocity": 88}, {"time": 187, "pitch": 64, "duration": 1, "velocity": 100}, {"time": 187, "pitch": 67, "duration": 1, "velocity": 89}, {"time": 190, "pitch": 60, "duration": 3, "velocity": 93}, {"time": 190, "pitch": 64, "duration": 3, "velocity": 108}, {"time": 190, "pitch": 67, "duration": 3, "velocity": 104}, {"time": 193, "pitch": 48, "duration": 6, "velocity": 104}, {"time": 199, "pitch": 60, "duration": 3, "velocity": 89}, {"time": 199, "pitch": 64, "duration": 5, "velocity": 102}, {"time": 199, "pitch": 67, "duration": 3, "velocity": 92}, {"time": 205, "pitch": 45, "duration": 7, "velocity": 86}, {"time": 211, "pitch": 60, "duration": 3, "velocity": 84}, {"time": 211, "pitch": 64, "duration": 4, "velocity": 88}, {"time": 211, "pitch": 69, "duration": 4, "velocity": 89}, {"time": 214, "pitch": 45, "duration": 2, "velocity": 88}, {"time": 217, "pitch": 43, "duration": 7, "velocity": 88}, {"time": 223, "pitch": 59, "duration": 7, "velocity": 86}, {"time": 223, "pitch": 62, "duration": 7, "velocity": 91}, {"time": 223, "pitch": 67, "duration": 6, "velocity": 89}, {"time": 229, "pitch": 43, "duration": 5, "velocity": 92}, {"time": 235, "pitch": 59, "duration": 6, "velocity": 87}, {"time": 235, "pitch": 62, "duration": 6, "velocity": 88}, {"time": 235, "pitch": 67, "duration": 6, "velocity": 88}, {"time": 238, "pitch": 43, "duration": 1, "velocity": 89}, {"time": 241, "pitch": 43, "duration": 1, "velocity": 87}, {"time": 244, "pitch": 43, "duration": 2, "velocity": 96}, {"time": 247, "pitch": 48, "duration": 2, "velocity": 89}, {"time": 247, "pitch": 60, "duration": 2, "velocity": 90}, {"time": 247, "pitch": 64, "duration": 2, "velocity": 102}, {"time": 247, "pitch": 67, "duration": 2, "velocity": 98}, {"time": 253, "pitch": 48, "duration": 6, "velocity": 100}, {"time": 259, "pitch": 60, "duration": 6, "velocity": 93}, {"time": 259, "pitch": 64, "duration": 6, "velocity": 102}, {"time": 259, "pitch": 67, "duration": 5, "velocity": 92}, {"time": 262, "pitch": 48, "duration": 1, "velocity": 89}, {"time": 265, "pitch": 48, "duration": 8, "velocity": 102}, {"time": 271, "pitch": 60, "duration": 6, "velocity": 91}, {"time": 271, "pitch": 64, "duration": 6, "velocity": 98}, {"time": 271, "pitch": 67, "duration": 5, "velocity": 92}, {"time": 274, "pitch": 43, "duration": 3, "velocity": 89}, {"time": 277, "pitch": 48, "duration": 6, "velocity": 100}, {"time": 283, "pitch": 60, "duration": 8, "velocity": 88}, {"time": 283, "pitch": 64, "duration": 9, "velocity": 98}, {"time": 283, "pitch": 67, "duration": 7, "velocity": 92}, {"time": 286, "pitch": 48, "duration": 1, "velocity": 87}, {"time": 289, "pitch": 48, "duration": 6, "velocity": 93}, {"time": 295, "pitch": 60, "duration": 6, "velocity": 89}, {"time": 295, "pitch": 64, "duration": 6, "velocity": 96}, {"time": 295, "pitch": 67, "duration": 5, "velocity": 88}, {"time": 298, "pitch": 47, "duration": 2, "velocity": 88}, {"time": 301, "pitch": 45, "duration": 6, "velocity": 89}, {"time": 307, "pitch": 60, "duration": 6, "velocity": 86}, {"time": 307, "pitch": 64, "duration": 6, "velocity": 90}, {"time": 307, "pitch": 69, "duration": 6, "velocity": 91}, {"time": 310, "pitch": 45, "duration": 1, "velocity": 86}, {"time": 313, "pitch": 43, "duration": 6, "velocity": 96}, {"time": 319, "pitch": 59, "duration": 7, "velocity": 88}, {"time": 319, "pitch": 62, "duration": 8, "velocity": 92}, {"time": 319, "pitch": 67, "duration": 7, "velocity": 88}, {"time": 322, "pitch": 50, "duration": 2, "velocity": 96}, {"time": 325, "pitch": 43, "duration": 6, "velocity": 94}, {"time": 331, "pitch": 59, "duration": 5, "velocity": 88}, {"time": 331, "pitch": 62, "duration": 5, "velocity": 94}, {"time": 331, "pitch": 67, "duration": 5, "velocity": 91}, {"time": 334, "pitch": 43, "duration": 2, "velocity": 90}, {"time": 337, "pitch": 43, "duration": 4, "velocity": 98}, {"time": 343, "pitch": 48, "duration": 2, "velocity": 93}, {"time": 343, "pitch": 60, "duration": 2, "velocity": 92}, {"time": 343, "pitch": 64, "duration": 2, "velocity": 107}, {"time": 343, "pitch": 67, "duration": 2, "velocity": 94}, {"time": 348, "pitch": 41, "duration": 4, "velocity": 87}, {"time": 348, "pitch": 60, "duration": 4, "velocity": 90}, {"time": 348, "pitch": 65, "duration": 4, "velocity": 102}, {"time": 348, "pitch": 69, "duration": 4, "velocity": 93}, {"time": 354, "pitch": 43, "duration": 4, "velocity": 83}, {"time": 354, "pitch": 59, "duration": 3, "velocity": 89}, {"time": 354, "pitch": 62, "duration": 4, "velocity": 100}, {"time": 354, "pitch": 67, "duration": 4, "velocity": 91}, {"time": 360, "pitch": 41, "duration": 4, "velocity": 87}, {"time": 360, "pitch": 60, "duration": 4, "velocity": 86}, {"time": 360, "pitch": 65, "duration": 4, "velocity": 92}, {"time": 360, "pitch": 69, "duration": 3, "velocity": 96}, {"time": 366, "pitch": 43, "duration": 4, "velocity": 84}, {"time": 366, "pitch": 59, "duration": 3, "velocity": 94}, {"time": 366, "pitch": 62, "duration": 4, "velocity": 104}, {"time": 366, "pitch": 67, "duration": 4, "velocity": 96}, {"time": 372, "pitch": 41, "duration": 7, "velocity": 88}, {"time": 372, "pitch": 60, "duration": 4, "velocity": 89}, {"time": 372, "pitch": 65, "duration": 4, "velocity": 98}, {"time": 372, "pitch": 69, "duration": 4, "velocity": 91}, {"time": 378, "pitch": 60, "duration": 4, "velocity": 91}, {"time": 378, "pitch": 65, "duration": 4, "velocity": 102}, {"time": 378, "pitch": 69, "duration": 4, "velocity": 89}, {"time": 381, "pitch": 41, "duration": 2, "velocity": 87}, {"time": 384, "pitch": 43, "duration": 7, "velocity": 89}, {"time": 384, "pitch": 59, "duration": 7, "velocity": 94}, {"time": 384, "pitch": 62, "duration": 7, "velocity": 108}, {"time": 384, "pitch": 67, "duration": 7, "velocity": 93}, {"time": 393, "pitch": 43, "duration": 3, "velocity": 87}, {"time": 393, "pitch": 59, "duration": 3, "velocity": 88}, {"time": 393, "pitch": 62, "duration": 3, "velocity": 92}, {"time": 393, "pitch": 67, "duration": 3, "velocity": 91}, {"time": 396, "pitch": 48, "duration": 7, "velocity": 88}, {"time": 402, "pitch": 60, "duration": 5, "velocity": 90}, {"time": 402, "pitch": 64, "duration": 6, "velocity": 98}, {"time": 402, "pitch": 67, "duration": 5, "velocity": 93}, {"time": 405, "pitch": 48, "duration": 2, "velocity": 87}, {"time": 408, "pitch": 45, "duration": 7, "velocity": 89}, {"time": 414, "pitch": 60, "duration": 6, "velocity": 88}, {"time": 414, "pitch": 64, "duration": 6, "velocity": 91}, {"time": 414, "pitch": 69, "duration": 6, "velocity": 89}, {"time": 417, "pitch": 45, "duration": 2, "velocity": 86}, {"time": 420, "pitch": 43, "duration": 6, "velocity": 93}, {"time": 426, "pitch": 59, "duration": 5, "velocity": 89}, {"time": 426, "pitch": 62, "duration": 6, "velocity": 94}, {"time": 426, "pitch": 67, "duration": 5, "velocity": 92}, {"time": 429, "pitch": 43, "duration": 3, "velocity": 91}, {"time": 432, "pitch": 48, "duration": 7, "velocity": 108}, {"time": 438, "pitch": 60, "duration": 4, "velocity": 93}, {"time": 438, "pitch": 64, "duration": 6, "velocity": 108}, {"time": 438, "pitch": 67, "duration": 6, "velocity": 98}, {"time": 444, "pitch": 48, "duration": 10, "velocity": 91}, {"time": 450, "pitch": 60, "duration": 1, "velocity": 91}, {"time": 450, "pitch": 64, "duration": 1, "velocity": 104}, {"time": 450, "pitch": 67, "duration": 1, "velocity": 94}, {"time": 453, "pitch": 60, "duration": 2, "velocity": 92}, {"time": 453, "pitch": 64, "duration": 3, "velocity": 107}, {"time": 453, "pitch": 67, "duration": 2, "velocity": 98}, {"time": 456, "pitch": 55, "duration": 8, "velocity": 92}, {"time": 462, "pitch": 60, "duration": 5, "velocity": 89}, {"time": 462, "pitch": 64, "duration": 6, "velocity": 96}, {"time": 462, "pitch": 67, "duration": 4, "velocity": 93}, {"time": 465, "pitch": 43, "duration": 3, "velocity": 90}, {"time": 468, "pitch": 48, "duration": 9, "velocity": 98}, {"time": 474, "pitch": 60, "duration": 1, "velocity": 88}, {"time": 474, "pitch": 64, "duration": 1, "velocity": 100}, {"time": 474, "pitch": 67, "duration": 1, "velocity": 89}, {"time": 477, "pitch": 60, "duration": 3, "velocity": 93}, {"time": 477, "pitch": 64, "duration": 3, "velocity": 108}, {"time": 477, "pitch": 67, "duration": 3, "velocity": 104}, {"time": 480, "pitch": 48, "duration": 7, "velocity": 104}, {"time": 486, "pitch": 60, "duration": 3, "velocity": 89}, {"time": 486, "pitch": 64, "duration": 5, "velocity": 102}, {"time": 486, "pitch": 67, "duration": 3, "velocity": 92}, {"time": 492, "pitch": 45, "duration": 7, "velocity": 86}, {"time": 498, "pitch": 60, "duration": 3, "velocity": 84}, {"time": 498, "pitch": 64, "duration": 4, "velocity": 88}, {"time": 498, "pitch": 69, "duration": 4, "velocity": 89}, {"time": 501, "pitch": 45, "duration": 2, "velocity": 88}, {"time": 504, "pitch": 43, "duration": 7, "velocity": 88}, {"time": 510, "pitch": 59, "duration": 7, "velocity": 86}, {"time": 510, "pitch": 62, "duration": 7, "velocity": 91}, {"time": 510, "pitch": 67, "duration": 7, "velocity": 89}, {"time": 516, "pitch": 43, "duration": 6, "velocity": 92}, {"time": 522, "pitch": 59, "duration": 6, "velocity": 87}, {"time": 522, "pitch": 62, "duration": 6, "velocity": 88}, {"time": 522, "pitch": 67, "duration": 6, "velocity": 88}, {"time": 525, "pitch": 43, "duration": 2, "velocity": 89}, {"time": 528, "pitch": 43, "duration": 1, "velocity": 87}, {"time": 531, "pitch": 43, "duration": 2, "velocity": 96}, {"time": 534, "pitch": 48, "duration": 3, "velocity": 89}, {"time": 534, "pitch": 60, "duration": 2, "velocity": 90}, {"time": 534, "pitch": 64, "duration": 2, "velocity": 102}, {"time": 534, "pitch": 67, "duration": 2, "velocity": 98}, {"time": 539, "pitch": 48, "duration": 7, "velocity": 100}, {"time": 545, "pitch": 60, "duration": 6, "velocity": 93}, {"time": 545, "pitch": 64, "duration": 6, "velocity": 102}, {"time": 545, "pitch": 67, "duration": 6, "velocity": 92}, {"time": 548, "pitch": 48, "duration": 1, "velocity": 89}, {"time": 551, "pitch": 48, "duration": 9, "velocity": 102}, {"time": 557, "pitch": 60, "duration": 7, "velocity": 91}, {"time": 557, "pitch": 64, "duration": 7, "velocity": 98}, {"time": 557, "pitch": 67, "duration": 6, "velocity": 92}, {"time": 560, "pitch": 43, "duration": 3, "velocity": 89}, {"time": 563, "pitch": 48, "duration": 7, "velocity": 100}, {"time": 569, "pitch": 60, "duration": 9, "velocity": 88}, {"time": 569, "pitch": 64, "duration": 9, "velocity": 98}, {"time": 569, "pitch": 67, "duration": 8, "velocity": 92}, {"time": 572, "pitch": 48, "duration": 1, "velocity": 87}, {"time": 575, "pitch": 48, "duration": 7, "velocity": 93}, {"time": 581, "pitch": 60, "duration": 6, "velocity": 89}, {"time": 581, "pitch": 64, "duration": 7, "velocity": 96}, {"time": 581, "pitch": 67, "duration": 6, "velocity": 88}, {"time": 584, "pitch": 47, "duration": 2, "velocity": 88}, {"time": 587, "pitch": 45, "duration": 7, "velocity": 89}, {"time": 593, "pitch": 60, "duration": 7, "velocity": 86}, {"time": 593, "pitch": 64, "duration": 6, "velocity": 90}, {"time": 593, "pitch": 69, "duration": 6, "velocity": 91}, {"time": 596, "pitch": 45, "duration": 1, "velocity": 86}, {"time": 599, "pitch": 43, "duration": 7, "velocity": 96}, {"time": 605, "pitch": 59, "duration": 8, "velocity": 88}, {"time": 605, "pitch": 62, "duration": 9, "velocity": 92}, {"time": 605, "pitch": 67, "duration": 7, "velocity": 88}, {"time": 608, "pitch": 50, "duration": 3, "velocity": 96}, {"time": 611, "pitch": 43, "duration": 7, "velocity": 94}, {"time": 617, "pitch": 59, "duration": 6, "velocity": 88}, {"time": 617, "pitch": 62, "duration": 6, "velocity": 94}, {"time": 617, "pitch": 67, "duration": 6, "velocity": 91}, {"time": 620, "pitch": 43, "duration": 2, "velocity": 90}, {"time": 623, "pitch": 43, "duration": 5, "velocity": 98}, {"time": 629, "pitch": 48, "duration": 3, "velocity": 93}, {"time": 629, "pitch": 60, "duration": 3, "velocity": 92}, {"time": 629, "pitch": 64, "duration": 3, "velocity": 107}, {"time": 629, "pitch": 67, "duration": 3, "velocity": 94}, {"time": 635, "pitch": 41, "duration": 4, "velocity": 87}, {"time": 635, "pitch": 60, "duration": 4, "velocity": 90}, {"time": 635, "pitch": 65, "duration": 4, "velocity": 102}, {"time": 635, "pitch": 69, "duration": 4, "velocity": 93}, {"time": 641, "pitch": 43, "duration": 4, "velocity": 83}, {"time": 641, "pitch": 59, "duration": 3, "velocity": 89}, {"time": 641, "pitch": 62, "duration": 4, "velocity": 100}, {"time": 641, "pitch": 67, "duration": 4, "velocity": 91}, {"time": 647, "pitch": 41, "duration": 4, "velocity": 87}, {"time": 647, "pitch": 60, "duration": 4, "velocity": 86}, {"time": 647, "pitch": 65, "duration": 4, "velocity": 92}, {"time": 647, "pitch": 69, "duration": 3, "velocity": 96}, {"time": 653, "pitch": 43, "duration": 4, "velocity": 84}, {"time": 653, "pitch": 59, "duration": 3, "velocity": 94}, {"time": 653, "pitch": 62, "duration": 4, "velocity": 104}, {"time": 653, "pitch": 67, "duration": 4, "velocity": 96}, {"time": 659, "pitch": 41, "duration": 7, "velocity": 88}, {"time": 659, "pitch": 60, "duration": 4, "velocity": 89}, {"time": 659, "pitch": 65, "duration": 4, "velocity": 98}, {"time": 659, "pitch": 69, "duration": 4, "velocity": 91}, {"time": 665, "pitch": 60, "duration": 4, "velocity": 91}, {"time": 665, "pitch": 65, "duration": 4, "velocity": 102}, {"time": 665, "pitch": 69, "duration": 4, "velocity": 89}, {"time": 668, "pitch": 41, "duration": 2, "velocity": 87}, {"time": 671, "pitch": 43, "duration": 7, "velocity": 89}, {"time": 671, "pitch": 59, "duration": 7, "velocity": 94}, {"time": 671, "pitch": 62, "duration": 7, "velocity": 108}, {"time": 671, "pitch": 67, "duration": 7, "velocity": 93}, {"time": 680, "pitch": 43, "duration": 3, "velocity": 87}, {"time": 680, "pitch": 59, "duration": 3, "velocity": 88}, {"time": 680, "pitch": 62, "duration": 3, "velocity": 92}, {"time": 680, "pitch": 67, "duration": 3, "velocity": 91}, {"time": 683, "pitch": 48, "duration": 6, "velocity": 88}, {"time": 689, "pitch": 60, "duration": 5, "velocity": 90}, {"time": 689, "pitch": 64, "duration": 5, "velocity": 98}, {"time": 689, "pitch": 67, "duration": 5, "velocity": 93}, {"time": 692, "pitch": 48, "duration": 2, "velocity": 87}, {"time": 695, "pitch": 45, "duration": 7, "velocity": 89}, {"time": 701, "pitch": 60, "duration": 6, "velocity": 88}, {"time": 701, "pitch": 64, "duration": 6, "velocity": 91}, {"time": 701, "pitch": 69, "duration": 6, "velocity": 89}, {"time": 704, "pitch": 45, "duration": 2, "velocity": 86}, {"time": 707, "pitch": 43, "duration": 6, "velocity": 93}, {"time": 713, "pitch": 59, "duration": 5, "velocity": 89}, {"time": 713, "pitch": 62, "duration": 6, "velocity": 94}, {"time": 713, "pitch": 67, "duration": 5, "velocity": 92}, {"time": 716, "pitch": 43, "duration": 2, "velocity": 91}, {"time": 719, "pitch": 48, "duration": 7, "velocity": 108}, {"time": 725, "pitch": 60, "duration": 4, "velocity": 93}, {"time": 725, "pitch": 64, "duration": 6, "velocity": 108}, {"time": 725, "pitch": 67, "duration": 5, "velocity": 98}, {"time": 730, "pitch": 48, "duration": 11, "velocity": 91}, {"time": 736, "pitch": 60, "duration": 1, "velocity": 91}, {"time": 736, "pitch": 64, "duration": 1, "velocity": 104}, {"time": 736, "pitch": 67, "duration": 1, "velocity": 94}, {"time": 739, "pitch": 60, "duration": 3, "velocity": 92}, {"time": 739, "pitch": 64, "duration": 3, "velocity": 107}, {"time": 739, "pitch": 67, "duration": 3, "velocity": 98}, {"time": 742, "pitch": 55, "duration": 9, "velocity": 92}, {"time": 748, "pitch": 60, "duration": 6, "velocity": 89}, {"time": 748, "pitch": 64, "duration": 6, "velocity": 96}, {"time": 748, "pitch": 67, "duration": 4, "velocity": 93}, {"time": 751, "pitch": 43, "duration": 4, "velocity": 90}, {"time": 754, "pitch": 48, "duration": 10, "velocity": 98}, {"time": 760, "pitch": 60, "duration": 2, "velocity": 88}, {"time": 760, "pitch": 64, "duration": 2, "velocity": 100}, {"time": 760, "pitch": 67, "duration": 2, "velocity": 89}, {"time": 763, "pitch": 60, "duration": 4, "velocity": 93}, {"time": 763, "pitch": 64, "duration": 4, "velocity": 108}, {"time": 763, "pitch": 67, "duration": 3, "velocity": 104}, {"time": 766, "pitch": 48, "duration": 7, "velocity": 104}, {"time": 772, "pitch": 60, "duration": 4, "velocity": 89}, {"time": 772, "pitch": 64, "duration": 6, "velocity": 102}, {"time": 772, "pitch": 67, "duration": 4, "velocity": 92}, {"time": 778, "pitch": 45, "duration": 7, "velocity": 86}, {"time": 784, "pitch": 60, "duration": 4, "velocity": 84}, {"time": 784, "pitch": 64, "duration": 4, "velocity": 88}, {"time": 784, "pitch": 69, "duration": 4, "velocity": 89}, {"time": 787, "pitch": 45, "duration": 2, "velocity": 88}, {"time": 790, "pitch": 43, "duration": 7, "velocity": 88}, {"time": 796, "pitch": 59, "duration": 7, "velocity": 86}, {"time": 796, "pitch": 62, "duration": 8, "velocity": 91}, {"time": 796, "pitch": 67, "duration": 7, "velocity": 89}, {"time": 802, "pitch": 43, "duration": 6, "velocity": 92}, {"time": 808, "pitch": 59, "duration": 7, "velocity": 87}, {"time": 808, "pitch": 62, "duration": 7, "velocity": 88}, {"time": 808, "pitch": 67, "duration": 7, "velocity": 88}, {"time": 811, "pitch": 43, "duration": 2, "velocity": 89}, {"time": 814, "pitch": 43, "duration": 2, "velocity": 87}, {"time": 817, "pitch": 43, "duration": 3, "velocity": 96}, {"time": 820, "pitch": 48, "duration": 3, "velocity": 89}, {"time": 820, "pitch": 60, "duration": 3, "velocity": 90}, {"time": 820, "pitch": 64, "duration": 3, "velocity": 102}, {"time": 820, "pitch": 67, "duration": 3, "velocity": 98}, {"time": 827, "pitch": 48, "duration": 7, "velocity": 100}, {"time": 833, "pitch": 60, "duration": 6, "velocity": 93}, {"time": 833, "pitch": 64, "duration": 6, "velocity": 102}, {"time": 833, "pitch": 67, "duration": 6, "velocity": 92}, {"time": 836, "pitch": 48, "duration": 1, "velocity": 89}, {"time": 839, "pitch": 48, "duration": 9, "velocity": 102}, {"time": 845, "pitch": 60, "duration": 7, "velocity": 91}, {"time": 845, "pitch": 64, "duration": 7, "velocity": 98}, {"time": 845, "pitch": 67, "duration": 6, "velocity": 92}, {"time": 848, "pitch": 43, "duration": 3, "velocity": 89}, {"time": 851, "pitch": 48, "duration": 7, "velocity": 100}, {"time": 857, "pitch": 60, "duration": 9, "velocity": 88}, {"time": 857, "pitch": 64, "duration": 9, "velocity": 98}, {"time": 857, "pitch": 67, "duration": 8, "velocity": 92}, {"time": 860, "pitch": 48, "duration": 1, "velocity": 87}, {"time": 863, "pitch": 48, "duration": 7, "velocity": 93}, {"time": 869, "pitch": 60, "duration": 6, "velocity": 89}, {"time": 869, "pitch": 64, "duration": 7, "velocity": 96}, {"time": 869, "pitch": 67, "duration": 6, "velocity": 88}, {"time": 872, "pitch": 47, "duration": 2, "velocity": 88}, {"time": 875, "pitch": 45, "duration": 7, "velocity": 89}, {"time": 881, "pitch": 60, "duration": 7, "velocity": 86}, {"time": 881, "pitch": 64, "duration": 6, "velocity": 90}, {"time": 881, "pitch": 69, "duration": 6, "velocity": 91}, {"time": 884, "pitch": 45, "duration": 1, "velocity": 86}, {"time": 887, "pitch": 43, "duration": 7, "velocity": 96}, {"time": 893, "pitch": 59, "duration": 8, "velocity": 88}, {"time": 893, "pitch": 62, "duration": 9, "velocity": 92}, {"time": 893, "pitch": 67, "duration": 7, "velocity": 88}, {"time": 896, "pitch": 50, "duration": 3, "velocity": 96}, {"time": 899, "pitch": 43, "duration": 7, "velocity": 94}, {"time": 905, "pitch": 59, "duration": 6, "velocity": 88}, {"time": 905, "pitch": 62, "duration": 6, "velocity": 94}, {"time": 905, "pitch": 67, "duration": 6, "velocity": 91}, {"time": 908, "pitch": 43, "duration": 2, "velocity": 90}, {"time": 911, "pitch": 43, "duration": 5, "velocity": 98}, {"time": 917, "pitch": 48, "duration": 3, "velocity": 93}, {"time": 917, "pitch": 60, "duration": 3, "velocity": 92}, {"time": 917, "pitch": 64, "duration": 3, "velocity": 107}, {"time": 917, "pitch": 67, "duration": 3, "velocity": 94}, {"time": 924, "pitch": 41, "duration": 4, "velocity": 87}, {"time": 924, "pitch": 60, "duration": 4, "velocity": 90}, {"time": 924, "pitch": 65, "duration": 4, "velocity": 102}, {"time": 924, "pitch": 69, "duration": 3, "velocity": 93}, {"time": 930, "pitch": 43, "duration": 4, "velocity": 83}, {"time": 930, "pitch": 59, "duration": 3, "velocity": 89}, {"time": 930, "pitch": 62, "duration": 4, "velocity": 100}, {"time": 930, "pitch": 67, "duration": 4, "velocity": 91}, {"time": 936, "pitch": 41, "duration": 4, "velocity": 87}, {"time": 936, "pitch": 60, "duration": 4, "velocity": 86}, {"time": 936, "pitch": 65, "duration": 4, "velocity": 92}, {"time": 936, "pitch": 69, "duration": 3, "velocity": 96}, {"time": 942, "pitch": 43, "duration": 4, "velocity": 84}, {"time": 942, "pitch": 59, "duration": 3, "velocity": 94}, {"time": 942, "pitch": 62, "duration": 4, "velocity": 104}, {"time": 942, "pitch": 67, "duration": 3, "velocity": 96}, {"time": 948, "pitch": 41, "duration": 7, "velocity": 88}, {"time": 948, "pitch": 60, "duration": 4, "velocity": 89}, {"time": 948, "pitch": 65, "duration": 4, "velocity": 98}, {"time": 948, "pitch": 69, "duration": 4, "velocity": 91}, {"time": 954, "pitch": 60, "duration": 4, "velocity": 91}, {"time": 954, "pitch": 65, "duration": 3, "velocity": 102}, {"time": 954, "pitch": 69, "duration": 3, "velocity": 89}, {"time": 957, "pitch": 41, "duration": 2, "velocity": 87}, {"time": 960, "pitch": 43, "duration": 7, "velocity": 89}, {"time": 960, "pitch": 59, "duration": 7, "velocity": 94}, {"time": 960, "pitch": 62, "duration": 7, "velocity": 108}, {"time": 960, "pitch": 67, "duration": 7, "velocity": 93}, {"time": 969, "pitch": 43, "duration": 3, "velocity": 87}, {"time": 969, "pitch": 59, "duration": 3, "velocity": 88}, {"time": 969, "pitch": 62, "duration": 3, "velocity": 92}, {"time": 969, "pitch": 67, "duration": 3, "velocity": 91}, {"time": 972, "pitch": 48, "duration": 6, "velocity": 88}, {"time": 978, "pitch": 60, "duration": 5, "velocity": 90}, {"time": 978, "pitch": 64, "duration": 5, "velocity": 98}, {"time": 978, "pitch": 67, "duration": 5, "velocity": 93}, {"time": 981, "pitch": 48, "duration": 2, "velocity": 87}, {"time": 984, "pitch": 45, "duration": 6, "velocity": 89}, {"time": 990, "pitch": 60, "duration": 5, "velocity": 88}, {"time": 990, "pitch": 64, "duration": 6, "velocity": 91}, {"time": 990, "pitch": 69, "duration": 5, "velocity": 89}, {"time": 993, "pitch": 45, "duration": 1, "velocity": 86}, {"time": 996, "pitch": 43, "duration": 6, "velocity": 93}, {"time": 1002, "pitch": 59, "duration": 5, "velocity": 89}, {"time": 1002, "pitch": 62, "duration": 6, "velocity": 94}, {"time": 1002, "pitch": 67, "duration": 5, "velocity": 92}, {"time": 1005, "pitch": 43, "duration": 2, "velocity": 91}, {"time": 1008, "pitch": 48, "duration": 7, "velocity": 108}, {"time": 1014, "pitch": 60, "duration": 3, "velocity": 93}, {"time": 1014, "pitch": 64, "duration": 5, "velocity": 108}, {"time": 1014, "pitch": 67, "duration": 5, "velocity": 98}, {"time": 1020, "pitch": 48, "duration": 10, "velocity": 91}, {"time": 1026, "pitch": 60, "duration": 1, "velocity": 91}, {"time": 1026, "pitch": 64, "duration": 1, "velocity": 104}, {"time": 1026, "pitch": 67, "duration": 1, "velocity": 94}, {"time": 1029, "pitch": 60, "duration": 2, "velocity": 92}, {"time": 1029, "pitch": 64, "duration": 3, "velocity": 107}, {"time": 1029, "pitch": 67, "duration": 2, "velocity": 98}, {"time": 1032, "pitch": 55, "duration": 8, "velocity": 92}, {"time": 1038, "pitch": 60, "duration": 5, "velocity": 89}, {"time": 1038, "pitch": 64, "duration": 6, "velocity": 96}, {"time": 1038, "pitch": 67, "duration": 4, "velocity": 93}, {"time": 1041, "pitch": 43, "duration": 3, "velocity": 90}, {"time": 1044, "pitch": 48, "duration": 9, "velocity": 98}, {"time": 1050, "pitch": 60, "duration": 1, "velocity": 88}, {"time": 1050, "pitch": 64, "duration": 1, "velocity": 100}, {"time": 1050, "pitch": 67, "duration": 1, "velocity": 89}, {"time": 1053, "pitch": 60, "duration": 3, "velocity": 93}, {"time": 1053, "pitch": 64, "duration": 3, "velocity": 108}, {"time": 1053, "pitch": 67, "duration": 3, "velocity": 104}, {"time": 1056, "pitch": 48, "duration": 7, "velocity": 104}, {"time": 1062, "pitch": 60, "duration": 3, "velocity": 89}, {"time": 1062, "pitch": 64, "duration": 5, "velocity": 102}, {"time": 1062, "pitch": 67, "duration": 3, "velocity": 92}, {"time": 1068, "pitch": 45, "duration": 7, "velocity": 86}, {"time": 1074, "pitch": 60, "duration": 3, "velocity": 84}, {"time": 1074, "pitch": 64, "duration": 4, "velocity": 88}, {"time": 1074, "pitch": 69, "duration": 4, "velocity": 89}, {"time": 1077, "pitch": 45, "duration": 2, "velocity": 88}, {"time": 1080, "pitch": 43, "duration": 7, "velocity": 88}, {"time": 1086, "pitch": 59, "duration": 7, "velocity": 86}, {"time": 1086, "pitch": 62, "duration": 7, "velocity": 91}, {"time": 1086, "pitch": 67, "duration": 7, "velocity": 89}, {"time": 1092, "pitch": 43, "duration": 6, "velocity": 92}, {"time": 1098, "pitch": 59, "duration": 6, "velocity": 87}, {"time": 1098, "pitch": 62, "duration": 6, "velocity": 88}, {"time": 1098, "pitch": 67, "duration": 6, "velocity": 88}, {"time": 1101, "pitch": 43, "duration": 2, "velocity": 89}, {"time": 1104, "pitch": 43, "duration": 1, "velocity": 87}, {"time": 1107, "pitch": 43, "duration": 2, "velocity": 96}, {"time": 1110, "pitch": 48, "duration": 3, "velocity": 89}, {"time": 1110, "pitch": 60, "duration": 2, "velocity": 90}, {"time": 1110, "pitch": 64, "duration": 2, "velocity": 102}, {"time": 1110, "pitch": 67, "duration": 2, "velocity": 98}, {"time": 1117, "pitch": 48, "duration": 6, "velocity": 100}, {"time": 1123, "pitch": 60, "duration": 6, "velocity": 93}, {"time": 1123, "pitch": 64, "duration": 6, "velocity": 102}, {"time": 1123, "pitch": 67, "duration": 5, "velocity": 92}, {"time": 1126, "pitch": 48, "duration": 1, "velocity": 89}, {"time": 1129, "pitch": 48, "duration": 8, "velocity": 102}, {"time": 1135, "pitch": 60, "duration": 6, "velocity": 91}, {"time": 1135, "pitch": 64, "duration": 6, "velocity": 98}, {"time": 1135, "pitch": 67, "duration": 5, "velocity": 92}, {"time": 1138, "pitch": 43, "duration": 3, "velocity": 89}, {"time": 1141, "pitch": 48, "duration": 6, "velocity": 100}, {"time": 1147, "pitch": 60, "duration": 8, "velocity": 88}, {"time": 1147, "pitch": 64, "duration": 9, "velocity": 98}, {"time": 1147, "pitch": 67, "duration": 7, "velocity": 92}, {"time": 1150, "pitch": 48, "duration": 1, "velocity": 87}, {"time": 1153, "pitch": 48, "duration": 6, "velocity": 93}, {"time": 1159, "pitch": 60, "duration": 6, "velocity": 89}, {"time": 1159, "pitch": 64, "duration": 6, "velocity": 96}, {"time": 1159, "pitch": 67, "duration": 5, "velocity": 88}, {"time": 1162, "pitch": 47, "duration": 2, "velocity": 88}, {"time": 1165, "pitch": 45, "duration": 6, "velocity": 89}, {"time": 1171, "pitch": 60, "duration": 6, "velocity": 86}, {"time": 1171, "pitch": 64, "duration": 6, "velocity": 90}, {"time": 1171, "pitch": 69, "duration": 6, "velocity": 91}, {"time": 1174, "pitch": 45, "duration": 1, "velocity": 86}, {"time": 1177, "pitch": 43, "duration": 6, "velocity": 96}, {"time": 1183, "pitch": 59, "duration": 7, "velocity": 88}, {"time": 1183, "pitch": 62, "duration": 8, "velocity": 92}, {"time": 1183, "pitch": 67, "duration": 7, "velocity": 88}, {"time": 1186, "pitch": 50, "duration": 2, "velocity": 96}, {"time": 1189, "pitch": 43, "duration": 6, "velocity": 94}, {"time": 1195, "pitch": 59, "duration": 5, "velocity": 88}, {"time": 1195, "pitch": 62, "duration": 5, "velocity": 94}, {"time": 1195, "pitch": 67, "duration": 5, "velocity": 91}, {"time": 1198, "pitch": 43, "duration": 2, "velocity": 90}, {"time": 1201, "pitch": 43, "duration": 4, "velocity": 98}, {"time": 1207, "pitch": 48, "duration": 2, "velocity": 93}, {"time": 1207, "pitch": 60, "duration": 2, "velocity": 92}, {"time": 1207, "pitch": 64, "duration": 2, "velocity": 107}, {"time": 1207, "pitch": 67, "duration": 2, "velocity": 94}, {"time": 1213, "pitch": 41, "duration": 4, "velocity": 87}, {"time": 1213, "pitch": 60, "duration": 4, "velocity": 90}, {"time": 1213, "pitch": 65, "duration": 4, "velocity": 102}, {"time": 1213, "pitch": 69, "duration": 3, "velocity": 93}, {"time": 1219, "pitch": 43, "duration": 4, "velocity": 83}, {"time": 1219, "pitch": 59, "duration": 3, "velocity": 89}, {"time": 1219, "pitch": 62, "duration": 4, "velocity": 100}, {"time": 1219, "pitch": 67, "duration": 4, "velocity": 91}, {"time": 1225, "pitch": 41, "duration": 4, "velocity": 87}, {"time": 1225, "pitch": 60, "duration": 4, "velocity": 86}, {"time": 1225, "pitch": 65, "duration": 4, "velocity": 92}, {"time": 1225, "pitch": 69, "duration": 3, "velocity": 96}, {"time": 1231, "pitch": 43, "duration": 4, "velocity": 84}, {"time": 1231, "pitch": 59, "duration": 3, "velocity": 94}, {"time": 1231, "pitch": 62, "duration": 4, "velocity": 104}, {"time": 1231, "pitch": 67, "duration": 4, "velocity": 96}, {"time": 1237, "pitch": 41, "duration": 7, "velocity": 88}, {"time": 1237, "pitch": 60, "duration": 4, "velocity": 89}, {"time": 1237, "pitch": 65, "duration": 4, "velocity": 98}, {"time": 1237, "pitch": 69, "duration": 4, "velocity": 91}, {"time": 1243, "pitch": 60, "duration": 4, "velocity": 91}, {"time": 1243, "pitch": 65, "duration": 3, "velocity": 102}, {"time": 1243, "pitch": 69, "duration": 4, "velocity": 89}, {"time": 1246, "pitch": 41, "duration": 2, "velocity": 87}, {"time": 1249, "pitch": 43, "duration": 7, "velocity": 89}, {"time": 1249, "pitch": 59, "duration": 7, "velocity": 94}, {"time": 1249, "pitch": 62, "duration": 7, "velocity": 108}, {"time": 1249, "pitch": 67, "duration": 7, "velocity": 93}, {"time": 1258, "pitch": 43, "duration": 3, "velocity": 87}, {"time": 1258, "pitch": 59, "duration": 3, "velocity": 88}, {"time": 1258, "pitch": 62, "duration": 3, "velocity": 92}, {"time": 1258, "pitch": 67, "duration": 3, "velocity": 91}, {"time": 1261, "pitch": 48, "duration": 6, "velocity": 88}, {"time": 1267, "pitch": 60, "duration": 5, "velocity": 90}, {"time": 1267, "pitch": 64, "duration": 5, "velocity": 98}, {"time": 1267, "pitch": 67, "duration": 5, "velocity": 93}, {"time": 1270, "pitch": 48, "duration": 2, "velocity": 87}, {"time": 1273, "pitch": 45, "duration": 6, "velocity": 89}, {"time": 1279, "pitch": 60, "duration": 6, "velocity": 88}, {"time": 1279, "pitch": 64, "duration": 6, "velocity": 91}, {"time": 1279, "pitch": 69, "duration": 5, "velocity": 89}, {"time": 1282, "pitch": 45, "duration": 1, "velocity": 86}, {"time": 1286, "pitch": 43, "duration": 6, "velocity": 93}, {"time": 1292, "pitch": 59, "duration": 5, "velocity": 89}, {"time": 1292, "pitch": 62, "duration": 5, "velocity": 94}, {"time": 1292, "pitch": 67, "duration": 5, "velocity": 92}, {"time": 1295, "pitch": 43, "duration": 2, "velocity": 91}, {"time": 1298, "pitch": 48, "duration": 7, "velocity": 108}, {"time": 1304, "pitch": 60, "duration": 3, "velocity": 93}, {"time": 1304, "pitch": 64, "duration": 5, "velocity": 108}, {"time": 1304, "pitch": 67, "duration": 5, "velocity": 98}, {"time": 1310, "pitch": 43, "duration": 8, "velocity": 86}, {"time": 1310, "pitch": 55, "duration": 8, "velocity": 84}, {"time": 1310, "pitch": 59, "duration": 8, "velocity": 91}, {"time": 1310, "pitch": 62, "duration": 8, "velocity": 98}, {"time": 1310, "pitch": 67, "duration": 8, "velocity": 91}, {"time": 1319, "pitch": 55, "duration": 1, "velocity": 80}, {"time": 1319, "pitch": 59, "duration": 1, "velocity": 84}, {"time": 1319, "pitch": 62, "duration": 1, "velocity": 86}, {"time": 1319, "pitch": 67, "duration": 1, "velocity": 85}, {"time": 1322, "pitch": 43, "duration": 7, "velocity": 90}, {"time": 1322, "pitch": 55, "duration": 7, "velocity": 89}, {"time": 1322, "pitch": 59, "duration": 7, "velocity": 88}, {"time": 1322, "pitch": 62, "duration": 7, "velocity": 93}, {"time": 1322, "pitch": 67, "duration": 7, "velocity": 90}, {"time": 1331, "pitch": 43, "duration": 1, "velocity": 82}, {"time": 1331, "pitch": 55, "duration": 1, "velocity": 84}, {"time": 1331, "pitch": 59, "duration": 1, "velocity": 84}, {"time": 1331, "pitch": 62, "duration": 1, "velocity": 84}, {"time": 1331, "pitch": 67, "duration": 1, "velocity": 86}, {"time": 1334, "pitch": 48, "duration": 13, "velocity": 93}, {"time": 1334, "pitch": 60, "duration": 13, "velocity": 92}, {"time": 1334, "pitch": 64, "duration": 13, "velocity": 107}, {"time": 1334, "pitch": 67, "duration": 14, "velocity": 91}]}]}