{"metadata": {"schema_version": "0.2", "title": "None", "source_filename": "337.mid", "source_format": "midi"}, "resolution": 12, "tempos": [{"time": 0, "qpm": 85.00004250002125}], "time_signatures": [{"time": 0, "numerator": 4, "denominator": 4}], "tracks": [{"program": 0, "is_drum": false, "name": "MELODY", "notes": [{"time": 494, "pitch": 61, "duration": 6, "velocity": 117}, {"time": 500, "pitch": 61, "duration": 6, "velocity": 117}, {"time": 506, "pitch": 64, "duration": 6, "velocity": 119}, {"time": 512, "pitch": 63, "duration": 6, "velocity": 119}, {"time": 518, "pitch": 61, "duration": 24, "velocity": 119}, {"time": 542, "pitch": 61, "duration": 6, "velocity": 120}, {"time": 548, "pitch": 61, "duration": 6, "velocity": 116}, {"time": 554, "pitch": 68, "duration": 6, "velocity": 120}, {"time": 560, "pitch": 66, "duration": 6, "velocity": 119}, {"time": 566, "pitch": 68, "duration": 24, "velocity": 119}, {"time": 590, "pitch": 68, "duration": 6, "velocity": 119}, {"time": 596, "pitch": 68, "duration": 6, "velocity": 119}, {"time": 602, "pitch": 71, "duration": 6, "velocity": 114}, {"time": 608, "pitch": 68, "duration": 6, "velocity": 116}, {"time": 614, "pitch": 66, "duration": 6, "velocity": 117}, {"time": 620, "pitch": 66, "duration": 1, "velocity": 113}, {"time": 626, "pitch": 66, "duration": 6, "velocity": 116}, {"time": 632, "pitch": 64, "duration": 3, "velocity": 113}, {"time": 635, "pitch": 63, "duration": 3, "velocity": 107}, {"time": 638, "pitch": 61, "duration": 18, "velocity": 116}, {"time": 656, "pitch": 59, "duration": 6, "velocity": 104}, {"time": 662, "pitch": 56, "duration": 24, "velocity": 107}, {"time": 686, "pitch": 61, "duration": 6, "velocity": 102}, {"time": 692, "pitch": 61, "duration": 6, "velocity": 94}, {"time": 698, "pitch": 64, "duration": 6, "velocity": 113}, {"time": 704, "pitch": 63, "duration": 6, "velocity": 104}, {"time": 710, "pitch": 61, "duration": 24, "velocity": 104}, {"time": 734, "pitch": 61, "duration": 6, "velocity": 107}, {"time": 740, "pitch": 61, "duration": 6, "velocity": 104}, {"time": 746, "pitch": 68, "duration": 6, "velocity": 113}, {"time": 752, "pitch": 66, "duration": 6, "velocity": 114}, {"time": 758, "pitch": 68, "duration": 24, "velocity": 117}, {"time": 782, "pitch": 68, "duration": 6, "velocity": 114}, {"time": 788, "pitch": 68, "duration": 6, "velocity": 114}, {"time": 794, "pitch": 71, "duration": 6, "velocity": 110}, {"time": 800, "pitch": 68, "duration": 6, "velocity": 116}, {"time": 806, "pitch": 66, "duration": 6, "velocity": 116}, {"time": 812, "pitch": 66, "duration": 6, "velocity": 110}, {"time": 818, "pitch": 66, "duration": 6, "velocity": 110}, {"time": 824, "pitch": 64, "duration": 6, "velocity": 110}, {"time": 830, "pitch": 63, "duration": 6, "velocity": 114}, {"time": 836, "pitch": 61, "duration": 6, "velocity": 108}, {"time": 842, "pitch": 61, "duration": 6, "velocity": 113}, {"time": 848, "pitch": 59, "duration": 6, "velocity": 107}, {"time": 854, "pitch": 61, "duration": 24, "velocity": 113}, {"time": 878, "pitch": 75, "duration": 6, "velocity": 116}, {"time": 884, "pitch": 73, "duration": 12, "velocity": 117}, {"time": 896, "pitch": 68, "duration": 6, "velocity": 116}, {"time": 902, "pitch": 75, "duration": 6, "velocity": 117}, {"time": 908, "pitch": 73, "duration": 12, "velocity": 117}, {"time": 920, "pitch": 68, "duration": 6, "velocity": 107}, {"time": 926, "pitch": 71, "duration": 6, "velocity": 113}, {"time": 932, "pitch": 73, "duration": 6, "velocity": 113}, {"time": 938, "pitch": 73, "duration": 6, "velocity": 108}, {"time": 944, "pitch": 70, "duration": 6, "velocity": 110}, {"time": 950, "pitch": 68, "duration": 24, "velocity": 113}, {"time": 974, "pitch": 75, "duration": 6, "velocity": 117}, {"time": 980, "pitch": 73, "duration": 12, "velocity": 116}, {"time": 992, "pitch": 68, "duration": 6, "velocity": 114}, {"time": 998, "pitch": 75, "duration": 6, "velocity": 116}, {"time": 1004, "pitch": 73, "duration": 12, "velocity": 117}, {"time": 1016, "pitch": 68, "duration": 6, "velocity": 108}, {"time": 1022, "pitch": 71, "duration": 6, "velocity": 108}, {"time": 1028, "pitch": 73, "duration": 6, "velocity": 117}, {"time": 1034, "pitch": 73, "duration": 6, "velocity": 114}, {"time": 1040, "pitch": 70, "duration": 6, "velocity": 113}, {"time": 1046, "pitch": 68, "duration": 24, "velocity": 116}, {"time": 1070, "pitch": 66, "duration": 6, "velocity": 114}, {"time": 1076, "pitch": 66, "duration": 12, "velocity": 108}, {"time": 1088, "pitch": 61, "duration": 6, "velocity": 113}, {"time": 1094, "pitch": 66, "duration": 6, "velocity": 116}, {"time": 1100, "pitch": 66, "duration": 12, "velocity": 116}, {"time": 1112, "pitch": 69, "duration": 6, "velocity": 119}, {"time": 1118, "pitch": 68, "duration": 6, "velocity": 114}, {"time": 1124, "pitch": 66, "duration": 6, "velocity": 113}, {"time": 1130, "pitch": 66, "duration": 6, "velocity": 113}, {"time": 1136, "pitch": 64, "duration": 6, "velocity": 116}, {"time": 1142, "pitch": 66, "duration": 24, "velocity": 116}, {"time": 1166, "pitch": 66, "duration": 6, "velocity": 114}, {"time": 1172, "pitch": 66, "duration": 12, "velocity": 110}, {"time": 1184, "pitch": 61, "duration": 6, "velocity": 102}, {"time": 1190, "pitch": 64, "duration": 6, "velocity": 116}, {"time": 1196, "pitch": 64, "duration": 12, "velocity": 116}, {"time": 1208, "pitch": 66, "duration": 6, "velocity": 113}, {"time": 1214, "pitch": 63, "duration": 6, "velocity": 114}, {"time": 1220, "pitch": 61, "duration": 6, "velocity": 108}, {"time": 1226, "pitch": 61, "duration": 6, "velocity": 113}, {"time": 1232, "pitch": 59, "duration": 6, "velocity": 113}, {"time": 1238, "pitch": 61, "duration": 24, "velocity": 114}, {"time": 1262, "pitch": 75, "duration": 6, "velocity": 116}, {"time": 1268, "pitch": 73, "duration": 12, "velocity": 117}, {"time": 1280, "pitch": 68, "duration": 6, "velocity": 116}, {"time": 1286, "pitch": 75, "duration": 6, "velocity": 117}, {"time": 1292, "pitch": 73, "duration": 12, "velocity": 117}, {"time": 1304, "pitch": 68, "duration": 6, "velocity": 107}, {"time": 1310, "pitch": 71, "duration": 6, "velocity": 113}, {"time": 1316, "pitch": 73, "duration": 6, "velocity": 113}, {"time": 1322, "pitch": 73, "duration": 6, "velocity": 108}, {"time": 1328, "pitch": 70, "duration": 6, "velocity": 110}, {"time": 1334, "pitch": 68, "duration": 24, "velocity": 113}, {"time": 1358, "pitch": 75, "duration": 6, "velocity": 117}, {"time": 1364, "pitch": 73, "duration": 12, "velocity": 116}, {"time": 1376, "pitch": 68, "duration": 6, "velocity": 114}, {"time": 1382, "pitch": 75, "duration": 6, "velocity": 116}, {"time": 1388, "pitch": 73, "duration": 12, "velocity": 117}, {"time": 1400, "pitch": 68, "duration": 6, "velocity": 108}, {"time": 1406, "pitch": 71, "duration": 6, "velocity": 108}, {"time": 1412, "pitch": 73, "duration": 6, "velocity": 117}, {"time": 1418, "pitch": 73, "duration": 6, "velocity": 114}, {"time": 1424, "pitch": 70, "duration": 6, "velocity": 113}, {"time": 1430, "pitch": 68, "duration": 24, "velocity": 116}, {"time": 1454, "pitch": 66, "duration": 6, "velocity": 114}, {"time": 1460, "pitch": 66, "duration": 12, "velocity": 108}, {"time": 1472, "pitch": 61, "duration": 6, "velocity": 113}, {"time": 1478, "pitch": 66, "duration": 6, "velocity": 116}, {"time": 1484, "pitch": 66, "duration": 12, "velocity": 116}, {"time": 1496, "pitch": 69, "duration": 6, "velocity": 119}, {"time": 1502, "pitch": 68, "duration": 6, "velocity": 114}, {"time": 1508, "pitch": 66, "duration": 6, "velocity": 113}, {"time": 1514, "pitch": 66, "duration": 6, "velocity": 113}, {"time": 1520, "pitch": 64, "duration": 6, "velocity": 116}, {"time": 1526, "pitch": 66, "duration": 24, "velocity": 116}, {"time": 1550, "pitch": 66, "duration": 6, "velocity": 114}, {"time": 1556, "pitch": 66, "duration": 12, "velocity": 110}, {"time": 1568, "pitch": 61, "duration": 6, "velocity": 102}, {"time": 1574, "pitch": 64, "duration": 6, "velocity": 116}, {"time": 1580, "pitch": 64, "duration": 12, "velocity": 116}, {"time": 1592, "pitch": 66, "duration": 6, "velocity": 113}, {"time": 1598, "pitch": 63, "duration": 6, "velocity": 114}, {"time": 1604, "pitch": 61, "duration": 6, "velocity": 108}, {"time": 1610, "pitch": 61, "duration": 6, "velocity": 113}, {"time": 1616, "pitch": 59, "duration": 6, "velocity": 113}, {"time": 1622, "pitch": 61, "duration": 12, "velocity": 114}, {"time": 2054, "pitch": 61, "duration": 6, "velocity": 117}, {"time": 2060, "pitch": 61, "duration": 6, "velocity": 117}, {"time": 2066, "pitch": 64, "duration": 6, "velocity": 119}, {"time": 2072, "pitch": 63, "duration": 6, "velocity": 119}, {"time": 2078, "pitch": 61, "duration": 24, "velocity": 119}, {"time": 2102, "pitch": 61, "duration": 6, "velocity": 120}, {"time": 2108, "pitch": 61, "duration": 6, "velocity": 116}, {"time": 2114, "pitch": 68, "duration": 6, "velocity": 120}, {"time": 2120, "pitch": 66, "duration": 6, "velocity": 119}, {"time": 2126, "pitch": 68, "duration": 24, "velocity": 119}, {"time": 2150, "pitch": 68, "duration": 6, "velocity": 119}, {"time": 2156, "pitch": 68, "duration": 6, "velocity": 119}, {"time": 2162, "pitch": 71, "duration": 6, "velocity": 114}, {"time": 2168, "pitch": 68, "duration": 6, "velocity": 116}, {"time": 2174, "pitch": 66, "duration": 6, "velocity": 117}, {"time": 2180, "pitch": 66, "duration": 1, "velocity": 113}, {"time": 2186, "pitch": 66, "duration": 6, "velocity": 116}, {"time": 2192, "pitch": 64, "duration": 3, "velocity": 113}, {"time": 2195, "pitch": 63, "duration": 3, "velocity": 107}, {"time": 2198, "pitch": 61, "duration": 18, "velocity": 116}, {"time": 2216, "pitch": 59, "duration": 6, "velocity": 104}, {"time": 2222, "pitch": 56, "duration": 24, "velocity": 107}, {"time": 2246, "pitch": 61, "duration": 6, "velocity": 102}, {"time": 2252, "pitch": 61, "duration": 6, "velocity": 94}, {"time": 2258, "pitch": 64, "duration": 6, "velocity": 113}, {"time": 2264, "pitch": 63, "duration": 6, "velocity": 104}, {"time": 2270, "pitch": 61, "duration": 24, "velocity": 104}, {"time": 2294, "pitch": 61, "duration": 6, "velocity": 107}, {"time": 2300, "pitch": 61, "duration": 6, "velocity": 104}, {"time": 2306, "pitch": 68, "duration": 6, "velocity": 113}, {"time": 2312, "pitch": 66, "duration": 6, "velocity": 114}, {"time": 2318, "pitch": 68, "duration": 24, "velocity": 117}, {"time": 2342, "pitch": 68, "duration": 6, "velocity": 114}, {"time": 2348, "pitch": 68, "duration": 6, "velocity": 114}, {"time": 2354, "pitch": 71, "duration": 6, "velocity": 110}, {"time": 2360, "pitch": 68, "duration": 6, "velocity": 116}, {"time": 2366, "pitch": 66, "duration": 6, "velocity": 116}, {"time": 2372, "pitch": 66, "duration": 6, "velocity": 110}, {"time": 2378, "pitch": 66, "duration": 6, "velocity": 110}, {"time": 2384, "pitch": 64, "duration": 6, "velocity": 110}, {"time": 2390, "pitch": 63, "duration": 6, "velocity": 114}, {"time": 2396, "pitch": 61, "duration": 6, "velocity": 108}, {"time": 2402, "pitch": 61, "duration": 6, "velocity": 113}, {"time": 2408, "pitch": 59, "duration": 6, "velocity": 107}, {"time": 2414, "pitch": 61, "duration": 24, "velocity": 113}, {"time": 2438, "pitch": 75, "duration": 6, "velocity": 116}, {"time": 2444, "pitch": 73, "duration": 12, "velocity": 117}, {"time": 2456, "pitch": 68, "duration": 6, "velocity": 116}, {"time": 2462, "pitch": 75, "duration": 6, "velocity": 117}, {"time": 2468, "pitch": 73, "duration": 12, "velocity": 117}, {"time": 2480, "pitch": 68, "duration": 6, "velocity": 107}, {"time": 2486, "pitch": 71, "duration": 6, "velocity": 113}, {"time": 2492, "pitch": 73, "duration": 6, "velocity": 113}, {"time": 2498, "pitch": 73, "duration": 6, "velocity": 108}, {"time": 2504, "pitch": 70, "duration": 6, "velocity": 110}, {"time": 2510, "pitch": 68, "duration": 24, "velocity": 113}, {"time": 2534, "pitch": 75, "duration": 6, "velocity": 117}, {"time": 2540, "pitch": 73, "duration": 12, "velocity": 116}, {"time": 2552, "pitch": 68, "duration": 6, "velocity": 114}, {"time": 2558, "pitch": 75, "duration": 6, "velocity": 116}, {"time": 2564, "pitch": 73, "duration": 12, "velocity": 117}, {"time": 2576, "pitch": 68, "duration": 6, "velocity": 108}, {"time": 2582, "pitch": 71, "duration": 6, "velocity": 108}, {"time": 2588, "pitch": 73, "duration": 6, "velocity": 117}, {"time": 2594, "pitch": 73, "duration": 6, "velocity": 114}, {"time": 2600, "pitch": 70, "duration": 6, "velocity": 113}, {"time": 2606, "pitch": 68, "duration": 24, "velocity": 116}, {"time": 2630, "pitch": 66, "duration": 6, "velocity": 114}, {"time": 2636, "pitch": 66, "duration": 12, "velocity": 108}, {"time": 2648, "pitch": 61, "duration": 6, "velocity": 113}, {"time": 2654, "pitch": 66, "duration": 6, "velocity": 116}, {"time": 2660, "pitch": 66, "duration": 12, "velocity": 116}, {"time": 2672, "pitch": 69, "duration": 6, "velocity": 119}, {"time": 2678, "pitch": 68, "duration": 6, "velocity": 114}, {"time": 2684, "pitch": 66, "duration": 6, "velocity": 113}, {"time": 2690, "pitch": 66, "duration": 6, "velocity": 113}, {"time": 2696, "pitch": 64, "duration": 6, "velocity": 116}, {"time": 2702, "pitch": 66, "duration": 24, "velocity": 116}, {"time": 2726, "pitch": 66, "duration": 6, "velocity": 114}, {"time": 2732, "pitch": 66, "duration": 12, "velocity": 110}, {"time": 2744, "pitch": 61, "duration": 6, "velocity": 102}, {"time": 2750, "pitch": 64, "duration": 6, "velocity": 116}, {"time": 2756, "pitch": 64, "duration": 12, "velocity": 116}, {"time": 2768, "pitch": 66, "duration": 6, "velocity": 113}, {"time": 2774, "pitch": 63, "duration": 6, "velocity": 114}, {"time": 2780, "pitch": 61, "duration": 6, "velocity": 108}, {"time": 2786, "pitch": 61, "duration": 6, "velocity": 113}, {"time": 2792, "pitch": 59, "duration": 6, "velocity": 113}, {"time": 2798, "pitch": 61, "duration": 24, "velocity": 114}, {"time": 2822, "pitch": 75, "duration": 6, "velocity": 116}, {"time": 2828, "pitch": 73, "duration": 12, "velocity": 117}, {"time": 2840, "pitch": 68, "duration": 6, "velocity": 116}, {"time": 2846, "pitch": 75, "duration": 6, "velocity": 117}, {"time": 2852, "pitch": 73, "duration": 12, "velocity": 117}, {"time": 2864, "pitch": 68, "duration": 6, "velocity": 107}, {"time": 2870, "pitch": 71, "duration": 6, "velocity": 113}, {"time": 2876, "pitch": 73, "duration": 6, "velocity": 113}, {"time": 2882, "pitch": 73, "duration": 6, "velocity": 108}, {"time": 2888, "pitch": 70, "duration": 6, "velocity": 110}, {"time": 2894, "pitch": 68, "duration": 24, "velocity": 113}, {"time": 2918, "pitch": 75, "duration": 6, "velocity": 117}, {"time": 2924, "pitch": 73, "duration": 12, "velocity": 116}, {"time": 2936, "pitch": 68, "duration": 6, "velocity": 114}, {"time": 2942, "pitch": 75, "duration": 6, "velocity": 116}, {"time": 2948, "pitch": 73, "duration": 12, "velocity": 117}, {"time": 2960, "pitch": 68, "duration": 6, "velocity": 108}, {"time": 2966, "pitch": 71, "duration": 6, "velocity": 108}, {"time": 2972, "pitch": 73, "duration": 6, "velocity": 117}, {"time": 2978, "pitch": 73, "duration": 6, "velocity": 114}, {"time": 2984, "pitch": 70, "duration": 6, "velocity": 113}, {"time": 2990, "pitch": 68, "duration": 24, "velocity": 116}, {"time": 3014, "pitch": 66, "duration": 6, "velocity": 114}, {"time": 3020, "pitch": 66, "duration": 12, "velocity": 108}, {"time": 3032, "pitch": 61, "duration": 6, "velocity": 113}, {"time": 3038, "pitch": 66, "duration": 6, "velocity": 116}, {"time": 3044, "pitch": 66, "duration": 12, "velocity": 116}, {"time": 3056, "pitch": 69, "duration": 6, "velocity": 119}, {"time": 3062, "pitch": 68, "duration": 6, "velocity": 114}, {"time": 3068, "pitch": 66, "duration": 6, "velocity": 113}, {"time": 3074, "pitch": 66, "duration": 6, "velocity": 113}, {"time": 3080, "pitch": 64, "duration": 6, "velocity": 116}, {"time": 3086, "pitch": 66, "duration": 24, "velocity": 116}, {"time": 3110, "pitch": 66, "duration": 6, "velocity": 114}, {"time": 3116, "pitch": 66, "duration": 12, "velocity": 110}, {"time": 3128, "pitch": 61, "duration": 6, "velocity": 102}, {"time": 3134, "pitch": 64, "duration": 6, "velocity": 116}, {"time": 3140, "pitch": 64, "duration": 12, "velocity": 116}, {"time": 3152, "pitch": 66, "duration": 6, "velocity": 113}, {"time": 3158, "pitch": 63, "duration": 6, "velocity": 114}, {"time": 3164, "pitch": 61, "duration": 6, "velocity": 108}, {"time": 3170, "pitch": 61, "duration": 6, "velocity": 113}, {"time": 3176, "pitch": 59, "duration": 6, "velocity": 113}, {"time": 3182, "pitch": 61, "duration": 12, "velocity": 114}]}, {"program": 0, "is_drum": false, "name": "BRIDGE", "notes": [{"time": 62, "pitch": 73, "duration": 48, "velocity": 114}, {"time": 110, "pitch": 68, "duration": 6, "velocity": 107}, {"time": 116, "pitch": 73, "duration": 6, "velocity": 108}, {"time": 122, "pitch": 76, "duration": 6, "velocity": 114}, {"time": 128, "pitch": 73, "duration": 3, "velocity": 86}, {"time": 131, "pitch": 71, "duration": 3, "velocity": 80}, {"time": 134, "pitch": 73, "duration": 24, "velocity": 87}, {"time": 158, "pitch": 68, "duration": 6, "velocity": 87}, {"time": 164, "pitch": 71, "duration": 6, "velocity": 86}, {"time": 170, "pitch": 75, "duration": 6, "velocity": 87}, {"time": 176, "pitch": 71, "duration": 6, "velocity": 86}, {"time": 182, "pitch": 68, "duration": 24, "velocity": 88}, {"time": 206, "pitch": 73, "duration": 7, "velocity": 87}, {"time": 212, "pitch": 76, "duration": 6, "velocity": 86}, {"time": 218, "pitch": 78, "duration": 12, "velocity": 89}, {"time": 230, "pitch": 78, "duration": 18, "velocity": 91}, {"time": 248, "pitch": 81, "duration": 6, "velocity": 103}, {"time": 254, "pitch": 80, "duration": 24, "velocity": 102}, {"time": 278, "pitch": 61, "duration": 3, "velocity": 83}, {"time": 281, "pitch": 64, "duration": 3, "velocity": 78}, {"time": 284, "pitch": 68, "duration": 3, "velocity": 80}, {"time": 287, "pitch": 64, "duration": 3, "velocity": 78}, {"time": 290, "pitch": 68, "duration": 3, "velocity": 78}, {"time": 293, "pitch": 73, "duration": 3, "velocity": 78}, {"time": 296, "pitch": 73, "duration": 3, "velocity": 86}, {"time": 299, "pitch": 76, "duration": 3, "velocity": 83}, {"time": 302, "pitch": 80, "duration": 6, "velocity": 102}, {"time": 308, "pitch": 85, "duration": 12, "velocity": 116}, {"time": 320, "pitch": 83, "duration": 6, "velocity": 116}, {"time": 326, "pitch": 85, "duration": 12, "velocity": 117}, {"time": 338, "pitch": 83, "duration": 6, "velocity": 107}, {"time": 344, "pitch": 80, "duration": 6, "velocity": 108}, {"time": 350, "pitch": 78, "duration": 6, "velocity": 92}, {"time": 356, "pitch": 80, "duration": 6, "velocity": 93}, {"time": 362, "pitch": 78, "duration": 6, "velocity": 91}, {"time": 368, "pitch": 76, "duration": 6, "velocity": 87}, {"time": 374, "pitch": 73, "duration": 12, "velocity": 87}, {"time": 386, "pitch": 75, "duration": 6, "velocity": 93}, {"time": 392, "pitch": 76, "duration": 6, "velocity": 92}, {"time": 398, "pitch": 75, "duration": 18, "velocity": 94}, {"time": 416, "pitch": 73, "duration": 6, "velocity": 91}, {"time": 422, "pitch": 71, "duration": 12, "velocity": 93}, {"time": 434, "pitch": 73, "duration": 6, "velocity": 94}, {"time": 440, "pitch": 75, "duration": 6, "velocity": 94}, {"time": 446, "pitch": 73, "duration": 12, "velocity": 88}, {"time": 524, "pitch": 80, "duration": 6, "velocity": 102}, {"time": 530, "pitch": 78, "duration": 6, "velocity": 94}, {"time": 536, "pitch": 80, "duration": 6, "velocity": 90}, {"time": 542, "pitch": 85, "duration": 30, "velocity": 107}, {"time": 572, "pitch": 73, "duration": 6, "velocity": 96}, {"time": 578, "pitch": 76, "duration": 6, "velocity": 107}, {"time": 584, "pitch": 78, "duration": 6, "velocity": 96}, {"time": 590, "pitch": 80, "duration": 12, "velocity": 104}, {"time": 602, "pitch": 83, "duration": 6, "velocity": 107}, {"time": 608, "pitch": 80, "duration": 6, "velocity": 102}, {"time": 614, "pitch": 78, "duration": 18, "velocity": 94}, {"time": 632, "pitch": 75, "duration": 6, "velocity": 91}, {"time": 638, "pitch": 73, "duration": 18, "velocity": 91}, {"time": 656, "pitch": 71, "duration": 6, "velocity": 90}, {"time": 662, "pitch": 68, "duration": 6, "velocity": 89}, {"time": 668, "pitch": 87, "duration": 6, "velocity": 113}, {"time": 674, "pitch": 85, "duration": 6, "velocity": 98}, {"time": 680, "pitch": 83, "duration": 6, "velocity": 93}, {"time": 686, "pitch": 80, "duration": 30, "velocity": 94}, {"time": 716, "pitch": 80, "duration": 6, "velocity": 113}, {"time": 722, "pitch": 78, "duration": 6, "velocity": 94}, {"time": 728, "pitch": 76, "duration": 6, "velocity": 92}, {"time": 734, "pitch": 73, "duration": 30, "velocity": 91}, {"time": 764, "pitch": 87, "duration": 6, "velocity": 113}, {"time": 770, "pitch": 85, "duration": 6, "velocity": 108}, {"time": 776, "pitch": 83, "duration": 6, "velocity": 98}, {"time": 782, "pitch": 80, "duration": 27, "velocity": 102}, {"time": 860, "pitch": 68, "duration": 3, "velocity": 102}, {"time": 863, "pitch": 71, "duration": 3, "velocity": 94}, {"time": 866, "pitch": 73, "duration": 3, "velocity": 107}, {"time": 869, "pitch": 76, "duration": 3, "velocity": 100}, {"time": 872, "pitch": 78, "duration": 3, "velocity": 91}, {"time": 875, "pitch": 80, "duration": 3, "velocity": 93}, {"time": 878, "pitch": 87, "duration": 6, "velocity": 117}, {"time": 884, "pitch": 85, "duration": 18, "velocity": 100}, {"time": 902, "pitch": 87, "duration": 6, "velocity": 113}, {"time": 908, "pitch": 85, "duration": 18, "velocity": 108}, {"time": 926, "pitch": 83, "duration": 18, "velocity": 96}, {"time": 944, "pitch": 82, "duration": 6, "velocity": 116}, {"time": 950, "pitch": 80, "duration": 24, "velocity": 110}, {"time": 974, "pitch": 87, "duration": 6, "velocity": 116}, {"time": 980, "pitch": 85, "duration": 18, "velocity": 113}, {"time": 998, "pitch": 87, "duration": 6, "velocity": 116}, {"time": 1004, "pitch": 85, "duration": 18, "velocity": 110}, {"time": 1022, "pitch": 83, "duration": 18, "velocity": 114}, {"time": 1040, "pitch": 82, "duration": 8, "velocity": 114}, {"time": 1046, "pitch": 80, "duration": 12, "velocity": 114}, {"time": 1058, "pitch": 73, "duration": 3, "velocity": 110}, {"time": 1061, "pitch": 76, "duration": 3, "velocity": 98}, {"time": 1064, "pitch": 78, "duration": 3, "velocity": 98}, {"time": 1067, "pitch": 80, "duration": 3, "velocity": 104}, {"time": 1070, "pitch": 78, "duration": 30, "velocity": 110}, {"time": 1244, "pitch": 68, "duration": 3, "velocity": 102}, {"time": 1247, "pitch": 71, "duration": 3, "velocity": 94}, {"time": 1250, "pitch": 73, "duration": 3, "velocity": 107}, {"time": 1253, "pitch": 76, "duration": 3, "velocity": 100}, {"time": 1256, "pitch": 78, "duration": 3, "velocity": 91}, {"time": 1259, "pitch": 80, "duration": 3, "velocity": 93}, {"time": 1262, "pitch": 87, "duration": 6, "velocity": 117}, {"time": 1268, "pitch": 85, "duration": 18, "velocity": 100}, {"time": 1286, "pitch": 87, "duration": 6, "velocity": 113}, {"time": 1292, "pitch": 85, "duration": 18, "velocity": 108}, {"time": 1310, "pitch": 83, "duration": 18, "velocity": 96}, {"time": 1328, "pitch": 82, "duration": 6, "velocity": 116}, {"time": 1334, "pitch": 80, "duration": 24, "velocity": 110}, {"time": 1358, "pitch": 87, "duration": 6, "velocity": 116}, {"time": 1364, "pitch": 85, "duration": 18, "velocity": 113}, {"time": 1382, "pitch": 87, "duration": 6, "velocity": 116}, {"time": 1388, "pitch": 85, "duration": 18, "velocity": 110}, {"time": 1406, "pitch": 83, "duration": 18, "velocity": 114}, {"time": 1424, "pitch": 82, "duration": 8, "velocity": 114}, {"time": 1430, "pitch": 80, "duration": 12, "velocity": 114}, {"time": 1442, "pitch": 73, "duration": 3, "velocity": 110}, {"time": 1445, "pitch": 76, "duration": 3, "velocity": 98}, {"time": 1448, "pitch": 78, "duration": 3, "velocity": 98}, {"time": 1451, "pitch": 80, "duration": 3, "velocity": 104}, {"time": 1454, "pitch": 78, "duration": 12, "velocity": 110}, {"time": 1646, "pitch": 85, "duration": 6, "velocity": 113}, {"time": 1652, "pitch": 83, "duration": 6, "velocity": 108}, {"time": 1658, "pitch": 80, "duration": 6, "velocity": 104}, {"time": 1664, "pitch": 76, "duration": 6, "velocity": 96}, {"time": 1670, "pitch": 68, "duration": 6, "velocity": 107}, {"time": 1676, "pitch": 73, "duration": 6, "velocity": 110}, {"time": 1682, "pitch": 73, "duration": 6, "velocity": 108}, {"time": 1688, "pitch": 71, "duration": 6, "velocity": 107}, {"time": 1694, "pitch": 73, "duration": 24, "velocity": 113}, {"time": 1718, "pitch": 68, "duration": 6, "velocity": 107}, {"time": 1724, "pitch": 71, "duration": 6, "velocity": 87}, {"time": 1730, "pitch": 75, "duration": 6, "velocity": 108}, {"time": 1736, "pitch": 71, "duration": 6, "velocity": 88}, {"time": 1742, "pitch": 68, "duration": 24, "velocity": 91}, {"time": 1766, "pitch": 73, "duration": 6, "velocity": 102}, {"time": 1772, "pitch": 76, "duration": 6, "velocity": 88}, {"time": 1778, "pitch": 78, "duration": 6, "velocity": 92}, {"time": 1784, "pitch": 76, "duration": 6, "velocity": 86}, {"time": 1790, "pitch": 78, "duration": 12, "velocity": 94}, {"time": 1802, "pitch": 78, "duration": 6, "velocity": 104}, {"time": 1808, "pitch": 81, "duration": 6, "velocity": 109}, {"time": 1814, "pitch": 80, "duration": 12, "velocity": 110}, {"time": 1826, "pitch": 56, "duration": 3, "velocity": 88}, {"time": 1829, "pitch": 59, "duration": 3, "velocity": 84}, {"time": 1832, "pitch": 61, "duration": 3, "velocity": 81}, {"time": 1835, "pitch": 64, "duration": 3, "velocity": 86}, {"time": 1838, "pitch": 64, "duration": 3, "velocity": 88}, {"time": 1841, "pitch": 68, "duration": 3, "velocity": 83}, {"time": 1844, "pitch": 71, "duration": 3, "velocity": 81}, {"time": 1847, "pitch": 73, "duration": 3, "velocity": 86}, {"time": 1850, "pitch": 75, "duration": 3, "velocity": 86}, {"time": 1853, "pitch": 76, "duration": 3, "velocity": 98}, {"time": 1856, "pitch": 78, "duration": 3, "velocity": 78}, {"time": 1859, "pitch": 80, "duration": 3, "velocity": 88}, {"time": 1862, "pitch": 80, "duration": 6, "velocity": 113}, {"time": 1868, "pitch": 85, "duration": 12, "velocity": 104}, {"time": 1880, "pitch": 83, "duration": 6, "velocity": 116}, {"time": 1886, "pitch": 85, "duration": 12, "velocity": 119}, {"time": 1898, "pitch": 83, "duration": 6, "velocity": 110}, {"time": 1904, "pitch": 80, "duration": 6, "velocity": 100}, {"time": 1910, "pitch": 78, "duration": 6, "velocity": 92}, {"time": 1916, "pitch": 80, "duration": 7, "velocity": 94}, {"time": 1922, "pitch": 78, "duration": 7, "velocity": 93}, {"time": 1928, "pitch": 76, "duration": 6, "velocity": 89}, {"time": 1934, "pitch": 73, "duration": 12, "velocity": 93}, {"time": 1946, "pitch": 75, "duration": 6, "velocity": 96}, {"time": 1952, "pitch": 76, "duration": 6, "velocity": 87}, {"time": 1958, "pitch": 75, "duration": 18, "velocity": 92}, {"time": 1976, "pitch": 73, "duration": 7, "velocity": 86}, {"time": 1982, "pitch": 71, "duration": 12, "velocity": 90}, {"time": 1994, "pitch": 73, "duration": 6, "velocity": 91}, {"time": 2000, "pitch": 75, "duration": 6, "velocity": 91}, {"time": 2006, "pitch": 73, "duration": 9, "velocity": 88}, {"time": 2084, "pitch": 80, "duration": 6, "velocity": 102}, {"time": 2090, "pitch": 78, "duration": 6, "velocity": 94}, {"time": 2090, "pitch": 80, "duration": 6, "velocity": 107}, {"time": 2096, "pitch": 80, "duration": 1, "velocity": 90}, {"time": 2096, "pitch": 83, "duration": 6, "velocity": 104}, {"time": 2102, "pitch": 85, "duration": 30, "velocity": 107}, {"time": 2102, "pitch": 85, "duration": 30, "velocity": 113}, {"time": 2132, "pitch": 73, "duration": 6, "velocity": 96}, {"time": 2138, "pitch": 76, "duration": 6, "velocity": 107}, {"time": 2138, "pitch": 80, "duration": 6, "velocity": 102}, {"time": 2144, "pitch": 78, "duration": 6, "velocity": 96}, {"time": 2144, "pitch": 85, "duration": 6, "velocity": 110}, {"time": 2150, "pitch": 80, "duration": 12, "velocity": 104}, {"time": 2150, "pitch": 83, "duration": 12, "velocity": 114}, {"time": 2162, "pitch": 83, "duration": 6, "velocity": 107}, {"time": 2168, "pitch": 80, "duration": 6, "velocity": 102}, {"time": 2174, "pitch": 78, "duration": 18, "velocity": 94}, {"time": 2192, "pitch": 75, "duration": 6, "velocity": 91}, {"time": 2198, "pitch": 73, "duration": 18, "velocity": 91}, {"time": 2216, "pitch": 71, "duration": 6, "velocity": 90}, {"time": 2222, "pitch": 68, "duration": 6, "velocity": 89}, {"time": 2228, "pitch": 87, "duration": 6, "velocity": 113}, {"time": 2234, "pitch": 85, "duration": 6, "velocity": 98}, {"time": 2240, "pitch": 83, "duration": 6, "velocity": 93}, {"time": 2246, "pitch": 80, "duration": 30, "velocity": 94}, {"time": 2276, "pitch": 80, "duration": 6, "velocity": 113}, {"time": 2282, "pitch": 78, "duration": 6, "velocity": 94}, {"time": 2288, "pitch": 76, "duration": 6, "velocity": 92}, {"time": 2294, "pitch": 73, "duration": 30, "velocity": 91}, {"time": 2324, "pitch": 87, "duration": 6, "velocity": 113}, {"time": 2330, "pitch": 85, "duration": 6, "velocity": 108}, {"time": 2336, "pitch": 83, "duration": 6, "velocity": 98}, {"time": 2342, "pitch": 80, "duration": 24, "velocity": 102}, {"time": 2420, "pitch": 68, "duration": 3, "velocity": 102}, {"time": 2423, "pitch": 71, "duration": 3, "velocity": 94}, {"time": 2426, "pitch": 73, "duration": 3, "velocity": 107}, {"time": 2429, "pitch": 76, "duration": 3, "velocity": 100}, {"time": 2432, "pitch": 78, "duration": 3, "velocity": 91}, {"time": 2435, "pitch": 80, "duration": 3, "velocity": 93}, {"time": 2438, "pitch": 87, "duration": 6, "velocity": 117}, {"time": 2444, "pitch": 85, "duration": 18, "velocity": 100}, {"time": 2462, "pitch": 87, "duration": 6, "velocity": 113}, {"time": 2468, "pitch": 85, "duration": 18, "velocity": 108}, {"time": 2486, "pitch": 83, "duration": 18, "velocity": 96}, {"time": 2504, "pitch": 82, "duration": 6, "velocity": 116}, {"time": 2510, "pitch": 80, "duration": 24, "velocity": 110}, {"time": 2534, "pitch": 87, "duration": 6, "velocity": 116}, {"time": 2540, "pitch": 85, "duration": 18, "velocity": 113}, {"time": 2558, "pitch": 87, "duration": 6, "velocity": 116}, {"time": 2564, "pitch": 85, "duration": 18, "velocity": 110}, {"time": 2582, "pitch": 83, "duration": 18, "velocity": 114}, {"time": 2600, "pitch": 82, "duration": 8, "velocity": 114}, {"time": 2606, "pitch": 80, "duration": 12, "velocity": 114}, {"time": 2618, "pitch": 73, "duration": 3, "velocity": 110}, {"time": 2621, "pitch": 76, "duration": 3, "velocity": 98}, {"time": 2624, "pitch": 78, "duration": 3, "velocity": 98}, {"time": 2627, "pitch": 80, "duration": 3, "velocity": 104}, {"time": 2630, "pitch": 78, "duration": 45, "velocity": 110}, {"time": 2804, "pitch": 68, "duration": 3, "velocity": 102}, {"time": 2807, "pitch": 71, "duration": 3, "velocity": 94}, {"time": 2810, "pitch": 73, "duration": 3, "velocity": 107}, {"time": 2813, "pitch": 76, "duration": 3, "velocity": 100}, {"time": 2816, "pitch": 78, "duration": 3, "velocity": 91}, {"time": 2819, "pitch": 80, "duration": 3, "velocity": 93}, {"time": 2822, "pitch": 87, "duration": 6, "velocity": 117}, {"time": 2828, "pitch": 85, "duration": 18, "velocity": 100}, {"time": 2846, "pitch": 87, "duration": 6, "velocity": 113}, {"time": 2852, "pitch": 85, "duration": 18, "velocity": 108}, {"time": 2870, "pitch": 83, "duration": 18, "velocity": 96}, {"time": 2888, "pitch": 82, "duration": 6, "velocity": 116}, {"time": 2894, "pitch": 80, "duration": 24, "velocity": 110}, {"time": 2918, "pitch": 87, "duration": 6, "velocity": 116}, {"time": 2924, "pitch": 85, "duration": 18, "velocity": 113}, {"time": 2942, "pitch": 87, "duration": 6, "velocity": 116}, {"time": 2948, "pitch": 85, "duration": 18, "velocity": 110}, {"time": 2966, "pitch": 83, "duration": 18, "velocity": 114}, {"time": 2984, "pitch": 82, "duration": 8, "velocity": 114}, {"time": 2990, "pitch": 80, "duration": 12, "velocity": 114}, {"time": 3002, "pitch": 73, "duration": 3, "velocity": 110}, {"time": 3005, "pitch": 76, "duration": 3, "velocity": 98}, {"time": 3008, "pitch": 78, "duration": 3, "velocity": 98}, {"time": 3011, "pitch": 80, "duration": 3, "velocity": 104}, {"time": 3014, "pitch": 78, "duration": 12, "velocity": 110}, {"time": 3206, "pitch": 85, "duration": 6, "velocity": 113}, {"time": 3212, "pitch": 83, "duration": 6, "velocity": 100}, {"time": 3218, "pitch": 80, "duration": 6, "velocity": 107}, {"time": 3224, "pitch": 76, "duration": 6, "velocity": 100}, {"time": 3230, "pitch": 78, "duration": 24, "velocity": 107}, {"time": 3254, "pitch": 76, "duration": 18, "velocity": 92}, {"time": 3272, "pitch": 76, "duration": 6, "velocity": 91}, {"time": 3278, "pitch": 75, "duration": 6, "velocity": 100}, {"time": 3284, "pitch": 73, "duration": 6, "velocity": 86}, {"time": 3290, "pitch": 73, "duration": 6, "velocity": 100}, {"time": 3296, "pitch": 71, "duration": 6, "velocity": 94}, {"time": 3302, "pitch": 73, "duration": 24, "velocity": 110}, {"time": 3326, "pitch": 78, "duration": 24, "velocity": 113}, {"time": 3350, "pitch": 76, "duration": 18, "velocity": 108}, {"time": 3368, "pitch": 78, "duration": 6, "velocity": 102}, {"time": 3374, "pitch": 75, "duration": 6, "velocity": 93}, {"time": 3380, "pitch": 73, "duration": 6, "velocity": 93}, {"time": 3386, "pitch": 73, "duration": 6, "velocity": 91}, {"time": 3392, "pitch": 71, "duration": 48, "velocity": 87}, {"time": 3440, "pitch": 73, "duration": 9, "velocity": 88}]}, {"program": 0, "is_drum": false, "name": "PIANO", "notes": [{"time": 110, "pitch": 49, "duration": 19, "velocity": 89}, {"time": 116, "pitch": 56, "duration": 18, "velocity": 68}, {"time": 122, "pitch": 64, "duration": 15, "velocity": 86}, {"time": 122, "pitch": 68, "duration": 12, "velocity": 76}, {"time": 128, "pitch": 61, "duration": 10, "velocity": 77}, {"time": 134, "pitch": 49, "duration": 18, "velocity": 78}, {"time": 140, "pitch": 56, "duration": 18, "velocity": 69}, {"time": 146, "pitch": 64, "duration": 12, "velocity": 90}, {"time": 146, "pitch": 68, "duration": 9, "velocity": 83}, {"time": 152, "pitch": 61, "duration": 7, "velocity": 81}, {"time": 158, "pitch": 51, "duration": 24, "velocity": 87}, {"time": 164, "pitch": 63, "duration": 17, "velocity": 70}, {"time": 170, "pitch": 66, "duration": 10, "velocity": 87}, {"time": 182, "pitch": 44, "duration": 18, "velocity": 80}, {"time": 188, "pitch": 51, "duration": 13, "velocity": 82}, {"time": 194, "pitch": 56, "duration": 12, "velocity": 82}, {"time": 200, "pitch": 60, "duration": 7, "velocity": 86}, {"time": 206, "pitch": 49, "duration": 17, "velocity": 86}, {"time": 212, "pitch": 56, "duration": 11, "velocity": 80}, {"time": 218, "pitch": 64, "duration": 11, "velocity": 82}, {"time": 224, "pitch": 61, "duration": 8, "velocity": 81}, {"time": 230, "pitch": 42, "duration": 18, "velocity": 86}, {"time": 236, "pitch": 54, "duration": 18, "velocity": 79}, {"time": 242, "pitch": 57, "duration": 11, "velocity": 83}, {"time": 248, "pitch": 61, "duration": 6, "velocity": 77}, {"time": 254, "pitch": 44, "duration": 20, "velocity": 85}, {"time": 260, "pitch": 51, "duration": 18, "velocity": 80}, {"time": 266, "pitch": 60, "duration": 16, "velocity": 85}, {"time": 272, "pitch": 63, "duration": 12, "velocity": 87}, {"time": 278, "pitch": 44, "duration": 14, "velocity": 85}, {"time": 284, "pitch": 51, "duration": 8, "velocity": 87}, {"time": 290, "pitch": 60, "duration": 6, "velocity": 95}, {"time": 296, "pitch": 68, "duration": 8, "velocity": 78}, {"time": 302, "pitch": 49, "duration": 21, "velocity": 92}, {"time": 308, "pitch": 56, "duration": 16, "velocity": 85}, {"time": 314, "pitch": 64, "duration": 21, "velocity": 96}, {"time": 320, "pitch": 61, "duration": 19, "velocity": 87}, {"time": 326, "pitch": 49, "duration": 20, "velocity": 88}, {"time": 332, "pitch": 56, "duration": 18, "velocity": 86}, {"time": 338, "pitch": 68, "duration": 11, "velocity": 86}, {"time": 344, "pitch": 64, "duration": 8, "velocity": 82}, {"time": 350, "pitch": 42, "duration": 17, "velocity": 82}, {"time": 350, "pitch": 57, "duration": 7, "velocity": 82}, {"time": 350, "pitch": 61, "duration": 7, "velocity": 86}, {"time": 350, "pitch": 66, "duration": 5, "velocity": 84}, {"time": 356, "pitch": 49, "duration": 11, "velocity": 64}, {"time": 362, "pitch": 57, "duration": 5, "velocity": 83}, {"time": 362, "pitch": 61, "duration": 10, "velocity": 83}, {"time": 362, "pitch": 66, "duration": 5, "velocity": 86}, {"time": 374, "pitch": 49, "duration": 18, "velocity": 87}, {"time": 374, "pitch": 61, "duration": 9, "velocity": 86}, {"time": 374, "pitch": 64, "duration": 8, "velocity": 86}, {"time": 380, "pitch": 56, "duration": 10, "velocity": 38}, {"time": 386, "pitch": 61, "duration": 11, "velocity": 84}, {"time": 386, "pitch": 64, "duration": 9, "velocity": 86}, {"time": 398, "pitch": 44, "duration": 38, "velocity": 76}, {"time": 398, "pitch": 56, "duration": 40, "velocity": 69}, {"time": 398, "pitch": 59, "duration": 12, "velocity": 79}, {"time": 398, "pitch": 63, "duration": 13, "velocity": 84}, {"time": 398, "pitch": 66, "duration": 13, "velocity": 82}, {"time": 446, "pitch": 49, "duration": 20, "velocity": 76}, {"time": 452, "pitch": 56, "duration": 18, "velocity": 58}, {"time": 458, "pitch": 68, "duration": 16, "velocity": 88}, {"time": 464, "pitch": 64, "duration": 13, "velocity": 84}, {"time": 470, "pitch": 49, "duration": 19, "velocity": 76}, {"time": 476, "pitch": 56, "duration": 18, "velocity": 78}, {"time": 482, "pitch": 63, "duration": 6, "velocity": 87}, {"time": 488, "pitch": 64, "duration": 8, "velocity": 88}, {"time": 494, "pitch": 49, "duration": 21, "velocity": 87}, {"time": 500, "pitch": 56, "duration": 18, "velocity": 78}, {"time": 506, "pitch": 68, "duration": 6, "velocity": 98}, {"time": 512, "pitch": 64, "duration": 14, "velocity": 86}, {"time": 518, "pitch": 49, "duration": 20, "velocity": 79}, {"time": 524, "pitch": 56, "duration": 17, "velocity": 78}, {"time": 530, "pitch": 61, "duration": 6, "velocity": 86}, {"time": 536, "pitch": 63, "duration": 12, "velocity": 91}, {"time": 542, "pitch": 49, "duration": 17, "velocity": 88}, {"time": 548, "pitch": 56, "duration": 11, "velocity": 82}, {"time": 554, "pitch": 64, "duration": 5, "velocity": 104}, {"time": 560, "pitch": 66, "duration": 9, "velocity": 89}, {"time": 566, "pitch": 44, "duration": 3, "velocity": 86}, {"time": 566, "pitch": 60, "duration": 16, "velocity": 88}, {"time": 566, "pitch": 68, "duration": 15, "velocity": 92}, {"time": 572, "pitch": 44, "duration": 6, "velocity": 88}, {"time": 578, "pitch": 42, "duration": 6, "velocity": 88}, {"time": 584, "pitch": 40, "duration": 6, "velocity": 76}, {"time": 590, "pitch": 37, "duration": 16, "velocity": 88}, {"time": 596, "pitch": 49, "duration": 15, "velocity": 81}, {"time": 602, "pitch": 61, "duration": 14, "velocity": 84}, {"time": 608, "pitch": 64, "duration": 6, "velocity": 88}, {"time": 614, "pitch": 42, "duration": 19, "velocity": 87}, {"time": 620, "pitch": 54, "duration": 18, "velocity": 82}, {"time": 626, "pitch": 57, "duration": 13, "velocity": 84}, {"time": 632, "pitch": 61, "duration": 6, "velocity": 81}, {"time": 638, "pitch": 49, "duration": 18, "velocity": 88}, {"time": 644, "pitch": 56, "duration": 11, "velocity": 81}, {"time": 650, "pitch": 63, "duration": 10, "velocity": 83}, {"time": 656, "pitch": 61, "duration": 8, "velocity": 84}, {"time": 662, "pitch": 44, "duration": 17, "velocity": 88}, {"time": 668, "pitch": 56, "duration": 18, "velocity": 84}, {"time": 674, "pitch": 60, "duration": 6, "velocity": 91}, {"time": 680, "pitch": 68, "duration": 10, "velocity": 87}, {"time": 686, "pitch": 49, "duration": 20, "velocity": 87}, {"time": 692, "pitch": 56, "duration": 18, "velocity": 83}, {"time": 698, "pitch": 68, "duration": 13, "velocity": 98}, {"time": 704, "pitch": 64, "duration": 12, "velocity": 88}, {"time": 710, "pitch": 49, "duration": 20, "velocity": 86}, {"time": 716, "pitch": 56, "duration": 18, "velocity": 86}, {"time": 722, "pitch": 61, "duration": 8, "velocity": 82}, {"time": 728, "pitch": 63, "duration": 12, "velocity": 88}, {"time": 734, "pitch": 49, "duration": 24, "velocity": 89}, {"time": 740, "pitch": 61, "duration": 7, "velocity": 82}, {"time": 746, "pitch": 68, "duration": 11, "velocity": 88}, {"time": 752, "pitch": 61, "duration": 4, "velocity": 84}, {"time": 758, "pitch": 44, "duration": 3, "velocity": 84}, {"time": 758, "pitch": 60, "duration": 18, "velocity": 91}, {"time": 758, "pitch": 68, "duration": 18, "velocity": 91}, {"time": 764, "pitch": 42, "duration": 4, "velocity": 91}, {"time": 770, "pitch": 40, "duration": 3, "velocity": 90}, {"time": 776, "pitch": 39, "duration": 5, "velocity": 88}, {"time": 782, "pitch": 37, "duration": 16, "velocity": 83}, {"time": 782, "pitch": 61, "duration": 8, "velocity": 81}, {"time": 782, "pitch": 68, "duration": 6, "velocity": 86}, {"time": 794, "pitch": 61, "duration": 9, "velocity": 88}, {"time": 794, "pitch": 68, "duration": 4, "velocity": 88}, {"time": 806, "pitch": 42, "duration": 18, "velocity": 83}, {"time": 806, "pitch": 57, "duration": 7, "velocity": 85}, {"time": 806, "pitch": 66, "duration": 6, "velocity": 88}, {"time": 812, "pitch": 54, "duration": 17, "velocity": 74}, {"time": 818, "pitch": 57, "duration": 6, "velocity": 88}, {"time": 818, "pitch": 66, "duration": 6, "velocity": 88}, {"time": 830, "pitch": 44, "duration": 17, "velocity": 82}, {"time": 830, "pitch": 60, "duration": 13, "velocity": 87}, {"time": 830, "pitch": 68, "duration": 6, "velocity": 89}, {"time": 836, "pitch": 56, "duration": 17, "velocity": 74}, {"time": 842, "pitch": 63, "duration": 6, "velocity": 89}, {"time": 848, "pitch": 68, "duration": 8, "velocity": 87}, {"time": 854, "pitch": 49, "duration": 20, "velocity": 84}, {"time": 854, "pitch": 61, "duration": 6, "velocity": 80}, {"time": 854, "pitch": 64, "duration": 11, "velocity": 83}, {"time": 860, "pitch": 56, "duration": 19, "velocity": 87}, {"time": 866, "pitch": 63, "duration": 6, "velocity": 87}, {"time": 872, "pitch": 64, "duration": 6, "velocity": 86}, {"time": 878, "pitch": 49, "duration": 20, "velocity": 85}, {"time": 878, "pitch": 61, "duration": 4, "velocity": 89}, {"time": 878, "pitch": 68, "duration": 5, "velocity": 93}, {"time": 884, "pitch": 56, "duration": 17, "velocity": 77}, {"time": 890, "pitch": 61, "duration": 7, "velocity": 87}, {"time": 902, "pitch": 49, "duration": 18, "velocity": 81}, {"time": 902, "pitch": 64, "duration": 21, "velocity": 85}, {"time": 902, "pitch": 73, "duration": 4, "velocity": 89}, {"time": 908, "pitch": 56, "duration": 12, "velocity": 80}, {"time": 914, "pitch": 68, "duration": 6, "velocity": 88}, {"time": 926, "pitch": 47, "duration": 23, "velocity": 78}, {"time": 926, "pitch": 63, "duration": 8, "velocity": 91}, {"time": 926, "pitch": 66, "duration": 8, "velocity": 100}, {"time": 926, "pitch": 71, "duration": 7, "velocity": 91}, {"time": 938, "pitch": 63, "duration": 7, "velocity": 89}, {"time": 938, "pitch": 66, "duration": 9, "velocity": 100}, {"time": 938, "pitch": 71, "duration": 6, "velocity": 87}, {"time": 950, "pitch": 44, "duration": 18, "velocity": 84}, {"time": 950, "pitch": 56, "duration": 13, "velocity": 84}, {"time": 950, "pitch": 63, "duration": 8, "velocity": 89}, {"time": 950, "pitch": 68, "duration": 8, "velocity": 102}, {"time": 950, "pitch": 71, "duration": 8, "velocity": 89}, {"time": 962, "pitch": 63, "duration": 5, "velocity": 89}, {"time": 962, "pitch": 68, "duration": 5, "velocity": 91}, {"time": 962, "pitch": 71, "duration": 6, "velocity": 86}, {"time": 968, "pitch": 56, "duration": 6, "velocity": 88}, {"time": 974, "pitch": 49, "duration": 20, "velocity": 86}, {"time": 974, "pitch": 61, "duration": 6, "velocity": 87}, {"time": 974, "pitch": 64, "duration": 6, "velocity": 92}, {"time": 974, "pitch": 68, "duration": 5, "velocity": 89}, {"time": 980, "pitch": 56, "duration": 7, "velocity": 71}, {"time": 986, "pitch": 61, "duration": 2, "velocity": 84}, {"time": 986, "pitch": 64, "duration": 5, "velocity": 91}, {"time": 986, "pitch": 68, "duration": 5, "velocity": 88}, {"time": 992, "pitch": 56, "duration": 7, "velocity": 81}, {"time": 998, "pitch": 49, "duration": 14, "velocity": 84}, {"time": 998, "pitch": 61, "duration": 6, "velocity": 87}, {"time": 998, "pitch": 64, "duration": 6, "velocity": 89}, {"time": 998, "pitch": 68, "duration": 6, "velocity": 88}, {"time": 1004, "pitch": 56, "duration": 8, "velocity": 75}, {"time": 1010, "pitch": 61, "duration": 6, "velocity": 87}, {"time": 1010, "pitch": 64, "duration": 11, "velocity": 90}, {"time": 1010, "pitch": 68, "duration": 7, "velocity": 88}, {"time": 1016, "pitch": 49, "duration": 6, "velocity": 80}, {"time": 1022, "pitch": 47, "duration": 14, "velocity": 84}, {"time": 1022, "pitch": 63, "duration": 8, "velocity": 87}, {"time": 1022, "pitch": 66, "duration": 8, "velocity": 92}, {"time": 1022, "pitch": 71, "duration": 7, "velocity": 89}, {"time": 1034, "pitch": 63, "duration": 11, "velocity": 94}, {"time": 1034, "pitch": 66, "duration": 6, "velocity": 98}, {"time": 1034, "pitch": 71, "duration": 4, "velocity": 87}, {"time": 1040, "pitch": 47, "duration": 6, "velocity": 85}, {"time": 1046, "pitch": 44, "duration": 18, "velocity": 81}, {"time": 1046, "pitch": 59, "duration": 8, "velocity": 88}, {"time": 1046, "pitch": 63, "duration": 10, "velocity": 89}, {"time": 1046, "pitch": 68, "duration": 8, "velocity": 93}, {"time": 1052, "pitch": 51, "duration": 6, "velocity": 75}, {"time": 1058, "pitch": 56, "duration": 10, "velocity": 83}, {"time": 1058, "pitch": 59, "duration": 6, "velocity": 100}, {"time": 1058, "pitch": 68, "duration": 6, "velocity": 91}, {"time": 1064, "pitch": 51, "duration": 2, "velocity": 84}, {"time": 1064, "pitch": 63, "duration": 5, "velocity": 88}, {"time": 1070, "pitch": 42, "duration": 20, "velocity": 83}, {"time": 1070, "pitch": 57, "duration": 12, "velocity": 91}, {"time": 1070, "pitch": 66, "duration": 11, "velocity": 88}, {"time": 1076, "pitch": 49, "duration": 18, "velocity": 78}, {"time": 1082, "pitch": 54, "duration": 12, "velocity": 82}, {"time": 1088, "pitch": 61, "duration": 6, "velocity": 89}, {"time": 1094, "pitch": 42, "duration": 18, "velocity": 83}, {"time": 1094, "pitch": 57, "duration": 14, "velocity": 86}, {"time": 1094, "pitch": 66, "duration": 11, "velocity": 83}, {"time": 1100, "pitch": 49, "duration": 18, "velocity": 69}, {"time": 1106, "pitch": 54, "duration": 12, "velocity": 84}, {"time": 1112, "pitch": 57, "duration": 7, "velocity": 84}, {"time": 1112, "pitch": 66, "duration": 8, "velocity": 81}, {"time": 1118, "pitch": 44, "duration": 41, "velocity": 86}, {"time": 1124, "pitch": 51, "duration": 35, "velocity": 83}, {"time": 1130, "pitch": 56, "duration": 14, "velocity": 87}, {"time": 1136, "pitch": 61, "duration": 6, "velocity": 83}, {"time": 1142, "pitch": 59, "duration": 6, "velocity": 84}, {"time": 1148, "pitch": 56, "duration": 9, "velocity": 88}, {"time": 1154, "pitch": 61, "duration": 6, "velocity": 91}, {"time": 1160, "pitch": 63, "duration": 2, "velocity": 84}, {"time": 1163, "pitch": 61, "duration": 2, "velocity": 71}, {"time": 1166, "pitch": 42, "duration": 20, "velocity": 84}, {"time": 1166, "pitch": 57, "duration": 9, "velocity": 95}, {"time": 1166, "pitch": 66, "duration": 7, "velocity": 96}, {"time": 1172, "pitch": 54, "duration": 8, "velocity": 75}, {"time": 1178, "pitch": 57, "duration": 9, "velocity": 86}, {"time": 1178, "pitch": 66, "duration": 7, "velocity": 87}, {"time": 1184, "pitch": 54, "duration": 6, "velocity": 76}, {"time": 1190, "pitch": 40, "duration": 17, "velocity": 86}, {"time": 1196, "pitch": 52, "duration": 17, "velocity": 81}, {"time": 1202, "pitch": 56, "duration": 11, "velocity": 80}, {"time": 1208, "pitch": 59, "duration": 6, "velocity": 81}, {"time": 1214, "pitch": 44, "duration": 18, "velocity": 86}, {"time": 1220, "pitch": 51, "duration": 12, "velocity": 85}, {"time": 1226, "pitch": 56, "duration": 12, "velocity": 86}, {"time": 1238, "pitch": 49, "duration": 20, "velocity": 91}, {"time": 1244, "pitch": 56, "duration": 18, "velocity": 87}, {"time": 1250, "pitch": 61, "duration": 6, "velocity": 90}, {"time": 1256, "pitch": 63, "duration": 6, "velocity": 89}, {"time": 1262, "pitch": 49, "duration": 17, "velocity": 90}, {"time": 1262, "pitch": 64, "duration": 18, "velocity": 90}, {"time": 1262, "pitch": 73, "duration": 19, "velocity": 90}, {"time": 1268, "pitch": 56, "duration": 18, "velocity": 77}, {"time": 1280, "pitch": 61, "duration": 3, "velocity": 81}, {"time": 1286, "pitch": 49, "duration": 18, "velocity": 85}, {"time": 1286, "pitch": 64, "duration": 13, "velocity": 96}, {"time": 1286, "pitch": 73, "duration": 13, "velocity": 92}, {"time": 1298, "pitch": 56, "duration": 6, "velocity": 73}, {"time": 1304, "pitch": 64, "duration": 2, "velocity": 89}, {"time": 1304, "pitch": 73, "duration": 2, "velocity": 87}, {"time": 1310, "pitch": 47, "duration": 13, "velocity": 85}, {"time": 1310, "pitch": 63, "duration": 7, "velocity": 94}, {"time": 1310, "pitch": 71, "duration": 6, "velocity": 92}, {"time": 1316, "pitch": 59, "duration": 6, "velocity": 77}, {"time": 1322, "pitch": 63, "duration": 7, "velocity": 102}, {"time": 1322, "pitch": 71, "duration": 11, "velocity": 94}, {"time": 1328, "pitch": 47, "duration": 5, "velocity": 84}, {"time": 1334, "pitch": 44, "duration": 18, "velocity": 83}, {"time": 1334, "pitch": 63, "duration": 9, "velocity": 93}, {"time": 1334, "pitch": 68, "duration": 6, "velocity": 98}, {"time": 1340, "pitch": 51, "duration": 12, "velocity": 76}, {"time": 1346, "pitch": 59, "duration": 7, "velocity": 104}, {"time": 1346, "pitch": 68, "duration": 8, "velocity": 102}, {"time": 1352, "pitch": 56, "duration": 5, "velocity": 84}, {"time": 1358, "pitch": 49, "duration": 18, "velocity": 87}, {"time": 1358, "pitch": 61, "duration": 3, "velocity": 94}, {"time": 1358, "pitch": 64, "duration": 5, "velocity": 108}, {"time": 1358, "pitch": 68, "duration": 5, "velocity": 100}, {"time": 1364, "pitch": 56, "duration": 18, "velocity": 65}, {"time": 1376, "pitch": 61, "duration": 3, "velocity": 87}, {"time": 1382, "pitch": 49, "duration": 18, "velocity": 87}, {"time": 1382, "pitch": 64, "duration": 11, "velocity": 96}, {"time": 1382, "pitch": 68, "duration": 13, "velocity": 102}, {"time": 1382, "pitch": 73, "duration": 12, "velocity": 92}, {"time": 1388, "pitch": 56, "duration": 12, "velocity": 77}, {"time": 1394, "pitch": 61, "duration": 5, "velocity": 77}, {"time": 1400, "pitch": 64, "duration": 4, "velocity": 91}, {"time": 1400, "pitch": 73, "duration": 3, "velocity": 87}, {"time": 1406, "pitch": 47, "duration": 23, "velocity": 88}, {"time": 1406, "pitch": 63, "duration": 5, "velocity": 93}, {"time": 1406, "pitch": 66, "duration": 6, "velocity": 104}, {"time": 1406, "pitch": 71, "duration": 5, "velocity": 93}, {"time": 1412, "pitch": 59, "duration": 8, "velocity": 78}, {"time": 1418, "pitch": 63, "duration": 10, "velocity": 96}, {"time": 1418, "pitch": 66, "duration": 4, "velocity": 102}, {"time": 1418, "pitch": 71, "duration": 5, "velocity": 96}, {"time": 1430, "pitch": 44, "duration": 17, "velocity": 83}, {"time": 1430, "pitch": 59, "duration": 6, "velocity": 88}, {"time": 1430, "pitch": 63, "duration": 6, "velocity": 88}, {"time": 1430, "pitch": 68, "duration": 5, "velocity": 91}, {"time": 1436, "pitch": 51, "duration": 12, "velocity": 71}, {"time": 1442, "pitch": 59, "duration": 6, "velocity": 104}, {"time": 1442, "pitch": 68, "duration": 6, "velocity": 104}, {"time": 1448, "pitch": 56, "duration": 6, "velocity": 86}, {"time": 1454, "pitch": 54, "duration": 19, "velocity": 82}, {"time": 1454, "pitch": 61, "duration": 5, "velocity": 89}, {"time": 1454, "pitch": 66, "duration": 7, "velocity": 92}, {"time": 1454, "pitch": 69, "duration": 11, "velocity": 89}, {"time": 1466, "pitch": 61, "duration": 13, "velocity": 84}, {"time": 1472, "pitch": 66, "duration": 15, "velocity": 86}, {"time": 1478, "pitch": 54, "duration": 18, "velocity": 82}, {"time": 1478, "pitch": 69, "duration": 7, "velocity": 87}, {"time": 1484, "pitch": 61, "duration": 12, "velocity": 81}, {"time": 1490, "pitch": 66, "duration": 12, "velocity": 93}, {"time": 1496, "pitch": 69, "duration": 7, "velocity": 109}, {"time": 1502, "pitch": 44, "duration": 19, "velocity": 86}, {"time": 1514, "pitch": 56, "duration": 6, "velocity": 86}, {"time": 1520, "pitch": 59, "duration": 8, "velocity": 78}, {"time": 1526, "pitch": 42, "duration": 18, "velocity": 90}, {"time": 1532, "pitch": 54, "duration": 14, "velocity": 81}, {"time": 1538, "pitch": 57, "duration": 9, "velocity": 86}, {"time": 1544, "pitch": 61, "duration": 7, "velocity": 83}, {"time": 1550, "pitch": 42, "duration": 16, "velocity": 87}, {"time": 1550, "pitch": 57, "duration": 21, "velocity": 87}, {"time": 1550, "pitch": 66, "duration": 12, "velocity": 88}, {"time": 1556, "pitch": 54, "duration": 12, "velocity": 83}, {"time": 1562, "pitch": 61, "duration": 11, "velocity": 76}, {"time": 1568, "pitch": 66, "duration": 5, "velocity": 84}, {"time": 1574, "pitch": 45, "duration": 24, "velocity": 86}, {"time": 1580, "pitch": 57, "duration": 10, "velocity": 83}, {"time": 1586, "pitch": 61, "duration": 6, "velocity": 86}, {"time": 1589, "pitch": 64, "duration": 6, "velocity": 82}, {"time": 1598, "pitch": 44, "duration": 18, "velocity": 84}, {"time": 1598, "pitch": 59, "duration": 7, "velocity": 82}, {"time": 1598, "pitch": 63, "duration": 7, "velocity": 86}, {"time": 1598, "pitch": 66, "duration": 7, "velocity": 84}, {"time": 1610, "pitch": 59, "duration": 10, "velocity": 82}, {"time": 1610, "pitch": 63, "duration": 10, "velocity": 86}, {"time": 1610, "pitch": 66, "duration": 8, "velocity": 84}, {"time": 1616, "pitch": 56, "duration": 6, "velocity": 84}, {"time": 1622, "pitch": 49, "duration": 28, "velocity": 74}, {"time": 1622, "pitch": 61, "duration": 7, "velocity": 86}, {"time": 1622, "pitch": 64, "duration": 7, "velocity": 85}, {"time": 1622, "pitch": 68, "duration": 6, "velocity": 84}, {"time": 1628, "pitch": 56, "duration": 22, "velocity": 78}, {"time": 1634, "pitch": 61, "duration": 20, "velocity": 86}, {"time": 1634, "pitch": 68, "duration": 10, "velocity": 86}, {"time": 1646, "pitch": 64, "duration": 9, "velocity": 80}, {"time": 1646, "pitch": 68, "duration": 9, "velocity": 81}, {"time": 1670, "pitch": 49, "duration": 19, "velocity": 89}, {"time": 1676, "pitch": 56, "duration": 18, "velocity": 68}, {"time": 1682, "pitch": 64, "duration": 15, "velocity": 86}, {"time": 1682, "pitch": 68, "duration": 12, "velocity": 76}, {"time": 1688, "pitch": 61, "duration": 10, "velocity": 77}, {"time": 1694, "pitch": 49, "duration": 18, "velocity": 78}, {"time": 1700, "pitch": 56, "duration": 18, "velocity": 69}, {"time": 1706, "pitch": 64, "duration": 12, "velocity": 90}, {"time": 1706, "pitch": 68, "duration": 9, "velocity": 83}, {"time": 1712, "pitch": 61, "duration": 7, "velocity": 81}, {"time": 1718, "pitch": 51, "duration": 24, "velocity": 87}, {"time": 1724, "pitch": 63, "duration": 17, "velocity": 70}, {"time": 1730, "pitch": 66, "duration": 10, "velocity": 87}, {"time": 1742, "pitch": 44, "duration": 18, "velocity": 80}, {"time": 1748, "pitch": 51, "duration": 13, "velocity": 82}, {"time": 1754, "pitch": 56, "duration": 12, "velocity": 82}, {"time": 1760, "pitch": 60, "duration": 7, "velocity": 86}, {"time": 1766, "pitch": 49, "duration": 17, "velocity": 86}, {"time": 1772, "pitch": 56, "duration": 11, "velocity": 80}, {"time": 1778, "pitch": 64, "duration": 11, "velocity": 82}, {"time": 1784, "pitch": 61, "duration": 8, "velocity": 81}, {"time": 1790, "pitch": 42, "duration": 18, "velocity": 86}, {"time": 1796, "pitch": 54, "duration": 18, "velocity": 79}, {"time": 1802, "pitch": 57, "duration": 11, "velocity": 83}, {"time": 1808, "pitch": 61, "duration": 6, "velocity": 77}, {"time": 1814, "pitch": 44, "duration": 20, "velocity": 85}, {"time": 1820, "pitch": 51, "duration": 18, "velocity": 80}, {"time": 1826, "pitch": 60, "duration": 16, "velocity": 85}, {"time": 1832, "pitch": 63, "duration": 12, "velocity": 87}, {"time": 1838, "pitch": 44, "duration": 14, "velocity": 85}, {"time": 1844, "pitch": 51, "duration": 8, "velocity": 87}, {"time": 1850, "pitch": 60, "duration": 6, "velocity": 95}, {"time": 1856, "pitch": 68, "duration": 8, "velocity": 78}, {"time": 1862, "pitch": 49, "duration": 21, "velocity": 92}, {"time": 1868, "pitch": 56, "duration": 16, "velocity": 85}, {"time": 1874, "pitch": 64, "duration": 21, "velocity": 96}, {"time": 1880, "pitch": 61, "duration": 19, "velocity": 87}, {"time": 1886, "pitch": 49, "duration": 20, "velocity": 88}, {"time": 1892, "pitch": 56, "duration": 18, "velocity": 86}, {"time": 1898, "pitch": 68, "duration": 11, "velocity": 86}, {"time": 1904, "pitch": 64, "duration": 8, "velocity": 82}, {"time": 1910, "pitch": 42, "duration": 17, "velocity": 82}, {"time": 1910, "pitch": 57, "duration": 7, "velocity": 82}, {"time": 1910, "pitch": 61, "duration": 7, "velocity": 86}, {"time": 1910, "pitch": 66, "duration": 5, "velocity": 84}, {"time": 1916, "pitch": 49, "duration": 11, "velocity": 64}, {"time": 1922, "pitch": 57, "duration": 5, "velocity": 83}, {"time": 1922, "pitch": 61, "duration": 10, "velocity": 83}, {"time": 1922, "pitch": 66, "duration": 5, "velocity": 86}, {"time": 1934, "pitch": 49, "duration": 18, "velocity": 87}, {"time": 1934, "pitch": 61, "duration": 9, "velocity": 86}, {"time": 1934, "pitch": 64, "duration": 8, "velocity": 86}, {"time": 1940, "pitch": 56, "duration": 10, "velocity": 38}, {"time": 1946, "pitch": 61, "duration": 11, "velocity": 84}, {"time": 1946, "pitch": 64, "duration": 9, "velocity": 86}, {"time": 1958, "pitch": 44, "duration": 38, "velocity": 76}, {"time": 1958, "pitch": 56, "duration": 40, "velocity": 69}, {"time": 1958, "pitch": 59, "duration": 12, "velocity": 79}, {"time": 1958, "pitch": 63, "duration": 13, "velocity": 84}, {"time": 1958, "pitch": 66, "duration": 13, "velocity": 82}, {"time": 2006, "pitch": 49, "duration": 20, "velocity": 76}, {"time": 2012, "pitch": 56, "duration": 18, "velocity": 58}, {"time": 2018, "pitch": 68, "duration": 16, "velocity": 88}, {"time": 2024, "pitch": 64, "duration": 13, "velocity": 84}, {"time": 2030, "pitch": 49, "duration": 19, "velocity": 76}, {"time": 2036, "pitch": 56, "duration": 18, "velocity": 78}, {"time": 2042, "pitch": 63, "duration": 6, "velocity": 87}, {"time": 2048, "pitch": 64, "duration": 8, "velocity": 88}, {"time": 2054, "pitch": 49, "duration": 21, "velocity": 87}, {"time": 2060, "pitch": 56, "duration": 18, "velocity": 78}, {"time": 2066, "pitch": 68, "duration": 6, "velocity": 98}, {"time": 2072, "pitch": 64, "duration": 14, "velocity": 86}, {"time": 2078, "pitch": 49, "duration": 20, "velocity": 79}, {"time": 2084, "pitch": 56, "duration": 17, "velocity": 78}, {"time": 2090, "pitch": 61, "duration": 6, "velocity": 86}, {"time": 2096, "pitch": 63, "duration": 12, "velocity": 91}, {"time": 2102, "pitch": 49, "duration": 17, "velocity": 88}, {"time": 2108, "pitch": 56, "duration": 11, "velocity": 82}, {"time": 2114, "pitch": 64, "duration": 5, "velocity": 104}, {"time": 2120, "pitch": 66, "duration": 9, "velocity": 89}, {"time": 2126, "pitch": 44, "duration": 3, "velocity": 86}, {"time": 2126, "pitch": 60, "duration": 16, "velocity": 88}, {"time": 2126, "pitch": 68, "duration": 15, "velocity": 92}, {"time": 2132, "pitch": 44, "duration": 6, "velocity": 88}, {"time": 2138, "pitch": 42, "duration": 6, "velocity": 88}, {"time": 2144, "pitch": 40, "duration": 6, "velocity": 76}, {"time": 2150, "pitch": 37, "duration": 16, "velocity": 88}, {"time": 2156, "pitch": 49, "duration": 15, "velocity": 81}, {"time": 2162, "pitch": 61, "duration": 14, "velocity": 84}, {"time": 2168, "pitch": 64, "duration": 6, "velocity": 88}, {"time": 2174, "pitch": 42, "duration": 19, "velocity": 87}, {"time": 2180, "pitch": 54, "duration": 18, "velocity": 82}, {"time": 2186, "pitch": 57, "duration": 13, "velocity": 84}, {"time": 2192, "pitch": 61, "duration": 6, "velocity": 81}, {"time": 2198, "pitch": 49, "duration": 18, "velocity": 88}, {"time": 2204, "pitch": 56, "duration": 11, "velocity": 81}, {"time": 2210, "pitch": 63, "duration": 10, "velocity": 83}, {"time": 2216, "pitch": 61, "duration": 8, "velocity": 84}, {"time": 2222, "pitch": 44, "duration": 17, "velocity": 88}, {"time": 2228, "pitch": 56, "duration": 18, "velocity": 84}, {"time": 2234, "pitch": 60, "duration": 6, "velocity": 91}, {"time": 2240, "pitch": 68, "duration": 10, "velocity": 87}, {"time": 2246, "pitch": 49, "duration": 20, "velocity": 87}, {"time": 2252, "pitch": 56, "duration": 18, "velocity": 83}, {"time": 2258, "pitch": 68, "duration": 13, "velocity": 98}, {"time": 2264, "pitch": 64, "duration": 12, "velocity": 88}, {"time": 2270, "pitch": 49, "duration": 20, "velocity": 86}, {"time": 2276, "pitch": 56, "duration": 18, "velocity": 86}, {"time": 2282, "pitch": 61, "duration": 8, "velocity": 82}, {"time": 2288, "pitch": 63, "duration": 12, "velocity": 88}, {"time": 2294, "pitch": 49, "duration": 24, "velocity": 89}, {"time": 2300, "pitch": 61, "duration": 7, "velocity": 82}, {"time": 2306, "pitch": 68, "duration": 11, "velocity": 88}, {"time": 2312, "pitch": 61, "duration": 4, "velocity": 84}, {"time": 2318, "pitch": 44, "duration": 3, "velocity": 84}, {"time": 2318, "pitch": 60, "duration": 18, "velocity": 91}, {"time": 2318, "pitch": 68, "duration": 18, "velocity": 91}, {"time": 2324, "pitch": 42, "duration": 4, "velocity": 91}, {"time": 2330, "pitch": 40, "duration": 3, "velocity": 90}, {"time": 2336, "pitch": 39, "duration": 5, "velocity": 88}, {"time": 2342, "pitch": 37, "duration": 16, "velocity": 83}, {"time": 2342, "pitch": 61, "duration": 8, "velocity": 81}, {"time": 2342, "pitch": 68, "duration": 6, "velocity": 86}, {"time": 2354, "pitch": 61, "duration": 9, "velocity": 88}, {"time": 2354, "pitch": 68, "duration": 4, "velocity": 88}, {"time": 2366, "pitch": 42, "duration": 18, "velocity": 83}, {"time": 2366, "pitch": 57, "duration": 7, "velocity": 85}, {"time": 2366, "pitch": 66, "duration": 6, "velocity": 88}, {"time": 2372, "pitch": 54, "duration": 17, "velocity": 74}, {"time": 2378, "pitch": 57, "duration": 6, "velocity": 88}, {"time": 2378, "pitch": 66, "duration": 6, "velocity": 88}, {"time": 2390, "pitch": 44, "duration": 17, "velocity": 82}, {"time": 2390, "pitch": 60, "duration": 13, "velocity": 87}, {"time": 2390, "pitch": 68, "duration": 6, "velocity": 89}, {"time": 2396, "pitch": 56, "duration": 17, "velocity": 74}, {"time": 2402, "pitch": 63, "duration": 6, "velocity": 89}, {"time": 2408, "pitch": 68, "duration": 8, "velocity": 87}, {"time": 2414, "pitch": 49, "duration": 20, "velocity": 84}, {"time": 2414, "pitch": 61, "duration": 6, "velocity": 80}, {"time": 2414, "pitch": 64, "duration": 11, "velocity": 83}, {"time": 2420, "pitch": 56, "duration": 19, "velocity": 87}, {"time": 2426, "pitch": 63, "duration": 6, "velocity": 87}, {"time": 2432, "pitch": 64, "duration": 6, "velocity": 86}, {"time": 2438, "pitch": 49, "duration": 20, "velocity": 85}, {"time": 2438, "pitch": 61, "duration": 4, "velocity": 89}, {"time": 2438, "pitch": 68, "duration": 5, "velocity": 93}, {"time": 2444, "pitch": 56, "duration": 17, "velocity": 77}, {"time": 2450, "pitch": 61, "duration": 7, "velocity": 87}, {"time": 2462, "pitch": 49, "duration": 18, "velocity": 81}, {"time": 2462, "pitch": 64, "duration": 21, "velocity": 85}, {"time": 2462, "pitch": 73, "duration": 4, "velocity": 89}, {"time": 2468, "pitch": 56, "duration": 12, "velocity": 80}, {"time": 2474, "pitch": 68, "duration": 6, "velocity": 88}, {"time": 2486, "pitch": 47, "duration": 23, "velocity": 78}, {"time": 2486, "pitch": 63, "duration": 8, "velocity": 91}, {"time": 2486, "pitch": 66, "duration": 8, "velocity": 100}, {"time": 2486, "pitch": 71, "duration": 7, "velocity": 91}, {"time": 2498, "pitch": 63, "duration": 7, "velocity": 89}, {"time": 2498, "pitch": 66, "duration": 9, "velocity": 100}, {"time": 2498, "pitch": 71, "duration": 6, "velocity": 87}, {"time": 2510, "pitch": 44, "duration": 18, "velocity": 84}, {"time": 2510, "pitch": 56, "duration": 13, "velocity": 84}, {"time": 2510, "pitch": 63, "duration": 8, "velocity": 89}, {"time": 2510, "pitch": 68, "duration": 8, "velocity": 102}, {"time": 2510, "pitch": 71, "duration": 8, "velocity": 89}, {"time": 2522, "pitch": 63, "duration": 5, "velocity": 89}, {"time": 2522, "pitch": 68, "duration": 5, "velocity": 91}, {"time": 2522, "pitch": 71, "duration": 6, "velocity": 86}, {"time": 2528, "pitch": 56, "duration": 6, "velocity": 88}, {"time": 2534, "pitch": 49, "duration": 20, "velocity": 86}, {"time": 2534, "pitch": 61, "duration": 6, "velocity": 87}, {"time": 2534, "pitch": 64, "duration": 6, "velocity": 92}, {"time": 2534, "pitch": 68, "duration": 5, "velocity": 89}, {"time": 2540, "pitch": 56, "duration": 7, "velocity": 71}, {"time": 2546, "pitch": 61, "duration": 2, "velocity": 84}, {"time": 2546, "pitch": 64, "duration": 5, "velocity": 91}, {"time": 2546, "pitch": 68, "duration": 5, "velocity": 88}, {"time": 2552, "pitch": 56, "duration": 7, "velocity": 81}, {"time": 2558, "pitch": 49, "duration": 14, "velocity": 84}, {"time": 2558, "pitch": 61, "duration": 6, "velocity": 87}, {"time": 2558, "pitch": 64, "duration": 6, "velocity": 89}, {"time": 2558, "pitch": 68, "duration": 6, "velocity": 88}, {"time": 2564, "pitch": 56, "duration": 8, "velocity": 75}, {"time": 2570, "pitch": 61, "duration": 6, "velocity": 87}, {"time": 2570, "pitch": 64, "duration": 11, "velocity": 90}, {"time": 2570, "pitch": 68, "duration": 7, "velocity": 88}, {"time": 2576, "pitch": 49, "duration": 6, "velocity": 80}, {"time": 2582, "pitch": 47, "duration": 14, "velocity": 84}, {"time": 2582, "pitch": 63, "duration": 8, "velocity": 87}, {"time": 2582, "pitch": 66, "duration": 8, "velocity": 92}, {"time": 2582, "pitch": 71, "duration": 7, "velocity": 89}, {"time": 2594, "pitch": 63, "duration": 11, "velocity": 94}, {"time": 2594, "pitch": 66, "duration": 6, "velocity": 98}, {"time": 2594, "pitch": 71, "duration": 4, "velocity": 87}, {"time": 2600, "pitch": 47, "duration": 6, "velocity": 85}, {"time": 2606, "pitch": 44, "duration": 18, "velocity": 81}, {"time": 2606, "pitch": 59, "duration": 8, "velocity": 88}, {"time": 2606, "pitch": 63, "duration": 10, "velocity": 89}, {"time": 2606, "pitch": 68, "duration": 8, "velocity": 93}, {"time": 2612, "pitch": 51, "duration": 6, "velocity": 75}, {"time": 2618, "pitch": 56, "duration": 10, "velocity": 83}, {"time": 2618, "pitch": 59, "duration": 6, "velocity": 100}, {"time": 2618, "pitch": 68, "duration": 6, "velocity": 91}, {"time": 2624, "pitch": 51, "duration": 2, "velocity": 84}, {"time": 2624, "pitch": 63, "duration": 5, "velocity": 88}, {"time": 2630, "pitch": 42, "duration": 20, "velocity": 83}, {"time": 2630, "pitch": 57, "duration": 12, "velocity": 91}, {"time": 2630, "pitch": 66, "duration": 11, "velocity": 88}, {"time": 2636, "pitch": 49, "duration": 18, "velocity": 78}, {"time": 2642, "pitch": 54, "duration": 12, "velocity": 82}, {"time": 2648, "pitch": 61, "duration": 6, "velocity": 89}, {"time": 2654, "pitch": 42, "duration": 18, "velocity": 83}, {"time": 2654, "pitch": 57, "duration": 14, "velocity": 86}, {"time": 2654, "pitch": 66, "duration": 11, "velocity": 83}, {"time": 2660, "pitch": 49, "duration": 18, "velocity": 69}, {"time": 2666, "pitch": 54, "duration": 12, "velocity": 84}, {"time": 2672, "pitch": 57, "duration": 7, "velocity": 84}, {"time": 2672, "pitch": 66, "duration": 8, "velocity": 81}, {"time": 2678, "pitch": 44, "duration": 41, "velocity": 86}, {"time": 2684, "pitch": 51, "duration": 35, "velocity": 83}, {"time": 2690, "pitch": 56, "duration": 14, "velocity": 87}, {"time": 2696, "pitch": 61, "duration": 6, "velocity": 83}, {"time": 2702, "pitch": 59, "duration": 6, "velocity": 84}, {"time": 2708, "pitch": 56, "duration": 9, "velocity": 88}, {"time": 2714, "pitch": 61, "duration": 6, "velocity": 91}, {"time": 2720, "pitch": 63, "duration": 2, "velocity": 84}, {"time": 2723, "pitch": 61, "duration": 2, "velocity": 71}, {"time": 2726, "pitch": 42, "duration": 20, "velocity": 84}, {"time": 2726, "pitch": 57, "duration": 9, "velocity": 95}, {"time": 2726, "pitch": 66, "duration": 7, "velocity": 96}, {"time": 2732, "pitch": 54, "duration": 8, "velocity": 75}, {"time": 2738, "pitch": 57, "duration": 9, "velocity": 86}, {"time": 2738, "pitch": 66, "duration": 7, "velocity": 87}, {"time": 2744, "pitch": 54, "duration": 6, "velocity": 76}, {"time": 2750, "pitch": 40, "duration": 17, "velocity": 86}, {"time": 2756, "pitch": 52, "duration": 17, "velocity": 81}, {"time": 2762, "pitch": 56, "duration": 11, "velocity": 80}, {"time": 2768, "pitch": 59, "duration": 6, "velocity": 81}, {"time": 2774, "pitch": 44, "duration": 18, "velocity": 86}, {"time": 2780, "pitch": 51, "duration": 12, "velocity": 85}, {"time": 2786, "pitch": 56, "duration": 12, "velocity": 86}, {"time": 2792, "pitch": 60, "duration": 7, "velocity": 84}, {"time": 2798, "pitch": 49, "duration": 20, "velocity": 91}, {"time": 2804, "pitch": 56, "duration": 18, "velocity": 87}, {"time": 2810, "pitch": 61, "duration": 6, "velocity": 90}, {"time": 2816, "pitch": 63, "duration": 6, "velocity": 89}, {"time": 2822, "pitch": 49, "duration": 17, "velocity": 90}, {"time": 2822, "pitch": 64, "duration": 18, "velocity": 90}, {"time": 2822, "pitch": 73, "duration": 19, "velocity": 90}, {"time": 2828, "pitch": 56, "duration": 18, "velocity": 77}, {"time": 2840, "pitch": 61, "duration": 3, "velocity": 81}, {"time": 2846, "pitch": 49, "duration": 18, "velocity": 85}, {"time": 2846, "pitch": 64, "duration": 13, "velocity": 96}, {"time": 2846, "pitch": 73, "duration": 13, "velocity": 92}, {"time": 2858, "pitch": 56, "duration": 6, "velocity": 73}, {"time": 2864, "pitch": 64, "duration": 2, "velocity": 89}, {"time": 2864, "pitch": 73, "duration": 2, "velocity": 87}, {"time": 2870, "pitch": 47, "duration": 13, "velocity": 85}, {"time": 2870, "pitch": 63, "duration": 7, "velocity": 94}, {"time": 2870, "pitch": 71, "duration": 6, "velocity": 92}, {"time": 2876, "pitch": 59, "duration": 6, "velocity": 77}, {"time": 2882, "pitch": 63, "duration": 7, "velocity": 102}, {"time": 2882, "pitch": 71, "duration": 11, "velocity": 94}, {"time": 2888, "pitch": 47, "duration": 5, "velocity": 84}, {"time": 2894, "pitch": 44, "duration": 18, "velocity": 83}, {"time": 2894, "pitch": 63, "duration": 9, "velocity": 93}, {"time": 2894, "pitch": 68, "duration": 6, "velocity": 98}, {"time": 2900, "pitch": 51, "duration": 12, "velocity": 76}, {"time": 2906, "pitch": 59, "duration": 7, "velocity": 104}, {"time": 2906, "pitch": 68, "duration": 8, "velocity": 102}, {"time": 2912, "pitch": 56, "duration": 5, "velocity": 84}, {"time": 2918, "pitch": 49, "duration": 18, "velocity": 87}, {"time": 2918, "pitch": 61, "duration": 3, "velocity": 94}, {"time": 2918, "pitch": 64, "duration": 5, "velocity": 108}, {"time": 2918, "pitch": 68, "duration": 5, "velocity": 100}, {"time": 2924, "pitch": 56, "duration": 18, "velocity": 65}, {"time": 2936, "pitch": 61, "duration": 3, "velocity": 87}, {"time": 2942, "pitch": 49, "duration": 18, "velocity": 87}, {"time": 2942, "pitch": 64, "duration": 11, "velocity": 96}, {"time": 2942, "pitch": 68, "duration": 13, "velocity": 102}, {"time": 2942, "pitch": 73, "duration": 12, "velocity": 92}, {"time": 2948, "pitch": 56, "duration": 12, "velocity": 77}, {"time": 2954, "pitch": 61, "duration": 5, "velocity": 77}, {"time": 2960, "pitch": 64, "duration": 4, "velocity": 91}, {"time": 2960, "pitch": 73, "duration": 3, "velocity": 87}, {"time": 2966, "pitch": 47, "duration": 23, "velocity": 88}, {"time": 2966, "pitch": 63, "duration": 5, "velocity": 93}, {"time": 2966, "pitch": 66, "duration": 6, "velocity": 104}, {"time": 2966, "pitch": 71, "duration": 5, "velocity": 93}, {"time": 2972, "pitch": 59, "duration": 8, "velocity": 78}, {"time": 2978, "pitch": 63, "duration": 10, "velocity": 96}, {"time": 2978, "pitch": 66, "duration": 4, "velocity": 102}, {"time": 2978, "pitch": 71, "duration": 5, "velocity": 96}, {"time": 2990, "pitch": 44, "duration": 17, "velocity": 83}, {"time": 2990, "pitch": 59, "duration": 6, "velocity": 88}, {"time": 2990, "pitch": 63, "duration": 6, "velocity": 88}, {"time": 2990, "pitch": 68, "duration": 5, "velocity": 91}, {"time": 2996, "pitch": 51, "duration": 12, "velocity": 71}, {"time": 3002, "pitch": 59, "duration": 6, "velocity": 104}, {"time": 3002, "pitch": 68, "duration": 6, "velocity": 104}, {"time": 3008, "pitch": 56, "duration": 6, "velocity": 86}, {"time": 3014, "pitch": 54, "duration": 19, "velocity": 82}, {"time": 3014, "pitch": 61, "duration": 5, "velocity": 89}, {"time": 3014, "pitch": 66, "duration": 7, "velocity": 92}, {"time": 3014, "pitch": 69, "duration": 11, "velocity": 89}, {"time": 3026, "pitch": 61, "duration": 13, "velocity": 84}, {"time": 3032, "pitch": 66, "duration": 15, "velocity": 86}, {"time": 3038, "pitch": 54, "duration": 18, "velocity": 82}, {"time": 3038, "pitch": 69, "duration": 7, "velocity": 87}, {"time": 3044, "pitch": 61, "duration": 12, "velocity": 81}, {"time": 3050, "pitch": 66, "duration": 12, "velocity": 93}, {"time": 3056, "pitch": 69, "duration": 7, "velocity": 109}, {"time": 3062, "pitch": 44, "duration": 19, "velocity": 86}, {"time": 3074, "pitch": 56, "duration": 6, "velocity": 86}, {"time": 3080, "pitch": 59, "duration": 8, "velocity": 78}, {"time": 3086, "pitch": 42, "duration": 18, "velocity": 90}, {"time": 3092, "pitch": 54, "duration": 14, "velocity": 81}, {"time": 3098, "pitch": 57, "duration": 9, "velocity": 86}, {"time": 3104, "pitch": 61, "duration": 7, "velocity": 83}, {"time": 3110, "pitch": 42, "duration": 16, "velocity": 87}, {"time": 3110, "pitch": 57, "duration": 21, "velocity": 87}, {"time": 3110, "pitch": 66, "duration": 12, "velocity": 88}, {"time": 3116, "pitch": 54, "duration": 12, "velocity": 83}, {"time": 3122, "pitch": 61, "duration": 11, "velocity": 76}, {"time": 3128, "pitch": 66, "duration": 5, "velocity": 84}, {"time": 3134, "pitch": 45, "duration": 24, "velocity": 86}, {"time": 3140, "pitch": 57, "duration": 10, "velocity": 83}, {"time": 3146, "pitch": 61, "duration": 6, "velocity": 86}, {"time": 3149, "pitch": 64, "duration": 6, "velocity": 82}, {"time": 3158, "pitch": 44, "duration": 18, "velocity": 84}, {"time": 3158, "pitch": 59, "duration": 7, "velocity": 82}, {"time": 3158, "pitch": 63, "duration": 7, "velocity": 86}, {"time": 3158, "pitch": 66, "duration": 7, "velocity": 84}, {"time": 3170, "pitch": 59, "duration": 10, "velocity": 82}, {"time": 3170, "pitch": 63, "duration": 10, "velocity": 86}, {"time": 3170, "pitch": 66, "duration": 8, "velocity": 84}, {"time": 3176, "pitch": 56, "duration": 6, "velocity": 84}, {"time": 3182, "pitch": 49, "duration": 28, "velocity": 74}, {"time": 3182, "pitch": 61, "duration": 7, "velocity": 86}, {"time": 3182, "pitch": 64, "duration": 7, "velocity": 85}, {"time": 3182, "pitch": 68, "duration": 6, "velocity": 84}, {"time": 3188, "pitch": 56, "duration": 22, "velocity": 78}, {"time": 3194, "pitch": 61, "duration": 20, "velocity": 86}, {"time": 3194, "pitch": 68, "duration": 10, "velocity": 86}, {"time": 3206, "pitch": 64, "duration": 9, "velocity": 80}, {"time": 3206, "pitch": 68, "duration": 9, "velocity": 81}, {"time": 3230, "pitch": 42, "duration": 15, "velocity": 87}, {"time": 3236, "pitch": 54, "duration": 12, "velocity": 84}, {"time": 3242, "pitch": 57, "duration": 11, "velocity": 85}, {"time": 3248, "pitch": 61, "duration": 7, "velocity": 87}, {"time": 3254, "pitch": 45, "duration": 18, "velocity": 83}, {"time": 3260, "pitch": 57, "duration": 11, "velocity": 83}, {"time": 3266, "pitch": 61, "duration": 12, "velocity": 86}, {"time": 3272, "pitch": 64, "duration": 7, "velocity": 86}, {"time": 3278, "pitch": 44, "duration": 16, "velocity": 84}, {"time": 3284, "pitch": 56, "duration": 18, "velocity": 77}, {"time": 3290, "pitch": 59, "duration": 8, "velocity": 81}, {"time": 3296, "pitch": 63, "duration": 7, "velocity": 86}, {"time": 3302, "pitch": 49, "duration": 16, "velocity": 80}, {"time": 3308, "pitch": 56, "duration": 8, "velocity": 82}, {"time": 3314, "pitch": 61, "duration": 12, "velocity": 87}, {"time": 3320, "pitch": 64, "duration": 6, "velocity": 87}, {"time": 3326, "pitch": 42, "duration": 13, "velocity": 84}, {"time": 3332, "pitch": 54, "duration": 11, "velocity": 82}, {"time": 3338, "pitch": 57, "duration": 7, "velocity": 85}, {"time": 3344, "pitch": 66, "duration": 12, "velocity": 79}, {"time": 3350, "pitch": 45, "duration": 16, "velocity": 85}, {"time": 3356, "pitch": 57, "duration": 8, "velocity": 81}, {"time": 3362, "pitch": 61, "duration": 8, "velocity": 84}, {"time": 3368, "pitch": 64, "duration": 10, "velocity": 84}, {"time": 3374, "pitch": 44, "duration": 44, "velocity": 86}, {"time": 3380, "pitch": 51, "duration": 37, "velocity": 72}, {"time": 3386, "pitch": 56, "duration": 45, "velocity": 78}, {"time": 3392, "pitch": 59, "duration": 36, "velocity": 69}, {"time": 3440, "pitch": 49, "duration": 19, "velocity": 64}, {"time": 3440, "pitch": 61, "duration": 22, "velocity": 36}, {"time": 3440, "pitch": 64, "duration": 20, "velocity": 66}, {"time": 3440, "pitch": 68, "duration": 19, "velocity": 73}]}]}