{"metadata": {"schema_version": "0.2", "title": "None", "source_filename": "452.mid", "source_format": "midi"}, "resolution": 12, "tempos": [{"time": 0, "qpm": 68.0000725334107}, {"time": 360, "qpm": 69.00009660013524}, {"time": 576, "qpm": 68.0000725334107}, {"time": 768, "qpm": 69.00009660013524}, {"time": 816, "qpm": 68.0000725334107}, {"time": 888, "qpm": 69.00009660013524}, {"time": 936, "qpm": 70.00007000007}, {"time": 1008, "qpm": 69.00009660013524}, {"time": 1080, "qpm": 68.0000725334107}, {"time": 1152, "qpm": 68.50011017101052}, {"time": 1248, "qpm": 69.00009660013524}, {"time": 1344, "qpm": 68.0000725334107}, {"time": 1368, "qpm": 68.50011017101052}, {"time": 1404, "qpm": 68.0000725334107}, {"time": 1500, "qpm": 68.50011017101052}, {"time": 1956, "qpm": 68.0000725334107}, {"time": 2016, "qpm": 68.20010821083837}, {"time": 2364, "qpm": 69.00009660013524}, {"time": 2472, "qpm": 68.0000725334107}, {"time": 2520, "qpm": 64.99999458333379}, {"time": 2532, "qpm": 64.0}, {"time": 2556, "qpm": 62.99999685000016}], "time_signatures": [{"time": 0, "numerator": 1, "denominator": 4}], "tracks": [{"program": 0, "is_drum": false, "name": "MELODY", "notes": [{"time": 235, "pitch": 56, "duration": 3, "velocity": 81}, {"time": 238, "pitch": 58, "duration": 4, "velocity": 88}, {"time": 241, "pitch": 56, "duration": 3, "velocity": 90}, {"time": 244, "pitch": 58, "duration": 3, "velocity": 96}, {"time": 247, "pitch": 56, "duration": 2, "velocity": 81}, {"time": 250, "pitch": 58, "duration": 2, "velocity": 102}, {"time": 253, "pitch": 61, "duration": 8, "velocity": 102}, {"time": 259, "pitch": 56, "duration": 3, "velocity": 93}, {"time": 262, "pitch": 58, "duration": 2, "velocity": 82}, {"time": 265, "pitch": 56, "duration": 2, "velocity": 93}, {"time": 268, "pitch": 58, "duration": 3, "velocity": 97}, {"time": 271, "pitch": 56, "duration": 2, "velocity": 90}, {"time": 274, "pitch": 58, "duration": 2, "velocity": 93}, {"time": 277, "pitch": 61, "duration": 5, "velocity": 107}, {"time": 283, "pitch": 56, "duration": 1, "velocity": 93}, {"time": 286, "pitch": 58, "duration": 2, "velocity": 96}, {"time": 289, "pitch": 56, "duration": 2, "velocity": 89}, {"time": 292, "pitch": 58, "duration": 3, "velocity": 112}, {"time": 298, "pitch": 65, "duration": 4, "velocity": 93}, {"time": 304, "pitch": 61, "duration": 9, "velocity": 107}, {"time": 316, "pitch": 61, "duration": 2, "velocity": 117}, {"time": 319, "pitch": 59, "duration": 3, "velocity": 89}, {"time": 325, "pitch": 58, "duration": 3, "velocity": 96}, {"time": 328, "pitch": 56, "duration": 3, "velocity": 86}, {"time": 334, "pitch": 54, "duration": 2, "velocity": 88}, {"time": 337, "pitch": 54, "duration": 4, "velocity": 90}, {"time": 343, "pitch": 61, "duration": 3, "velocity": 96}, {"time": 349, "pitch": 61, "duration": 2, "velocity": 93}, {"time": 352, "pitch": 61, "duration": 2, "velocity": 99}, {"time": 355, "pitch": 58, "duration": 3, "velocity": 89}, {"time": 361, "pitch": 54, "duration": 3, "velocity": 86}, {"time": 373, "pitch": 54, "duration": 2, "velocity": 71}, {"time": 376, "pitch": 61, "duration": 6, "velocity": 89}, {"time": 385, "pitch": 63, "duration": 5, "velocity": 107}, {"time": 394, "pitch": 58, "duration": 6, "velocity": 95}, {"time": 400, "pitch": 56, "duration": 12, "velocity": 82}, {"time": 427, "pitch": 56, "duration": 2, "velocity": 99}, {"time": 430, "pitch": 58, "duration": 2, "velocity": 96}, {"time": 433, "pitch": 56, "duration": 1, "velocity": 102}, {"time": 436, "pitch": 58, "duration": 2, "velocity": 95}, {"time": 439, "pitch": 56, "duration": 1, "velocity": 102}, {"time": 442, "pitch": 58, "duration": 1, "velocity": 102}, {"time": 445, "pitch": 61, "duration": 3, "velocity": 122}, {"time": 451, "pitch": 56, "duration": 2, "velocity": 97}, {"time": 454, "pitch": 58, "duration": 2, "velocity": 97}, {"time": 457, "pitch": 56, "duration": 2, "velocity": 97}, {"time": 460, "pitch": 58, "duration": 2, "velocity": 97}, {"time": 463, "pitch": 56, "duration": 2, "velocity": 92}, {"time": 466, "pitch": 58, "duration": 1, "velocity": 122}, {"time": 469, "pitch": 61, "duration": 2, "velocity": 99}, {"time": 472, "pitch": 66, "duration": 4, "velocity": 100}, {"time": 478, "pitch": 65, "duration": 3, "velocity": 93}, {"time": 484, "pitch": 61, "duration": 4, "velocity": 107}, {"time": 490, "pitch": 58, "duration": 4, "velocity": 86}, {"time": 496, "pitch": 61, "duration": 10, "velocity": 102}, {"time": 508, "pitch": 61, "duration": 3, "velocity": 112}, {"time": 511, "pitch": 63, "duration": 3, "velocity": 102}, {"time": 517, "pitch": 66, "duration": 2, "velocity": 95}, {"time": 520, "pitch": 68, "duration": 5, "velocity": 127}, {"time": 526, "pitch": 66, "duration": 3, "velocity": 107}, {"time": 529, "pitch": 63, "duration": 4, "velocity": 96}, {"time": 535, "pitch": 63, "duration": 3, "velocity": 99}, {"time": 541, "pitch": 63, "duration": 2, "velocity": 97}, {"time": 544, "pitch": 63, "duration": 2, "velocity": 112}, {"time": 547, "pitch": 61, "duration": 2, "velocity": 112}, {"time": 553, "pitch": 61, "duration": 2, "velocity": 112}, {"time": 556, "pitch": 58, "duration": 5, "velocity": 112}, {"time": 562, "pitch": 54, "duration": 4, "velocity": 100}, {"time": 568, "pitch": 56, "duration": 12, "velocity": 93}, {"time": 580, "pitch": 58, "duration": 8, "velocity": 112}, {"time": 592, "pitch": 59, "duration": 9, "velocity": 97}, {"time": 604, "pitch": 61, "duration": 6, "velocity": 102}, {"time": 616, "pitch": 63, "duration": 9, "velocity": 112}, {"time": 628, "pitch": 70, "duration": 8, "velocity": 112}, {"time": 640, "pitch": 68, "duration": 8, "velocity": 122}, {"time": 661, "pitch": 58, "duration": 2, "velocity": 102}, {"time": 664, "pitch": 66, "duration": 3, "velocity": 89}, {"time": 667, "pitch": 65, "duration": 3, "velocity": 93}, {"time": 673, "pitch": 61, "duration": 2, "velocity": 112}, {"time": 676, "pitch": 58, "duration": 5, "velocity": 99}, {"time": 682, "pitch": 56, "duration": 6, "velocity": 96}, {"time": 688, "pitch": 58, "duration": 5, "velocity": 99}, {"time": 700, "pitch": 58, "duration": 3, "velocity": 122}, {"time": 703, "pitch": 61, "duration": 3, "velocity": 102}, {"time": 709, "pitch": 63, "duration": 2, "velocity": 96}, {"time": 712, "pitch": 54, "duration": 7, "velocity": 99}, {"time": 724, "pitch": 58, "duration": 3, "velocity": 97}, {"time": 727, "pitch": 61, "duration": 3, "velocity": 127}, {"time": 733, "pitch": 63, "duration": 2, "velocity": 102}, {"time": 736, "pitch": 54, "duration": 4, "velocity": 102}, {"time": 745, "pitch": 54, "duration": 2, "velocity": 95}, {"time": 748, "pitch": 56, "duration": 2, "velocity": 102}, {"time": 751, "pitch": 58, "duration": 3, "velocity": 107}, {"time": 757, "pitch": 56, "duration": 2, "velocity": 112}, {"time": 760, "pitch": 58, "duration": 14, "velocity": 107}, {"time": 808, "pitch": 63, "duration": 9, "velocity": 112}, {"time": 820, "pitch": 70, "duration": 8, "velocity": 112}, {"time": 832, "pitch": 68, "duration": 8, "velocity": 122}, {"time": 847, "pitch": 65, "duration": 5, "velocity": 107}, {"time": 850, "pitch": 63, "duration": 2, "velocity": 93}, {"time": 856, "pitch": 63, "duration": 4, "velocity": 117}, {"time": 862, "pitch": 61, "duration": 2, "velocity": 83}, {"time": 865, "pitch": 61, "duration": 4, "velocity": 96}, {"time": 868, "pitch": 58, "duration": 5, "velocity": 107}, {"time": 874, "pitch": 63, "duration": 4, "velocity": 102}, {"time": 880, "pitch": 63, "duration": 6, "velocity": 127}, {"time": 892, "pitch": 58, "duration": 3, "velocity": 112}, {"time": 895, "pitch": 61, "duration": 3, "velocity": 122}, {"time": 901, "pitch": 63, "duration": 2, "velocity": 112}, {"time": 904, "pitch": 54, "duration": 8, "velocity": 107}, {"time": 916, "pitch": 58, "duration": 3, "velocity": 112}, {"time": 919, "pitch": 61, "duration": 4, "velocity": 107}, {"time": 925, "pitch": 63, "duration": 2, "velocity": 102}, {"time": 928, "pitch": 54, "duration": 7, "velocity": 97}, {"time": 937, "pitch": 54, "duration": 2, "velocity": 79}, {"time": 940, "pitch": 63, "duration": 3, "velocity": 83}, {"time": 943, "pitch": 61, "duration": 3, "velocity": 90}, {"time": 949, "pitch": 56, "duration": 4, "velocity": 93}, {"time": 955, "pitch": 54, "duration": 26, "velocity": 88}, {"time": 1003, "pitch": 56, "duration": 2, "velocity": 99}, {"time": 1006, "pitch": 58, "duration": 2, "velocity": 96}, {"time": 1009, "pitch": 56, "duration": 1, "velocity": 102}, {"time": 1012, "pitch": 58, "duration": 2, "velocity": 95}, {"time": 1015, "pitch": 56, "duration": 1, "velocity": 102}, {"time": 1018, "pitch": 58, "duration": 1, "velocity": 102}, {"time": 1021, "pitch": 61, "duration": 3, "velocity": 122}, {"time": 1027, "pitch": 56, "duration": 2, "velocity": 99}, {"time": 1030, "pitch": 58, "duration": 2, "velocity": 96}, {"time": 1033, "pitch": 56, "duration": 1, "velocity": 102}, {"time": 1036, "pitch": 58, "duration": 2, "velocity": 95}, {"time": 1039, "pitch": 56, "duration": 1, "velocity": 102}, {"time": 1042, "pitch": 58, "duration": 1, "velocity": 102}, {"time": 1045, "pitch": 61, "duration": 3, "velocity": 122}, {"time": 1051, "pitch": 56, "duration": 2, "velocity": 97}, {"time": 1054, "pitch": 58, "duration": 2, "velocity": 97}, {"time": 1057, "pitch": 56, "duration": 2, "velocity": 97}, {"time": 1060, "pitch": 58, "duration": 2, "velocity": 97}, {"time": 1063, "pitch": 65, "duration": 6, "velocity": 100}, {"time": 1072, "pitch": 63, "duration": 3, "velocity": 102}, {"time": 1075, "pitch": 61, "duration": 6, "velocity": 89}, {"time": 1081, "pitch": 61, "duration": 1, "velocity": 112}, {"time": 1084, "pitch": 61, "duration": 2, "velocity": 96}, {"time": 1087, "pitch": 59, "duration": 1, "velocity": 93}, {"time": 1090, "pitch": 59, "duration": 2, "velocity": 96}, {"time": 1093, "pitch": 56, "duration": 1, "velocity": 107}, {"time": 1096, "pitch": 58, "duration": 4, "velocity": 117}, {"time": 1102, "pitch": 56, "duration": 2, "velocity": 102}, {"time": 1105, "pitch": 54, "duration": 5, "velocity": 95}, {"time": 1117, "pitch": 61, "duration": 1, "velocity": 107}, {"time": 1120, "pitch": 61, "duration": 4, "velocity": 112}, {"time": 1126, "pitch": 56, "duration": 3, "velocity": 99}, {"time": 1129, "pitch": 54, "duration": 4, "velocity": 93}, {"time": 1141, "pitch": 54, "duration": 1, "velocity": 97}, {"time": 1144, "pitch": 56, "duration": 2, "velocity": 100}, {"time": 1147, "pitch": 54, "duration": 1, "velocity": 96}, {"time": 1150, "pitch": 56, "duration": 2, "velocity": 97}, {"time": 1153, "pitch": 54, "duration": 2, "velocity": 89}, {"time": 1156, "pitch": 56, "duration": 3, "velocity": 112}, {"time": 1162, "pitch": 58, "duration": 4, "velocity": 127}, {"time": 1168, "pitch": 59, "duration": 5, "velocity": 99}, {"time": 1174, "pitch": 61, "duration": 2, "velocity": 107}, {"time": 1177, "pitch": 58, "duration": 4, "velocity": 107}, {"time": 1183, "pitch": 56, "duration": 7, "velocity": 97}, {"time": 1189, "pitch": 54, "duration": 4, "velocity": 75}, {"time": 1192, "pitch": 56, "duration": 4, "velocity": 99}, {"time": 1198, "pitch": 58, "duration": 2, "velocity": 97}, {"time": 1201, "pitch": 58, "duration": 6, "velocity": 100}, {"time": 1207, "pitch": 56, "duration": 3, "velocity": 99}, {"time": 1216, "pitch": 56, "duration": 5, "velocity": 112}, {"time": 1222, "pitch": 58, "duration": 1, "velocity": 100}, {"time": 1225, "pitch": 58, "duration": 5, "velocity": 127}, {"time": 1231, "pitch": 56, "duration": 4, "velocity": 112}, {"time": 1240, "pitch": 61, "duration": 4, "velocity": 102}, {"time": 1246, "pitch": 58, "duration": 4, "velocity": 90}, {"time": 1252, "pitch": 56, "duration": 5, "velocity": 100}, {"time": 1258, "pitch": 54, "duration": 3, "velocity": 107}, {"time": 1264, "pitch": 61, "duration": 3, "velocity": 122}, {"time": 1270, "pitch": 58, "duration": 4, "velocity": 100}, {"time": 1276, "pitch": 56, "duration": 4, "velocity": 107}, {"time": 1279, "pitch": 58, "duration": 6, "velocity": 117}, {"time": 1288, "pitch": 54, "duration": 6, "velocity": 107}, {"time": 1294, "pitch": 58, "duration": 3, "velocity": 96}, {"time": 1297, "pitch": 58, "duration": 17, "velocity": 90}, {"time": 1321, "pitch": 54, "duration": 1, "velocity": 93}, {"time": 1324, "pitch": 54, "duration": 2, "velocity": 96}, {"time": 1327, "pitch": 56, "duration": 4, "velocity": 107}, {"time": 1336, "pitch": 56, "duration": 10, "velocity": 117}, {"time": 1348, "pitch": 58, "duration": 10, "velocity": 117}, {"time": 1360, "pitch": 59, "duration": 9, "velocity": 112}, {"time": 1372, "pitch": 61, "duration": 5, "velocity": 117}, {"time": 1384, "pitch": 56, "duration": 11, "velocity": 112}, {"time": 1396, "pitch": 58, "duration": 11, "velocity": 102}, {"time": 1408, "pitch": 59, "duration": 11, "velocity": 99}, {"time": 1420, "pitch": 61, "duration": 5, "velocity": 122}, {"time": 1432, "pitch": 63, "duration": 9, "velocity": 112}, {"time": 1444, "pitch": 70, "duration": 8, "velocity": 112}, {"time": 1456, "pitch": 68, "duration": 8, "velocity": 122}, {"time": 1477, "pitch": 58, "duration": 2, "velocity": 102}, {"time": 1480, "pitch": 66, "duration": 3, "velocity": 89}, {"time": 1483, "pitch": 65, "duration": 3, "velocity": 93}, {"time": 1489, "pitch": 61, "duration": 2, "velocity": 112}, {"time": 1492, "pitch": 58, "duration": 5, "velocity": 99}, {"time": 1498, "pitch": 56, "duration": 6, "velocity": 96}, {"time": 1504, "pitch": 58, "duration": 5, "velocity": 99}, {"time": 1516, "pitch": 58, "duration": 3, "velocity": 122}, {"time": 1519, "pitch": 61, "duration": 3, "velocity": 102}, {"time": 1525, "pitch": 63, "duration": 2, "velocity": 96}, {"time": 1528, "pitch": 54, "duration": 7, "velocity": 99}, {"time": 1540, "pitch": 58, "duration": 3, "velocity": 97}, {"time": 1543, "pitch": 61, "duration": 3, "velocity": 127}, {"time": 1549, "pitch": 63, "duration": 2, "velocity": 102}, {"time": 1552, "pitch": 54, "duration": 4, "velocity": 102}, {"time": 1561, "pitch": 54, "duration": 2, "velocity": 95}, {"time": 1564, "pitch": 56, "duration": 2, "velocity": 102}, {"time": 1567, "pitch": 58, "duration": 3, "velocity": 107}, {"time": 1573, "pitch": 56, "duration": 2, "velocity": 112}, {"time": 1576, "pitch": 58, "duration": 14, "velocity": 107}, {"time": 1624, "pitch": 63, "duration": 9, "velocity": 112}, {"time": 1636, "pitch": 70, "duration": 8, "velocity": 112}, {"time": 1648, "pitch": 68, "duration": 8, "velocity": 122}, {"time": 1663, "pitch": 65, "duration": 5, "velocity": 107}, {"time": 1666, "pitch": 63, "duration": 2, "velocity": 109}, {"time": 1672, "pitch": 63, "duration": 4, "velocity": 117}, {"time": 1678, "pitch": 61, "duration": 2, "velocity": 83}, {"time": 1681, "pitch": 61, "duration": 4, "velocity": 96}, {"time": 1684, "pitch": 58, "duration": 5, "velocity": 107}, {"time": 1690, "pitch": 63, "duration": 4, "velocity": 102}, {"time": 1696, "pitch": 63, "duration": 6, "velocity": 127}, {"time": 1708, "pitch": 58, "duration": 3, "velocity": 112}, {"time": 1711, "pitch": 61, "duration": 3, "velocity": 122}, {"time": 1717, "pitch": 63, "duration": 2, "velocity": 112}, {"time": 1720, "pitch": 54, "duration": 8, "velocity": 107}, {"time": 1732, "pitch": 58, "duration": 3, "velocity": 112}, {"time": 1735, "pitch": 61, "duration": 4, "velocity": 107}, {"time": 1741, "pitch": 63, "duration": 2, "velocity": 102}, {"time": 1744, "pitch": 54, "duration": 7, "velocity": 97}, {"time": 1753, "pitch": 54, "duration": 2, "velocity": 79}, {"time": 1756, "pitch": 63, "duration": 3, "velocity": 83}, {"time": 1759, "pitch": 61, "duration": 3, "velocity": 90}, {"time": 1765, "pitch": 56, "duration": 4, "velocity": 93}, {"time": 1771, "pitch": 54, "duration": 26, "velocity": 88}, {"time": 1816, "pitch": 63, "duration": 4, "velocity": 127}, {"time": 1822, "pitch": 68, "duration": 1, "velocity": 112}, {"time": 1825, "pitch": 68, "duration": 4, "velocity": 122}, {"time": 1831, "pitch": 63, "duration": 7, "velocity": 127}, {"time": 1840, "pitch": 63, "duration": 6, "velocity": 127}, {"time": 1846, "pitch": 61, "duration": 2, "velocity": 122}, {"time": 1849, "pitch": 61, "duration": 4, "velocity": 107}, {"time": 1855, "pitch": 59, "duration": 7, "velocity": 102}, {"time": 1864, "pitch": 61, "duration": 9, "velocity": 127}, {"time": 1870, "pitch": 63, "duration": 2, "velocity": 112}, {"time": 1873, "pitch": 63, "duration": 14, "velocity": 112}, {"time": 1897, "pitch": 54, "duration": 2, "velocity": 99}, {"time": 1900, "pitch": 66, "duration": 4, "velocity": 107}, {"time": 1906, "pitch": 63, "duration": 4, "velocity": 122}, {"time": 1909, "pitch": 61, "duration": 2, "velocity": 112}, {"time": 1912, "pitch": 61, "duration": 5, "velocity": 122}, {"time": 1918, "pitch": 59, "duration": 2, "velocity": 93}, {"time": 1921, "pitch": 56, "duration": 12, "velocity": 102}, {"time": 1945, "pitch": 54, "duration": 2, "velocity": 99}, {"time": 1948, "pitch": 66, "duration": 4, "velocity": 107}, {"time": 1954, "pitch": 63, "duration": 4, "velocity": 112}, {"time": 1960, "pitch": 61, "duration": 6, "velocity": 122}, {"time": 1966, "pitch": 63, "duration": 2, "velocity": 102}, {"time": 1969, "pitch": 63, "duration": 17, "velocity": 127}, {"time": 2008, "pitch": 68, "duration": 10, "velocity": 127}, {"time": 2022, "pitch": 70, "duration": 10, "velocity": 127}, {"time": 2032, "pitch": 67, "duration": 12, "velocity": 127}, {"time": 2044, "pitch": 65, "duration": 12, "velocity": 122}, {"time": 2056, "pitch": 65, "duration": 9, "velocity": 112}, {"time": 2068, "pitch": 72, "duration": 8, "velocity": 112}, {"time": 2080, "pitch": 70, "duration": 8, "velocity": 122}, {"time": 2095, "pitch": 67, "duration": 5, "velocity": 127}, {"time": 2101, "pitch": 65, "duration": 3, "velocity": 100}, {"time": 2104, "pitch": 65, "duration": 3, "velocity": 117}, {"time": 2107, "pitch": 63, "duration": 3, "velocity": 122}, {"time": 2113, "pitch": 63, "duration": 4, "velocity": 117}, {"time": 2116, "pitch": 60, "duration": 5, "velocity": 99}, {"time": 2122, "pitch": 58, "duration": 6, "velocity": 96}, {"time": 2128, "pitch": 60, "duration": 5, "velocity": 99}, {"time": 2140, "pitch": 60, "duration": 3, "velocity": 122}, {"time": 2143, "pitch": 63, "duration": 3, "velocity": 102}, {"time": 2149, "pitch": 65, "duration": 2, "velocity": 96}, {"time": 2152, "pitch": 56, "duration": 7, "velocity": 99}, {"time": 2164, "pitch": 60, "duration": 3, "velocity": 97}, {"time": 2167, "pitch": 63, "duration": 3, "velocity": 127}, {"time": 2173, "pitch": 65, "duration": 2, "velocity": 102}, {"time": 2176, "pitch": 63, "duration": 5, "velocity": 122}, {"time": 2185, "pitch": 63, "duration": 2, "velocity": 107}, {"time": 2188, "pitch": 72, "duration": 3, "velocity": 100}, {"time": 2191, "pitch": 70, "duration": 3, "velocity": 122}, {"time": 2197, "pitch": 68, "duration": 4, "velocity": 127}, {"time": 2203, "pitch": 72, "duration": 9, "velocity": 122}, {"time": 2215, "pitch": 70, "duration": 3, "velocity": 100}, {"time": 2218, "pitch": 72, "duration": 3, "velocity": 93}, {"time": 2221, "pitch": 70, "duration": 2, "velocity": 117}, {"time": 2224, "pitch": 75, "duration": 5, "velocity": 122}, {"time": 2230, "pitch": 73, "duration": 4, "velocity": 127}, {"time": 2236, "pitch": 72, "duration": 5, "velocity": 107}, {"time": 2242, "pitch": 68, "duration": 5, "velocity": 117}, {"time": 2248, "pitch": 68, "duration": 8, "velocity": 127}, {"time": 2260, "pitch": 68, "duration": 5, "velocity": 127}, {"time": 2266, "pitch": 65, "duration": 2, "velocity": 93}, {"time": 2269, "pitch": 67, "duration": 10, "velocity": 122}, {"time": 2287, "pitch": 72, "duration": 4, "velocity": 99}, {"time": 2293, "pitch": 67, "duration": 2, "velocity": 78}, {"time": 2296, "pitch": 67, "duration": 2, "velocity": 100}, {"time": 2302, "pitch": 63, "duration": 2, "velocity": 83}, {"time": 2305, "pitch": 63, "duration": 4, "velocity": 96}, {"time": 2308, "pitch": 60, "duration": 5, "velocity": 107}, {"time": 2314, "pitch": 65, "duration": 4, "velocity": 102}, {"time": 2320, "pitch": 65, "duration": 6, "velocity": 127}, {"time": 2332, "pitch": 60, "duration": 3, "velocity": 112}, {"time": 2335, "pitch": 63, "duration": 3, "velocity": 122}, {"time": 2341, "pitch": 65, "duration": 2, "velocity": 112}, {"time": 2344, "pitch": 56, "duration": 8, "velocity": 107}, {"time": 2356, "pitch": 60, "duration": 3, "velocity": 112}, {"time": 2359, "pitch": 63, "duration": 4, "velocity": 107}, {"time": 2365, "pitch": 65, "duration": 2, "velocity": 102}, {"time": 2368, "pitch": 56, "duration": 7, "velocity": 97}, {"time": 2377, "pitch": 56, "duration": 2, "velocity": 79}, {"time": 2380, "pitch": 65, "duration": 3, "velocity": 83}, {"time": 2383, "pitch": 63, "duration": 3, "velocity": 90}, {"time": 2389, "pitch": 58, "duration": 4, "velocity": 93}, {"time": 2395, "pitch": 56, "duration": 26, "velocity": 88}, {"time": 2440, "pitch": 65, "duration": 8, "velocity": 112}, {"time": 2452, "pitch": 72, "duration": 8, "velocity": 127}, {"time": 2464, "pitch": 70, "duration": 9, "velocity": 122}, {"time": 2479, "pitch": 67, "duration": 4, "velocity": 100}, {"time": 2485, "pitch": 65, "duration": 2, "velocity": 79}, {"time": 2488, "pitch": 65, "duration": 4, "velocity": 95}, {"time": 2491, "pitch": 63, "duration": 3, "velocity": 85}, {"time": 2497, "pitch": 63, "duration": 3, "velocity": 96}, {"time": 2500, "pitch": 60, "duration": 5, "velocity": 97}, {"time": 2506, "pitch": 65, "duration": 6, "velocity": 99}, {"time": 2512, "pitch": 65, "duration": 8, "velocity": 96}, {"time": 2524, "pitch": 60, "duration": 3, "velocity": 112}, {"time": 2528, "pitch": 63, "duration": 3, "velocity": 112}, {"time": 2532, "pitch": 65, "duration": 4, "velocity": 92}, {"time": 2536, "pitch": 56, "duration": 5, "velocity": 93}, {"time": 2548, "pitch": 60, "duration": 4, "velocity": 102}, {"time": 2553, "pitch": 63, "duration": 3, "velocity": 117}, {"time": 2557, "pitch": 65, "duration": 3, "velocity": 99}, {"time": 2560, "pitch": 56, "duration": 10, "velocity": 107}, {"time": 2569, "pitch": 56, "duration": 1, "velocity": 90}, {"time": 2572, "pitch": 65, "duration": 3, "velocity": 93}, {"time": 2577, "pitch": 63, "duration": 3, "velocity": 107}, {"time": 2584, "pitch": 60, "duration": 12, "velocity": 95}, {"time": 2596, "pitch": 58, "duration": 19, "velocity": 107}, {"time": 2619, "pitch": 56, "duration": 45, "velocity": 107}, {"time": 2668, "pitch": 63, "duration": 5, "velocity": 100}, {"time": 2673, "pitch": 61, "duration": 3, "velocity": 75}, {"time": 2675, "pitch": 63, "duration": 6, "velocity": 99}, {"time": 2681, "pitch": 61, "duration": 7, "velocity": 97}, {"time": 2688, "pitch": 56, "duration": 9, "velocity": 95}, {"time": 2697, "pitch": 58, "duration": 8, "velocity": 96}, {"time": 2704, "pitch": 60, "duration": 51, "velocity": 82}]}, {"program": 0, "is_drum": false, "name": "BRIDGE", "notes": [{"time": 40, "pitch": 75, "duration": 7, "velocity": 82}, {"time": 46, "pitch": 66, "duration": 6, "velocity": 69}, {"time": 52, "pitch": 82, "duration": 12, "velocity": 99}, {"time": 64, "pitch": 80, "duration": 8, "velocity": 99}, {"time": 70, "pitch": 68, "duration": 7, "velocity": 93}, {"time": 76, "pitch": 77, "duration": 12, "velocity": 92}, {"time": 88, "pitch": 78, "duration": 4, "velocity": 112}, {"time": 93, "pitch": 77, "duration": 4, "velocity": 90}, {"time": 97, "pitch": 73, "duration": 3, "velocity": 61}, {"time": 100, "pitch": 70, "duration": 7, "velocity": 88}, {"time": 106, "pitch": 73, "duration": 7, "velocity": 97}, {"time": 112, "pitch": 66, "duration": 12, "velocity": 74}, {"time": 125, "pitch": 70, "duration": 4, "velocity": 112}, {"time": 130, "pitch": 73, "duration": 4, "velocity": 102}, {"time": 134, "pitch": 75, "duration": 4, "velocity": 100}, {"time": 138, "pitch": 66, "duration": 9, "velocity": 88}, {"time": 150, "pitch": 70, "duration": 4, "velocity": 112}, {"time": 154, "pitch": 73, "duration": 4, "velocity": 89}, {"time": 158, "pitch": 75, "duration": 6, "velocity": 100}, {"time": 161, "pitch": 66, "duration": 9, "velocity": 89}, {"time": 173, "pitch": 70, "duration": 5, "velocity": 100}, {"time": 178, "pitch": 73, "duration": 5, "velocity": 93}, {"time": 182, "pitch": 75, "duration": 4, "velocity": 90}, {"time": 185, "pitch": 66, "duration": 11, "velocity": 93}, {"time": 196, "pitch": 66, "duration": 10, "velocity": 88}, {"time": 208, "pitch": 66, "duration": 11, "velocity": 85}, {"time": 220, "pitch": 66, "duration": 11, "velocity": 93}, {"time": 232, "pitch": 66, "duration": 25, "velocity": 71}, {"time": 1528, "pitch": 82, "duration": 6, "velocity": 102}, {"time": 1534, "pitch": 75, "duration": 7, "velocity": 96}, {"time": 1540, "pitch": 82, "duration": 6, "velocity": 122}, {"time": 1546, "pitch": 75, "duration": 7, "velocity": 92}, {"time": 1552, "pitch": 82, "duration": 6, "velocity": 112}, {"time": 1558, "pitch": 75, "duration": 5, "velocity": 95}, {"time": 1564, "pitch": 82, "duration": 5, "velocity": 122}, {"time": 1570, "pitch": 75, "duration": 4, "velocity": 107}, {"time": 1576, "pitch": 78, "duration": 6, "velocity": 102}, {"time": 1588, "pitch": 78, "duration": 6, "velocity": 112}, {"time": 1594, "pitch": 80, "duration": 4, "velocity": 117}, {"time": 1600, "pitch": 85, "duration": 6, "velocity": 112}, {"time": 1612, "pitch": 83, "duration": 6, "velocity": 100}, {"time": 1618, "pitch": 82, "duration": 5, "velocity": 117}, {"time": 1624, "pitch": 75, "duration": 7, "velocity": 112}, {"time": 1624, "pitch": 82, "duration": 6, "velocity": 127}, {"time": 1630, "pitch": 75, "duration": 1, "velocity": 102}, {"time": 1636, "pitch": 82, "duration": 6, "velocity": 112}, {"time": 1642, "pitch": 75, "duration": 6, "velocity": 112}, {"time": 1648, "pitch": 80, "duration": 6, "velocity": 127}, {"time": 1654, "pitch": 75, "duration": 7, "velocity": 100}, {"time": 1666, "pitch": 75, "duration": 5, "velocity": 100}, {"time": 1672, "pitch": 75, "duration": 6, "velocity": 92}, {"time": 1678, "pitch": 73, "duration": 5, "velocity": 76}, {"time": 1684, "pitch": 75, "duration": 5, "velocity": 107}, {"time": 1690, "pitch": 77, "duration": 6, "velocity": 96}, {"time": 1696, "pitch": 75, "duration": 12, "velocity": 102}, {"time": 1702, "pitch": 77, "duration": 4, "velocity": 112}, {"time": 1708, "pitch": 78, "duration": 6, "velocity": 122}, {"time": 1714, "pitch": 75, "duration": 4, "velocity": 122}, {"time": 1720, "pitch": 82, "duration": 6, "velocity": 122}, {"time": 1726, "pitch": 75, "duration": 4, "velocity": 107}, {"time": 1732, "pitch": 82, "duration": 6, "velocity": 122}, {"time": 1738, "pitch": 75, "duration": 6, "velocity": 97}, {"time": 1744, "pitch": 82, "duration": 6, "velocity": 107}, {"time": 1750, "pitch": 73, "duration": 6, "velocity": 102}, {"time": 1756, "pitch": 82, "duration": 5, "velocity": 112}, {"time": 1762, "pitch": 73, "duration": 6, "velocity": 100}, {"time": 1768, "pitch": 78, "duration": 5, "velocity": 112}, {"time": 1774, "pitch": 78, "duration": 37, "velocity": 95}, {"time": 2056, "pitch": 84, "duration": 6, "velocity": 127}, {"time": 2062, "pitch": 77, "duration": 6, "velocity": 102}, {"time": 2068, "pitch": 84, "duration": 6, "velocity": 112}, {"time": 2074, "pitch": 77, "duration": 6, "velocity": 112}, {"time": 2080, "pitch": 84, "duration": 6, "velocity": 127}, {"time": 2086, "pitch": 77, "duration": 7, "velocity": 100}, {"time": 2092, "pitch": 84, "duration": 6, "velocity": 127}, {"time": 2098, "pitch": 77, "duration": 5, "velocity": 100}, {"time": 2104, "pitch": 77, "duration": 6, "velocity": 92}, {"time": 2110, "pitch": 75, "duration": 5, "velocity": 76}, {"time": 2116, "pitch": 77, "duration": 5, "velocity": 107}, {"time": 2122, "pitch": 79, "duration": 6, "velocity": 96}, {"time": 2128, "pitch": 77, "duration": 12, "velocity": 102}, {"time": 2134, "pitch": 79, "duration": 4, "velocity": 112}, {"time": 2140, "pitch": 80, "duration": 6, "velocity": 122}, {"time": 2146, "pitch": 77, "duration": 4, "velocity": 122}, {"time": 2152, "pitch": 84, "duration": 6, "velocity": 122}, {"time": 2158, "pitch": 77, "duration": 4, "velocity": 107}, {"time": 2164, "pitch": 84, "duration": 6, "velocity": 122}, {"time": 2170, "pitch": 77, "duration": 6, "velocity": 97}, {"time": 2176, "pitch": 84, "duration": 6, "velocity": 107}, {"time": 2182, "pitch": 75, "duration": 6, "velocity": 102}, {"time": 2188, "pitch": 84, "duration": 5, "velocity": 112}, {"time": 2194, "pitch": 75, "duration": 6, "velocity": 100}, {"time": 2200, "pitch": 80, "duration": 5, "velocity": 112}, {"time": 2206, "pitch": 80, "duration": 30, "velocity": 95}, {"time": 2248, "pitch": 84, "duration": 6, "velocity": 127}, {"time": 2254, "pitch": 77, "duration": 6, "velocity": 102}, {"time": 2260, "pitch": 84, "duration": 6, "velocity": 112}, {"time": 2266, "pitch": 77, "duration": 6, "velocity": 112}, {"time": 2272, "pitch": 84, "duration": 6, "velocity": 127}, {"time": 2278, "pitch": 77, "duration": 7, "velocity": 100}, {"time": 2284, "pitch": 84, "duration": 6, "velocity": 127}, {"time": 2290, "pitch": 77, "duration": 5, "velocity": 100}, {"time": 2296, "pitch": 77, "duration": 6, "velocity": 92}, {"time": 2302, "pitch": 75, "duration": 5, "velocity": 76}, {"time": 2308, "pitch": 77, "duration": 5, "velocity": 107}, {"time": 2314, "pitch": 79, "duration": 6, "velocity": 96}, {"time": 2320, "pitch": 77, "duration": 7, "velocity": 102}, {"time": 2326, "pitch": 79, "duration": 4, "velocity": 112}, {"time": 2332, "pitch": 80, "duration": 6, "velocity": 122}, {"time": 2338, "pitch": 77, "duration": 4, "velocity": 122}, {"time": 2344, "pitch": 84, "duration": 6, "velocity": 122}, {"time": 2350, "pitch": 77, "duration": 4, "velocity": 107}, {"time": 2356, "pitch": 84, "duration": 6, "velocity": 122}, {"time": 2362, "pitch": 77, "duration": 6, "velocity": 97}, {"time": 2368, "pitch": 84, "duration": 6, "velocity": 107}, {"time": 2374, "pitch": 75, "duration": 6, "velocity": 102}, {"time": 2380, "pitch": 84, "duration": 5, "velocity": 112}, {"time": 2386, "pitch": 75, "duration": 6, "velocity": 100}, {"time": 2392, "pitch": 80, "duration": 5, "velocity": 112}, {"time": 2398, "pitch": 80, "duration": 37, "velocity": 95}, {"time": 2620, "pitch": 68, "duration": 6, "velocity": 102}, {"time": 2628, "pitch": 68, "duration": 6, "velocity": 102}, {"time": 2635, "pitch": 68, "duration": 5, "velocity": 99}, {"time": 2641, "pitch": 68, "duration": 2, "velocity": 97}, {"time": 2644, "pitch": 75, "duration": 6, "velocity": 112}, {"time": 2651, "pitch": 75, "duration": 4, "velocity": 112}, {"time": 2651, "pitch": 68, "duration": 6, "velocity": 107}, {"time": 2658, "pitch": 75, "duration": 6, "velocity": 122}, {"time": 2659, "pitch": 68, "duration": 5, "velocity": 107}, {"time": 2666, "pitch": 68, "duration": 2, "velocity": 99}, {"time": 2668, "pitch": 75, "duration": 6, "velocity": 95}, {"time": 2675, "pitch": 73, "duration": 7, "velocity": 112}, {"time": 2684, "pitch": 68, "duration": 7, "velocity": 99}, {"time": 2691, "pitch": 70, "duration": 8, "velocity": 89}, {"time": 2699, "pitch": 72, "duration": 51, "velocity": 89}]}, {"program": 0, "is_drum": false, "name": "PIANO", "notes": [{"time": 40, "pitch": 47, "duration": 20, "velocity": 68}, {"time": 46, "pitch": 54, "duration": 17, "velocity": 60}, {"time": 52, "pitch": 66, "duration": 12, "velocity": 92}, {"time": 58, "pitch": 59, "duration": 6, "velocity": 67}, {"time": 64, "pitch": 49, "duration": 13, "velocity": 72}, {"time": 70, "pitch": 61, "duration": 16, "velocity": 63}, {"time": 76, "pitch": 68, "duration": 12, "velocity": 85}, {"time": 88, "pitch": 42, "duration": 15, "velocity": 81}, {"time": 94, "pitch": 49, "duration": 7, "velocity": 43}, {"time": 100, "pitch": 66, "duration": 13, "velocity": 82}, {"time": 106, "pitch": 58, "duration": 7, "velocity": 69}, {"time": 112, "pitch": 39, "duration": 15, "velocity": 56}, {"time": 118, "pitch": 51, "duration": 11, "velocity": 56}, {"time": 124, "pitch": 63, "duration": 12, "velocity": 58}, {"time": 136, "pitch": 47, "duration": 16, "velocity": 70}, {"time": 142, "pitch": 54, "duration": 9, "velocity": 50}, {"time": 148, "pitch": 66, "duration": 12, "velocity": 88}, {"time": 154, "pitch": 59, "duration": 7, "velocity": 55}, {"time": 160, "pitch": 49, "duration": 12, "velocity": 62}, {"time": 166, "pitch": 56, "duration": 12, "velocity": 75}, {"time": 172, "pitch": 65, "duration": 11, "velocity": 61}, {"time": 178, "pitch": 61, "duration": 6, "velocity": 49}, {"time": 184, "pitch": 42, "duration": 46, "velocity": 55}, {"time": 190, "pitch": 49, "duration": 35, "velocity": 41}, {"time": 196, "pitch": 54, "duration": 32, "velocity": 42}, {"time": 202, "pitch": 58, "duration": 32, "velocity": 52}, {"time": 208, "pitch": 66, "duration": 27, "velocity": 61}, {"time": 232, "pitch": 42, "duration": 23, "velocity": 56}, {"time": 238, "pitch": 58, "duration": 8, "velocity": 57}, {"time": 244, "pitch": 66, "duration": 12, "velocity": 102}, {"time": 250, "pitch": 58, "duration": 8, "velocity": 57}, {"time": 256, "pitch": 41, "duration": 14, "velocity": 71}, {"time": 262, "pitch": 58, "duration": 7, "velocity": 73}, {"time": 268, "pitch": 61, "duration": 13, "velocity": 72}, {"time": 268, "pitch": 65, "duration": 12, "velocity": 69}, {"time": 274, "pitch": 58, "duration": 7, "velocity": 53}, {"time": 280, "pitch": 39, "duration": 17, "velocity": 75}, {"time": 286, "pitch": 51, "duration": 8, "velocity": 49}, {"time": 292, "pitch": 63, "duration": 11, "velocity": 88}, {"time": 298, "pitch": 54, "duration": 5, "velocity": 82}, {"time": 304, "pitch": 37, "duration": 16, "velocity": 79}, {"time": 310, "pitch": 49, "duration": 7, "velocity": 61}, {"time": 316, "pitch": 68, "duration": 11, "velocity": 100}, {"time": 322, "pitch": 61, "duration": 6, "velocity": 92}, {"time": 328, "pitch": 35, "duration": 16, "velocity": 83}, {"time": 334, "pitch": 42, "duration": 11, "velocity": 60}, {"time": 340, "pitch": 47, "duration": 4, "velocity": 52}, {"time": 340, "pitch": 63, "duration": 12, "velocity": 69}, {"time": 340, "pitch": 66, "duration": 13, "velocity": 88}, {"time": 346, "pitch": 59, "duration": 6, "velocity": 77}, {"time": 352, "pitch": 34, "duration": 17, "velocity": 88}, {"time": 352, "pitch": 58, "duration": 10, "velocity": 85}, {"time": 352, "pitch": 61, "duration": 10, "velocity": 90}, {"time": 352, "pitch": 65, "duration": 7, "velocity": 67}, {"time": 358, "pitch": 46, "duration": 7, "velocity": 50}, {"time": 364, "pitch": 61, "duration": 12, "velocity": 95}, {"time": 364, "pitch": 65, "duration": 12, "velocity": 69}, {"time": 370, "pitch": 58, "duration": 7, "velocity": 83}, {"time": 376, "pitch": 32, "duration": 20, "velocity": 77}, {"time": 382, "pitch": 44, "duration": 15, "velocity": 99}, {"time": 388, "pitch": 63, "duration": 11, "velocity": 93}, {"time": 394, "pitch": 56, "duration": 8, "velocity": 75}, {"time": 400, "pitch": 37, "duration": 23, "velocity": 81}, {"time": 406, "pitch": 49, "duration": 12, "velocity": 79}, {"time": 412, "pitch": 61, "duration": 12, "velocity": 75}, {"time": 412, "pitch": 65, "duration": 12, "velocity": 66}, {"time": 418, "pitch": 56, "duration": 6, "velocity": 72}, {"time": 424, "pitch": 42, "duration": 23, "velocity": 56}, {"time": 430, "pitch": 58, "duration": 8, "velocity": 57}, {"time": 436, "pitch": 66, "duration": 12, "velocity": 102}, {"time": 442, "pitch": 58, "duration": 8, "velocity": 57}, {"time": 448, "pitch": 41, "duration": 14, "velocity": 71}, {"time": 454, "pitch": 58, "duration": 7, "velocity": 73}, {"time": 460, "pitch": 61, "duration": 13, "velocity": 72}, {"time": 460, "pitch": 65, "duration": 12, "velocity": 69}, {"time": 466, "pitch": 58, "duration": 7, "velocity": 53}, {"time": 472, "pitch": 39, "duration": 17, "velocity": 75}, {"time": 478, "pitch": 51, "duration": 8, "velocity": 49}, {"time": 484, "pitch": 63, "duration": 11, "velocity": 88}, {"time": 490, "pitch": 54, "duration": 5, "velocity": 82}, {"time": 496, "pitch": 37, "duration": 16, "velocity": 79}, {"time": 502, "pitch": 49, "duration": 7, "velocity": 61}, {"time": 508, "pitch": 68, "duration": 11, "velocity": 100}, {"time": 514, "pitch": 61, "duration": 6, "velocity": 92}, {"time": 520, "pitch": 35, "duration": 23, "velocity": 92}, {"time": 526, "pitch": 42, "duration": 9, "velocity": 56}, {"time": 532, "pitch": 47, "duration": 14, "velocity": 74}, {"time": 532, "pitch": 63, "duration": 23, "velocity": 85}, {"time": 532, "pitch": 66, "duration": 23, "velocity": 92}, {"time": 538, "pitch": 42, "duration": 7, "velocity": 45}, {"time": 538, "pitch": 59, "duration": 17, "velocity": 56}, {"time": 544, "pitch": 35, "duration": 10, "velocity": 78}, {"time": 550, "pitch": 47, "duration": 7, "velocity": 57}, {"time": 556, "pitch": 63, "duration": 12, "velocity": 97}, {"time": 556, "pitch": 66, "duration": 11, "velocity": 99}, {"time": 562, "pitch": 59, "duration": 6, "velocity": 58}, {"time": 568, "pitch": 37, "duration": 23, "velocity": 82}, {"time": 574, "pitch": 44, "duration": 17, "velocity": 28}, {"time": 580, "pitch": 49, "duration": 13, "velocity": 85}, {"time": 580, "pitch": 61, "duration": 11, "velocity": 58}, {"time": 580, "pitch": 65, "duration": 10, "velocity": 63}, {"time": 586, "pitch": 56, "duration": 16, "velocity": 69}, {"time": 592, "pitch": 37, "duration": 24, "velocity": 78}, {"time": 592, "pitch": 61, "duration": 10, "velocity": 58}, {"time": 592, "pitch": 65, "duration": 8, "velocity": 69}, {"time": 604, "pitch": 49, "duration": 7, "velocity": 70}, {"time": 604, "pitch": 56, "duration": 3, "velocity": 99}, {"time": 604, "pitch": 61, "duration": 11, "velocity": 99}, {"time": 604, "pitch": 65, "duration": 11, "velocity": 72}, {"time": 610, "pitch": 56, "duration": 6, "velocity": 93}, {"time": 616, "pitch": 35, "duration": 19, "velocity": 72}, {"time": 622, "pitch": 42, "duration": 9, "velocity": 90}, {"time": 628, "pitch": 47, "duration": 7, "velocity": 89}, {"time": 628, "pitch": 51, "duration": 4, "velocity": 83}, {"time": 628, "pitch": 59, "duration": 12, "velocity": 92}, {"time": 634, "pitch": 42, "duration": 4, "velocity": 85}, {"time": 640, "pitch": 37, "duration": 18, "velocity": 99}, {"time": 646, "pitch": 49, "duration": 10, "velocity": 89}, {"time": 652, "pitch": 56, "duration": 3, "velocity": 85}, {"time": 652, "pitch": 61, "duration": 11, "velocity": 112}, {"time": 652, "pitch": 53, "duration": 8, "velocity": 85}, {"time": 658, "pitch": 49, "duration": 4, "velocity": 90}, {"time": 664, "pitch": 42, "duration": 11, "velocity": 85}, {"time": 670, "pitch": 54, "duration": 4, "velocity": 90}, {"time": 670, "pitch": 58, "duration": 5, "velocity": 107}, {"time": 676, "pitch": 41, "duration": 9, "velocity": 82}, {"time": 682, "pitch": 53, "duration": 7, "velocity": 66}, {"time": 682, "pitch": 58, "duration": 6, "velocity": 107}, {"time": 688, "pitch": 39, "duration": 10, "velocity": 99}, {"time": 694, "pitch": 51, "duration": 6, "velocity": 76}, {"time": 694, "pitch": 54, "duration": 4, "velocity": 85}, {"time": 700, "pitch": 37, "duration": 11, "velocity": 82}, {"time": 706, "pitch": 56, "duration": 5, "velocity": 79}, {"time": 706, "pitch": 49, "duration": 4, "velocity": 63}, {"time": 712, "pitch": 35, "duration": 17, "velocity": 65}, {"time": 718, "pitch": 42, "duration": 15, "velocity": 69}, {"time": 724, "pitch": 59, "duration": 5, "velocity": 81}, {"time": 724, "pitch": 54, "duration": 11, "velocity": 81}, {"time": 730, "pitch": 47, "duration": 4, "velocity": 69}, {"time": 736, "pitch": 37, "duration": 17, "velocity": 74}, {"time": 742, "pitch": 49, "duration": 9, "velocity": 85}, {"time": 748, "pitch": 56, "duration": 3, "velocity": 84}, {"time": 748, "pitch": 61, "duration": 11, "velocity": 84}, {"time": 748, "pitch": 53, "duration": 6, "velocity": 83}, {"time": 754, "pitch": 49, "duration": 6, "velocity": 79}, {"time": 760, "pitch": 42, "duration": 23, "velocity": 77}, {"time": 766, "pitch": 54, "duration": 10, "velocity": 89}, {"time": 772, "pitch": 61, "duration": 5, "velocity": 76}, {"time": 772, "pitch": 58, "duration": 4, "velocity": 81}, {"time": 778, "pitch": 54, "duration": 9, "velocity": 83}, {"time": 784, "pitch": 40, "duration": 17, "velocity": 79}, {"time": 790, "pitch": 54, "duration": 4, "velocity": 71}, {"time": 796, "pitch": 58, "duration": 10, "velocity": 63}, {"time": 796, "pitch": 54, "duration": 4, "velocity": 82}, {"time": 796, "pitch": 64, "duration": 7, "velocity": 64}, {"time": 802, "pitch": 54, "duration": 7, "velocity": 88}, {"time": 808, "pitch": 35, "duration": 19, "velocity": 72}, {"time": 814, "pitch": 42, "duration": 17, "velocity": 90}, {"time": 814, "pitch": 47, "duration": 7, "velocity": 89}, {"time": 820, "pitch": 51, "duration": 4, "velocity": 83}, {"time": 820, "pitch": 59, "duration": 12, "velocity": 92}, {"time": 826, "pitch": 47, "duration": 5, "velocity": 89}, {"time": 832, "pitch": 37, "duration": 18, "velocity": 99}, {"time": 838, "pitch": 49, "duration": 10, "velocity": 89}, {"time": 844, "pitch": 61, "duration": 11, "velocity": 112}, {"time": 844, "pitch": 53, "duration": 8, "velocity": 85}, {"time": 844, "pitch": 56, "duration": 3, "velocity": 85}, {"time": 850, "pitch": 49, "duration": 5, "velocity": 90}, {"time": 856, "pitch": 42, "duration": 11, "velocity": 85}, {"time": 862, "pitch": 54, "duration": 4, "velocity": 90}, {"time": 868, "pitch": 66, "duration": 4, "velocity": 100}, {"time": 868, "pitch": 41, "duration": 9, "velocity": 82}, {"time": 868, "pitch": 58, "duration": 5, "velocity": 107}, {"time": 874, "pitch": 53, "duration": 7, "velocity": 66}, {"time": 880, "pitch": 39, "duration": 19, "velocity": 92}, {"time": 886, "pitch": 51, "duration": 10, "velocity": 79}, {"time": 892, "pitch": 54, "duration": 5, "velocity": 74}, {"time": 892, "pitch": 58, "duration": 2, "velocity": 40}, {"time": 892, "pitch": 63, "duration": 10, "velocity": 100}, {"time": 895, "pitch": 51, "duration": 1, "velocity": 68}, {"time": 898, "pitch": 54, "duration": 4, "velocity": 93}, {"time": 901, "pitch": 58, "duration": 3, "velocity": 88}, {"time": 904, "pitch": 35, "duration": 16, "velocity": 68}, {"time": 910, "pitch": 42, "duration": 14, "velocity": 66}, {"time": 916, "pitch": 47, "duration": 3, "velocity": 71}, {"time": 916, "pitch": 54, "duration": 7, "velocity": 100}, {"time": 916, "pitch": 47, "duration": 3, "velocity": 89}, {"time": 916, "pitch": 51, "duration": 3, "velocity": 77}, {"time": 922, "pitch": 51, "duration": 4, "velocity": 72}, {"time": 925, "pitch": 54, "duration": 2, "velocity": 90}, {"time": 928, "pitch": 37, "duration": 19, "velocity": 82}, {"time": 928, "pitch": 49, "duration": 10, "velocity": 78}, {"time": 934, "pitch": 53, "duration": 7, "velocity": 65}, {"time": 940, "pitch": 61, "duration": 11, "velocity": 117}, {"time": 940, "pitch": 56, "duration": 4, "velocity": 65}, {"time": 943, "pitch": 49, "duration": 8, "velocity": 65}, {"time": 946, "pitch": 56, "duration": 5, "velocity": 68}, {"time": 949, "pitch": 53, "duration": 2, "velocity": 77}, {"time": 952, "pitch": 42, "duration": 23, "velocity": 99}, {"time": 955, "pitch": 54, "duration": 10, "velocity": 69}, {"time": 958, "pitch": 58, "duration": 7, "velocity": 66}, {"time": 961, "pitch": 61, "duration": 3, "velocity": 56}, {"time": 964, "pitch": 66, "duration": 9, "velocity": 95}, {"time": 967, "pitch": 54, "duration": 9, "velocity": 78}, {"time": 970, "pitch": 58, "duration": 8, "velocity": 70}, {"time": 973, "pitch": 61, "duration": 5, "velocity": 53}, {"time": 976, "pitch": 42, "duration": 24, "velocity": 82}, {"time": 976, "pitch": 66, "duration": 2, "velocity": 33}, {"time": 979, "pitch": 54, "duration": 10, "velocity": 72}, {"time": 982, "pitch": 58, "duration": 7, "velocity": 61}, {"time": 985, "pitch": 61, "duration": 3, "velocity": 37}, {"time": 988, "pitch": 66, "duration": 12, "velocity": 79}, {"time": 1000, "pitch": 42, "duration": 1, "velocity": 56}, {"time": 1006, "pitch": 58, "duration": 8, "velocity": 57}, {"time": 1012, "pitch": 66, "duration": 12, "velocity": 102}, {"time": 1018, "pitch": 58, "duration": 8, "velocity": 57}, {"time": 1024, "pitch": 41, "duration": 14, "velocity": 71}, {"time": 1030, "pitch": 58, "duration": 7, "velocity": 73}, {"time": 1036, "pitch": 61, "duration": 13, "velocity": 72}, {"time": 1036, "pitch": 65, "duration": 12, "velocity": 69}, {"time": 1042, "pitch": 58, "duration": 7, "velocity": 53}, {"time": 1048, "pitch": 39, "duration": 17, "velocity": 75}, {"time": 1054, "pitch": 51, "duration": 8, "velocity": 49}, {"time": 1060, "pitch": 63, "duration": 11, "velocity": 88}, {"time": 1066, "pitch": 54, "duration": 5, "velocity": 82}, {"time": 1072, "pitch": 37, "duration": 16, "velocity": 79}, {"time": 1078, "pitch": 49, "duration": 7, "velocity": 61}, {"time": 1084, "pitch": 68, "duration": 11, "velocity": 100}, {"time": 1090, "pitch": 61, "duration": 6, "velocity": 92}, {"time": 1096, "pitch": 35, "duration": 16, "velocity": 83}, {"time": 1102, "pitch": 42, "duration": 11, "velocity": 60}, {"time": 1108, "pitch": 47, "duration": 4, "velocity": 52}, {"time": 1108, "pitch": 63, "duration": 12, "velocity": 69}, {"time": 1108, "pitch": 66, "duration": 13, "velocity": 88}, {"time": 1114, "pitch": 59, "duration": 6, "velocity": 77}, {"time": 1120, "pitch": 34, "duration": 17, "velocity": 88}, {"time": 1120, "pitch": 58, "duration": 10, "velocity": 85}, {"time": 1120, "pitch": 61, "duration": 10, "velocity": 90}, {"time": 1120, "pitch": 65, "duration": 7, "velocity": 67}, {"time": 1126, "pitch": 46, "duration": 7, "velocity": 50}, {"time": 1132, "pitch": 61, "duration": 12, "velocity": 95}, {"time": 1132, "pitch": 65, "duration": 12, "velocity": 69}, {"time": 1138, "pitch": 58, "duration": 7, "velocity": 83}, {"time": 1144, "pitch": 32, "duration": 20, "velocity": 77}, {"time": 1150, "pitch": 44, "duration": 15, "velocity": 99}, {"time": 1156, "pitch": 63, "duration": 11, "velocity": 93}, {"time": 1162, "pitch": 56, "duration": 8, "velocity": 75}, {"time": 1168, "pitch": 37, "duration": 23, "velocity": 81}, {"time": 1174, "pitch": 49, "duration": 12, "velocity": 79}, {"time": 1180, "pitch": 61, "duration": 12, "velocity": 75}, {"time": 1180, "pitch": 65, "duration": 12, "velocity": 66}, {"time": 1186, "pitch": 56, "duration": 6, "velocity": 72}, {"time": 1192, "pitch": 42, "duration": 23, "velocity": 56}, {"time": 1198, "pitch": 58, "duration": 8, "velocity": 57}, {"time": 1204, "pitch": 66, "duration": 12, "velocity": 102}, {"time": 1210, "pitch": 58, "duration": 8, "velocity": 57}, {"time": 1216, "pitch": 41, "duration": 14, "velocity": 71}, {"time": 1222, "pitch": 58, "duration": 7, "velocity": 73}, {"time": 1228, "pitch": 61, "duration": 13, "velocity": 72}, {"time": 1228, "pitch": 65, "duration": 12, "velocity": 69}, {"time": 1234, "pitch": 58, "duration": 7, "velocity": 53}, {"time": 1240, "pitch": 39, "duration": 17, "velocity": 75}, {"time": 1246, "pitch": 51, "duration": 8, "velocity": 49}, {"time": 1252, "pitch": 63, "duration": 11, "velocity": 88}, {"time": 1258, "pitch": 54, "duration": 5, "velocity": 82}, {"time": 1264, "pitch": 37, "duration": 16, "velocity": 79}, {"time": 1270, "pitch": 49, "duration": 7, "velocity": 61}, {"time": 1276, "pitch": 68, "duration": 11, "velocity": 100}, {"time": 1282, "pitch": 61, "duration": 6, "velocity": 92}, {"time": 1288, "pitch": 35, "duration": 23, "velocity": 90}, {"time": 1294, "pitch": 42, "duration": 22, "velocity": 67}, {"time": 1300, "pitch": 63, "duration": 11, "velocity": 90}, {"time": 1300, "pitch": 66, "duration": 10, "velocity": 100}, {"time": 1306, "pitch": 47, "duration": 10, "velocity": 76}, {"time": 1312, "pitch": 35, "duration": 5, "velocity": 75}, {"time": 1312, "pitch": 59, "duration": 5, "velocity": 79}, {"time": 1312, "pitch": 63, "duration": 5, "velocity": 73}, {"time": 1312, "pitch": 66, "duration": 5, "velocity": 77}, {"time": 1336, "pitch": 37, "duration": 46, "velocity": 93}, {"time": 1336, "pitch": 61, "duration": 10, "velocity": 73}, {"time": 1336, "pitch": 68, "duration": 8, "velocity": 99}, {"time": 1342, "pitch": 49, "duration": 8, "velocity": 89}, {"time": 1348, "pitch": 65, "duration": 10, "velocity": 92}, {"time": 1351, "pitch": 44, "duration": 33, "velocity": 22}, {"time": 1354, "pitch": 49, "duration": 8, "velocity": 79}, {"time": 1360, "pitch": 61, "duration": 10, "velocity": 69}, {"time": 1360, "pitch": 65, "duration": 7, "velocity": 83}, {"time": 1360, "pitch": 68, "duration": 6, "velocity": 95}, {"time": 1366, "pitch": 49, "duration": 18, "velocity": 86}, {"time": 1372, "pitch": 68, "duration": 8, "velocity": 122}, {"time": 1378, "pitch": 61, "duration": 7, "velocity": 88}, {"time": 1384, "pitch": 37, "duration": 49, "velocity": 90}, {"time": 1384, "pitch": 65, "duration": 8, "velocity": 83}, {"time": 1384, "pitch": 68, "duration": 8, "velocity": 100}, {"time": 1390, "pitch": 44, "duration": 8, "velocity": 46}, {"time": 1396, "pitch": 49, "duration": 14, "velocity": 96}, {"time": 1396, "pitch": 65, "duration": 8, "velocity": 81}, {"time": 1396, "pitch": 68, "duration": 7, "velocity": 99}, {"time": 1402, "pitch": 44, "duration": 27, "velocity": 57}, {"time": 1408, "pitch": 61, "duration": 1, "velocity": 33}, {"time": 1408, "pitch": 68, "duration": 7, "velocity": 117}, {"time": 1414, "pitch": 49, "duration": 7, "velocity": 78}, {"time": 1420, "pitch": 65, "duration": 12, "velocity": 112}, {"time": 1420, "pitch": 68, "duration": 12, "velocity": 127}, {"time": 1423, "pitch": 49, "duration": 5, "velocity": 100}, {"time": 1426, "pitch": 61, "duration": 6, "velocity": 122}, {"time": 1432, "pitch": 35, "duration": 19, "velocity": 72}, {"time": 1435, "pitch": 42, "duration": 17, "velocity": 90}, {"time": 1438, "pitch": 47, "duration": 7, "velocity": 89}, {"time": 1441, "pitch": 51, "duration": 5, "velocity": 83}, {"time": 1444, "pitch": 59, "duration": 12, "velocity": 92}, {"time": 1447, "pitch": 47, "duration": 5, "velocity": 89}, {"time": 1450, "pitch": 51, "duration": 4, "velocity": 85}, {"time": 1453, "pitch": 54, "duration": 3, "velocity": 45}, {"time": 1456, "pitch": 37, "duration": 18, "velocity": 99}, {"time": 1459, "pitch": 49, "duration": 10, "velocity": 89}, {"time": 1462, "pitch": 53, "duration": 8, "velocity": 85}, {"time": 1465, "pitch": 56, "duration": 3, "velocity": 85}, {"time": 1468, "pitch": 61, "duration": 11, "velocity": 112}, {"time": 1471, "pitch": 49, "duration": 6, "velocity": 90}, {"time": 1474, "pitch": 56, "duration": 4, "velocity": 90}, {"time": 1477, "pitch": 53, "duration": 2, "velocity": 86}, {"time": 1480, "pitch": 42, "duration": 11, "velocity": 85}, {"time": 1483, "pitch": 54, "duration": 4, "velocity": 90}, {"time": 1486, "pitch": 58, "duration": 5, "velocity": 107}, {"time": 1489, "pitch": 66, "duration": 4, "velocity": 100}, {"time": 1492, "pitch": 41, "duration": 9, "velocity": 82}, {"time": 1495, "pitch": 53, "duration": 7, "velocity": 66}, {"time": 1498, "pitch": 58, "duration": 6, "velocity": 107}, {"time": 1501, "pitch": 61, "duration": 4, "velocity": 83}, {"time": 1504, "pitch": 39, "duration": 10, "velocity": 99}, {"time": 1507, "pitch": 51, "duration": 6, "velocity": 76}, {"time": 1510, "pitch": 54, "duration": 4, "velocity": 85}, {"time": 1513, "pitch": 63, "duration": 2, "velocity": 92}, {"time": 1516, "pitch": 37, "duration": 11, "velocity": 82}, {"time": 1519, "pitch": 49, "duration": 4, "velocity": 63}, {"time": 1522, "pitch": 56, "duration": 5, "velocity": 79}, {"time": 1525, "pitch": 49, "duration": 2, "velocity": 97}, {"time": 1528, "pitch": 35, "duration": 17, "velocity": 65}, {"time": 1531, "pitch": 42, "duration": 15, "velocity": 69}, {"time": 1534, "pitch": 47, "duration": 7, "velocity": 75}, {"time": 1537, "pitch": 59, "duration": 5, "velocity": 76}, {"time": 1540, "pitch": 66, "duration": 11, "velocity": 102}, {"time": 1543, "pitch": 47, "duration": 4, "velocity": 69}, {"time": 1546, "pitch": 63, "duration": 5, "velocity": 102}, {"time": 1549, "pitch": 59, "duration": 3, "velocity": 88}, {"time": 1552, "pitch": 37, "duration": 17, "velocity": 74}, {"time": 1555, "pitch": 49, "duration": 10, "velocity": 85}, {"time": 1558, "pitch": 53, "duration": 5, "velocity": 63}, {"time": 1561, "pitch": 56, "duration": 3, "velocity": 86}, {"time": 1564, "pitch": 61, "duration": 11, "velocity": 100}, {"time": 1567, "pitch": 49, "duration": 7, "velocity": 79}, {"time": 1570, "pitch": 56, "duration": 4, "velocity": 96}, {"time": 1573, "pitch": 53, "duration": 2, "velocity": 85}, {"time": 1576, "pitch": 42, "duration": 23, "velocity": 77}, {"time": 1579, "pitch": 54, "duration": 10, "velocity": 89}, {"time": 1582, "pitch": 58, "duration": 4, "velocity": 81}, {"time": 1585, "pitch": 61, "duration": 2, "velocity": 102}, {"time": 1588, "pitch": 61, "duration": 5, "velocity": 76}, {"time": 1591, "pitch": 54, "duration": 9, "velocity": 83}, {"time": 1594, "pitch": 58, "duration": 6, "velocity": 86}, {"time": 1597, "pitch": 64, "duration": 2, "velocity": 53}, {"time": 1600, "pitch": 40, "duration": 17, "velocity": 79}, {"time": 1603, "pitch": 54, "duration": 4, "velocity": 71}, {"time": 1606, "pitch": 58, "duration": 10, "velocity": 63}, {"time": 1609, "pitch": 54, "duration": 4, "velocity": 82}, {"time": 1612, "pitch": 64, "duration": 7, "velocity": 64}, {"time": 1615, "pitch": 54, "duration": 7, "velocity": 88}, {"time": 1618, "pitch": 58, "duration": 5, "velocity": 96}, {"time": 1621, "pitch": 64, "duration": 3, "velocity": 72}, {"time": 1624, "pitch": 35, "duration": 19, "velocity": 72}, {"time": 1627, "pitch": 42, "duration": 17, "velocity": 90}, {"time": 1630, "pitch": 47, "duration": 7, "velocity": 89}, {"time": 1633, "pitch": 51, "duration": 5, "velocity": 83}, {"time": 1636, "pitch": 59, "duration": 12, "velocity": 92}, {"time": 1639, "pitch": 47, "duration": 5, "velocity": 89}, {"time": 1642, "pitch": 51, "duration": 4, "velocity": 85}, {"time": 1645, "pitch": 54, "duration": 3, "velocity": 45}, {"time": 1648, "pitch": 37, "duration": 18, "velocity": 99}, {"time": 1651, "pitch": 49, "duration": 10, "velocity": 89}, {"time": 1654, "pitch": 53, "duration": 8, "velocity": 85}, {"time": 1657, "pitch": 56, "duration": 3, "velocity": 85}, {"time": 1660, "pitch": 61, "duration": 11, "velocity": 112}, {"time": 1663, "pitch": 49, "duration": 6, "velocity": 90}, {"time": 1666, "pitch": 56, "duration": 4, "velocity": 90}, {"time": 1669, "pitch": 53, "duration": 2, "velocity": 86}, {"time": 1672, "pitch": 42, "duration": 11, "velocity": 85}, {"time": 1675, "pitch": 54, "duration": 4, "velocity": 90}, {"time": 1678, "pitch": 58, "duration": 5, "velocity": 107}, {"time": 1681, "pitch": 66, "duration": 4, "velocity": 100}, {"time": 1684, "pitch": 41, "duration": 9, "velocity": 82}, {"time": 1687, "pitch": 53, "duration": 7, "velocity": 66}, {"time": 1690, "pitch": 58, "duration": 6, "velocity": 107}, {"time": 1693, "pitch": 61, "duration": 3, "velocity": 83}, {"time": 1696, "pitch": 39, "duration": 19, "velocity": 92}, {"time": 1699, "pitch": 51, "duration": 10, "velocity": 79}, {"time": 1702, "pitch": 54, "duration": 5, "velocity": 74}, {"time": 1705, "pitch": 58, "duration": 2, "velocity": 40}, {"time": 1708, "pitch": 63, "duration": 10, "velocity": 100}, {"time": 1711, "pitch": 51, "duration": 3, "velocity": 68}, {"time": 1714, "pitch": 54, "duration": 4, "velocity": 93}, {"time": 1717, "pitch": 58, "duration": 3, "velocity": 88}, {"time": 1720, "pitch": 35, "duration": 16, "velocity": 68}, {"time": 1723, "pitch": 42, "duration": 14, "velocity": 66}, {"time": 1726, "pitch": 47, "duration": 7, "velocity": 89}, {"time": 1729, "pitch": 51, "duration": 3, "velocity": 77}, {"time": 1732, "pitch": 47, "duration": 1, "velocity": 71}, {"time": 1732, "pitch": 54, "duration": 7, "velocity": 100}, {"time": 1738, "pitch": 51, "duration": 4, "velocity": 72}, {"time": 1741, "pitch": 54, "duration": 2, "velocity": 90}, {"time": 1744, "pitch": 37, "duration": 19, "velocity": 82}, {"time": 1744, "pitch": 49, "duration": 10, "velocity": 78}, {"time": 1750, "pitch": 53, "duration": 7, "velocity": 38}, {"time": 1753, "pitch": 56, "duration": 3, "velocity": 65}, {"time": 1756, "pitch": 61, "duration": 11, "velocity": 117}, {"time": 1759, "pitch": 49, "duration": 8, "velocity": 65}, {"time": 1762, "pitch": 56, "duration": 5, "velocity": 68}, {"time": 1765, "pitch": 53, "duration": 2, "velocity": 77}, {"time": 1768, "pitch": 42, "duration": 23, "velocity": 99}, {"time": 1771, "pitch": 54, "duration": 10, "velocity": 69}, {"time": 1774, "pitch": 58, "duration": 7, "velocity": 66}, {"time": 1777, "pitch": 61, "duration": 3, "velocity": 56}, {"time": 1780, "pitch": 66, "duration": 9, "velocity": 95}, {"time": 1783, "pitch": 54, "duration": 9, "velocity": 78}, {"time": 1786, "pitch": 58, "duration": 8, "velocity": 70}, {"time": 1789, "pitch": 61, "duration": 5, "velocity": 53}, {"time": 1792, "pitch": 42, "duration": 24, "velocity": 82}, {"time": 1792, "pitch": 66, "duration": 2, "velocity": 33}, {"time": 1795, "pitch": 54, "duration": 10, "velocity": 72}, {"time": 1798, "pitch": 58, "duration": 7, "velocity": 61}, {"time": 1801, "pitch": 61, "duration": 3, "velocity": 37}, {"time": 1804, "pitch": 66, "duration": 12, "velocity": 79}, {"time": 1813, "pitch": 64, "duration": 11, "velocity": 88}, {"time": 1816, "pitch": 40, "duration": 22, "velocity": 81}, {"time": 1816, "pitch": 59, "duration": 17, "velocity": 85}, {"time": 1816, "pitch": 68, "duration": 10, "velocity": 79}, {"time": 1819, "pitch": 47, "duration": 21, "velocity": 71}, {"time": 1822, "pitch": 52, "duration": 8, "velocity": 86}, {"time": 1825, "pitch": 63, "duration": 4, "velocity": 93}, {"time": 1828, "pitch": 64, "duration": 15, "velocity": 95}, {"time": 1828, "pitch": 68, "duration": 18, "velocity": 112}, {"time": 1831, "pitch": 52, "duration": 3, "velocity": 86}, {"time": 1834, "pitch": 59, "duration": 8, "velocity": 55}, {"time": 1837, "pitch": 63, "duration": 6, "velocity": 117}, {"time": 1840, "pitch": 40, "duration": 16, "velocity": 74}, {"time": 1843, "pitch": 47, "duration": 13, "velocity": 65}, {"time": 1846, "pitch": 52, "duration": 7, "velocity": 92}, {"time": 1849, "pitch": 59, "duration": 8, "velocity": 77}, {"time": 1852, "pitch": 64, "duration": 8, "velocity": 95}, {"time": 1852, "pitch": 68, "duration": 9, "velocity": 99}, {"time": 1855, "pitch": 52, "duration": 1, "velocity": 88}, {"time": 1858, "pitch": 63, "duration": 6, "velocity": 127}, {"time": 1861, "pitch": 59, "duration": 3, "velocity": 96}, {"time": 1864, "pitch": 35, "duration": 23, "velocity": 82}, {"time": 1867, "pitch": 42, "duration": 21, "velocity": 92}, {"time": 1870, "pitch": 47, "duration": 7, "velocity": 92}, {"time": 1873, "pitch": 59, "duration": 5, "velocity": 86}, {"time": 1876, "pitch": 66, "duration": 18, "velocity": 127}, {"time": 1879, "pitch": 47, "duration": 9, "velocity": 88}, {"time": 1882, "pitch": 63, "duration": 14, "velocity": 102}, {"time": 1885, "pitch": 59, "duration": 9, "velocity": 99}, {"time": 1888, "pitch": 35, "duration": 16, "velocity": 72}, {"time": 1891, "pitch": 42, "duration": 13, "velocity": 88}, {"time": 1894, "pitch": 47, "duration": 7, "velocity": 78}, {"time": 1897, "pitch": 59, "duration": 7, "velocity": 99}, {"time": 1900, "pitch": 66, "duration": 11, "velocity": 127}, {"time": 1903, "pitch": 47, "duration": 4, "velocity": 95}, {"time": 1906, "pitch": 63, "duration": 5, "velocity": 127}, {"time": 1909, "pitch": 59, "duration": 5, "velocity": 88}, {"time": 1912, "pitch": 40, "duration": 22, "velocity": 78}, {"time": 1915, "pitch": 47, "duration": 22, "velocity": 79}, {"time": 1918, "pitch": 52, "duration": 7, "velocity": 92}, {"time": 1921, "pitch": 59, "duration": 19, "velocity": 93}, {"time": 1924, "pitch": 68, "duration": 14, "velocity": 127}, {"time": 1927, "pitch": 52, "duration": 2, "velocity": 79}, {"time": 1930, "pitch": 63, "duration": 6, "velocity": 102}, {"time": 1933, "pitch": 64, "duration": 5, "velocity": 74}, {"time": 1936, "pitch": 40, "duration": 16, "velocity": 81}, {"time": 1939, "pitch": 47, "duration": 14, "velocity": 88}, {"time": 1942, "pitch": 52, "duration": 7, "velocity": 100}, {"time": 1945, "pitch": 59, "duration": 7, "velocity": 90}, {"time": 1948, "pitch": 68, "duration": 11, "velocity": 127}, {"time": 1951, "pitch": 52, "duration": 1, "velocity": 89}, {"time": 1954, "pitch": 59, "duration": 6, "velocity": 93}, {"time": 1957, "pitch": 63, "duration": 3, "velocity": 127}, {"time": 1960, "pitch": 39, "duration": 22, "velocity": 76}, {"time": 1963, "pitch": 46, "duration": 22, "velocity": 83}, {"time": 1966, "pitch": 51, "duration": 7, "velocity": 97}, {"time": 1969, "pitch": 56, "duration": 9, "velocity": 93}, {"time": 1972, "pitch": 58, "duration": 7, "velocity": 122}, {"time": 1975, "pitch": 51, "duration": 10, "velocity": 99}, {"time": 1978, "pitch": 56, "duration": 1, "velocity": 27}, {"time": 1978, "pitch": 63, "duration": 9, "velocity": 107}, {"time": 1981, "pitch": 56, "duration": 10, "velocity": 89}, {"time": 1984, "pitch": 39, "duration": 22, "velocity": 81}, {"time": 1987, "pitch": 46, "duration": 20, "velocity": 52}, {"time": 1990, "pitch": 51, "duration": 7, "velocity": 83}, {"time": 1993, "pitch": 56, "duration": 5, "velocity": 89}, {"time": 1996, "pitch": 63, "duration": 9, "velocity": 117}, {"time": 1999, "pitch": 51, "duration": 8, "velocity": 92}, {"time": 2002, "pitch": 58, "duration": 5, "velocity": 93}, {"time": 2005, "pitch": 56, "duration": 2, "velocity": 92}, {"time": 2008, "pitch": 39, "duration": 23, "velocity": 95}, {"time": 2008, "pitch": 55, "duration": 14, "velocity": 112}, {"time": 2011, "pitch": 46, "duration": 21, "velocity": 89}, {"time": 2014, "pitch": 51, "duration": 7, "velocity": 90}, {"time": 2017, "pitch": 58, "duration": 3, "velocity": 54}, {"time": 2020, "pitch": 58, "duration": 7, "velocity": 93}, {"time": 2020, "pitch": 63, "duration": 7, "velocity": 127}, {"time": 2023, "pitch": 51, "duration": 9, "velocity": 97}, {"time": 2026, "pitch": 55, "duration": 13, "velocity": 82}, {"time": 2029, "pitch": 58, "duration": 10, "velocity": 69}, {"time": 2032, "pitch": 39, "duration": 23, "velocity": 82}, {"time": 2035, "pitch": 46, "duration": 21, "velocity": 93}, {"time": 2038, "pitch": 51, "duration": 7, "velocity": 95}, {"time": 2041, "pitch": 55, "duration": 6, "velocity": 86}, {"time": 2044, "pitch": 63, "duration": 11, "velocity": 127}, {"time": 2047, "pitch": 51, "duration": 9, "velocity": 99}, {"time": 2050, "pitch": 58, "duration": 6, "velocity": 117}, {"time": 2053, "pitch": 55, "duration": 3, "velocity": 97}, {"time": 2056, "pitch": 37, "duration": 19, "velocity": 72}, {"time": 2059, "pitch": 44, "duration": 17, "velocity": 90}, {"time": 2062, "pitch": 49, "duration": 7, "velocity": 89}, {"time": 2065, "pitch": 53, "duration": 5, "velocity": 83}, {"time": 2068, "pitch": 61, "duration": 12, "velocity": 92}, {"time": 2071, "pitch": 49, "duration": 5, "velocity": 89}, {"time": 2074, "pitch": 53, "duration": 4, "velocity": 85}, {"time": 2077, "pitch": 56, "duration": 3, "velocity": 45}, {"time": 2080, "pitch": 39, "duration": 18, "velocity": 99}, {"time": 2083, "pitch": 51, "duration": 10, "velocity": 89}, {"time": 2086, "pitch": 55, "duration": 8, "velocity": 85}, {"time": 2089, "pitch": 58, "duration": 3, "velocity": 85}, {"time": 2092, "pitch": 63, "duration": 11, "velocity": 112}, {"time": 2095, "pitch": 51, "duration": 6, "velocity": 90}, {"time": 2098, "pitch": 58, "duration": 4, "velocity": 90}, {"time": 2101, "pitch": 55, "duration": 2, "velocity": 86}, {"time": 2104, "pitch": 44, "duration": 11, "velocity": 85}, {"time": 2107, "pitch": 56, "duration": 4, "velocity": 90}, {"time": 2110, "pitch": 60, "duration": 5, "velocity": 107}, {"time": 2113, "pitch": 68, "duration": 4, "velocity": 100}, {"time": 2116, "pitch": 43, "duration": 9, "velocity": 82}, {"time": 2119, "pitch": 55, "duration": 7, "velocity": 66}, {"time": 2122, "pitch": 60, "duration": 6, "velocity": 107}, {"time": 2125, "pitch": 63, "duration": 4, "velocity": 83}, {"time": 2128, "pitch": 41, "duration": 10, "velocity": 99}, {"time": 2131, "pitch": 53, "duration": 6, "velocity": 76}, {"time": 2134, "pitch": 56, "duration": 4, "velocity": 85}, {"time": 2137, "pitch": 65, "duration": 2, "velocity": 92}, {"time": 2140, "pitch": 39, "duration": 11, "velocity": 82}, {"time": 2143, "pitch": 51, "duration": 4, "velocity": 63}, {"time": 2146, "pitch": 58, "duration": 5, "velocity": 79}, {"time": 2149, "pitch": 51, "duration": 2, "velocity": 97}, {"time": 2152, "pitch": 37, "duration": 17, "velocity": 65}, {"time": 2155, "pitch": 44, "duration": 15, "velocity": 69}, {"time": 2158, "pitch": 49, "duration": 7, "velocity": 75}, {"time": 2161, "pitch": 61, "duration": 5, "velocity": 76}, {"time": 2164, "pitch": 68, "duration": 11, "velocity": 102}, {"time": 2167, "pitch": 49, "duration": 4, "velocity": 69}, {"time": 2170, "pitch": 65, "duration": 5, "velocity": 102}, {"time": 2173, "pitch": 61, "duration": 3, "velocity": 88}, {"time": 2176, "pitch": 39, "duration": 17, "velocity": 74}, {"time": 2179, "pitch": 51, "duration": 10, "velocity": 85}, {"time": 2182, "pitch": 55, "duration": 5, "velocity": 63}, {"time": 2185, "pitch": 58, "duration": 3, "velocity": 86}, {"time": 2188, "pitch": 63, "duration": 11, "velocity": 100}, {"time": 2191, "pitch": 51, "duration": 7, "velocity": 79}, {"time": 2194, "pitch": 58, "duration": 4, "velocity": 96}, {"time": 2197, "pitch": 55, "duration": 2, "velocity": 85}, {"time": 2200, "pitch": 44, "duration": 23, "velocity": 77}, {"time": 2203, "pitch": 56, "duration": 10, "velocity": 89}, {"time": 2206, "pitch": 60, "duration": 4, "velocity": 81}, {"time": 2209, "pitch": 63, "duration": 2, "velocity": 102}, {"time": 2212, "pitch": 63, "duration": 5, "velocity": 76}, {"time": 2215, "pitch": 56, "duration": 9, "velocity": 83}, {"time": 2218, "pitch": 60, "duration": 6, "velocity": 86}, {"time": 2221, "pitch": 66, "duration": 2, "velocity": 53}, {"time": 2224, "pitch": 42, "duration": 17, "velocity": 79}, {"time": 2227, "pitch": 56, "duration": 4, "velocity": 71}, {"time": 2230, "pitch": 60, "duration": 10, "velocity": 63}, {"time": 2233, "pitch": 56, "duration": 4, "velocity": 82}, {"time": 2236, "pitch": 66, "duration": 7, "velocity": 64}, {"time": 2239, "pitch": 56, "duration": 7, "velocity": 88}, {"time": 2242, "pitch": 60, "duration": 5, "velocity": 96}, {"time": 2245, "pitch": 66, "duration": 3, "velocity": 72}, {"time": 2248, "pitch": 37, "duration": 19, "velocity": 72}, {"time": 2251, "pitch": 44, "duration": 17, "velocity": 90}, {"time": 2254, "pitch": 49, "duration": 7, "velocity": 89}, {"time": 2257, "pitch": 53, "duration": 5, "velocity": 83}, {"time": 2260, "pitch": 61, "duration": 12, "velocity": 92}, {"time": 2263, "pitch": 49, "duration": 5, "velocity": 89}, {"time": 2266, "pitch": 53, "duration": 4, "velocity": 85}, {"time": 2269, "pitch": 56, "duration": 3, "velocity": 45}, {"time": 2272, "pitch": 39, "duration": 18, "velocity": 99}, {"time": 2275, "pitch": 51, "duration": 10, "velocity": 89}, {"time": 2278, "pitch": 55, "duration": 8, "velocity": 85}, {"time": 2281, "pitch": 58, "duration": 3, "velocity": 85}, {"time": 2284, "pitch": 63, "duration": 11, "velocity": 112}, {"time": 2287, "pitch": 51, "duration": 6, "velocity": 90}, {"time": 2290, "pitch": 58, "duration": 4, "velocity": 90}, {"time": 2293, "pitch": 55, "duration": 2, "velocity": 86}, {"time": 2296, "pitch": 44, "duration": 11, "velocity": 85}, {"time": 2299, "pitch": 56, "duration": 4, "velocity": 90}, {"time": 2302, "pitch": 60, "duration": 5, "velocity": 107}, {"time": 2305, "pitch": 68, "duration": 4, "velocity": 100}, {"time": 2308, "pitch": 43, "duration": 9, "velocity": 82}, {"time": 2311, "pitch": 55, "duration": 7, "velocity": 66}, {"time": 2314, "pitch": 60, "duration": 6, "velocity": 107}, {"time": 2317, "pitch": 63, "duration": 3, "velocity": 83}, {"time": 2320, "pitch": 41, "duration": 19, "velocity": 92}, {"time": 2323, "pitch": 53, "duration": 10, "velocity": 79}, {"time": 2326, "pitch": 56, "duration": 5, "velocity": 74}, {"time": 2329, "pitch": 60, "duration": 2, "velocity": 40}, {"time": 2332, "pitch": 65, "duration": 10, "velocity": 100}, {"time": 2335, "pitch": 53, "duration": 3, "velocity": 68}, {"time": 2338, "pitch": 56, "duration": 4, "velocity": 93}, {"time": 2341, "pitch": 60, "duration": 3, "velocity": 88}, {"time": 2344, "pitch": 37, "duration": 16, "velocity": 68}, {"time": 2347, "pitch": 44, "duration": 14, "velocity": 66}, {"time": 2350, "pitch": 49, "duration": 7, "velocity": 89}, {"time": 2353, "pitch": 53, "duration": 3, "velocity": 77}, {"time": 2356, "pitch": 49, "duration": 1, "velocity": 71}, {"time": 2356, "pitch": 56, "duration": 7, "velocity": 100}, {"time": 2362, "pitch": 53, "duration": 4, "velocity": 72}, {"time": 2365, "pitch": 56, "duration": 2, "velocity": 90}, {"time": 2368, "pitch": 39, "duration": 19, "velocity": 82}, {"time": 2368, "pitch": 51, "duration": 10, "velocity": 78}, {"time": 2374, "pitch": 55, "duration": 7, "velocity": 38}, {"time": 2377, "pitch": 58, "duration": 3, "velocity": 65}, {"time": 2380, "pitch": 63, "duration": 11, "velocity": 117}, {"time": 2383, "pitch": 51, "duration": 8, "velocity": 65}, {"time": 2386, "pitch": 58, "duration": 5, "velocity": 68}, {"time": 2389, "pitch": 55, "duration": 2, "velocity": 77}, {"time": 2392, "pitch": 44, "duration": 23, "velocity": 99}, {"time": 2395, "pitch": 56, "duration": 10, "velocity": 69}, {"time": 2398, "pitch": 60, "duration": 7, "velocity": 66}, {"time": 2401, "pitch": 63, "duration": 3, "velocity": 56}, {"time": 2404, "pitch": 68, "duration": 9, "velocity": 95}, {"time": 2407, "pitch": 56, "duration": 9, "velocity": 78}, {"time": 2410, "pitch": 60, "duration": 8, "velocity": 70}, {"time": 2413, "pitch": 63, "duration": 5, "velocity": 53}, {"time": 2416, "pitch": 44, "duration": 24, "velocity": 82}, {"time": 2416, "pitch": 68, "duration": 2, "velocity": 33}, {"time": 2419, "pitch": 56, "duration": 10, "velocity": 72}, {"time": 2422, "pitch": 60, "duration": 7, "velocity": 61}, {"time": 2425, "pitch": 63, "duration": 3, "velocity": 37}, {"time": 2428, "pitch": 68, "duration": 12, "velocity": 79}, {"time": 2440, "pitch": 37, "duration": 17, "velocity": 66}, {"time": 2446, "pitch": 44, "duration": 12, "velocity": 51}, {"time": 2452, "pitch": 49, "duration": 9, "velocity": 58}, {"time": 2452, "pitch": 65, "duration": 12, "velocity": 70}, {"time": 2452, "pitch": 68, "duration": 11, "velocity": 42}, {"time": 2458, "pitch": 61, "duration": 7, "velocity": 53}, {"time": 2464, "pitch": 39, "duration": 14, "velocity": 70}, {"time": 2470, "pitch": 51, "duration": 9, "velocity": 38}, {"time": 2476, "pitch": 67, "duration": 7, "velocity": 73}, {"time": 2476, "pitch": 70, "duration": 8, "velocity": 72}, {"time": 2482, "pitch": 63, "duration": 3, "velocity": 54}, {"time": 2488, "pitch": 44, "duration": 11, "velocity": 63}, {"time": 2494, "pitch": 56, "duration": 6, "velocity": 58}, {"time": 2494, "pitch": 60, "duration": 5, "velocity": 41}, {"time": 2494, "pitch": 63, "duration": 7, "velocity": 57}, {"time": 2500, "pitch": 43, "duration": 8, "velocity": 63}, {"time": 2506, "pitch": 55, "duration": 6, "velocity": 69}, {"time": 2512, "pitch": 41, "duration": 20, "velocity": 78}, {"time": 2518, "pitch": 48, "duration": 13, "velocity": 73}, {"time": 2524, "pitch": 53, "duration": 6, "velocity": 81}, {"time": 2530, "pitch": 60, "duration": 6, "velocity": 72}, {"time": 2536, "pitch": 37, "duration": 18, "velocity": 82}, {"time": 2542, "pitch": 49, "duration": 14, "velocity": 58}, {"time": 2548, "pitch": 61, "duration": 11, "velocity": 92}, {"time": 2554, "pitch": 56, "duration": 6, "velocity": 52}, {"time": 2560, "pitch": 39, "duration": 60, "velocity": 88}, {"time": 2566, "pitch": 51, "duration": 53, "velocity": 62}, {"time": 2572, "pitch": 55, "duration": 47, "velocity": 39}, {"time": 2572, "pitch": 58, "duration": 47, "velocity": 66}, {"time": 2572, "pitch": 63, "duration": 47, "velocity": 63}, {"time": 2621, "pitch": 54, "duration": 6, "velocity": 72}, {"time": 2621, "pitch": 42, "duration": 6, "velocity": 63}, {"time": 2621, "pitch": 61, "duration": 6, "velocity": 68}, {"time": 2628, "pitch": 42, "duration": 6, "velocity": 56}, {"time": 2629, "pitch": 54, "duration": 5, "velocity": 81}, {"time": 2629, "pitch": 61, "duration": 5, "velocity": 59}, {"time": 2636, "pitch": 42, "duration": 7, "velocity": 66}, {"time": 2636, "pitch": 54, "duration": 4, "velocity": 81}, {"time": 2636, "pitch": 61, "duration": 4, "velocity": 39}, {"time": 2641, "pitch": 54, "duration": 2, "velocity": 96}, {"time": 2644, "pitch": 53, "duration": 6, "velocity": 79}, {"time": 2644, "pitch": 41, "duration": 22, "velocity": 51}, {"time": 2651, "pitch": 53, "duration": 6, "velocity": 69}, {"time": 2651, "pitch": 61, "duration": 6, "velocity": 72}, {"time": 2658, "pitch": 53, "duration": 4, "velocity": 70}, {"time": 2659, "pitch": 61, "duration": 3, "velocity": 79}, {"time": 2664, "pitch": 53, "duration": 1, "velocity": 42}, {"time": 2664, "pitch": 61, "duration": 2, "velocity": 93}, {"time": 2666, "pitch": 40, "duration": 15, "velocity": 58}, {"time": 2666, "pitch": 52, "duration": 11, "velocity": 78}, {"time": 2676, "pitch": 40, "duration": 5, "velocity": 64}, {"time": 2676, "pitch": 52, "duration": 1, "velocity": 79}, {"time": 2676, "pitch": 61, "duration": 8, "velocity": 76}, {"time": 2686, "pitch": 51, "duration": 10, "velocity": 79}, {"time": 2686, "pitch": 39, "duration": 7, "velocity": 61}, {"time": 2699, "pitch": 32, "duration": 70, "velocity": 112}, {"time": 2706, "pitch": 44, "duration": 62, "velocity": 59}, {"time": 2710, "pitch": 56, "duration": 6, "velocity": 56}, {"time": 2713, "pitch": 60, "duration": 3, "velocity": 76}, {"time": 2715, "pitch": 63, "duration": 1, "velocity": 72}, {"time": 2718, "pitch": 68, "duration": 5, "velocity": 92}, {"time": 2721, "pitch": 72, "duration": 3, "velocity": 76}, {"time": 2723, "pitch": 75, "duration": 1, "velocity": 82}, {"time": 2726, "pitch": 80, "duration": 6, "velocity": 88}, {"time": 2729, "pitch": 84, "duration": 4, "velocity": 71}, {"time": 2731, "pitch": 87, "duration": 2, "velocity": 71}, {"time": 2736, "pitch": 92, "duration": 7, "velocity": 102}, {"time": 2743, "pitch": 96, "duration": 7, "velocity": 58}, {"time": 2749, "pitch": 99, "duration": 20, "velocity": 63}], "annotations": [{"time": 41, "annotation": {"number": 64, "value": 127}, "group": "control_change"}, {"time": 62, "annotation": {"number": 64, "value": 0}, "group": "control_change"}, {"time": 64, "annotation": {"number": 64, "value": 127}, "group": "control_change"}, {"time": 86, "annotation": {"number": 64, "value": 0}, "group": "control_change"}, {"time": 88, "annotation": {"number": 64, "value": 127}, "group": "control_change"}, {"time": 111, "annotation": {"number": 64, "value": 0}, "group": "control_change"}, {"time": 113, "annotation": {"number": 64, "value": 127}, "group": "control_change"}, {"time": 135, "annotation": {"number": 64, "value": 0}, "group": "control_change"}, {"time": 137, "annotation": {"number": 64, "value": 127}, "group": "control_change"}, {"time": 159, "annotation": {"number": 64, "value": 0}, "group": "control_change"}, {"time": 161, "annotation": {"number": 64, "value": 127}, "group": "control_change"}, {"time": 183, "annotation": {"number": 64, "value": 0}, "group": "control_change"}, {"time": 184, "annotation": {"number": 64, "value": 127}, "group": "control_change"}, {"time": 230, "annotation": {"number": 64, "value": 0}, "group": "control_change"}, {"time": 232, "annotation": {"number": 64, "value": 127}, "group": "control_change"}, {"time": 278, "annotation": {"number": 64, "value": 0}, "group": "control_change"}, {"time": 280, "annotation": {"number": 64, "value": 127}, "group": "control_change"}, {"time": 302, "annotation": {"number": 64, "value": 0}, "group": "control_change"}, {"time": 304, "annotation": {"number": 64, "value": 127}, "group": "control_change"}, {"time": 326, "annotation": {"number": 64, "value": 0}, "group": "control_change"}, {"time": 328, "annotation": {"number": 64, "value": 127}, "group": "control_change"}, {"time": 338, "annotation": {"number": 64, "value": 0}, "group": "control_change"}, {"time": 339, "annotation": {"number": 64, "value": 127}, "group": "control_change"}, {"time": 350, "annotation": {"number": 64, "value": 0}, "group": "control_change"}, {"time": 352, "annotation": {"number": 64, "value": 127}, "group": "control_change"}, {"time": 353, "annotation": {"number": 64, "value": 127}, "group": "control_change"}, {"time": 374, "annotation": {"number": 64, "value": 0}, "group": "control_change"}, {"time": 376, "annotation": {"number": 64, "value": 127}, "group": "control_change"}, {"time": 398, "annotation": {"number": 64, "value": 0}, "group": "control_change"}, {"time": 400, "annotation": {"number": 64, "value": 127}, "group": "control_change"}, {"time": 423, "annotation": {"number": 64, "value": 0}, "group": "control_change"}, {"time": 424, "annotation": {"number": 64, "value": 127}, "group": "control_change"}, {"time": 470, "annotation": {"number": 64, "value": 0}, "group": "control_change"}, {"time": 472, "annotation": {"number": 64, "value": 127}, "group": "control_change"}, {"time": 494, "annotation": {"number": 64, "value": 0}, "group": "control_change"}, {"time": 496, "annotation": {"number": 64, "value": 127}, "group": "control_change"}, {"time": 518, "annotation": {"number": 64, "value": 0}, "group": "control_change"}, {"time": 520, "annotation": {"number": 64, "value": 127}, "group": "control_change"}, {"time": 521, "annotation": {"number": 64, "value": 127}, "group": "control_change"}, {"time": 542, "annotation": {"number": 64, "value": 0}, "group": "control_change"}, {"time": 544, "annotation": {"number": 64, "value": 127}, "group": "control_change"}, {"time": 567, "annotation": {"number": 64, "value": 0}, "group": "control_change"}, {"time": 568, "annotation": {"number": 64, "value": 127}, "group": "control_change"}, {"time": 591, "annotation": {"number": 64, "value": 0}, "group": "control_change"}, {"time": 593, "annotation": {"number": 64, "value": 127}, "group": "control_change"}, {"time": 612, "annotation": {"number": 64, "value": 0}, "group": "control_change"}, {"time": 616, "annotation": {"number": 64, "value": 127}, "group": "control_change"}, {"time": 638, "annotation": {"number": 64, "value": 0}, "group": "control_change"}, {"time": 640, "annotation": {"number": 64, "value": 127}, "group": "control_change"}, {"time": 662, "annotation": {"number": 64, "value": 0}, "group": "control_change"}, {"time": 664, "annotation": {"number": 64, "value": 127}, "group": "control_change"}, {"time": 674, "annotation": {"number": 64, "value": 0}, "group": "control_change"}, {"time": 676, "annotation": {"number": 64, "value": 127}, "group": "control_change"}, {"time": 685, "annotation": {"number": 64, "value": 0}, "group": "control_change"}, {"time": 688, "annotation": {"number": 64, "value": 127}, "group": "control_change"}, {"time": 698, "annotation": {"number": 64, "value": 0}, "group": "control_change"}, {"time": 704, "annotation": {"number": 64, "value": 127}, "group": "control_change"}, {"time": 709, "annotation": {"number": 64, "value": 0}, "group": "control_change"}, {"time": 712, "annotation": {"number": 64, "value": 127}, "group": "control_change"}, {"time": 733, "annotation": {"number": 64, "value": 0}, "group": "control_change"}, {"time": 735, "annotation": {"number": 64, "value": 127}, "group": "control_change"}, {"time": 757, "annotation": {"number": 64, "value": 0}, "group": "control_change"}, {"time": 759, "annotation": {"number": 64, "value": 127}, "group": "control_change"}, {"time": 782, "annotation": {"number": 64, "value": 0}, "group": "control_change"}, {"time": 784, "annotation": {"number": 64, "value": 127}, "group": "control_change"}, {"time": 785, "annotation": {"number": 64, "value": 127}, "group": "control_change"}, {"time": 805, "annotation": {"number": 64, "value": 0}, "group": "control_change"}, {"time": 808, "annotation": {"number": 64, "value": 127}, "group": "control_change"}, {"time": 830, "annotation": {"number": 64, "value": 0}, "group": "control_change"}, {"time": 832, "annotation": {"number": 64, "value": 127}, "group": "control_change"}, {"time": 854, "annotation": {"number": 64, "value": 0}, "group": "control_change"}, {"time": 856, "annotation": {"number": 64, "value": 127}, "group": "control_change"}, {"time": 866, "annotation": {"number": 64, "value": 0}, "group": "control_change"}, {"time": 868, "annotation": {"number": 64, "value": 127}, "group": "control_change"}, {"time": 877, "annotation": {"number": 64, "value": 0}, "group": "control_change"}, {"time": 880, "annotation": {"number": 64, "value": 127}, "group": "control_change"}, {"time": 881, "annotation": {"number": 64, "value": 127}, "group": "control_change"}, {"time": 902, "annotation": {"number": 64, "value": 0}, "group": "control_change"}, {"time": 904, "annotation": {"number": 64, "value": 127}, "group": "control_change"}, {"time": 925, "annotation": {"number": 64, "value": 0}, "group": "control_change"}, {"time": 927, "annotation": {"number": 64, "value": 127}, "group": "control_change"}, {"time": 950, "annotation": {"number": 64, "value": 0}, "group": "control_change"}, {"time": 952, "annotation": {"number": 64, "value": 127}, "group": "control_change"}, {"time": 998, "annotation": {"number": 64, "value": 0}, "group": "control_change"}, {"time": 1000, "annotation": {"number": 64, "value": 127}, "group": "control_change"}, {"time": 1046, "annotation": {"number": 64, "value": 0}, "group": "control_change"}, {"time": 1048, "annotation": {"number": 64, "value": 127}, "group": "control_change"}, {"time": 1070, "annotation": {"number": 64, "value": 0}, "group": "control_change"}, {"time": 1072, "annotation": {"number": 64, "value": 127}, "group": "control_change"}, {"time": 1094, "annotation": {"number": 64, "value": 0}, "group": "control_change"}, {"time": 1096, "annotation": {"number": 64, "value": 127}, "group": "control_change"}, {"time": 1106, "annotation": {"number": 64, "value": 0}, "group": "control_change"}, {"time": 1107, "annotation": {"number": 64, "value": 127}, "group": "control_change"}, {"time": 1118, "annotation": {"number": 64, "value": 0}, "group": "control_change"}, {"time": 1120, "annotation": {"number": 64, "value": 127}, "group": "control_change"}, {"time": 1121, "annotation": {"number": 64, "value": 127}, "group": "control_change"}, {"time": 1142, "annotation": {"number": 64, "value": 0}, "group": "control_change"}, {"time": 1144, "annotation": {"number": 64, "value": 127}, "group": "control_change"}, {"time": 1166, "annotation": {"number": 64, "value": 0}, "group": "control_change"}, {"time": 1168, "annotation": {"number": 64, "value": 127}, "group": "control_change"}, {"time": 1191, "annotation": {"number": 64, "value": 0}, "group": "control_change"}, {"time": 1192, "annotation": {"number": 64, "value": 127}, "group": "control_change"}, {"time": 1238, "annotation": {"number": 64, "value": 0}, "group": "control_change"}, {"time": 1240, "annotation": {"number": 64, "value": 127}, "group": "control_change"}, {"time": 1262, "annotation": {"number": 64, "value": 0}, "group": "control_change"}, {"time": 1264, "annotation": {"number": 64, "value": 127}, "group": "control_change"}, {"time": 1286, "annotation": {"number": 64, "value": 0}, "group": "control_change"}, {"time": 1288, "annotation": {"number": 64, "value": 127}, "group": "control_change"}, {"time": 1293, "annotation": {"number": 64, "value": 127}, "group": "control_change"}, {"time": 1310, "annotation": {"number": 64, "value": 0}, "group": "control_change"}, {"time": 1338, "annotation": {"number": 64, "value": 127}, "group": "control_change"}, {"time": 1382, "annotation": {"number": 64, "value": 0}, "group": "control_change"}, {"time": 1383, "annotation": {"number": 64, "value": 127}, "group": "control_change"}, {"time": 1428, "annotation": {"number": 64, "value": 0}, "group": "control_change"}, {"time": 1432, "annotation": {"number": 64, "value": 127}, "group": "control_change"}, {"time": 1454, "annotation": {"number": 64, "value": 0}, "group": "control_change"}, {"time": 1456, "annotation": {"number": 64, "value": 127}, "group": "control_change"}, {"time": 1478, "annotation": {"number": 64, "value": 0}, "group": "control_change"}, {"time": 1480, "annotation": {"number": 64, "value": 127}, "group": "control_change"}, {"time": 1490, "annotation": {"number": 64, "value": 0}, "group": "control_change"}, {"time": 1492, "annotation": {"number": 64, "value": 127}, "group": "control_change"}, {"time": 1501, "annotation": {"number": 64, "value": 0}, "group": "control_change"}, {"time": 1504, "annotation": {"number": 64, "value": 127}, "group": "control_change"}, {"time": 1514, "annotation": {"number": 64, "value": 0}, "group": "control_change"}, {"time": 1520, "annotation": {"number": 64, "value": 127}, "group": "control_change"}, {"time": 1525, "annotation": {"number": 64, "value": 0}, "group": "control_change"}, {"time": 1528, "annotation": {"number": 64, "value": 127}, "group": "control_change"}, {"time": 1549, "annotation": {"number": 64, "value": 0}, "group": "control_change"}, {"time": 1551, "annotation": {"number": 64, "value": 127}, "group": "control_change"}, {"time": 1573, "annotation": {"number": 64, "value": 0}, "group": "control_change"}, {"time": 1575, "annotation": {"number": 64, "value": 127}, "group": "control_change"}, {"time": 1598, "annotation": {"number": 64, "value": 0}, "group": "control_change"}, {"time": 1600, "annotation": {"number": 64, "value": 127}, "group": "control_change"}, {"time": 1601, "annotation": {"number": 64, "value": 127}, "group": "control_change"}, {"time": 1621, "annotation": {"number": 64, "value": 0}, "group": "control_change"}, {"time": 1624, "annotation": {"number": 64, "value": 127}, "group": "control_change"}, {"time": 1646, "annotation": {"number": 64, "value": 0}, "group": "control_change"}, {"time": 1648, "annotation": {"number": 64, "value": 127}, "group": "control_change"}, {"time": 1670, "annotation": {"number": 64, "value": 0}, "group": "control_change"}, {"time": 1672, "annotation": {"number": 64, "value": 127}, "group": "control_change"}, {"time": 1682, "annotation": {"number": 64, "value": 0}, "group": "control_change"}, {"time": 1684, "annotation": {"number": 64, "value": 127}, "group": "control_change"}, {"time": 1693, "annotation": {"number": 64, "value": 0}, "group": "control_change"}, {"time": 1696, "annotation": {"number": 64, "value": 127}, "group": "control_change"}, {"time": 1697, "annotation": {"number": 64, "value": 127}, "group": "control_change"}, {"time": 1718, "annotation": {"number": 64, "value": 0}, "group": "control_change"}, {"time": 1720, "annotation": {"number": 64, "value": 127}, "group": "control_change"}, {"time": 1741, "annotation": {"number": 64, "value": 0}, "group": "control_change"}, {"time": 1743, "annotation": {"number": 64, "value": 127}, "group": "control_change"}, {"time": 1766, "annotation": {"number": 64, "value": 0}, "group": "control_change"}, {"time": 1768, "annotation": {"number": 64, "value": 127}, "group": "control_change"}, {"time": 1814, "annotation": {"number": 64, "value": 0}, "group": "control_change"}, {"time": 1815, "annotation": {"number": 64, "value": 127}, "group": "control_change"}, {"time": 1836, "annotation": {"number": 64, "value": 0}, "group": "control_change"}, {"time": 1840, "annotation": {"number": 64, "value": 127}, "group": "control_change"}, {"time": 1862, "annotation": {"number": 64, "value": 0}, "group": "control_change"}, {"time": 1864, "annotation": {"number": 64, "value": 127}, "group": "control_change"}, {"time": 1886, "annotation": {"number": 64, "value": 0}, "group": "control_change"}, {"time": 1887, "annotation": {"number": 64, "value": 127}, "group": "control_change"}, {"time": 1909, "annotation": {"number": 64, "value": 0}, "group": "control_change"}, {"time": 1912, "annotation": {"number": 64, "value": 127}, "group": "control_change"}, {"time": 1913, "annotation": {"number": 64, "value": 0}, "group": "control_change"}, {"time": 1914, "annotation": {"number": 64, "value": 127}, "group": "control_change"}, {"time": 1934, "annotation": {"number": 64, "value": 0}, "group": "control_change"}, {"time": 1936, "annotation": {"number": 64, "value": 127}, "group": "control_change"}, {"time": 1959, "annotation": {"number": 64, "value": 0}, "group": "control_change"}, {"time": 1961, "annotation": {"number": 64, "value": 127}, "group": "control_change"}, {"time": 1964, "annotation": {"number": 64, "value": 0}, "group": "control_change"}, {"time": 1984, "annotation": {"number": 64, "value": 127}, "group": "control_change"}, {"time": 2004, "annotation": {"number": 64, "value": 0}, "group": "control_change"}, {"time": 2009, "annotation": {"number": 64, "value": 127}, "group": "control_change"}, {"time": 2029, "annotation": {"number": 64, "value": 0}, "group": "control_change"}, {"time": 2033, "annotation": {"number": 64, "value": 127}, "group": "control_change"}, {"time": 2055, "annotation": {"number": 64, "value": 0}, "group": "control_change"}, {"time": 2056, "annotation": {"number": 64, "value": 127}, "group": "control_change"}, {"time": 2078, "annotation": {"number": 64, "value": 0}, "group": "control_change"}, {"time": 2080, "annotation": {"number": 64, "value": 127}, "group": "control_change"}, {"time": 2102, "annotation": {"number": 64, "value": 0}, "group": "control_change"}, {"time": 2104, "annotation": {"number": 64, "value": 127}, "group": "control_change"}, {"time": 2114, "annotation": {"number": 64, "value": 0}, "group": "control_change"}, {"time": 2116, "annotation": {"number": 64, "value": 127}, "group": "control_change"}, {"time": 2125, "annotation": {"number": 64, "value": 0}, "group": "control_change"}, {"time": 2128, "annotation": {"number": 64, "value": 127}, "group": "control_change"}, {"time": 2138, "annotation": {"number": 64, "value": 0}, "group": "control_change"}, {"time": 2144, "annotation": {"number": 64, "value": 127}, "group": "control_change"}, {"time": 2149, "annotation": {"number": 64, "value": 0}, "group": "control_change"}, {"time": 2152, "annotation": {"number": 64, "value": 127}, "group": "control_change"}, {"time": 2173, "annotation": {"number": 64, "value": 0}, "group": "control_change"}, {"time": 2175, "annotation": {"number": 64, "value": 127}, "group": "control_change"}, {"time": 2197, "annotation": {"number": 64, "value": 0}, "group": "control_change"}, {"time": 2199, "annotation": {"number": 64, "value": 127}, "group": "control_change"}, {"time": 2222, "annotation": {"number": 64, "value": 0}, "group": "control_change"}, {"time": 2224, "annotation": {"number": 64, "value": 127}, "group": "control_change"}, {"time": 2225, "annotation": {"number": 64, "value": 127}, "group": "control_change"}, {"time": 2245, "annotation": {"number": 64, "value": 0}, "group": "control_change"}, {"time": 2248, "annotation": {"number": 64, "value": 127}, "group": "control_change"}, {"time": 2270, "annotation": {"number": 64, "value": 0}, "group": "control_change"}, {"time": 2272, "annotation": {"number": 64, "value": 127}, "group": "control_change"}, {"time": 2294, "annotation": {"number": 64, "value": 0}, "group": "control_change"}, {"time": 2296, "annotation": {"number": 64, "value": 127}, "group": "control_change"}, {"time": 2306, "annotation": {"number": 64, "value": 0}, "group": "control_change"}, {"time": 2308, "annotation": {"number": 64, "value": 127}, "group": "control_change"}, {"time": 2317, "annotation": {"number": 64, "value": 0}, "group": "control_change"}, {"time": 2320, "annotation": {"number": 64, "value": 127}, "group": "control_change"}, {"time": 2321, "annotation": {"number": 64, "value": 127}, "group": "control_change"}, {"time": 2342, "annotation": {"number": 64, "value": 0}, "group": "control_change"}, {"time": 2344, "annotation": {"number": 64, "value": 127}, "group": "control_change"}, {"time": 2365, "annotation": {"number": 64, "value": 0}, "group": "control_change"}, {"time": 2367, "annotation": {"number": 64, "value": 127}, "group": "control_change"}, {"time": 2390, "annotation": {"number": 64, "value": 0}, "group": "control_change"}, {"time": 2392, "annotation": {"number": 64, "value": 127}, "group": "control_change"}, {"time": 2438, "annotation": {"number": 64, "value": 0}, "group": "control_change"}, {"time": 2439, "annotation": {"number": 64, "value": 127}, "group": "control_change"}, {"time": 2440, "annotation": {"number": 64, "value": 127}, "group": "control_change"}, {"time": 2462, "annotation": {"number": 64, "value": 0}, "group": "control_change"}, {"time": 2464, "annotation": {"number": 64, "value": 127}, "group": "control_change"}, {"time": 2486, "annotation": {"number": 64, "value": 0}, "group": "control_change"}, {"time": 2488, "annotation": {"number": 64, "value": 127}, "group": "control_change"}, {"time": 2498, "annotation": {"number": 64, "value": 0}, "group": "control_change"}, {"time": 2502, "annotation": {"number": 64, "value": 127}, "group": "control_change"}, {"time": 2510, "annotation": {"number": 64, "value": 0}, "group": "control_change"}, {"time": 2516, "annotation": {"number": 64, "value": 127}, "group": "control_change"}, {"time": 2534, "annotation": {"number": 64, "value": 0}, "group": "control_change"}, {"time": 2536, "annotation": {"number": 64, "value": 127}, "group": "control_change"}, {"time": 2558, "annotation": {"number": 64, "value": 0}, "group": "control_change"}, {"time": 2561, "annotation": {"number": 64, "value": 127}, "group": "control_change"}, {"time": 2594, "annotation": {"number": 64, "value": 0}, "group": "control_change"}, {"time": 2597, "annotation": {"number": 64, "value": 127}, "group": "control_change"}, {"time": 2607, "annotation": {"number": 64, "value": 0}, "group": "control_change"}, {"time": 2627, "annotation": {"number": 64, "value": 127}, "group": "control_change"}, {"time": 2642, "annotation": {"number": 64, "value": 0}, "group": "control_change"}, {"time": 2644, "annotation": {"number": 64, "value": 127}, "group": "control_change"}, {"time": 2664, "annotation": {"number": 64, "value": 0}, "group": "control_change"}, {"time": 2667, "annotation": {"number": 64, "value": 127}, "group": "control_change"}, {"time": 2673, "annotation": {"number": 64, "value": 0}, "group": "control_change"}, {"time": 2701, "annotation": {"number": 64, "value": 127}, "group": "control_change"}, {"time": 2779, "annotation": {"number": 64, "value": 0}, "group": "control_change"}, {"time": 2780, "annotation": {"number": 64, "value": 127}, "group": "control_change"}, {"time": 2780, "annotation": {"number": 64, "value": 0}, "group": "control_change"}, {"time": 2782, "annotation": {"number": 64, "value": 127}, "group": "control_change"}, {"time": 2785, "annotation": {"number": 64, "value": 0}, "group": "control_change"}]}]}