{"metadata": {"schema_version": "0.2", "title": "None", "source_filename": "571.mid", "source_format": "midi"}, "resolution": 12, "tempos": [{"time": 0, "qpm": 56.000029866682596}], "time_signatures": [{"time": 0, "numerator": 4, "denominator": 4}], "tracks": [{"program": 0, "is_drum": false, "name": "MELODY", "notes": [{"time": 307, "pitch": 77, "duration": 2, "velocity": 113}, {"time": 310, "pitch": 77, "duration": 2, "velocity": 114}, {"time": 313, "pitch": 77, "duration": 3, "velocity": 119}, {"time": 319, "pitch": 73, "duration": 2, "velocity": 116}, {"time": 322, "pitch": 80, "duration": 3, "velocity": 123}, {"time": 331, "pitch": 77, "duration": 3, "velocity": 120}, {"time": 337, "pitch": 73, "duration": 4, "velocity": 119}, {"time": 343, "pitch": 77, "duration": 3, "velocity": 120}, {"time": 349, "pitch": 73, "duration": 4, "velocity": 119}, {"time": 358, "pitch": 70, "duration": 5, "velocity": 119}, {"time": 403, "pitch": 77, "duration": 1, "velocity": 119}, {"time": 406, "pitch": 77, "duration": 1, "velocity": 110}, {"time": 409, "pitch": 77, "duration": 3, "velocity": 117}, {"time": 415, "pitch": 73, "duration": 1, "velocity": 94}, {"time": 418, "pitch": 80, "duration": 3, "velocity": 110}, {"time": 427, "pitch": 77, "duration": 3, "velocity": 110}, {"time": 433, "pitch": 73, "duration": 3, "velocity": 107}, {"time": 439, "pitch": 75, "duration": 3, "velocity": 114}, {"time": 451, "pitch": 77, "duration": 4, "velocity": 117}, {"time": 481, "pitch": 70, "duration": 3, "velocity": 117}, {"time": 484, "pitch": 72, "duration": 3, "velocity": 102}, {"time": 487, "pitch": 73, "duration": 3, "velocity": 113}, {"time": 490, "pitch": 70, "duration": 4, "velocity": 114}, {"time": 496, "pitch": 82, "duration": 5, "velocity": 114}, {"time": 526, "pitch": 70, "duration": 1, "velocity": 116}, {"time": 529, "pitch": 70, "duration": 2, "velocity": 113}, {"time": 532, "pitch": 73, "duration": 1, "velocity": 117}, {"time": 535, "pitch": 73, "duration": 3, "velocity": 114}, {"time": 541, "pitch": 84, "duration": 5, "velocity": 120}, {"time": 547, "pitch": 80, "duration": 5, "velocity": 119}, {"time": 577, "pitch": 77, "duration": 4, "velocity": 110}, {"time": 583, "pitch": 80, "duration": 3, "velocity": 107}, {"time": 589, "pitch": 78, "duration": 4, "velocity": 116}, {"time": 598, "pitch": 77, "duration": 5, "velocity": 114}, {"time": 607, "pitch": 79, "duration": 4, "velocity": 113}, {"time": 625, "pitch": 70, "duration": 5, "velocity": 116}, {"time": 631, "pitch": 80, "duration": 5, "velocity": 117}, {"time": 643, "pitch": 77, "duration": 8, "velocity": 119}, {"time": 691, "pitch": 77, "duration": 2, "velocity": 113}, {"time": 694, "pitch": 77, "duration": 2, "velocity": 114}, {"time": 697, "pitch": 77, "duration": 3, "velocity": 119}, {"time": 703, "pitch": 73, "duration": 2, "velocity": 116}, {"time": 706, "pitch": 80, "duration": 3, "velocity": 123}, {"time": 715, "pitch": 77, "duration": 3, "velocity": 120}, {"time": 721, "pitch": 73, "duration": 4, "velocity": 119}, {"time": 727, "pitch": 77, "duration": 3, "velocity": 120}, {"time": 733, "pitch": 73, "duration": 4, "velocity": 119}, {"time": 742, "pitch": 70, "duration": 5, "velocity": 119}, {"time": 787, "pitch": 77, "duration": 1, "velocity": 119}, {"time": 790, "pitch": 77, "duration": 1, "velocity": 110}, {"time": 793, "pitch": 77, "duration": 3, "velocity": 117}, {"time": 799, "pitch": 73, "duration": 1, "velocity": 94}, {"time": 802, "pitch": 80, "duration": 3, "velocity": 110}, {"time": 811, "pitch": 77, "duration": 3, "velocity": 110}, {"time": 817, "pitch": 73, "duration": 3, "velocity": 107}, {"time": 823, "pitch": 75, "duration": 3, "velocity": 114}, {"time": 835, "pitch": 77, "duration": 4, "velocity": 117}, {"time": 865, "pitch": 70, "duration": 3, "velocity": 117}, {"time": 868, "pitch": 72, "duration": 3, "velocity": 102}, {"time": 871, "pitch": 73, "duration": 3, "velocity": 113}, {"time": 874, "pitch": 70, "duration": 4, "velocity": 114}, {"time": 883, "pitch": 82, "duration": 5, "velocity": 114}, {"time": 910, "pitch": 70, "duration": 1, "velocity": 116}, {"time": 913, "pitch": 70, "duration": 2, "velocity": 113}, {"time": 916, "pitch": 73, "duration": 1, "velocity": 117}, {"time": 919, "pitch": 73, "duration": 3, "velocity": 114}, {"time": 925, "pitch": 84, "duration": 5, "velocity": 120}, {"time": 931, "pitch": 80, "duration": 5, "velocity": 119}, {"time": 961, "pitch": 77, "duration": 4, "velocity": 110}, {"time": 967, "pitch": 80, "duration": 3, "velocity": 107}, {"time": 973, "pitch": 78, "duration": 4, "velocity": 116}, {"time": 982, "pitch": 77, "duration": 5, "velocity": 114}, {"time": 991, "pitch": 79, "duration": 4, "velocity": 113}, {"time": 1009, "pitch": 70, "duration": 5, "velocity": 116}, {"time": 1015, "pitch": 80, "duration": 5, "velocity": 117}, {"time": 1027, "pitch": 77, "duration": 8, "velocity": 119}, {"time": 1069, "pitch": 73, "duration": 5, "velocity": 119}, {"time": 1075, "pitch": 80, "duration": 3, "velocity": 120}, {"time": 1081, "pitch": 80, "duration": 4, "velocity": 120}, {"time": 1087, "pitch": 77, "duration": 3, "velocity": 119}, {"time": 1093, "pitch": 75, "duration": 3, "velocity": 119}, {"time": 1099, "pitch": 82, "duration": 3, "velocity": 119}, {"time": 1105, "pitch": 82, "duration": 4, "velocity": 119}, {"time": 1111, "pitch": 75, "duration": 2, "velocity": 113}, {"time": 1117, "pitch": 85, "duration": 3, "velocity": 119}, {"time": 1123, "pitch": 84, "duration": 3, "velocity": 119}, {"time": 1126, "pitch": 82, "duration": 3, "velocity": 120}, {"time": 1135, "pitch": 80, "duration": 4, "velocity": 102}, {"time": 1141, "pitch": 77, "duration": 4, "velocity": 117}, {"time": 1159, "pitch": 77, "duration": 2, "velocity": 113}, {"time": 1162, "pitch": 78, "duration": 2, "velocity": 108}, {"time": 1165, "pitch": 80, "duration": 3, "velocity": 114}, {"time": 1171, "pitch": 73, "duration": 2, "velocity": 113}, {"time": 1174, "pitch": 73, "duration": 4, "velocity": 116}, {"time": 1180, "pitch": 82, "duration": 5, "velocity": 117}, {"time": 1189, "pitch": 80, "duration": 3, "velocity": 117}, {"time": 1195, "pitch": 73, "duration": 1, "velocity": 114}, {"time": 1198, "pitch": 73, "duration": 2, "velocity": 110}, {"time": 1204, "pitch": 80, "duration": 5, "velocity": 108}, {"time": 1213, "pitch": 77, "duration": 5, "velocity": 113}, {"time": 1261, "pitch": 73, "duration": 4, "velocity": 113}, {"time": 1267, "pitch": 80, "duration": 4, "velocity": 110}, {"time": 1273, "pitch": 80, "duration": 4, "velocity": 107}, {"time": 1279, "pitch": 77, "duration": 4, "velocity": 113}, {"time": 1285, "pitch": 75, "duration": 4, "velocity": 113}, {"time": 1291, "pitch": 82, "duration": 3, "velocity": 113}, {"time": 1297, "pitch": 82, "duration": 4, "velocity": 110}, {"time": 1303, "pitch": 84, "duration": 3, "velocity": 116}, {"time": 1309, "pitch": 85, "duration": 4, "velocity": 114}, {"time": 1315, "pitch": 84, "duration": 3, "velocity": 110}, {"time": 1318, "pitch": 82, "duration": 4, "velocity": 117}, {"time": 1327, "pitch": 77, "duration": 3, "velocity": 108}, {"time": 1330, "pitch": 73, "duration": 3, "velocity": 108}, {"time": 1351, "pitch": 70, "duration": 3, "velocity": 110}, {"time": 1354, "pitch": 72, "duration": 2, "velocity": 108}, {"time": 1357, "pitch": 73, "duration": 4, "velocity": 116}, {"time": 1375, "pitch": 72, "duration": 3, "velocity": 116}, {"time": 1378, "pitch": 73, "duration": 2, "velocity": 114}, {"time": 1381, "pitch": 77, "duration": 4, "velocity": 117}, {"time": 1399, "pitch": 73, "duration": 4, "velocity": 110}, {"time": 1408, "pitch": 70, "duration": 6, "velocity": 108}, {"time": 1651, "pitch": 77, "duration": 2, "velocity": 113}, {"time": 1654, "pitch": 77, "duration": 2, "velocity": 114}, {"time": 1657, "pitch": 77, "duration": 3, "velocity": 119}, {"time": 1663, "pitch": 73, "duration": 2, "velocity": 116}, {"time": 1666, "pitch": 80, "duration": 3, "velocity": 123}, {"time": 1675, "pitch": 77, "duration": 3, "velocity": 120}, {"time": 1681, "pitch": 73, "duration": 4, "velocity": 119}, {"time": 1687, "pitch": 77, "duration": 3, "velocity": 120}, {"time": 1693, "pitch": 73, "duration": 4, "velocity": 119}, {"time": 1702, "pitch": 70, "duration": 5, "velocity": 119}, {"time": 1747, "pitch": 77, "duration": 1, "velocity": 119}, {"time": 1750, "pitch": 77, "duration": 1, "velocity": 110}, {"time": 1753, "pitch": 77, "duration": 3, "velocity": 117}, {"time": 1759, "pitch": 73, "duration": 1, "velocity": 94}, {"time": 1762, "pitch": 80, "duration": 3, "velocity": 110}, {"time": 1771, "pitch": 77, "duration": 3, "velocity": 110}, {"time": 1777, "pitch": 73, "duration": 3, "velocity": 107}, {"time": 1783, "pitch": 75, "duration": 3, "velocity": 114}, {"time": 1795, "pitch": 77, "duration": 4, "velocity": 117}, {"time": 1825, "pitch": 70, "duration": 3, "velocity": 117}, {"time": 1828, "pitch": 72, "duration": 3, "velocity": 102}, {"time": 1831, "pitch": 73, "duration": 3, "velocity": 113}, {"time": 1834, "pitch": 70, "duration": 4, "velocity": 114}, {"time": 1843, "pitch": 82, "duration": 5, "velocity": 114}, {"time": 1870, "pitch": 70, "duration": 1, "velocity": 116}, {"time": 1873, "pitch": 70, "duration": 2, "velocity": 113}, {"time": 1876, "pitch": 73, "duration": 1, "velocity": 117}, {"time": 1879, "pitch": 73, "duration": 3, "velocity": 114}, {"time": 1885, "pitch": 84, "duration": 5, "velocity": 120}, {"time": 1891, "pitch": 80, "duration": 5, "velocity": 119}, {"time": 1921, "pitch": 77, "duration": 4, "velocity": 110}, {"time": 1927, "pitch": 80, "duration": 3, "velocity": 107}, {"time": 1933, "pitch": 78, "duration": 4, "velocity": 116}, {"time": 1942, "pitch": 77, "duration": 5, "velocity": 114}, {"time": 1951, "pitch": 79, "duration": 4, "velocity": 113}, {"time": 1969, "pitch": 70, "duration": 5, "velocity": 116}, {"time": 1975, "pitch": 80, "duration": 5, "velocity": 117}, {"time": 1987, "pitch": 77, "duration": 8, "velocity": 119}, {"time": 2029, "pitch": 73, "duration": 5, "velocity": 119}, {"time": 2035, "pitch": 80, "duration": 3, "velocity": 120}, {"time": 2041, "pitch": 80, "duration": 4, "velocity": 120}, {"time": 2047, "pitch": 77, "duration": 3, "velocity": 119}, {"time": 2053, "pitch": 75, "duration": 3, "velocity": 119}, {"time": 2059, "pitch": 82, "duration": 3, "velocity": 119}, {"time": 2065, "pitch": 82, "duration": 4, "velocity": 119}, {"time": 2071, "pitch": 75, "duration": 2, "velocity": 113}, {"time": 2077, "pitch": 85, "duration": 3, "velocity": 119}, {"time": 2083, "pitch": 84, "duration": 3, "velocity": 119}, {"time": 2086, "pitch": 82, "duration": 3, "velocity": 120}, {"time": 2095, "pitch": 80, "duration": 4, "velocity": 102}, {"time": 2101, "pitch": 77, "duration": 4, "velocity": 117}, {"time": 2119, "pitch": 77, "duration": 2, "velocity": 113}, {"time": 2122, "pitch": 78, "duration": 2, "velocity": 108}, {"time": 2125, "pitch": 80, "duration": 3, "velocity": 114}, {"time": 2131, "pitch": 73, "duration": 2, "velocity": 113}, {"time": 2134, "pitch": 73, "duration": 4, "velocity": 116}, {"time": 2140, "pitch": 82, "duration": 5, "velocity": 117}, {"time": 2149, "pitch": 80, "duration": 3, "velocity": 117}, {"time": 2155, "pitch": 73, "duration": 1, "velocity": 114}, {"time": 2158, "pitch": 73, "duration": 2, "velocity": 110}, {"time": 2164, "pitch": 80, "duration": 5, "velocity": 108}, {"time": 2173, "pitch": 77, "duration": 5, "velocity": 113}, {"time": 2221, "pitch": 73, "duration": 4, "velocity": 113}, {"time": 2227, "pitch": 80, "duration": 4, "velocity": 110}, {"time": 2233, "pitch": 80, "duration": 4, "velocity": 107}, {"time": 2239, "pitch": 77, "duration": 4, "velocity": 113}, {"time": 2245, "pitch": 75, "duration": 4, "velocity": 113}, {"time": 2251, "pitch": 82, "duration": 3, "velocity": 113}, {"time": 2257, "pitch": 82, "duration": 4, "velocity": 110}, {"time": 2263, "pitch": 84, "duration": 3, "velocity": 116}, {"time": 2269, "pitch": 85, "duration": 4, "velocity": 114}, {"time": 2275, "pitch": 84, "duration": 3, "velocity": 110}, {"time": 2278, "pitch": 82, "duration": 4, "velocity": 117}, {"time": 2287, "pitch": 77, "duration": 3, "velocity": 108}, {"time": 2290, "pitch": 73, "duration": 3, "velocity": 108}, {"time": 2311, "pitch": 70, "duration": 3, "velocity": 110}, {"time": 2314, "pitch": 72, "duration": 2, "velocity": 108}, {"time": 2317, "pitch": 73, "duration": 4, "velocity": 116}, {"time": 2335, "pitch": 72, "duration": 3, "velocity": 116}, {"time": 2338, "pitch": 73, "duration": 2, "velocity": 114}, {"time": 2341, "pitch": 77, "duration": 4, "velocity": 117}, {"time": 2359, "pitch": 73, "duration": 4, "velocity": 110}, {"time": 2365, "pitch": 70, "duration": 6, "velocity": 108}, {"time": 2413, "pitch": 73, "duration": 5, "velocity": 119}, {"time": 2419, "pitch": 80, "duration": 3, "velocity": 120}, {"time": 2425, "pitch": 80, "duration": 4, "velocity": 120}, {"time": 2431, "pitch": 77, "duration": 3, "velocity": 119}, {"time": 2437, "pitch": 75, "duration": 3, "velocity": 119}, {"time": 2443, "pitch": 82, "duration": 3, "velocity": 119}, {"time": 2449, "pitch": 82, "duration": 4, "velocity": 119}, {"time": 2455, "pitch": 75, "duration": 2, "velocity": 113}, {"time": 2461, "pitch": 85, "duration": 3, "velocity": 119}, {"time": 2467, "pitch": 84, "duration": 3, "velocity": 119}, {"time": 2470, "pitch": 82, "duration": 3, "velocity": 120}, {"time": 2479, "pitch": 80, "duration": 4, "velocity": 102}, {"time": 2485, "pitch": 77, "duration": 4, "velocity": 117}, {"time": 2503, "pitch": 77, "duration": 2, "velocity": 113}, {"time": 2506, "pitch": 78, "duration": 2, "velocity": 108}, {"time": 2509, "pitch": 80, "duration": 3, "velocity": 114}, {"time": 2515, "pitch": 73, "duration": 2, "velocity": 113}, {"time": 2518, "pitch": 73, "duration": 4, "velocity": 116}, {"time": 2524, "pitch": 82, "duration": 5, "velocity": 117}, {"time": 2533, "pitch": 80, "duration": 3, "velocity": 117}, {"time": 2539, "pitch": 73, "duration": 1, "velocity": 114}, {"time": 2542, "pitch": 73, "duration": 2, "velocity": 110}, {"time": 2548, "pitch": 80, "duration": 5, "velocity": 108}, {"time": 2557, "pitch": 77, "duration": 5, "velocity": 113}, {"time": 2605, "pitch": 73, "duration": 4, "velocity": 113}, {"time": 2611, "pitch": 80, "duration": 4, "velocity": 110}, {"time": 2617, "pitch": 80, "duration": 4, "velocity": 107}, {"time": 2623, "pitch": 77, "duration": 4, "velocity": 113}, {"time": 2629, "pitch": 75, "duration": 4, "velocity": 113}, {"time": 2635, "pitch": 82, "duration": 3, "velocity": 113}, {"time": 2641, "pitch": 82, "duration": 4, "velocity": 110}, {"time": 2647, "pitch": 84, "duration": 3, "velocity": 116}, {"time": 2653, "pitch": 85, "duration": 4, "velocity": 114}, {"time": 2659, "pitch": 84, "duration": 3, "velocity": 110}, {"time": 2662, "pitch": 82, "duration": 4, "velocity": 117}, {"time": 2671, "pitch": 77, "duration": 3, "velocity": 108}, {"time": 2674, "pitch": 73, "duration": 3, "velocity": 108}, {"time": 2695, "pitch": 70, "duration": 3, "velocity": 110}, {"time": 2698, "pitch": 72, "duration": 2, "velocity": 108}, {"time": 2701, "pitch": 73, "duration": 4, "velocity": 116}, {"time": 2719, "pitch": 72, "duration": 3, "velocity": 116}, {"time": 2722, "pitch": 73, "duration": 2, "velocity": 114}, {"time": 2725, "pitch": 77, "duration": 4, "velocity": 117}, {"time": 2743, "pitch": 73, "duration": 4, "velocity": 110}, {"time": 2749, "pitch": 82, "duration": 6, "velocity": 108}]}, {"program": 0, "is_drum": false, "name": "BRIDGE", "notes": [{"time": 88, "pitch": 65, "duration": 2, "velocity": 110}, {"time": 91, "pitch": 70, "duration": 3, "velocity": 108}, {"time": 94, "pitch": 72, "duration": 2, "velocity": 102}, {"time": 97, "pitch": 73, "duration": 4, "velocity": 104}, {"time": 100, "pitch": 75, "duration": 3, "velocity": 108}, {"time": 103, "pitch": 77, "duration": 2, "velocity": 107}, {"time": 106, "pitch": 80, "duration": 3, "velocity": 108}, {"time": 109, "pitch": 77, "duration": 9, "velocity": 116}, {"time": 142, "pitch": 77, "duration": 3, "velocity": 108}, {"time": 145, "pitch": 80, "duration": 2, "velocity": 110}, {"time": 148, "pitch": 82, "duration": 3, "velocity": 104}, {"time": 151, "pitch": 75, "duration": 2, "velocity": 102}, {"time": 154, "pitch": 75, "duration": 7, "velocity": 100}, {"time": 163, "pitch": 73, "duration": 3, "velocity": 100}, {"time": 166, "pitch": 70, "duration": 4, "velocity": 96}, {"time": 184, "pitch": 65, "duration": 2, "velocity": 110}, {"time": 187, "pitch": 70, "duration": 3, "velocity": 108}, {"time": 190, "pitch": 72, "duration": 2, "velocity": 102}, {"time": 193, "pitch": 73, "duration": 4, "velocity": 104}, {"time": 196, "pitch": 75, "duration": 3, "velocity": 108}, {"time": 199, "pitch": 77, "duration": 2, "velocity": 107}, {"time": 202, "pitch": 80, "duration": 3, "velocity": 108}, {"time": 205, "pitch": 82, "duration": 9, "velocity": 116}, {"time": 238, "pitch": 82, "duration": 3, "velocity": 94}, {"time": 241, "pitch": 85, "duration": 2, "velocity": 107}, {"time": 244, "pitch": 87, "duration": 2, "velocity": 108}, {"time": 247, "pitch": 82, "duration": 2, "velocity": 100}, {"time": 250, "pitch": 80, "duration": 4, "velocity": 102}, {"time": 259, "pitch": 82, "duration": 2, "velocity": 104}, {"time": 262, "pitch": 77, "duration": 4, "velocity": 88}, {"time": 298, "pitch": 77, "duration": 2, "velocity": 107}, {"time": 301, "pitch": 73, "duration": 5, "velocity": 94}, {"time": 1432, "pitch": 65, "duration": 2, "velocity": 110}, {"time": 1435, "pitch": 70, "duration": 3, "velocity": 108}, {"time": 1438, "pitch": 72, "duration": 2, "velocity": 102}, {"time": 1441, "pitch": 73, "duration": 4, "velocity": 104}, {"time": 1444, "pitch": 75, "duration": 3, "velocity": 108}, {"time": 1447, "pitch": 77, "duration": 2, "velocity": 107}, {"time": 1450, "pitch": 80, "duration": 3, "velocity": 108}, {"time": 1453, "pitch": 77, "duration": 9, "velocity": 116}, {"time": 1486, "pitch": 77, "duration": 3, "velocity": 108}, {"time": 1489, "pitch": 80, "duration": 2, "velocity": 110}, {"time": 1492, "pitch": 82, "duration": 3, "velocity": 104}, {"time": 1495, "pitch": 75, "duration": 2, "velocity": 102}, {"time": 1498, "pitch": 75, "duration": 7, "velocity": 100}, {"time": 1507, "pitch": 73, "duration": 3, "velocity": 100}, {"time": 1510, "pitch": 70, "duration": 4, "velocity": 96}, {"time": 1528, "pitch": 65, "duration": 2, "velocity": 110}, {"time": 1531, "pitch": 70, "duration": 3, "velocity": 108}, {"time": 1534, "pitch": 72, "duration": 2, "velocity": 102}, {"time": 1537, "pitch": 73, "duration": 4, "velocity": 104}, {"time": 1540, "pitch": 75, "duration": 3, "velocity": 108}, {"time": 1543, "pitch": 77, "duration": 2, "velocity": 107}, {"time": 1546, "pitch": 80, "duration": 3, "velocity": 108}, {"time": 1549, "pitch": 82, "duration": 9, "velocity": 116}, {"time": 1582, "pitch": 82, "duration": 3, "velocity": 108}, {"time": 1585, "pitch": 85, "duration": 3, "velocity": 108}, {"time": 1588, "pitch": 87, "duration": 2, "velocity": 114}, {"time": 1591, "pitch": 80, "duration": 2, "velocity": 108}, {"time": 1594, "pitch": 82, "duration": 4, "velocity": 114}, {"time": 1630, "pitch": 80, "duration": 3, "velocity": 110}, {"time": 1633, "pitch": 77, "duration": 5, "velocity": 91}, {"time": 1639, "pitch": 75, "duration": 3, "velocity": 86}, {"time": 1642, "pitch": 73, "duration": 6, "velocity": 90}, {"time": 2800, "pitch": 65, "duration": 2, "velocity": 110}, {"time": 2803, "pitch": 70, "duration": 3, "velocity": 108}, {"time": 2806, "pitch": 72, "duration": 2, "velocity": 102}, {"time": 2809, "pitch": 73, "duration": 4, "velocity": 104}, {"time": 2812, "pitch": 75, "duration": 3, "velocity": 108}, {"time": 2815, "pitch": 77, "duration": 2, "velocity": 107}, {"time": 2818, "pitch": 80, "duration": 3, "velocity": 108}, {"time": 2821, "pitch": 77, "duration": 9, "velocity": 116}, {"time": 2854, "pitch": 77, "duration": 3, "velocity": 108}, {"time": 2857, "pitch": 80, "duration": 2, "velocity": 110}, {"time": 2860, "pitch": 82, "duration": 3, "velocity": 104}, {"time": 2863, "pitch": 75, "duration": 2, "velocity": 102}, {"time": 2866, "pitch": 75, "duration": 7, "velocity": 100}, {"time": 2875, "pitch": 73, "duration": 3, "velocity": 100}, {"time": 2878, "pitch": 70, "duration": 4, "velocity": 96}, {"time": 2896, "pitch": 65, "duration": 2, "velocity": 110}, {"time": 2899, "pitch": 70, "duration": 3, "velocity": 108}, {"time": 2902, "pitch": 72, "duration": 2, "velocity": 102}, {"time": 2905, "pitch": 73, "duration": 4, "velocity": 104}, {"time": 2908, "pitch": 75, "duration": 3, "velocity": 108}, {"time": 2911, "pitch": 77, "duration": 2, "velocity": 107}, {"time": 2914, "pitch": 80, "duration": 3, "velocity": 108}, {"time": 2917, "pitch": 82, "duration": 9, "velocity": 116}, {"time": 2950, "pitch": 77, "duration": 2, "velocity": 92}, {"time": 2953, "pitch": 80, "duration": 3, "velocity": 107}, {"time": 2956, "pitch": 82, "duration": 3, "velocity": 107}, {"time": 2959, "pitch": 75, "duration": 3, "velocity": 104}, {"time": 2962, "pitch": 77, "duration": 5, "velocity": 108}]}, {"program": 0, "is_drum": false, "name": "PIANO", "notes": [{"time": 109, "pitch": 42, "duration": 21, "velocity": 86}, {"time": 112, "pitch": 49, "duration": 22, "velocity": 69}, {"time": 115, "pitch": 54, "duration": 19, "velocity": 77}, {"time": 118, "pitch": 65, "duration": 23, "velocity": 85}, {"time": 133, "pitch": 42, "duration": 19, "velocity": 68}, {"time": 136, "pitch": 49, "duration": 17, "velocity": 44}, {"time": 139, "pitch": 54, "duration": 7, "velocity": 68}, {"time": 142, "pitch": 58, "duration": 9, "velocity": 80}, {"time": 145, "pitch": 65, "duration": 6, "velocity": 108}, {"time": 148, "pitch": 54, "duration": 9, "velocity": 78}, {"time": 151, "pitch": 60, "duration": 6, "velocity": 84}, {"time": 154, "pitch": 65, "duration": 18, "velocity": 87}, {"time": 157, "pitch": 46, "duration": 21, "velocity": 75}, {"time": 157, "pitch": 58, "duration": 3, "velocity": 69}, {"time": 157, "pitch": 61, "duration": 6, "velocity": 72}, {"time": 160, "pitch": 53, "duration": 21, "velocity": 71}, {"time": 163, "pitch": 58, "duration": 18, "velocity": 83}, {"time": 166, "pitch": 60, "duration": 10, "velocity": 85}, {"time": 172, "pitch": 61, "duration": 6, "velocity": 86}, {"time": 178, "pitch": 60, "duration": 10, "velocity": 84}, {"time": 178, "pitch": 65, "duration": 12, "velocity": 87}, {"time": 181, "pitch": 46, "duration": 21, "velocity": 83}, {"time": 184, "pitch": 53, "duration": 18, "velocity": 71}, {"time": 187, "pitch": 58, "duration": 16, "velocity": 84}, {"time": 190, "pitch": 60, "duration": 15, "velocity": 83}, {"time": 193, "pitch": 61, "duration": 8, "velocity": 81}, {"time": 199, "pitch": 65, "duration": 2, "velocity": 81}, {"time": 202, "pitch": 66, "duration": 3, "velocity": 84}, {"time": 205, "pitch": 42, "duration": 21, "velocity": 83}, {"time": 208, "pitch": 49, "duration": 21, "velocity": 68}, {"time": 211, "pitch": 54, "duration": 19, "velocity": 80}, {"time": 214, "pitch": 65, "duration": 6, "velocity": 93}, {"time": 220, "pitch": 61, "duration": 15, "velocity": 83}, {"time": 226, "pitch": 58, "duration": 9, "velocity": 75}, {"time": 229, "pitch": 42, "duration": 21, "velocity": 79}, {"time": 232, "pitch": 49, "duration": 21, "velocity": 79}, {"time": 235, "pitch": 54, "duration": 6, "velocity": 87}, {"time": 238, "pitch": 58, "duration": 11, "velocity": 87}, {"time": 241, "pitch": 65, "duration": 6, "velocity": 94}, {"time": 244, "pitch": 54, "duration": 9, "velocity": 82}, {"time": 247, "pitch": 61, "duration": 8, "velocity": 82}, {"time": 250, "pitch": 58, "duration": 5, "velocity": 85}, {"time": 253, "pitch": 44, "duration": 38, "velocity": 87}, {"time": 256, "pitch": 51, "duration": 34, "velocity": 75}, {"time": 259, "pitch": 56, "duration": 31, "velocity": 84}, {"time": 262, "pitch": 60, "duration": 28, "velocity": 80}, {"time": 268, "pitch": 63, "duration": 22, "velocity": 85}, {"time": 277, "pitch": 68, "duration": 12, "velocity": 76}, {"time": 301, "pitch": 42, "duration": 21, "velocity": 83}, {"time": 304, "pitch": 54, "duration": 11, "velocity": 81}, {"time": 307, "pitch": 58, "duration": 19, "velocity": 81}, {"time": 310, "pitch": 65, "duration": 11, "velocity": 88}, {"time": 319, "pitch": 54, "duration": 6, "velocity": 67}, {"time": 322, "pitch": 61, "duration": 4, "velocity": 83}, {"time": 325, "pitch": 42, "duration": 19, "velocity": 83}, {"time": 328, "pitch": 49, "duration": 16, "velocity": 81}, {"time": 331, "pitch": 54, "duration": 18, "velocity": 81}, {"time": 334, "pitch": 58, "duration": 10, "velocity": 88}, {"time": 334, "pitch": 65, "duration": 9, "velocity": 92}, {"time": 343, "pitch": 60, "duration": 4, "velocity": 87}, {"time": 346, "pitch": 58, "duration": 3, "velocity": 74}, {"time": 346, "pitch": 61, "duration": 4, "velocity": 84}, {"time": 349, "pitch": 46, "duration": 45, "velocity": 84}, {"time": 352, "pitch": 53, "duration": 37, "velocity": 76}, {"time": 355, "pitch": 58, "duration": 6, "velocity": 82}, {"time": 358, "pitch": 65, "duration": 18, "velocity": 88}, {"time": 358, "pitch": 72, "duration": 9, "velocity": 98}, {"time": 364, "pitch": 58, "duration": 7, "velocity": 78}, {"time": 367, "pitch": 73, "duration": 3, "velocity": 88}, {"time": 370, "pitch": 70, "duration": 6, "velocity": 87}, {"time": 373, "pitch": 58, "duration": 10, "velocity": 76}, {"time": 379, "pitch": 60, "duration": 8, "velocity": 80}, {"time": 382, "pitch": 61, "duration": 8, "velocity": 100}, {"time": 391, "pitch": 60, "duration": 9, "velocity": 84}, {"time": 394, "pitch": 65, "duration": 9, "velocity": 88}, {"time": 397, "pitch": 42, "duration": 42, "velocity": 85}, {"time": 400, "pitch": 49, "duration": 23, "velocity": 81}, {"time": 403, "pitch": 54, "duration": 21, "velocity": 88}, {"time": 406, "pitch": 58, "duration": 8, "velocity": 83}, {"time": 409, "pitch": 61, "duration": 9, "velocity": 89}, {"time": 415, "pitch": 58, "duration": 16, "velocity": 82}, {"time": 418, "pitch": 65, "duration": 12, "velocity": 88}, {"time": 427, "pitch": 49, "duration": 13, "velocity": 72}, {"time": 430, "pitch": 54, "duration": 12, "velocity": 86}, {"time": 433, "pitch": 60, "duration": 4, "velocity": 91}, {"time": 436, "pitch": 65, "duration": 5, "velocity": 96}, {"time": 439, "pitch": 60, "duration": 7, "velocity": 88}, {"time": 445, "pitch": 46, "duration": 43, "velocity": 77}, {"time": 445, "pitch": 58, "duration": 4, "velocity": 76}, {"time": 445, "pitch": 61, "duration": 8, "velocity": 86}, {"time": 448, "pitch": 53, "duration": 30, "velocity": 74}, {"time": 451, "pitch": 58, "duration": 7, "velocity": 81}, {"time": 454, "pitch": 60, "duration": 7, "velocity": 89}, {"time": 454, "pitch": 65, "duration": 7, "velocity": 91}, {"time": 460, "pitch": 58, "duration": 7, "velocity": 78}, {"time": 463, "pitch": 61, "duration": 10, "velocity": 87}, {"time": 466, "pitch": 70, "duration": 4, "velocity": 100}, {"time": 469, "pitch": 58, "duration": 5, "velocity": 76}, {"time": 472, "pitch": 65, "duration": 9, "velocity": 88}, {"time": 478, "pitch": 60, "duration": 12, "velocity": 84}, {"time": 481, "pitch": 53, "duration": 5, "velocity": 83}, {"time": 484, "pitch": 61, "duration": 3, "velocity": 84}, {"time": 490, "pitch": 58, "duration": 12, "velocity": 86}, {"time": 493, "pitch": 42, "duration": 22, "velocity": 87}, {"time": 493, "pitch": 65, "duration": 7, "velocity": 88}, {"time": 496, "pitch": 49, "duration": 21, "velocity": 78}, {"time": 499, "pitch": 54, "duration": 17, "velocity": 83}, {"time": 502, "pitch": 65, "duration": 9, "velocity": 90}, {"time": 511, "pitch": 61, "duration": 6, "velocity": 84}, {"time": 514, "pitch": 58, "duration": 9, "velocity": 79}, {"time": 517, "pitch": 42, "duration": 17, "velocity": 81}, {"time": 520, "pitch": 49, "duration": 15, "velocity": 76}, {"time": 523, "pitch": 54, "duration": 12, "velocity": 84}, {"time": 526, "pitch": 58, "duration": 7, "velocity": 86}, {"time": 529, "pitch": 65, "duration": 4, "velocity": 104}, {"time": 532, "pitch": 61, "duration": 3, "velocity": 83}, {"time": 535, "pitch": 58, "duration": 4, "velocity": 85}, {"time": 538, "pitch": 65, "duration": 4, "velocity": 91}, {"time": 541, "pitch": 53, "duration": 20, "velocity": 88}, {"time": 544, "pitch": 60, "duration": 9, "velocity": 86}, {"time": 547, "pitch": 65, "duration": 12, "velocity": 82}, {"time": 550, "pitch": 72, "duration": 7, "velocity": 113}, {"time": 556, "pitch": 60, "duration": 4, "velocity": 83}, {"time": 559, "pitch": 68, "duration": 7, "velocity": 87}, {"time": 565, "pitch": 41, "duration": 18, "velocity": 77}, {"time": 565, "pitch": 60, "duration": 10, "velocity": 81}, {"time": 565, "pitch": 65, "duration": 11, "velocity": 88}, {"time": 574, "pitch": 53, "duration": 9, "velocity": 73}, {"time": 577, "pitch": 60, "duration": 6, "velocity": 88}, {"time": 580, "pitch": 65, "duration": 4, "velocity": 89}, {"time": 583, "pitch": 61, "duration": 6, "velocity": 87}, {"time": 589, "pitch": 39, "duration": 22, "velocity": 87}, {"time": 592, "pitch": 51, "duration": 8, "velocity": 80}, {"time": 595, "pitch": 54, "duration": 3, "velocity": 81}, {"time": 598, "pitch": 63, "duration": 9, "velocity": 89}, {"time": 604, "pitch": 51, "duration": 28, "velocity": 80}, {"time": 607, "pitch": 58, "duration": 5, "velocity": 86}, {"time": 613, "pitch": 39, "duration": 18, "velocity": 83}, {"time": 613, "pitch": 55, "duration": 19, "velocity": 86}, {"time": 613, "pitch": 63, "duration": 12, "velocity": 90}, {"time": 625, "pitch": 58, "duration": 12, "velocity": 86}, {"time": 631, "pitch": 63, "duration": 7, "velocity": 88}, {"time": 637, "pitch": 44, "duration": 42, "velocity": 86}, {"time": 640, "pitch": 51, "duration": 39, "velocity": 77}, {"time": 643, "pitch": 56, "duration": 6, "velocity": 82}, {"time": 646, "pitch": 58, "duration": 4, "velocity": 88}, {"time": 649, "pitch": 60, "duration": 3, "velocity": 91}, {"time": 652, "pitch": 56, "duration": 15, "velocity": 86}, {"time": 655, "pitch": 63, "duration": 4, "velocity": 88}, {"time": 658, "pitch": 68, "duration": 14, "velocity": 82}, {"time": 661, "pitch": 63, "duration": 10, "velocity": 76}, {"time": 661, "pitch": 72, "duration": 10, "velocity": 92}, {"time": 670, "pitch": 56, "duration": 9, "velocity": 82}, {"time": 673, "pitch": 63, "duration": 11, "velocity": 89}, {"time": 673, "pitch": 72, "duration": 10, "velocity": 98}, {"time": 679, "pitch": 68, "duration": 4, "velocity": 84}, {"time": 685, "pitch": 42, "duration": 42, "velocity": 81}, {"time": 685, "pitch": 58, "duration": 7, "velocity": 79}, {"time": 685, "pitch": 61, "duration": 7, "velocity": 85}, {"time": 685, "pitch": 65, "duration": 7, "velocity": 85}, {"time": 691, "pitch": 54, "duration": 10, "velocity": 74}, {"time": 697, "pitch": 58, "duration": 10, "velocity": 86}, {"time": 697, "pitch": 61, "duration": 7, "velocity": 91}, {"time": 697, "pitch": 65, "duration": 10, "velocity": 89}, {"time": 709, "pitch": 58, "duration": 9, "velocity": 78}, {"time": 709, "pitch": 61, "duration": 9, "velocity": 82}, {"time": 709, "pitch": 65, "duration": 8, "velocity": 82}, {"time": 718, "pitch": 54, "duration": 10, "velocity": 78}, {"time": 721, "pitch": 58, "duration": 7, "velocity": 89}, {"time": 721, "pitch": 65, "duration": 6, "velocity": 87}, {"time": 727, "pitch": 60, "duration": 6, "velocity": 88}, {"time": 733, "pitch": 46, "duration": 43, "velocity": 77}, {"time": 733, "pitch": 58, "duration": 4, "velocity": 78}, {"time": 733, "pitch": 61, "duration": 7, "velocity": 87}, {"time": 733, "pitch": 65, "duration": 9, "velocity": 87}, {"time": 739, "pitch": 53, "duration": 27, "velocity": 63}, {"time": 742, "pitch": 58, "duration": 5, "velocity": 80}, {"time": 745, "pitch": 60, "duration": 5, "velocity": 88}, {"time": 745, "pitch": 65, "duration": 6, "velocity": 96}, {"time": 751, "pitch": 58, "duration": 15, "velocity": 81}, {"time": 754, "pitch": 61, "duration": 8, "velocity": 88}, {"time": 754, "pitch": 70, "duration": 2, "velocity": 94}, {"time": 760, "pitch": 65, "duration": 9, "velocity": 88}, {"time": 766, "pitch": 60, "duration": 9, "velocity": 86}, {"time": 769, "pitch": 53, "duration": 5, "velocity": 89}, {"time": 775, "pitch": 61, "duration": 15, "velocity": 89}, {"time": 781, "pitch": 42, "duration": 42, "velocity": 77}, {"time": 781, "pitch": 58, "duration": 8, "velocity": 81}, {"time": 781, "pitch": 65, "duration": 9, "velocity": 86}, {"time": 790, "pitch": 54, "duration": 5, "velocity": 65}, {"time": 793, "pitch": 58, "duration": 10, "velocity": 86}, {"time": 793, "pitch": 61, "duration": 9, "velocity": 88}, {"time": 793, "pitch": 65, "duration": 9, "velocity": 88}, {"time": 805, "pitch": 58, "duration": 8, "velocity": 86}, {"time": 805, "pitch": 65, "duration": 9, "velocity": 89}, {"time": 811, "pitch": 60, "duration": 4, "velocity": 80}, {"time": 814, "pitch": 54, "duration": 12, "velocity": 87}, {"time": 817, "pitch": 58, "duration": 7, "velocity": 92}, {"time": 817, "pitch": 65, "duration": 6, "velocity": 94}, {"time": 823, "pitch": 60, "duration": 6, "velocity": 88}, {"time": 829, "pitch": 46, "duration": 42, "velocity": 78}, {"time": 829, "pitch": 58, "duration": 3, "velocity": 81}, {"time": 829, "pitch": 65, "duration": 7, "velocity": 86}, {"time": 832, "pitch": 53, "duration": 30, "velocity": 81}, {"time": 835, "pitch": 58, "duration": 8, "velocity": 86}, {"time": 838, "pitch": 61, "duration": 11, "velocity": 81}, {"time": 841, "pitch": 70, "duration": 10, "velocity": 102}, {"time": 844, "pitch": 58, "duration": 7, "velocity": 86}, {"time": 847, "pitch": 63, "duration": 3, "velocity": 86}, {"time": 850, "pitch": 61, "duration": 6, "velocity": 78}, {"time": 850, "pitch": 65, "duration": 9, "velocity": 96}, {"time": 856, "pitch": 60, "duration": 6, "velocity": 81}, {"time": 862, "pitch": 61, "duration": 5, "velocity": 88}, {"time": 865, "pitch": 53, "duration": 5, "velocity": 88}, {"time": 868, "pitch": 60, "duration": 4, "velocity": 86}, {"time": 871, "pitch": 61, "duration": 12, "velocity": 83}, {"time": 877, "pitch": 42, "duration": 19, "velocity": 85}, {"time": 877, "pitch": 58, "duration": 5, "velocity": 84}, {"time": 877, "pitch": 65, "duration": 9, "velocity": 88}, {"time": 886, "pitch": 54, "duration": 23, "velocity": 76}, {"time": 889, "pitch": 58, "duration": 10, "velocity": 90}, {"time": 889, "pitch": 65, "duration": 7, "velocity": 91}, {"time": 895, "pitch": 61, "duration": 5, "velocity": 80}, {"time": 901, "pitch": 58, "duration": 13, "velocity": 87}, {"time": 901, "pitch": 65, "duration": 13, "velocity": 91}, {"time": 910, "pitch": 42, "duration": 11, "velocity": 88}, {"time": 913, "pitch": 54, "duration": 4, "velocity": 92}, {"time": 916, "pitch": 58, "duration": 4, "velocity": 91}, {"time": 919, "pitch": 61, "duration": 4, "velocity": 100}, {"time": 922, "pitch": 68, "duration": 13, "velocity": 100}, {"time": 925, "pitch": 41, "duration": 42, "velocity": 88}, {"time": 925, "pitch": 60, "duration": 10, "velocity": 86}, {"time": 925, "pitch": 65, "duration": 9, "velocity": 94}, {"time": 934, "pitch": 53, "duration": 5, "velocity": 74}, {"time": 937, "pitch": 60, "duration": 10, "velocity": 98}, {"time": 937, "pitch": 65, "duration": 9, "velocity": 102}, {"time": 937, "pitch": 68, "duration": 10, "velocity": 93}, {"time": 949, "pitch": 60, "duration": 9, "velocity": 91}, {"time": 949, "pitch": 65, "duration": 9, "velocity": 96}, {"time": 949, "pitch": 68, "duration": 9, "velocity": 89}, {"time": 958, "pitch": 53, "duration": 10, "velocity": 86}, {"time": 961, "pitch": 60, "duration": 6, "velocity": 92}, {"time": 967, "pitch": 65, "duration": 1, "velocity": 88}, {"time": 967, "pitch": 68, "duration": 6, "velocity": 96}, {"time": 973, "pitch": 39, "duration": 19, "velocity": 86}, {"time": 973, "pitch": 58, "duration": 8, "velocity": 83}, {"time": 973, "pitch": 63, "duration": 7, "velocity": 88}, {"time": 973, "pitch": 66, "duration": 9, "velocity": 86}, {"time": 982, "pitch": 51, "duration": 5, "velocity": 82}, {"time": 985, "pitch": 58, "duration": 7, "velocity": 92}, {"time": 985, "pitch": 66, "duration": 9, "velocity": 91}, {"time": 991, "pitch": 51, "duration": 6, "velocity": 80}, {"time": 997, "pitch": 39, "duration": 17, "velocity": 84}, {"time": 997, "pitch": 58, "duration": 9, "velocity": 87}, {"time": 997, "pitch": 63, "duration": 10, "velocity": 98}, {"time": 997, "pitch": 67, "duration": 10, "velocity": 89}, {"time": 1006, "pitch": 51, "duration": 10, "velocity": 84}, {"time": 1009, "pitch": 58, "duration": 7, "velocity": 100}, {"time": 1015, "pitch": 67, "duration": 6, "velocity": 106}, {"time": 1021, "pitch": 41, "duration": 18, "velocity": 82}, {"time": 1021, "pitch": 57, "duration": 8, "velocity": 84}, {"time": 1021, "pitch": 60, "duration": 8, "velocity": 86}, {"time": 1021, "pitch": 65, "duration": 8, "velocity": 89}, {"time": 1030, "pitch": 53, "duration": 5, "velocity": 80}, {"time": 1033, "pitch": 57, "duration": 8, "velocity": 93}, {"time": 1033, "pitch": 65, "duration": 6, "velocity": 94}, {"time": 1039, "pitch": 53, "duration": 6, "velocity": 83}, {"time": 1039, "pitch": 60, "duration": 4, "velocity": 80}, {"time": 1045, "pitch": 41, "duration": 16, "velocity": 87}, {"time": 1045, "pitch": 57, "duration": 16, "velocity": 88}, {"time": 1045, "pitch": 60, "duration": 16, "velocity": 98}, {"time": 1045, "pitch": 65, "duration": 16, "velocity": 102}, {"time": 1069, "pitch": 49, "duration": 17, "velocity": 86}, {"time": 1069, "pitch": 61, "duration": 5, "velocity": 90}, {"time": 1069, "pitch": 65, "duration": 7, "velocity": 92}, {"time": 1069, "pitch": 68, "duration": 8, "velocity": 93}, {"time": 1075, "pitch": 56, "duration": 11, "velocity": 72}, {"time": 1078, "pitch": 61, "duration": 6, "velocity": 88}, {"time": 1081, "pitch": 65, "duration": 7, "velocity": 93}, {"time": 1081, "pitch": 68, "duration": 11, "velocity": 104}, {"time": 1081, "pitch": 73, "duration": 10, "velocity": 94}, {"time": 1087, "pitch": 49, "duration": 2, "velocity": 86}, {"time": 1093, "pitch": 44, "duration": 15, "velocity": 88}, {"time": 1093, "pitch": 60, "duration": 9, "velocity": 89}, {"time": 1093, "pitch": 63, "duration": 9, "velocity": 98}, {"time": 1093, "pitch": 68, "duration": 8, "velocity": 90}, {"time": 1102, "pitch": 56, "duration": 6, "velocity": 83}, {"time": 1105, "pitch": 60, "duration": 8, "velocity": 93}, {"time": 1105, "pitch": 63, "duration": 8, "velocity": 108}, {"time": 1105, "pitch": 68, "duration": 8, "velocity": 90}, {"time": 1111, "pitch": 44, "duration": 4, "velocity": 81}, {"time": 1117, "pitch": 46, "duration": 14, "velocity": 86}, {"time": 1117, "pitch": 61, "duration": 7, "velocity": 90}, {"time": 1117, "pitch": 65, "duration": 7, "velocity": 100}, {"time": 1117, "pitch": 70, "duration": 7, "velocity": 94}, {"time": 1126, "pitch": 58, "duration": 5, "velocity": 67}, {"time": 1129, "pitch": 61, "duration": 7, "velocity": 91}, {"time": 1129, "pitch": 65, "duration": 10, "velocity": 100}, {"time": 1129, "pitch": 70, "duration": 7, "velocity": 92}, {"time": 1135, "pitch": 46, "duration": 4, "velocity": 88}, {"time": 1141, "pitch": 41, "duration": 19, "velocity": 88}, {"time": 1141, "pitch": 60, "duration": 8, "velocity": 90}, {"time": 1141, "pitch": 65, "duration": 9, "velocity": 100}, {"time": 1141, "pitch": 68, "duration": 8, "velocity": 93}, {"time": 1150, "pitch": 53, "duration": 4, "velocity": 87}, {"time": 1153, "pitch": 60, "duration": 5, "velocity": 110}, {"time": 1153, "pitch": 68, "duration": 5, "velocity": 107}, {"time": 1156, "pitch": 53, "duration": 6, "velocity": 93}, {"time": 1159, "pitch": 65, "duration": 3, "velocity": 110}, {"time": 1162, "pitch": 68, "duration": 2, "velocity": 85}, {"time": 1165, "pitch": 42, "duration": 20, "velocity": 91}, {"time": 1165, "pitch": 58, "duration": 9, "velocity": 91}, {"time": 1165, "pitch": 61, "duration": 9, "velocity": 102}, {"time": 1165, "pitch": 66, "duration": 9, "velocity": 98}, {"time": 1174, "pitch": 54, "duration": 5, "velocity": 86}, {"time": 1177, "pitch": 58, "duration": 8, "velocity": 102}, {"time": 1177, "pitch": 61, "duration": 10, "velocity": 108}, {"time": 1177, "pitch": 66, "duration": 8, "velocity": 100}, {"time": 1183, "pitch": 54, "duration": 3, "velocity": 88}, {"time": 1189, "pitch": 44, "duration": 18, "velocity": 84}, {"time": 1189, "pitch": 60, "duration": 9, "velocity": 92}, {"time": 1189, "pitch": 63, "duration": 9, "velocity": 104}, {"time": 1189, "pitch": 68, "duration": 8, "velocity": 94}, {"time": 1198, "pitch": 56, "duration": 4, "velocity": 87}, {"time": 1201, "pitch": 60, "duration": 7, "velocity": 107}, {"time": 1201, "pitch": 63, "duration": 10, "velocity": 114}, {"time": 1201, "pitch": 68, "duration": 8, "velocity": 104}, {"time": 1207, "pitch": 56, "duration": 5, "velocity": 91}, {"time": 1213, "pitch": 49, "duration": 42, "velocity": 98}, {"time": 1213, "pitch": 61, "duration": 3, "velocity": 100}, {"time": 1213, "pitch": 65, "duration": 7, "velocity": 113}, {"time": 1213, "pitch": 68, "duration": 10, "velocity": 104}, {"time": 1219, "pitch": 56, "duration": 34, "velocity": 77}, {"time": 1222, "pitch": 61, "duration": 4, "velocity": 98}, {"time": 1225, "pitch": 63, "duration": 4, "velocity": 113}, {"time": 1228, "pitch": 61, "duration": 14, "velocity": 91}, {"time": 1231, "pitch": 65, "duration": 2, "velocity": 88}, {"time": 1234, "pitch": 65, "duration": 6, "velocity": 104}, {"time": 1234, "pitch": 73, "duration": 9, "velocity": 114}, {"time": 1240, "pitch": 65, "duration": 1, "velocity": 77}, {"time": 1240, "pitch": 68, "duration": 6, "velocity": 108}, {"time": 1246, "pitch": 61, "duration": 5, "velocity": 91}, {"time": 1249, "pitch": 63, "duration": 4, "velocity": 114}, {"time": 1252, "pitch": 65, "duration": 4, "velocity": 89}, {"time": 1255, "pitch": 68, "duration": 4, "velocity": 92}, {"time": 1261, "pitch": 49, "duration": 20, "velocity": 89}, {"time": 1261, "pitch": 61, "duration": 5, "velocity": 89}, {"time": 1261, "pitch": 65, "duration": 10, "velocity": 102}, {"time": 1261, "pitch": 68, "duration": 9, "velocity": 100}, {"time": 1267, "pitch": 56, "duration": 12, "velocity": 77}, {"time": 1270, "pitch": 61, "duration": 8, "velocity": 88}, {"time": 1273, "pitch": 63, "duration": 7, "velocity": 104}, {"time": 1273, "pitch": 68, "duration": 11, "velocity": 110}, {"time": 1279, "pitch": 65, "duration": 2, "velocity": 96}, {"time": 1285, "pitch": 44, "duration": 21, "velocity": 86}, {"time": 1285, "pitch": 60, "duration": 4, "velocity": 89}, {"time": 1285, "pitch": 63, "duration": 6, "velocity": 102}, {"time": 1285, "pitch": 68, "duration": 6, "velocity": 90}, {"time": 1288, "pitch": 51, "duration": 19, "velocity": 77}, {"time": 1291, "pitch": 56, "duration": 7, "velocity": 91}, {"time": 1294, "pitch": 60, "duration": 4, "velocity": 100}, {"time": 1294, "pitch": 68, "duration": 7, "velocity": 102}, {"time": 1300, "pitch": 56, "duration": 6, "velocity": 93}, {"time": 1303, "pitch": 63, "duration": 6, "velocity": 102}, {"time": 1306, "pitch": 68, "duration": 4, "velocity": 91}, {"time": 1309, "pitch": 46, "duration": 19, "velocity": 96}, {"time": 1312, "pitch": 58, "duration": 13, "velocity": 83}, {"time": 1315, "pitch": 60, "duration": 2, "velocity": 85}, {"time": 1315, "pitch": 61, "duration": 3, "velocity": 84}, {"time": 1318, "pitch": 65, "duration": 5, "velocity": 108}, {"time": 1324, "pitch": 61, "duration": 6, "velocity": 88}, {"time": 1324, "pitch": 68, "duration": 5, "velocity": 107}, {"time": 1327, "pitch": 65, "duration": 4, "velocity": 80}, {"time": 1333, "pitch": 41, "duration": 18, "velocity": 89}, {"time": 1333, "pitch": 61, "duration": 6, "velocity": 89}, {"time": 1333, "pitch": 68, "duration": 5, "velocity": 107}, {"time": 1339, "pitch": 53, "duration": 6, "velocity": 83}, {"time": 1342, "pitch": 60, "duration": 7, "velocity": 94}, {"time": 1342, "pitch": 68, "duration": 6, "velocity": 91}, {"time": 1348, "pitch": 53, "duration": 6, "velocity": 86}, {"time": 1351, "pitch": 60, "duration": 4, "velocity": 93}, {"time": 1351, "pitch": 68, "duration": 4, "velocity": 94}, {"time": 1357, "pitch": 42, "duration": 19, "velocity": 89}, {"time": 1357, "pitch": 58, "duration": 7, "velocity": 88}, {"time": 1357, "pitch": 66, "duration": 6, "velocity": 98}, {"time": 1363, "pitch": 54, "duration": 17, "velocity": 86}, {"time": 1366, "pitch": 61, "duration": 7, "velocity": 93}, {"time": 1372, "pitch": 58, "duration": 4, "velocity": 88}, {"time": 1375, "pitch": 61, "duration": 4, "velocity": 93}, {"time": 1378, "pitch": 68, "duration": 13, "velocity": 91}, {"time": 1381, "pitch": 44, "duration": 20, "velocity": 87}, {"time": 1381, "pitch": 60, "duration": 9, "velocity": 88}, {"time": 1381, "pitch": 63, "duration": 9, "velocity": 93}, {"time": 1387, "pitch": 51, "duration": 14, "velocity": 67}, {"time": 1390, "pitch": 56, "duration": 12, "velocity": 86}, {"time": 1393, "pitch": 60, "duration": 5, "velocity": 87}, {"time": 1396, "pitch": 63, "duration": 3, "velocity": 87}, {"time": 1399, "pitch": 68, "duration": 4, "velocity": 94}, {"time": 1405, "pitch": 46, "duration": 45, "velocity": 86}, {"time": 1405, "pitch": 58, "duration": 3, "velocity": 82}, {"time": 1405, "pitch": 61, "duration": 7, "velocity": 88}, {"time": 1405, "pitch": 65, "duration": 6, "velocity": 88}, {"time": 1408, "pitch": 53, "duration": 40, "velocity": 74}, {"time": 1411, "pitch": 58, "duration": 14, "velocity": 88}, {"time": 1414, "pitch": 60, "duration": 3, "velocity": 87}, {"time": 1417, "pitch": 61, "duration": 1, "velocity": 88}, {"time": 1420, "pitch": 65, "duration": 5, "velocity": 87}, {"time": 1423, "pitch": 72, "duration": 3, "velocity": 98}, {"time": 1426, "pitch": 65, "duration": 14, "velocity": 82}, {"time": 1429, "pitch": 58, "duration": 19, "velocity": 81}, {"time": 1429, "pitch": 70, "duration": 11, "velocity": 88}, {"time": 1429, "pitch": 73, "duration": 10, "velocity": 86}, {"time": 1441, "pitch": 65, "duration": 11, "velocity": 83}, {"time": 1441, "pitch": 72, "duration": 6, "velocity": 100}, {"time": 1447, "pitch": 70, "duration": 6, "velocity": 89}, {"time": 1453, "pitch": 42, "duration": 42, "velocity": 82}, {"time": 1453, "pitch": 58, "duration": 6, "velocity": 85}, {"time": 1453, "pitch": 61, "duration": 6, "velocity": 94}, {"time": 1459, "pitch": 54, "duration": 25, "velocity": 73}, {"time": 1465, "pitch": 58, "duration": 11, "velocity": 83}, {"time": 1465, "pitch": 65, "duration": 6, "velocity": 87}, {"time": 1477, "pitch": 58, "duration": 13, "velocity": 83}, {"time": 1477, "pitch": 65, "duration": 11, "velocity": 82}, {"time": 1486, "pitch": 54, "duration": 10, "velocity": 72}, {"time": 1489, "pitch": 60, "duration": 3, "velocity": 84}, {"time": 1492, "pitch": 65, "duration": 3, "velocity": 92}, {"time": 1495, "pitch": 60, "duration": 6, "velocity": 87}, {"time": 1498, "pitch": 65, "duration": 10, "velocity": 87}, {"time": 1501, "pitch": 46, "duration": 42, "velocity": 79}, {"time": 1501, "pitch": 58, "duration": 3, "velocity": 81}, {"time": 1501, "pitch": 61, "duration": 6, "velocity": 83}, {"time": 1507, "pitch": 53, "duration": 33, "velocity": 67}, {"time": 1513, "pitch": 60, "duration": 5, "velocity": 82}, {"time": 1513, "pitch": 65, "duration": 6, "velocity": 87}, {"time": 1519, "pitch": 58, "duration": 13, "velocity": 68}, {"time": 1525, "pitch": 61, "duration": 10, "velocity": 81}, {"time": 1525, "pitch": 70, "duration": 5, "velocity": 87}, {"time": 1534, "pitch": 58, "duration": 5, "velocity": 84}, {"time": 1537, "pitch": 60, "duration": 7, "velocity": 89}, {"time": 1543, "pitch": 65, "duration": 6, "velocity": 91}, {"time": 1549, "pitch": 42, "duration": 44, "velocity": 83}, {"time": 1549, "pitch": 58, "duration": 8, "velocity": 84}, {"time": 1549, "pitch": 61, "duration": 9, "velocity": 91}, {"time": 1558, "pitch": 54, "duration": 20, "velocity": 76}, {"time": 1561, "pitch": 58, "duration": 10, "velocity": 87}, {"time": 1561, "pitch": 61, "duration": 11, "velocity": 91}, {"time": 1573, "pitch": 58, "duration": 8, "velocity": 84}, {"time": 1573, "pitch": 61, "duration": 9, "velocity": 88}, {"time": 1582, "pitch": 54, "duration": 14, "velocity": 80}, {"time": 1585, "pitch": 58, "duration": 4, "velocity": 85}, {"time": 1588, "pitch": 61, "duration": 4, "velocity": 94}, {"time": 1591, "pitch": 65, "duration": 5, "velocity": 84}, {"time": 1597, "pitch": 46, "duration": 46, "velocity": 81}, {"time": 1597, "pitch": 58, "duration": 6, "velocity": 80}, {"time": 1597, "pitch": 61, "duration": 9, "velocity": 86}, {"time": 1597, "pitch": 65, "duration": 8, "velocity": 82}, {"time": 1603, "pitch": 53, "duration": 37, "velocity": 65}, {"time": 1606, "pitch": 58, "duration": 7, "velocity": 73}, {"time": 1609, "pitch": 60, "duration": 6, "velocity": 86}, {"time": 1609, "pitch": 65, "duration": 6, "velocity": 86}, {"time": 1615, "pitch": 58, "duration": 11, "velocity": 72}, {"time": 1615, "pitch": 61, "duration": 1, "velocity": 73}, {"time": 1621, "pitch": 61, "duration": 11, "velocity": 88}, {"time": 1621, "pitch": 70, "duration": 8, "velocity": 89}, {"time": 1630, "pitch": 58, "duration": 9, "velocity": 74}, {"time": 1633, "pitch": 65, "duration": 6, "velocity": 94}, {"time": 1639, "pitch": 60, "duration": 4, "velocity": 86}, {"time": 1645, "pitch": 42, "duration": 42, "velocity": 81}, {"time": 1645, "pitch": 58, "duration": 7, "velocity": 79}, {"time": 1645, "pitch": 61, "duration": 7, "velocity": 85}, {"time": 1645, "pitch": 65, "duration": 7, "velocity": 85}, {"time": 1651, "pitch": 54, "duration": 10, "velocity": 74}, {"time": 1657, "pitch": 58, "duration": 10, "velocity": 86}, {"time": 1657, "pitch": 61, "duration": 7, "velocity": 91}, {"time": 1657, "pitch": 65, "duration": 10, "velocity": 89}, {"time": 1669, "pitch": 58, "duration": 9, "velocity": 78}, {"time": 1669, "pitch": 61, "duration": 9, "velocity": 82}, {"time": 1669, "pitch": 65, "duration": 8, "velocity": 82}, {"time": 1678, "pitch": 54, "duration": 10, "velocity": 78}, {"time": 1681, "pitch": 58, "duration": 7, "velocity": 89}, {"time": 1681, "pitch": 65, "duration": 6, "velocity": 87}, {"time": 1687, "pitch": 60, "duration": 6, "velocity": 88}, {"time": 1693, "pitch": 46, "duration": 43, "velocity": 77}, {"time": 1693, "pitch": 58, "duration": 4, "velocity": 78}, {"time": 1693, "pitch": 61, "duration": 7, "velocity": 87}, {"time": 1693, "pitch": 65, "duration": 9, "velocity": 87}, {"time": 1699, "pitch": 53, "duration": 27, "velocity": 63}, {"time": 1702, "pitch": 58, "duration": 5, "velocity": 80}, {"time": 1705, "pitch": 60, "duration": 5, "velocity": 88}, {"time": 1705, "pitch": 65, "duration": 6, "velocity": 96}, {"time": 1711, "pitch": 58, "duration": 15, "velocity": 81}, {"time": 1714, "pitch": 61, "duration": 8, "velocity": 88}, {"time": 1714, "pitch": 70, "duration": 2, "velocity": 94}, {"time": 1720, "pitch": 65, "duration": 9, "velocity": 88}, {"time": 1726, "pitch": 60, "duration": 9, "velocity": 86}, {"time": 1729, "pitch": 53, "duration": 5, "velocity": 89}, {"time": 1735, "pitch": 61, "duration": 15, "velocity": 89}, {"time": 1741, "pitch": 42, "duration": 42, "velocity": 77}, {"time": 1741, "pitch": 58, "duration": 8, "velocity": 81}, {"time": 1741, "pitch": 65, "duration": 9, "velocity": 86}, {"time": 1750, "pitch": 54, "duration": 5, "velocity": 65}, {"time": 1753, "pitch": 58, "duration": 10, "velocity": 86}, {"time": 1753, "pitch": 61, "duration": 9, "velocity": 88}, {"time": 1753, "pitch": 65, "duration": 9, "velocity": 88}, {"time": 1765, "pitch": 58, "duration": 8, "velocity": 86}, {"time": 1765, "pitch": 65, "duration": 9, "velocity": 89}, {"time": 1771, "pitch": 60, "duration": 4, "velocity": 80}, {"time": 1774, "pitch": 54, "duration": 12, "velocity": 87}, {"time": 1777, "pitch": 58, "duration": 7, "velocity": 92}, {"time": 1777, "pitch": 65, "duration": 6, "velocity": 94}, {"time": 1783, "pitch": 60, "duration": 6, "velocity": 88}, {"time": 1789, "pitch": 46, "duration": 42, "velocity": 78}, {"time": 1789, "pitch": 58, "duration": 3, "velocity": 81}, {"time": 1789, "pitch": 65, "duration": 7, "velocity": 86}, {"time": 1792, "pitch": 53, "duration": 30, "velocity": 81}, {"time": 1795, "pitch": 58, "duration": 8, "velocity": 86}, {"time": 1798, "pitch": 61, "duration": 11, "velocity": 81}, {"time": 1801, "pitch": 70, "duration": 10, "velocity": 102}, {"time": 1804, "pitch": 58, "duration": 7, "velocity": 86}, {"time": 1807, "pitch": 63, "duration": 3, "velocity": 86}, {"time": 1810, "pitch": 61, "duration": 6, "velocity": 78}, {"time": 1810, "pitch": 65, "duration": 9, "velocity": 96}, {"time": 1816, "pitch": 60, "duration": 6, "velocity": 81}, {"time": 1822, "pitch": 61, "duration": 5, "velocity": 88}, {"time": 1825, "pitch": 53, "duration": 5, "velocity": 88}, {"time": 1828, "pitch": 60, "duration": 4, "velocity": 86}, {"time": 1831, "pitch": 61, "duration": 12, "velocity": 83}, {"time": 1837, "pitch": 42, "duration": 19, "velocity": 85}, {"time": 1837, "pitch": 58, "duration": 5, "velocity": 84}, {"time": 1837, "pitch": 65, "duration": 9, "velocity": 88}, {"time": 1846, "pitch": 54, "duration": 23, "velocity": 76}, {"time": 1849, "pitch": 58, "duration": 10, "velocity": 90}, {"time": 1849, "pitch": 65, "duration": 7, "velocity": 91}, {"time": 1855, "pitch": 61, "duration": 5, "velocity": 80}, {"time": 1861, "pitch": 58, "duration": 13, "velocity": 87}, {"time": 1861, "pitch": 65, "duration": 13, "velocity": 91}, {"time": 1870, "pitch": 42, "duration": 11, "velocity": 88}, {"time": 1873, "pitch": 54, "duration": 4, "velocity": 92}, {"time": 1876, "pitch": 58, "duration": 4, "velocity": 91}, {"time": 1879, "pitch": 61, "duration": 4, "velocity": 100}, {"time": 1882, "pitch": 68, "duration": 13, "velocity": 100}, {"time": 1885, "pitch": 41, "duration": 42, "velocity": 88}, {"time": 1885, "pitch": 60, "duration": 10, "velocity": 86}, {"time": 1885, "pitch": 65, "duration": 9, "velocity": 94}, {"time": 1894, "pitch": 53, "duration": 5, "velocity": 74}, {"time": 1897, "pitch": 60, "duration": 10, "velocity": 98}, {"time": 1897, "pitch": 65, "duration": 9, "velocity": 102}, {"time": 1897, "pitch": 68, "duration": 10, "velocity": 93}, {"time": 1909, "pitch": 60, "duration": 9, "velocity": 91}, {"time": 1909, "pitch": 65, "duration": 9, "velocity": 96}, {"time": 1909, "pitch": 68, "duration": 9, "velocity": 89}, {"time": 1918, "pitch": 53, "duration": 10, "velocity": 86}, {"time": 1921, "pitch": 60, "duration": 6, "velocity": 92}, {"time": 1927, "pitch": 65, "duration": 1, "velocity": 88}, {"time": 1927, "pitch": 68, "duration": 6, "velocity": 96}, {"time": 1933, "pitch": 39, "duration": 19, "velocity": 86}, {"time": 1933, "pitch": 58, "duration": 8, "velocity": 83}, {"time": 1933, "pitch": 63, "duration": 7, "velocity": 88}, {"time": 1933, "pitch": 66, "duration": 9, "velocity": 86}, {"time": 1942, "pitch": 51, "duration": 5, "velocity": 82}, {"time": 1945, "pitch": 58, "duration": 7, "velocity": 92}, {"time": 1945, "pitch": 66, "duration": 9, "velocity": 91}, {"time": 1951, "pitch": 51, "duration": 6, "velocity": 80}, {"time": 1957, "pitch": 39, "duration": 17, "velocity": 84}, {"time": 1957, "pitch": 58, "duration": 9, "velocity": 87}, {"time": 1957, "pitch": 63, "duration": 10, "velocity": 98}, {"time": 1957, "pitch": 67, "duration": 10, "velocity": 89}, {"time": 1966, "pitch": 51, "duration": 10, "velocity": 84}, {"time": 1969, "pitch": 58, "duration": 7, "velocity": 100}, {"time": 1975, "pitch": 67, "duration": 6, "velocity": 106}, {"time": 1981, "pitch": 41, "duration": 18, "velocity": 82}, {"time": 1981, "pitch": 57, "duration": 8, "velocity": 84}, {"time": 1981, "pitch": 60, "duration": 8, "velocity": 86}, {"time": 1981, "pitch": 65, "duration": 8, "velocity": 89}, {"time": 1990, "pitch": 53, "duration": 5, "velocity": 80}, {"time": 1993, "pitch": 57, "duration": 8, "velocity": 93}, {"time": 1993, "pitch": 65, "duration": 6, "velocity": 94}, {"time": 1999, "pitch": 53, "duration": 6, "velocity": 83}, {"time": 1999, "pitch": 60, "duration": 4, "velocity": 80}, {"time": 2005, "pitch": 41, "duration": 16, "velocity": 87}, {"time": 2005, "pitch": 57, "duration": 16, "velocity": 88}, {"time": 2005, "pitch": 60, "duration": 16, "velocity": 98}, {"time": 2005, "pitch": 65, "duration": 16, "velocity": 102}, {"time": 2029, "pitch": 49, "duration": 17, "velocity": 86}, {"time": 2029, "pitch": 61, "duration": 5, "velocity": 90}, {"time": 2029, "pitch": 65, "duration": 7, "velocity": 92}, {"time": 2029, "pitch": 68, "duration": 8, "velocity": 93}, {"time": 2035, "pitch": 56, "duration": 11, "velocity": 72}, {"time": 2038, "pitch": 61, "duration": 6, "velocity": 88}, {"time": 2041, "pitch": 65, "duration": 7, "velocity": 93}, {"time": 2041, "pitch": 68, "duration": 11, "velocity": 104}, {"time": 2041, "pitch": 73, "duration": 10, "velocity": 94}, {"time": 2047, "pitch": 49, "duration": 2, "velocity": 86}, {"time": 2053, "pitch": 44, "duration": 15, "velocity": 88}, {"time": 2053, "pitch": 60, "duration": 9, "velocity": 89}, {"time": 2053, "pitch": 63, "duration": 9, "velocity": 98}, {"time": 2053, "pitch": 68, "duration": 8, "velocity": 90}, {"time": 2062, "pitch": 56, "duration": 6, "velocity": 83}, {"time": 2065, "pitch": 60, "duration": 8, "velocity": 93}, {"time": 2065, "pitch": 63, "duration": 8, "velocity": 108}, {"time": 2065, "pitch": 68, "duration": 8, "velocity": 90}, {"time": 2071, "pitch": 44, "duration": 4, "velocity": 81}, {"time": 2077, "pitch": 46, "duration": 14, "velocity": 86}, {"time": 2077, "pitch": 61, "duration": 7, "velocity": 90}, {"time": 2077, "pitch": 65, "duration": 7, "velocity": 100}, {"time": 2077, "pitch": 70, "duration": 7, "velocity": 94}, {"time": 2086, "pitch": 58, "duration": 5, "velocity": 67}, {"time": 2089, "pitch": 61, "duration": 7, "velocity": 91}, {"time": 2089, "pitch": 65, "duration": 10, "velocity": 100}, {"time": 2089, "pitch": 70, "duration": 7, "velocity": 92}, {"time": 2095, "pitch": 46, "duration": 4, "velocity": 88}, {"time": 2101, "pitch": 41, "duration": 19, "velocity": 88}, {"time": 2101, "pitch": 60, "duration": 8, "velocity": 90}, {"time": 2101, "pitch": 65, "duration": 9, "velocity": 100}, {"time": 2101, "pitch": 68, "duration": 8, "velocity": 93}, {"time": 2110, "pitch": 53, "duration": 4, "velocity": 87}, {"time": 2113, "pitch": 60, "duration": 5, "velocity": 110}, {"time": 2113, "pitch": 68, "duration": 5, "velocity": 107}, {"time": 2116, "pitch": 53, "duration": 6, "velocity": 93}, {"time": 2119, "pitch": 65, "duration": 3, "velocity": 110}, {"time": 2122, "pitch": 68, "duration": 2, "velocity": 85}, {"time": 2125, "pitch": 42, "duration": 20, "velocity": 91}, {"time": 2125, "pitch": 58, "duration": 9, "velocity": 91}, {"time": 2125, "pitch": 61, "duration": 9, "velocity": 102}, {"time": 2125, "pitch": 66, "duration": 9, "velocity": 98}, {"time": 2134, "pitch": 54, "duration": 5, "velocity": 86}, {"time": 2137, "pitch": 58, "duration": 8, "velocity": 102}, {"time": 2137, "pitch": 61, "duration": 10, "velocity": 108}, {"time": 2137, "pitch": 66, "duration": 8, "velocity": 100}, {"time": 2143, "pitch": 54, "duration": 3, "velocity": 88}, {"time": 2149, "pitch": 44, "duration": 18, "velocity": 84}, {"time": 2149, "pitch": 60, "duration": 9, "velocity": 92}, {"time": 2149, "pitch": 63, "duration": 9, "velocity": 104}, {"time": 2149, "pitch": 68, "duration": 8, "velocity": 94}, {"time": 2158, "pitch": 56, "duration": 4, "velocity": 87}, {"time": 2161, "pitch": 60, "duration": 7, "velocity": 107}, {"time": 2161, "pitch": 63, "duration": 10, "velocity": 114}, {"time": 2161, "pitch": 68, "duration": 8, "velocity": 104}, {"time": 2167, "pitch": 56, "duration": 5, "velocity": 91}, {"time": 2173, "pitch": 49, "duration": 42, "velocity": 98}, {"time": 2173, "pitch": 61, "duration": 3, "velocity": 100}, {"time": 2173, "pitch": 65, "duration": 7, "velocity": 113}, {"time": 2173, "pitch": 68, "duration": 10, "velocity": 104}, {"time": 2179, "pitch": 56, "duration": 34, "velocity": 77}, {"time": 2182, "pitch": 61, "duration": 4, "velocity": 98}, {"time": 2185, "pitch": 63, "duration": 4, "velocity": 113}, {"time": 2188, "pitch": 61, "duration": 14, "velocity": 91}, {"time": 2191, "pitch": 65, "duration": 2, "velocity": 88}, {"time": 2194, "pitch": 65, "duration": 6, "velocity": 104}, {"time": 2194, "pitch": 73, "duration": 9, "velocity": 114}, {"time": 2200, "pitch": 65, "duration": 1, "velocity": 77}, {"time": 2200, "pitch": 68, "duration": 6, "velocity": 108}, {"time": 2206, "pitch": 61, "duration": 5, "velocity": 91}, {"time": 2209, "pitch": 63, "duration": 4, "velocity": 114}, {"time": 2212, "pitch": 65, "duration": 4, "velocity": 89}, {"time": 2215, "pitch": 68, "duration": 4, "velocity": 92}, {"time": 2221, "pitch": 49, "duration": 20, "velocity": 89}, {"time": 2221, "pitch": 61, "duration": 5, "velocity": 89}, {"time": 2221, "pitch": 65, "duration": 10, "velocity": 102}, {"time": 2221, "pitch": 68, "duration": 9, "velocity": 100}, {"time": 2227, "pitch": 56, "duration": 12, "velocity": 77}, {"time": 2230, "pitch": 61, "duration": 8, "velocity": 88}, {"time": 2233, "pitch": 63, "duration": 7, "velocity": 104}, {"time": 2233, "pitch": 68, "duration": 11, "velocity": 110}, {"time": 2239, "pitch": 65, "duration": 2, "velocity": 96}, {"time": 2245, "pitch": 44, "duration": 21, "velocity": 86}, {"time": 2245, "pitch": 60, "duration": 4, "velocity": 89}, {"time": 2245, "pitch": 63, "duration": 6, "velocity": 102}, {"time": 2245, "pitch": 68, "duration": 6, "velocity": 90}, {"time": 2248, "pitch": 51, "duration": 19, "velocity": 77}, {"time": 2251, "pitch": 56, "duration": 7, "velocity": 91}, {"time": 2254, "pitch": 60, "duration": 4, "velocity": 100}, {"time": 2254, "pitch": 68, "duration": 7, "velocity": 102}, {"time": 2260, "pitch": 56, "duration": 6, "velocity": 93}, {"time": 2263, "pitch": 63, "duration": 6, "velocity": 102}, {"time": 2266, "pitch": 68, "duration": 4, "velocity": 91}, {"time": 2269, "pitch": 46, "duration": 19, "velocity": 96}, {"time": 2272, "pitch": 58, "duration": 13, "velocity": 83}, {"time": 2275, "pitch": 60, "duration": 2, "velocity": 85}, {"time": 2275, "pitch": 61, "duration": 3, "velocity": 84}, {"time": 2278, "pitch": 65, "duration": 5, "velocity": 108}, {"time": 2284, "pitch": 61, "duration": 6, "velocity": 88}, {"time": 2284, "pitch": 68, "duration": 5, "velocity": 107}, {"time": 2287, "pitch": 65, "duration": 4, "velocity": 80}, {"time": 2293, "pitch": 41, "duration": 18, "velocity": 89}, {"time": 2293, "pitch": 61, "duration": 6, "velocity": 89}, {"time": 2293, "pitch": 68, "duration": 5, "velocity": 107}, {"time": 2299, "pitch": 53, "duration": 6, "velocity": 83}, {"time": 2302, "pitch": 60, "duration": 7, "velocity": 94}, {"time": 2302, "pitch": 68, "duration": 6, "velocity": 91}, {"time": 2308, "pitch": 53, "duration": 6, "velocity": 86}, {"time": 2311, "pitch": 60, "duration": 4, "velocity": 93}, {"time": 2311, "pitch": 68, "duration": 4, "velocity": 94}, {"time": 2317, "pitch": 42, "duration": 19, "velocity": 89}, {"time": 2317, "pitch": 58, "duration": 7, "velocity": 88}, {"time": 2317, "pitch": 66, "duration": 6, "velocity": 98}, {"time": 2323, "pitch": 54, "duration": 17, "velocity": 86}, {"time": 2326, "pitch": 61, "duration": 7, "velocity": 93}, {"time": 2332, "pitch": 58, "duration": 4, "velocity": 88}, {"time": 2335, "pitch": 61, "duration": 4, "velocity": 93}, {"time": 2338, "pitch": 68, "duration": 13, "velocity": 91}, {"time": 2341, "pitch": 44, "duration": 20, "velocity": 87}, {"time": 2341, "pitch": 60, "duration": 9, "velocity": 88}, {"time": 2341, "pitch": 63, "duration": 9, "velocity": 93}, {"time": 2347, "pitch": 51, "duration": 14, "velocity": 67}, {"time": 2350, "pitch": 56, "duration": 12, "velocity": 86}, {"time": 2353, "pitch": 60, "duration": 5, "velocity": 87}, {"time": 2356, "pitch": 63, "duration": 3, "velocity": 87}, {"time": 2359, "pitch": 68, "duration": 4, "velocity": 94}, {"time": 2365, "pitch": 46, "duration": 45, "velocity": 86}, {"time": 2365, "pitch": 58, "duration": 3, "velocity": 82}, {"time": 2365, "pitch": 61, "duration": 7, "velocity": 88}, {"time": 2365, "pitch": 65, "duration": 6, "velocity": 88}, {"time": 2368, "pitch": 53, "duration": 40, "velocity": 74}, {"time": 2371, "pitch": 58, "duration": 14, "velocity": 88}, {"time": 2374, "pitch": 60, "duration": 3, "velocity": 87}, {"time": 2377, "pitch": 61, "duration": 1, "velocity": 88}, {"time": 2380, "pitch": 65, "duration": 5, "velocity": 87}, {"time": 2383, "pitch": 72, "duration": 3, "velocity": 98}, {"time": 2386, "pitch": 65, "duration": 14, "velocity": 82}, {"time": 2389, "pitch": 58, "duration": 19, "velocity": 81}, {"time": 2389, "pitch": 70, "duration": 11, "velocity": 88}, {"time": 2389, "pitch": 73, "duration": 10, "velocity": 86}, {"time": 2401, "pitch": 65, "duration": 11, "velocity": 83}, {"time": 2401, "pitch": 72, "duration": 6, "velocity": 100}, {"time": 2407, "pitch": 70, "duration": 6, "velocity": 89}, {"time": 2413, "pitch": 49, "duration": 20, "velocity": 83}, {"time": 2416, "pitch": 56, "duration": 16, "velocity": 73}, {"time": 2419, "pitch": 61, "duration": 12, "velocity": 82}, {"time": 2422, "pitch": 68, "duration": 6, "velocity": 85}, {"time": 2428, "pitch": 63, "duration": 4, "velocity": 77}, {"time": 2431, "pitch": 65, "duration": 3, "velocity": 86}, {"time": 2434, "pitch": 68, "duration": 11, "velocity": 87}, {"time": 2437, "pitch": 44, "duration": 19, "velocity": 85}, {"time": 2440, "pitch": 51, "duration": 15, "velocity": 78}, {"time": 2443, "pitch": 56, "duration": 11, "velocity": 84}, {"time": 2446, "pitch": 60, "duration": 7, "velocity": 87}, {"time": 2452, "pitch": 63, "duration": 8, "velocity": 82}, {"time": 2455, "pitch": 68, "duration": 7, "velocity": 87}, {"time": 2458, "pitch": 60, "duration": 4, "velocity": 81}, {"time": 2461, "pitch": 51, "duration": 19, "velocity": 83}, {"time": 2464, "pitch": 58, "duration": 15, "velocity": 82}, {"time": 2467, "pitch": 63, "duration": 13, "velocity": 79}, {"time": 2470, "pitch": 70, "duration": 14, "velocity": 90}, {"time": 2479, "pitch": 66, "duration": 6, "velocity": 82}, {"time": 2482, "pitch": 63, "duration": 4, "velocity": 82}, {"time": 2485, "pitch": 46, "duration": 23, "velocity": 87}, {"time": 2488, "pitch": 53, "duration": 18, "velocity": 74}, {"time": 2491, "pitch": 58, "duration": 7, "velocity": 84}, {"time": 2494, "pitch": 60, "duration": 4, "velocity": 87}, {"time": 2497, "pitch": 61, "duration": 10, "velocity": 110}, {"time": 2509, "pitch": 42, "duration": 20, "velocity": 91}, {"time": 2509, "pitch": 58, "duration": 9, "velocity": 91}, {"time": 2509, "pitch": 61, "duration": 9, "velocity": 102}, {"time": 2509, "pitch": 66, "duration": 9, "velocity": 98}, {"time": 2518, "pitch": 54, "duration": 5, "velocity": 86}, {"time": 2521, "pitch": 58, "duration": 8, "velocity": 102}, {"time": 2521, "pitch": 61, "duration": 10, "velocity": 108}, {"time": 2521, "pitch": 66, "duration": 8, "velocity": 100}, {"time": 2527, "pitch": 54, "duration": 3, "velocity": 88}, {"time": 2533, "pitch": 44, "duration": 18, "velocity": 84}, {"time": 2533, "pitch": 60, "duration": 9, "velocity": 92}, {"time": 2533, "pitch": 63, "duration": 9, "velocity": 104}, {"time": 2533, "pitch": 68, "duration": 8, "velocity": 94}, {"time": 2542, "pitch": 56, "duration": 4, "velocity": 87}, {"time": 2545, "pitch": 60, "duration": 7, "velocity": 107}, {"time": 2545, "pitch": 63, "duration": 10, "velocity": 114}, {"time": 2545, "pitch": 68, "duration": 8, "velocity": 104}, {"time": 2551, "pitch": 56, "duration": 5, "velocity": 91}, {"time": 2557, "pitch": 49, "duration": 42, "velocity": 98}, {"time": 2557, "pitch": 61, "duration": 3, "velocity": 100}, {"time": 2557, "pitch": 65, "duration": 7, "velocity": 113}, {"time": 2557, "pitch": 68, "duration": 10, "velocity": 104}, {"time": 2563, "pitch": 56, "duration": 34, "velocity": 77}, {"time": 2566, "pitch": 61, "duration": 4, "velocity": 98}, {"time": 2569, "pitch": 63, "duration": 4, "velocity": 113}, {"time": 2572, "pitch": 61, "duration": 14, "velocity": 91}, {"time": 2575, "pitch": 65, "duration": 2, "velocity": 88}, {"time": 2578, "pitch": 65, "duration": 6, "velocity": 104}, {"time": 2578, "pitch": 73, "duration": 9, "velocity": 114}, {"time": 2584, "pitch": 65, "duration": 1, "velocity": 77}, {"time": 2584, "pitch": 68, "duration": 6, "velocity": 108}, {"time": 2590, "pitch": 61, "duration": 5, "velocity": 91}, {"time": 2593, "pitch": 63, "duration": 4, "velocity": 114}, {"time": 2596, "pitch": 65, "duration": 4, "velocity": 89}, {"time": 2599, "pitch": 68, "duration": 4, "velocity": 92}, {"time": 2605, "pitch": 49, "duration": 20, "velocity": 89}, {"time": 2605, "pitch": 61, "duration": 5, "velocity": 89}, {"time": 2605, "pitch": 65, "duration": 10, "velocity": 102}, {"time": 2605, "pitch": 68, "duration": 9, "velocity": 100}, {"time": 2611, "pitch": 56, "duration": 12, "velocity": 77}, {"time": 2614, "pitch": 61, "duration": 8, "velocity": 88}, {"time": 2617, "pitch": 63, "duration": 7, "velocity": 104}, {"time": 2617, "pitch": 68, "duration": 11, "velocity": 110}, {"time": 2623, "pitch": 65, "duration": 2, "velocity": 96}, {"time": 2629, "pitch": 44, "duration": 21, "velocity": 86}, {"time": 2629, "pitch": 60, "duration": 4, "velocity": 89}, {"time": 2629, "pitch": 63, "duration": 6, "velocity": 102}, {"time": 2629, "pitch": 68, "duration": 6, "velocity": 90}, {"time": 2632, "pitch": 51, "duration": 19, "velocity": 77}, {"time": 2635, "pitch": 56, "duration": 7, "velocity": 91}, {"time": 2638, "pitch": 60, "duration": 4, "velocity": 100}, {"time": 2638, "pitch": 68, "duration": 7, "velocity": 102}, {"time": 2644, "pitch": 56, "duration": 6, "velocity": 93}, {"time": 2647, "pitch": 63, "duration": 6, "velocity": 102}, {"time": 2650, "pitch": 68, "duration": 4, "velocity": 91}, {"time": 2653, "pitch": 46, "duration": 19, "velocity": 96}, {"time": 2656, "pitch": 58, "duration": 13, "velocity": 83}, {"time": 2659, "pitch": 60, "duration": 2, "velocity": 85}, {"time": 2659, "pitch": 61, "duration": 3, "velocity": 84}, {"time": 2662, "pitch": 65, "duration": 5, "velocity": 108}, {"time": 2668, "pitch": 61, "duration": 6, "velocity": 88}, {"time": 2668, "pitch": 68, "duration": 5, "velocity": 107}, {"time": 2671, "pitch": 65, "duration": 4, "velocity": 80}, {"time": 2677, "pitch": 41, "duration": 18, "velocity": 89}, {"time": 2677, "pitch": 61, "duration": 6, "velocity": 89}, {"time": 2677, "pitch": 68, "duration": 5, "velocity": 107}, {"time": 2683, "pitch": 53, "duration": 6, "velocity": 83}, {"time": 2686, "pitch": 60, "duration": 7, "velocity": 94}, {"time": 2686, "pitch": 68, "duration": 6, "velocity": 91}, {"time": 2692, "pitch": 53, "duration": 6, "velocity": 86}, {"time": 2695, "pitch": 60, "duration": 4, "velocity": 93}, {"time": 2695, "pitch": 68, "duration": 4, "velocity": 94}, {"time": 2701, "pitch": 42, "duration": 19, "velocity": 89}, {"time": 2701, "pitch": 58, "duration": 7, "velocity": 88}, {"time": 2701, "pitch": 66, "duration": 6, "velocity": 98}, {"time": 2707, "pitch": 54, "duration": 17, "velocity": 86}, {"time": 2710, "pitch": 61, "duration": 7, "velocity": 93}, {"time": 2716, "pitch": 58, "duration": 4, "velocity": 88}, {"time": 2719, "pitch": 61, "duration": 4, "velocity": 93}, {"time": 2722, "pitch": 68, "duration": 13, "velocity": 91}, {"time": 2725, "pitch": 44, "duration": 20, "velocity": 87}, {"time": 2725, "pitch": 60, "duration": 9, "velocity": 88}, {"time": 2725, "pitch": 63, "duration": 9, "velocity": 93}, {"time": 2731, "pitch": 51, "duration": 14, "velocity": 67}, {"time": 2734, "pitch": 56, "duration": 12, "velocity": 86}, {"time": 2737, "pitch": 60, "duration": 5, "velocity": 87}, {"time": 2740, "pitch": 63, "duration": 3, "velocity": 87}, {"time": 2743, "pitch": 68, "duration": 4, "velocity": 94}, {"time": 2749, "pitch": 46, "duration": 47, "velocity": 78}, {"time": 2752, "pitch": 53, "duration": 43, "velocity": 50}, {"time": 2755, "pitch": 58, "duration": 39, "velocity": 76}, {"time": 2758, "pitch": 60, "duration": 4, "velocity": 83}, {"time": 2761, "pitch": 61, "duration": 5, "velocity": 84}, {"time": 2767, "pitch": 61, "duration": 28, "velocity": 77}, {"time": 2770, "pitch": 70, "duration": 25, "velocity": 89}, {"time": 2821, "pitch": 42, "duration": 42, "velocity": 82}, {"time": 2821, "pitch": 58, "duration": 6, "velocity": 85}, {"time": 2821, "pitch": 61, "duration": 6, "velocity": 94}, {"time": 2827, "pitch": 54, "duration": 25, "velocity": 73}, {"time": 2833, "pitch": 58, "duration": 11, "velocity": 83}, {"time": 2833, "pitch": 65, "duration": 6, "velocity": 87}, {"time": 2845, "pitch": 58, "duration": 13, "velocity": 83}, {"time": 2845, "pitch": 65, "duration": 11, "velocity": 82}, {"time": 2854, "pitch": 54, "duration": 10, "velocity": 72}, {"time": 2857, "pitch": 60, "duration": 3, "velocity": 84}, {"time": 2860, "pitch": 65, "duration": 3, "velocity": 92}, {"time": 2863, "pitch": 60, "duration": 6, "velocity": 87}, {"time": 2866, "pitch": 65, "duration": 10, "velocity": 87}, {"time": 2869, "pitch": 46, "duration": 42, "velocity": 79}, {"time": 2869, "pitch": 58, "duration": 3, "velocity": 81}, {"time": 2869, "pitch": 61, "duration": 6, "velocity": 83}, {"time": 2875, "pitch": 53, "duration": 33, "velocity": 67}, {"time": 2881, "pitch": 60, "duration": 5, "velocity": 82}, {"time": 2881, "pitch": 65, "duration": 6, "velocity": 87}, {"time": 2887, "pitch": 58, "duration": 13, "velocity": 68}, {"time": 2893, "pitch": 61, "duration": 10, "velocity": 81}, {"time": 2893, "pitch": 70, "duration": 5, "velocity": 87}, {"time": 2902, "pitch": 58, "duration": 5, "velocity": 84}, {"time": 2905, "pitch": 60, "duration": 7, "velocity": 89}, {"time": 2911, "pitch": 65, "duration": 6, "velocity": 91}, {"time": 2917, "pitch": 42, "duration": 44, "velocity": 83}, {"time": 2917, "pitch": 58, "duration": 8, "velocity": 84}, {"time": 2917, "pitch": 61, "duration": 9, "velocity": 91}, {"time": 2926, "pitch": 54, "duration": 20, "velocity": 76}, {"time": 2929, "pitch": 58, "duration": 10, "velocity": 87}, {"time": 2929, "pitch": 61, "duration": 11, "velocity": 91}, {"time": 2941, "pitch": 58, "duration": 8, "velocity": 84}, {"time": 2941, "pitch": 61, "duration": 9, "velocity": 88}, {"time": 2950, "pitch": 54, "duration": 14, "velocity": 80}, {"time": 2953, "pitch": 58, "duration": 4, "velocity": 85}, {"time": 2956, "pitch": 61, "duration": 4, "velocity": 94}, {"time": 2959, "pitch": 65, "duration": 5, "velocity": 84}, {"time": 2965, "pitch": 46, "duration": 46, "velocity": 81}, {"time": 2965, "pitch": 58, "duration": 13, "velocity": 80}, {"time": 2965, "pitch": 61, "duration": 9, "velocity": 86}, {"time": 2965, "pitch": 65, "duration": 8, "velocity": 82}]}]}