{"metadata": {"schema_version": "0.2", "title": "None", "source_filename": "580.mid", "source_format": "midi"}, "resolution": 12, "tempos": [{"time": 0, "qpm": 55.00000458333371}, {"time": 1668, "qpm": 54.7999755226776}, {"time": 1692, "qpm": 54.500021345841695}, {"time": 1740, "qpm": 54.00000540000054}, {"time": 1788, "qpm": 53.000022083342536}, {"time": 1800, "qpm": 50.99998215000625}], "time_signatures": [{"time": 0, "numerator": 1, "denominator": 4}], "tracks": [{"program": 0, "is_drum": false, "name": "MELODY", "notes": [{"time": 198, "pitch": 68, "duration": 7, "velocity": 99}, {"time": 207, "pitch": 60, "duration": 1, "velocity": 71}, {"time": 210, "pitch": 60, "duration": 3, "velocity": 76}, {"time": 213, "pitch": 68, "duration": 3, "velocity": 89}, {"time": 219, "pitch": 60, "duration": 2, "velocity": 77}, {"time": 222, "pitch": 62, "duration": 3, "velocity": 69}, {"time": 228, "pitch": 62, "duration": 2, "velocity": 82}, {"time": 231, "pitch": 60, "duration": 2, "velocity": 59}, {"time": 234, "pitch": 58, "duration": 9, "velocity": 72}, {"time": 246, "pitch": 60, "duration": 3, "velocity": 83}, {"time": 252, "pitch": 56, "duration": 4, "velocity": 66}, {"time": 258, "pitch": 56, "duration": 3, "velocity": 65}, {"time": 264, "pitch": 56, "duration": 2, "velocity": 77}, {"time": 267, "pitch": 58, "duration": 1, "velocity": 89}, {"time": 270, "pitch": 60, "duration": 5, "velocity": 90}, {"time": 279, "pitch": 58, "duration": 1, "velocity": 70}, {"time": 282, "pitch": 60, "duration": 5, "velocity": 79}, {"time": 294, "pitch": 61, "duration": 1, "velocity": 93}, {"time": 297, "pitch": 61, "duration": 2, "velocity": 92}, {"time": 303, "pitch": 60, "duration": 1, "velocity": 75}, {"time": 306, "pitch": 61, "duration": 4, "velocity": 81}, {"time": 312, "pitch": 65, "duration": 3, "velocity": 78}, {"time": 318, "pitch": 60, "duration": 4, "velocity": 85}, {"time": 324, "pitch": 58, "duration": 1, "velocity": 79}, {"time": 327, "pitch": 56, "duration": 1, "velocity": 78}, {"time": 330, "pitch": 60, "duration": 7, "velocity": 93}, {"time": 342, "pitch": 60, "duration": 7, "velocity": 90}, {"time": 351, "pitch": 60, "duration": 1, "velocity": 79}, {"time": 354, "pitch": 60, "duration": 3, "velocity": 81}, {"time": 360, "pitch": 56, "duration": 3, "velocity": 82}, {"time": 366, "pitch": 55, "duration": 2, "velocity": 74}, {"time": 369, "pitch": 56, "duration": 1, "velocity": 70}, {"time": 372, "pitch": 61, "duration": 5, "velocity": 73}, {"time": 378, "pitch": 60, "duration": 9, "velocity": 70}, {"time": 390, "pitch": 68, "duration": 6, "velocity": 112}, {"time": 399, "pitch": 65, "duration": 1, "velocity": 74}, {"time": 402, "pitch": 65, "duration": 1, "velocity": 82}, {"time": 405, "pitch": 68, "duration": 3, "velocity": 93}, {"time": 411, "pitch": 65, "duration": 1, "velocity": 74}, {"time": 414, "pitch": 68, "duration": 7, "velocity": 107}, {"time": 423, "pitch": 60, "duration": 2, "velocity": 72}, {"time": 426, "pitch": 67, "duration": 7, "velocity": 90}, {"time": 438, "pitch": 67, "duration": 4, "velocity": 88}, {"time": 444, "pitch": 67, "duration": 2, "velocity": 82}, {"time": 447, "pitch": 65, "duration": 2, "velocity": 59}, {"time": 450, "pitch": 68, "duration": 4, "velocity": 93}, {"time": 456, "pitch": 67, "duration": 2, "velocity": 88}, {"time": 459, "pitch": 65, "duration": 2, "velocity": 71}, {"time": 462, "pitch": 63, "duration": 7, "velocity": 82}, {"time": 468, "pitch": 63, "duration": 1, "velocity": 93}, {"time": 471, "pitch": 58, "duration": 2, "velocity": 75}, {"time": 474, "pitch": 60, "duration": 8, "velocity": 76}, {"time": 486, "pitch": 58, "duration": 2, "velocity": 72}, {"time": 489, "pitch": 61, "duration": 4, "velocity": 85}, {"time": 495, "pitch": 58, "duration": 1, "velocity": 69}, {"time": 498, "pitch": 60, "duration": 1, "velocity": 85}, {"time": 501, "pitch": 61, "duration": 3, "velocity": 76}, {"time": 507, "pitch": 61, "duration": 2, "velocity": 95}, {"time": 510, "pitch": 60, "duration": 3, "velocity": 78}, {"time": 513, "pitch": 68, "duration": 5, "velocity": 70}, {"time": 519, "pitch": 65, "duration": 7, "velocity": 72}, {"time": 531, "pitch": 65, "duration": 2, "velocity": 82}, {"time": 534, "pitch": 70, "duration": 6, "velocity": 96}, {"time": 543, "pitch": 68, "duration": 1, "velocity": 86}, {"time": 546, "pitch": 68, "duration": 2, "velocity": 90}, {"time": 549, "pitch": 70, "duration": 3, "velocity": 99}, {"time": 555, "pitch": 68, "duration": 1, "velocity": 93}, {"time": 558, "pitch": 70, "duration": 3, "velocity": 99}, {"time": 564, "pitch": 67, "duration": 1, "velocity": 79}, {"time": 567, "pitch": 70, "duration": 8, "velocity": 107}, {"time": 582, "pitch": 68, "duration": 1, "velocity": 95}, {"time": 585, "pitch": 68, "duration": 1, "velocity": 70}, {"time": 588, "pitch": 68, "duration": 1, "velocity": 95}, {"time": 591, "pitch": 67, "duration": 1, "velocity": 63}, {"time": 594, "pitch": 68, "duration": 6, "velocity": 99}, {"time": 603, "pitch": 67, "duration": 4, "velocity": 96}, {"time": 609, "pitch": 72, "duration": 1, "velocity": 93}, {"time": 612, "pitch": 72, "duration": 1, "velocity": 88}, {"time": 615, "pitch": 70, "duration": 1, "velocity": 99}, {"time": 618, "pitch": 72, "duration": 5, "velocity": 107}, {"time": 630, "pitch": 65, "duration": 1, "velocity": 92}, {"time": 633, "pitch": 65, "duration": 1, "velocity": 81}, {"time": 636, "pitch": 65, "duration": 1, "velocity": 86}, {"time": 639, "pitch": 67, "duration": 1, "velocity": 83}, {"time": 642, "pitch": 68, "duration": 4, "velocity": 122}, {"time": 648, "pitch": 65, "duration": 3, "velocity": 102}, {"time": 654, "pitch": 64, "duration": 2, "velocity": 88}, {"time": 657, "pitch": 65, "duration": 1, "velocity": 72}, {"time": 660, "pitch": 67, "duration": 2, "velocity": 109}, {"time": 663, "pitch": 64, "duration": 3, "velocity": 85}, {"time": 666, "pitch": 60, "duration": 7, "velocity": 85}, {"time": 672, "pitch": 58, "duration": 2, "velocity": 89}, {"time": 675, "pitch": 60, "duration": 1, "velocity": 72}, {"time": 678, "pitch": 61, "duration": 2, "velocity": 102}, {"time": 681, "pitch": 60, "duration": 2, "velocity": 81}, {"time": 684, "pitch": 58, "duration": 1, "velocity": 75}, {"time": 687, "pitch": 60, "duration": 1, "velocity": 75}, {"time": 690, "pitch": 61, "duration": 5, "velocity": 95}, {"time": 693, "pitch": 72, "duration": 3, "velocity": 90}, {"time": 699, "pitch": 70, "duration": 3, "velocity": 93}, {"time": 705, "pitch": 72, "duration": 4, "velocity": 96}, {"time": 708, "pitch": 67, "duration": 2, "velocity": 83}, {"time": 711, "pitch": 68, "duration": 12, "velocity": 99}, {"time": 726, "pitch": 70, "duration": 1, "velocity": 102}, {"time": 729, "pitch": 70, "duration": 1, "velocity": 88}, {"time": 732, "pitch": 70, "duration": 1, "velocity": 97}, {"time": 735, "pitch": 70, "duration": 1, "velocity": 100}, {"time": 738, "pitch": 70, "duration": 3, "velocity": 107}, {"time": 741, "pitch": 65, "duration": 4, "velocity": 88}, {"time": 747, "pitch": 72, "duration": 4, "velocity": 117}, {"time": 753, "pitch": 67, "duration": 2, "velocity": 92}, {"time": 756, "pitch": 67, "duration": 2, "velocity": 83}, {"time": 759, "pitch": 72, "duration": 7, "velocity": 96}, {"time": 774, "pitch": 68, "duration": 1, "velocity": 95}, {"time": 777, "pitch": 68, "duration": 1, "velocity": 70}, {"time": 780, "pitch": 68, "duration": 1, "velocity": 95}, {"time": 783, "pitch": 67, "duration": 1, "velocity": 63}, {"time": 786, "pitch": 68, "duration": 6, "velocity": 99}, {"time": 795, "pitch": 67, "duration": 4, "velocity": 96}, {"time": 801, "pitch": 72, "duration": 1, "velocity": 93}, {"time": 804, "pitch": 72, "duration": 1, "velocity": 88}, {"time": 807, "pitch": 70, "duration": 1, "velocity": 99}, {"time": 810, "pitch": 72, "duration": 5, "velocity": 107}, {"time": 822, "pitch": 65, "duration": 1, "velocity": 92}, {"time": 825, "pitch": 65, "duration": 1, "velocity": 81}, {"time": 828, "pitch": 65, "duration": 1, "velocity": 86}, {"time": 831, "pitch": 67, "duration": 1, "velocity": 83}, {"time": 834, "pitch": 68, "duration": 4, "velocity": 122}, {"time": 840, "pitch": 65, "duration": 3, "velocity": 102}, {"time": 846, "pitch": 64, "duration": 2, "velocity": 88}, {"time": 849, "pitch": 65, "duration": 1, "velocity": 72}, {"time": 852, "pitch": 67, "duration": 2, "velocity": 72}, {"time": 855, "pitch": 64, "duration": 3, "velocity": 85}, {"time": 858, "pitch": 60, "duration": 4, "velocity": 85}, {"time": 864, "pitch": 58, "duration": 2, "velocity": 89}, {"time": 867, "pitch": 60, "duration": 1, "velocity": 72}, {"time": 870, "pitch": 61, "duration": 2, "velocity": 102}, {"time": 873, "pitch": 60, "duration": 2, "velocity": 81}, {"time": 876, "pitch": 58, "duration": 1, "velocity": 75}, {"time": 879, "pitch": 60, "duration": 1, "velocity": 75}, {"time": 882, "pitch": 61, "duration": 5, "velocity": 95}, {"time": 885, "pitch": 72, "duration": 3, "velocity": 90}, {"time": 891, "pitch": 70, "duration": 3, "velocity": 93}, {"time": 897, "pitch": 72, "duration": 4, "velocity": 96}, {"time": 900, "pitch": 67, "duration": 2, "velocity": 83}, {"time": 903, "pitch": 68, "duration": 12, "velocity": 99}, {"time": 918, "pitch": 65, "duration": 2, "velocity": 96}, {"time": 921, "pitch": 68, "duration": 1, "velocity": 82}, {"time": 924, "pitch": 70, "duration": 1, "velocity": 96}, {"time": 927, "pitch": 72, "duration": 2, "velocity": 83}, {"time": 930, "pitch": 67, "duration": 2, "velocity": 89}, {"time": 933, "pitch": 70, "duration": 3, "velocity": 100}, {"time": 939, "pitch": 68, "duration": 3, "velocity": 100}, {"time": 945, "pitch": 67, "duration": 3, "velocity": 88}, {"time": 948, "pitch": 65, "duration": 16, "velocity": 82}, {"time": 1182, "pitch": 68, "duration": 1, "velocity": 95}, {"time": 1185, "pitch": 68, "duration": 1, "velocity": 70}, {"time": 1188, "pitch": 68, "duration": 1, "velocity": 95}, {"time": 1191, "pitch": 67, "duration": 1, "velocity": 63}, {"time": 1194, "pitch": 68, "duration": 6, "velocity": 99}, {"time": 1203, "pitch": 67, "duration": 4, "velocity": 96}, {"time": 1209, "pitch": 72, "duration": 1, "velocity": 93}, {"time": 1212, "pitch": 72, "duration": 1, "velocity": 88}, {"time": 1215, "pitch": 70, "duration": 1, "velocity": 99}, {"time": 1218, "pitch": 72, "duration": 5, "velocity": 107}, {"time": 1230, "pitch": 65, "duration": 1, "velocity": 92}, {"time": 1233, "pitch": 65, "duration": 1, "velocity": 81}, {"time": 1236, "pitch": 65, "duration": 1, "velocity": 86}, {"time": 1239, "pitch": 67, "duration": 1, "velocity": 83}, {"time": 1242, "pitch": 68, "duration": 4, "velocity": 122}, {"time": 1248, "pitch": 65, "duration": 3, "velocity": 102}, {"time": 1254, "pitch": 64, "duration": 2, "velocity": 88}, {"time": 1257, "pitch": 65, "duration": 1, "velocity": 72}, {"time": 1260, "pitch": 67, "duration": 2, "velocity": 72}, {"time": 1263, "pitch": 64, "duration": 3, "velocity": 85}, {"time": 1266, "pitch": 60, "duration": 7, "velocity": 85}, {"time": 1272, "pitch": 58, "duration": 2, "velocity": 89}, {"time": 1275, "pitch": 60, "duration": 1, "velocity": 72}, {"time": 1278, "pitch": 61, "duration": 2, "velocity": 102}, {"time": 1281, "pitch": 60, "duration": 2, "velocity": 81}, {"time": 1284, "pitch": 58, "duration": 1, "velocity": 75}, {"time": 1287, "pitch": 60, "duration": 1, "velocity": 75}, {"time": 1290, "pitch": 61, "duration": 5, "velocity": 95}, {"time": 1293, "pitch": 72, "duration": 3, "velocity": 90}, {"time": 1299, "pitch": 70, "duration": 3, "velocity": 93}, {"time": 1305, "pitch": 72, "duration": 4, "velocity": 96}, {"time": 1308, "pitch": 67, "duration": 2, "velocity": 83}, {"time": 1311, "pitch": 68, "duration": 12, "velocity": 99}, {"time": 1326, "pitch": 70, "duration": 1, "velocity": 102}, {"time": 1329, "pitch": 70, "duration": 1, "velocity": 88}, {"time": 1332, "pitch": 70, "duration": 1, "velocity": 97}, {"time": 1335, "pitch": 70, "duration": 1, "velocity": 100}, {"time": 1338, "pitch": 70, "duration": 3, "velocity": 107}, {"time": 1341, "pitch": 65, "duration": 4, "velocity": 88}, {"time": 1347, "pitch": 72, "duration": 4, "velocity": 117}, {"time": 1353, "pitch": 67, "duration": 2, "velocity": 92}, {"time": 1356, "pitch": 67, "duration": 2, "velocity": 83}, {"time": 1359, "pitch": 72, "duration": 7, "velocity": 96}, {"time": 1374, "pitch": 68, "duration": 1, "velocity": 95}, {"time": 1377, "pitch": 68, "duration": 1, "velocity": 70}, {"time": 1380, "pitch": 68, "duration": 1, "velocity": 95}, {"time": 1383, "pitch": 67, "duration": 1, "velocity": 63}, {"time": 1386, "pitch": 68, "duration": 6, "velocity": 99}, {"time": 1395, "pitch": 67, "duration": 4, "velocity": 96}, {"time": 1401, "pitch": 72, "duration": 1, "velocity": 93}, {"time": 1404, "pitch": 72, "duration": 1, "velocity": 88}, {"time": 1407, "pitch": 70, "duration": 1, "velocity": 99}, {"time": 1410, "pitch": 72, "duration": 5, "velocity": 107}, {"time": 1422, "pitch": 65, "duration": 1, "velocity": 92}, {"time": 1425, "pitch": 65, "duration": 1, "velocity": 81}, {"time": 1428, "pitch": 65, "duration": 1, "velocity": 86}, {"time": 1431, "pitch": 67, "duration": 1, "velocity": 83}, {"time": 1434, "pitch": 68, "duration": 4, "velocity": 122}, {"time": 1440, "pitch": 65, "duration": 3, "velocity": 102}, {"time": 1446, "pitch": 64, "duration": 2, "velocity": 88}, {"time": 1449, "pitch": 65, "duration": 1, "velocity": 72}, {"time": 1452, "pitch": 67, "duration": 2, "velocity": 72}, {"time": 1455, "pitch": 64, "duration": 3, "velocity": 85}, {"time": 1458, "pitch": 60, "duration": 4, "velocity": 85}, {"time": 1464, "pitch": 58, "duration": 2, "velocity": 89}, {"time": 1467, "pitch": 60, "duration": 1, "velocity": 72}, {"time": 1470, "pitch": 61, "duration": 2, "velocity": 102}, {"time": 1473, "pitch": 60, "duration": 2, "velocity": 81}, {"time": 1476, "pitch": 58, "duration": 1, "velocity": 75}, {"time": 1479, "pitch": 60, "duration": 1, "velocity": 75}, {"time": 1482, "pitch": 61, "duration": 5, "velocity": 95}, {"time": 1485, "pitch": 72, "duration": 3, "velocity": 90}, {"time": 1491, "pitch": 70, "duration": 3, "velocity": 93}, {"time": 1497, "pitch": 72, "duration": 4, "velocity": 96}, {"time": 1500, "pitch": 67, "duration": 2, "velocity": 83}, {"time": 1503, "pitch": 68, "duration": 12, "velocity": 99}, {"time": 1518, "pitch": 70, "duration": 2, "velocity": 96}, {"time": 1521, "pitch": 65, "duration": 1, "velocity": 82}, {"time": 1524, "pitch": 70, "duration": 1, "velocity": 96}, {"time": 1527, "pitch": 72, "duration": 2, "velocity": 83}, {"time": 1533, "pitch": 67, "duration": 5, "velocity": 85}, {"time": 1539, "pitch": 68, "duration": 2, "velocity": 99}, {"time": 1542, "pitch": 67, "duration": 3, "velocity": 76}, {"time": 1545, "pitch": 65, "duration": 12, "velocity": 75}, {"time": 1560, "pitch": 58, "duration": 2, "velocity": 83}, {"time": 1563, "pitch": 60, "duration": 3, "velocity": 72}, {"time": 1566, "pitch": 61, "duration": 3, "velocity": 89}, {"time": 1569, "pitch": 60, "duration": 2, "velocity": 56}, {"time": 1572, "pitch": 58, "duration": 2, "velocity": 56}, {"time": 1575, "pitch": 60, "duration": 3, "velocity": 63}, {"time": 1578, "pitch": 61, "duration": 4, "velocity": 89}, {"time": 1581, "pitch": 72, "duration": 4, "velocity": 96}, {"time": 1587, "pitch": 70, "duration": 4, "velocity": 99}, {"time": 1593, "pitch": 72, "duration": 2, "velocity": 89}, {"time": 1596, "pitch": 68, "duration": 2, "velocity": 82}, {"time": 1599, "pitch": 65, "duration": 9, "velocity": 85}, {"time": 1614, "pitch": 70, "duration": 2, "velocity": 97}, {"time": 1617, "pitch": 65, "duration": 2, "velocity": 70}, {"time": 1620, "pitch": 70, "duration": 3, "velocity": 79}, {"time": 1623, "pitch": 72, "duration": 2, "velocity": 70}, {"time": 1629, "pitch": 67, "duration": 5, "velocity": 76}, {"time": 1638, "pitch": 68, "duration": 1, "velocity": 93}, {"time": 1641, "pitch": 67, "duration": 4, "velocity": 79}, {"time": 1644, "pitch": 65, "duration": 19, "velocity": 71}]}, {"program": 0, "is_drum": false, "name": "BRIDGE", "notes": [{"time": 6, "pitch": 65, "duration": 33, "velocity": 96}, {"time": 42, "pitch": 67, "duration": 6, "velocity": 83}, {"time": 48, "pitch": 68, "duration": 5, "velocity": 99}, {"time": 54, "pitch": 60, "duration": 29, "velocity": 81}, {"time": 90, "pitch": 67, "duration": 5, "velocity": 100}, {"time": 96, "pitch": 68, "duration": 6, "velocity": 96}, {"time": 102, "pitch": 65, "duration": 27, "velocity": 85}, {"time": 126, "pitch": 70, "duration": 22, "velocity": 127}, {"time": 150, "pitch": 65, "duration": 21, "velocity": 89}, {"time": 174, "pitch": 67, "duration": 23, "velocity": 86}, {"time": 390, "pitch": 65, "duration": 24, "velocity": 89}, {"time": 414, "pitch": 68, "duration": 22, "velocity": 99}, {"time": 438, "pitch": 67, "duration": 20, "velocity": 97}, {"time": 462, "pitch": 72, "duration": 22, "velocity": 97}, {"time": 486, "pitch": 73, "duration": 23, "velocity": 99}, {"time": 504, "pitch": 72, "duration": 2, "velocity": 90}, {"time": 507, "pitch": 70, "duration": 2, "velocity": 93}, {"time": 510, "pitch": 72, "duration": 11, "velocity": 90}, {"time": 522, "pitch": 65, "duration": 12, "velocity": 88}, {"time": 534, "pitch": 70, "duration": 11, "velocity": 102}, {"time": 546, "pitch": 68, "duration": 11, "velocity": 97}, {"time": 558, "pitch": 67, "duration": 11, "velocity": 81}, {"time": 570, "pitch": 65, "duration": 2, "velocity": 92}, {"time": 573, "pitch": 67, "duration": 3, "velocity": 78}, {"time": 576, "pitch": 68, "duration": 3, "velocity": 96}, {"time": 579, "pitch": 70, "duration": 4, "velocity": 90}, {"time": 582, "pitch": 72, "duration": 10, "velocity": 85}, {"time": 762, "pitch": 68, "duration": 3, "velocity": 100}, {"time": 765, "pitch": 67, "duration": 3, "velocity": 89}, {"time": 768, "pitch": 68, "duration": 3, "velocity": 112}, {"time": 771, "pitch": 70, "duration": 2, "velocity": 97}, {"time": 774, "pitch": 72, "duration": 18, "velocity": 95}, {"time": 810, "pitch": 72, "duration": 9, "velocity": 107}, {"time": 816, "pitch": 79, "duration": 5, "velocity": 127}, {"time": 822, "pitch": 77, "duration": 15, "velocity": 96}, {"time": 894, "pitch": 68, "duration": 5, "velocity": 122}, {"time": 900, "pitch": 67, "duration": 6, "velocity": 92}, {"time": 906, "pitch": 65, "duration": 15, "velocity": 93}, {"time": 984, "pitch": 67, "duration": 6, "velocity": 89}, {"time": 990, "pitch": 68, "duration": 23, "velocity": 93}, {"time": 990, "pitch": 80, "duration": 3, "velocity": 93}, {"time": 993, "pitch": 79, "duration": 3, "velocity": 62}, {"time": 996, "pitch": 80, "duration": 3, "velocity": 81}, {"time": 999, "pitch": 79, "duration": 3, "velocity": 75}, {"time": 1002, "pitch": 80, "duration": 5, "velocity": 96}, {"time": 1008, "pitch": 84, "duration": 5, "velocity": 88}, {"time": 1014, "pitch": 72, "duration": 22, "velocity": 95}, {"time": 1014, "pitch": 79, "duration": 3, "velocity": 81}, {"time": 1017, "pitch": 77, "duration": 3, "velocity": 62}, {"time": 1020, "pitch": 79, "duration": 3, "velocity": 82}, {"time": 1023, "pitch": 77, "duration": 3, "velocity": 65}, {"time": 1026, "pitch": 79, "duration": 6, "velocity": 78}, {"time": 1032, "pitch": 84, "duration": 4, "velocity": 95}, {"time": 1038, "pitch": 70, "duration": 24, "velocity": 96}, {"time": 1038, "pitch": 77, "duration": 18, "velocity": 85}, {"time": 1062, "pitch": 68, "duration": 7, "velocity": 92}, {"time": 1062, "pitch": 70, "duration": 1, "velocity": 99}, {"time": 1068, "pitch": 65, "duration": 2, "velocity": 76}, {"time": 1071, "pitch": 64, "duration": 3, "velocity": 48}, {"time": 1074, "pitch": 65, "duration": 5, "velocity": 68}, {"time": 1074, "pitch": 72, "duration": 10, "velocity": 96}, {"time": 1077, "pitch": 67, "duration": 3, "velocity": 73}, {"time": 1080, "pitch": 68, "duration": 3, "velocity": 76}, {"time": 1083, "pitch": 70, "duration": 3, "velocity": 92}, {"time": 1086, "pitch": 68, "duration": 3, "velocity": 83}, {"time": 1086, "pitch": 77, "duration": 22, "velocity": 93}, {"time": 1089, "pitch": 67, "duration": 3, "velocity": 66}, {"time": 1092, "pitch": 68, "duration": 3, "velocity": 82}, {"time": 1095, "pitch": 67, "duration": 2, "velocity": 83}, {"time": 1098, "pitch": 68, "duration": 5, "velocity": 112}, {"time": 1104, "pitch": 72, "duration": 5, "velocity": 90}, {"time": 1104, "pitch": 82, "duration": 6, "velocity": 89}, {"time": 1110, "pitch": 67, "duration": 3, "velocity": 72}, {"time": 1110, "pitch": 84, "duration": 14, "velocity": 90}, {"time": 1113, "pitch": 65, "duration": 3, "velocity": 61}, {"time": 1116, "pitch": 67, "duration": 3, "velocity": 83}, {"time": 1119, "pitch": 65, "duration": 2, "velocity": 64}, {"time": 1122, "pitch": 67, "duration": 5, "velocity": 83}, {"time": 1122, "pitch": 79, "duration": 12, "velocity": 107}, {"time": 1128, "pitch": 72, "duration": 6, "velocity": 86}, {"time": 1134, "pitch": 77, "duration": 24, "velocity": 95}, {"time": 1164, "pitch": 77, "duration": 4, "velocity": 95}, {"time": 1170, "pitch": 79, "duration": 5, "velocity": 93}, {"time": 1176, "pitch": 72, "duration": 6, "velocity": 99}, {"time": 1182, "pitch": 77, "duration": 19, "velocity": 81}, {"time": 1206, "pitch": 79, "duration": 22, "velocity": 93}, {"time": 1230, "pitch": 77, "duration": 23, "velocity": 99}, {"time": 1305, "pitch": 84, "duration": 2, "velocity": 99}, {"time": 1307, "pitch": 79, "duration": 2, "velocity": 93}, {"time": 1310, "pitch": 80, "duration": 2, "velocity": 117}, {"time": 1312, "pitch": 79, "duration": 1, "velocity": 93}, {"time": 1314, "pitch": 77, "duration": 8, "velocity": 102}, {"time": 1365, "pitch": 67, "duration": 3, "velocity": 79}, {"time": 1368, "pitch": 68, "duration": 3, "velocity": 93}, {"time": 1371, "pitch": 70, "duration": 3, "velocity": 95}, {"time": 1374, "pitch": 72, "duration": 17, "velocity": 96}, {"time": 1497, "pitch": 84, "duration": 3, "velocity": 96}, {"time": 1500, "pitch": 79, "duration": 2, "velocity": 90}, {"time": 1503, "pitch": 80, "duration": 1, "velocity": 96}, {"time": 1504, "pitch": 79, "duration": 2, "velocity": 89}, {"time": 1506, "pitch": 77, "duration": 11, "velocity": 95}, {"time": 1650, "pitch": 77, "duration": 5, "velocity": 93}, {"time": 1656, "pitch": 79, "duration": 5, "velocity": 77}, {"time": 1662, "pitch": 80, "duration": 9, "velocity": 93}, {"time": 1671, "pitch": 79, "duration": 3, "velocity": 73}, {"time": 1674, "pitch": 80, "duration": 8, "velocity": 99}, {"time": 1683, "pitch": 79, "duration": 6, "velocity": 77}, {"time": 1689, "pitch": 84, "duration": 6, "velocity": 92}, {"time": 1695, "pitch": 82, "duration": 3, "velocity": 83}, {"time": 1698, "pitch": 84, "duration": 7, "velocity": 93}, {"time": 1710, "pitch": 77, "duration": 2, "velocity": 95}, {"time": 1713, "pitch": 76, "duration": 3, "velocity": 72}, {"time": 1716, "pitch": 77, "duration": 3, "velocity": 78}, {"time": 1719, "pitch": 79, "duration": 2, "velocity": 77}, {"time": 1722, "pitch": 80, "duration": 4, "velocity": 86}, {"time": 1728, "pitch": 79, "duration": 3, "velocity": 65}, {"time": 1731, "pitch": 77, "duration": 2, "velocity": 65}, {"time": 1734, "pitch": 76, "duration": 4, "velocity": 69}, {"time": 1737, "pitch": 77, "duration": 2, "velocity": 82}, {"time": 1740, "pitch": 79, "duration": 3, "velocity": 74}, {"time": 1743, "pitch": 76, "duration": 3, "velocity": 70}, {"time": 1746, "pitch": 72, "duration": 8, "velocity": 79}, {"time": 1752, "pitch": 70, "duration": 2, "velocity": 100}, {"time": 1755, "pitch": 72, "duration": 3, "velocity": 71}, {"time": 1758, "pitch": 73, "duration": 2, "velocity": 92}, {"time": 1761, "pitch": 72, "duration": 2, "velocity": 76}, {"time": 1764, "pitch": 70, "duration": 3, "velocity": 66}, {"time": 1767, "pitch": 72, "duration": 3, "velocity": 73}, {"time": 1770, "pitch": 73, "duration": 6, "velocity": 97}, {"time": 1773, "pitch": 84, "duration": 3, "velocity": 100}, {"time": 1779, "pitch": 82, "duration": 4, "velocity": 100}, {"time": 1785, "pitch": 84, "duration": 6, "velocity": 112}, {"time": 1788, "pitch": 79, "duration": 3, "velocity": 75}, {"time": 1791, "pitch": 80, "duration": 13, "velocity": 93}, {"time": 1805, "pitch": 84, "duration": 7, "velocity": 112}, {"time": 1814, "pitch": 82, "duration": 2, "velocity": 100}, {"time": 1816, "pitch": 80, "duration": 2, "velocity": 81}, {"time": 1818, "pitch": 79, "duration": 48, "velocity": 96}]}, {"program": 0, "is_drum": false, "name": "PIANO", "notes": [{"time": 6, "pitch": 41, "duration": 21, "velocity": 54}, {"time": 9, "pitch": 48, "duration": 10, "velocity": 51}, {"time": 12, "pitch": 56, "duration": 6, "velocity": 55}, {"time": 15, "pitch": 53, "duration": 4, "velocity": 35}, {"time": 18, "pitch": 60, "duration": 21, "velocity": 71}, {"time": 21, "pitch": 48, "duration": 8, "velocity": 51}, {"time": 24, "pitch": 56, "duration": 12, "velocity": 37}, {"time": 27, "pitch": 53, "duration": 7, "velocity": 40}, {"time": 30, "pitch": 41, "duration": 17, "velocity": 48}, {"time": 33, "pitch": 48, "duration": 4, "velocity": 53}, {"time": 36, "pitch": 53, "duration": 10, "velocity": 58}, {"time": 39, "pitch": 48, "duration": 4, "velocity": 59}, {"time": 42, "pitch": 60, "duration": 21, "velocity": 78}, {"time": 45, "pitch": 48, "duration": 2, "velocity": 50}, {"time": 48, "pitch": 56, "duration": 8, "velocity": 69}, {"time": 51, "pitch": 53, "duration": 4, "velocity": 58}, {"time": 54, "pitch": 39, "duration": 22, "velocity": 50}, {"time": 57, "pitch": 51, "duration": 3, "velocity": 44}, {"time": 60, "pitch": 56, "duration": 6, "velocity": 66}, {"time": 63, "pitch": 51, "duration": 3, "velocity": 56}, {"time": 66, "pitch": 60, "duration": 7, "velocity": 79}, {"time": 69, "pitch": 51, "duration": 9, "velocity": 48}, {"time": 72, "pitch": 56, "duration": 9, "velocity": 60}, {"time": 75, "pitch": 60, "duration": 12, "velocity": 66}, {"time": 78, "pitch": 39, "duration": 17, "velocity": 59}, {"time": 81, "pitch": 51, "duration": 4, "velocity": 54}, {"time": 84, "pitch": 56, "duration": 6, "velocity": 69}, {"time": 87, "pitch": 51, "duration": 3, "velocity": 39}, {"time": 90, "pitch": 60, "duration": 7, "velocity": 83}, {"time": 93, "pitch": 51, "duration": 1, "velocity": 63}, {"time": 96, "pitch": 56, "duration": 8, "velocity": 66}, {"time": 99, "pitch": 60, "duration": 4, "velocity": 64}, {"time": 102, "pitch": 38, "duration": 22, "velocity": 59}, {"time": 105, "pitch": 50, "duration": 4, "velocity": 50}, {"time": 108, "pitch": 53, "duration": 7, "velocity": 67}, {"time": 111, "pitch": 50, "duration": 3, "velocity": 38}, {"time": 114, "pitch": 56, "duration": 20, "velocity": 74}, {"time": 117, "pitch": 50, "duration": 9, "velocity": 39}, {"time": 120, "pitch": 53, "duration": 10, "velocity": 69}, {"time": 123, "pitch": 60, "duration": 9, "velocity": 68}, {"time": 126, "pitch": 38, "duration": 16, "velocity": 46}, {"time": 129, "pitch": 50, "duration": 4, "velocity": 46}, {"time": 132, "pitch": 53, "duration": 12, "velocity": 52}, {"time": 135, "pitch": 50, "duration": 3, "velocity": 48}, {"time": 138, "pitch": 60, "duration": 11, "velocity": 73}, {"time": 141, "pitch": 50, "duration": 3, "velocity": 52}, {"time": 144, "pitch": 56, "duration": 5, "velocity": 83}, {"time": 147, "pitch": 53, "duration": 2, "velocity": 58}, {"time": 150, "pitch": 46, "duration": 18, "velocity": 77}, {"time": 153, "pitch": 53, "duration": 14, "velocity": 38}, {"time": 156, "pitch": 58, "duration": 7, "velocity": 55}, {"time": 159, "pitch": 61, "duration": 4, "velocity": 50}, {"time": 162, "pitch": 65, "duration": 7, "velocity": 65}, {"time": 165, "pitch": 58, "duration": 2, "velocity": 50}, {"time": 168, "pitch": 61, "duration": 6, "velocity": 58}, {"time": 171, "pitch": 65, "duration": 2, "velocity": 29}, {"time": 174, "pitch": 36, "duration": 21, "velocity": 61}, {"time": 177, "pitch": 43, "duration": 20, "velocity": 53}, {"time": 180, "pitch": 48, "duration": 6, "velocity": 56}, {"time": 183, "pitch": 52, "duration": 9, "velocity": 41}, {"time": 186, "pitch": 60, "duration": 12, "velocity": 73}, {"time": 189, "pitch": 48, "duration": 9, "velocity": 47}, {"time": 192, "pitch": 55, "duration": 6, "velocity": 55}, {"time": 195, "pitch": 52, "duration": 3, "velocity": 52}, {"time": 198, "pitch": 41, "duration": 16, "velocity": 70}, {"time": 204, "pitch": 48, "duration": 10, "velocity": 53}, {"time": 210, "pitch": 53, "duration": 6, "velocity": 41}, {"time": 210, "pitch": 60, "duration": 12, "velocity": 82}, {"time": 216, "pitch": 56, "duration": 6, "velocity": 48}, {"time": 222, "pitch": 46, "duration": 18, "velocity": 63}, {"time": 228, "pitch": 53, "duration": 11, "velocity": 48}, {"time": 234, "pitch": 58, "duration": 6, "velocity": 45}, {"time": 234, "pitch": 62, "duration": 1, "velocity": 57}, {"time": 234, "pitch": 65, "duration": 13, "velocity": 66}, {"time": 240, "pitch": 62, "duration": 6, "velocity": 53}, {"time": 246, "pitch": 49, "duration": 13, "velocity": 69}, {"time": 252, "pitch": 56, "duration": 7, "velocity": 51}, {"time": 258, "pitch": 65, "duration": 12, "velocity": 53}, {"time": 258, "pitch": 68, "duration": 13, "velocity": 47}, {"time": 264, "pitch": 61, "duration": 7, "velocity": 48}, {"time": 270, "pitch": 48, "duration": 16, "velocity": 66}, {"time": 276, "pitch": 55, "duration": 7, "velocity": 62}, {"time": 282, "pitch": 67, "duration": 12, "velocity": 82}, {"time": 285, "pitch": 55, "duration": 1, "velocity": 58}, {"time": 288, "pitch": 64, "duration": 6, "velocity": 47}, {"time": 294, "pitch": 46, "duration": 15, "velocity": 61}, {"time": 300, "pitch": 53, "duration": 8, "velocity": 40}, {"time": 306, "pitch": 65, "duration": 10, "velocity": 63}, {"time": 312, "pitch": 58, "duration": 4, "velocity": 40}, {"time": 318, "pitch": 41, "duration": 6, "velocity": 65}, {"time": 324, "pitch": 60, "duration": 10, "velocity": 73}, {"time": 327, "pitch": 56, "duration": 3, "velocity": 35}, {"time": 330, "pitch": 39, "duration": 11, "velocity": 67}, {"time": 336, "pitch": 53, "duration": 6, "velocity": 41}, {"time": 339, "pitch": 56, "duration": 3, "velocity": 61}, {"time": 342, "pitch": 37, "duration": 23, "velocity": 72}, {"time": 348, "pitch": 49, "duration": 18, "velocity": 35}, {"time": 354, "pitch": 61, "duration": 12, "velocity": 85}, {"time": 360, "pitch": 56, "duration": 6, "velocity": 41}, {"time": 363, "pitch": 53, "duration": 3, "velocity": 37}, {"time": 366, "pitch": 36, "duration": 17, "velocity": 77}, {"time": 372, "pitch": 43, "duration": 11, "velocity": 42}, {"time": 378, "pitch": 48, "duration": 8, "velocity": 38}, {"time": 378, "pitch": 55, "duration": 11, "velocity": 63}, {"time": 378, "pitch": 60, "duration": 12, "velocity": 68}, {"time": 384, "pitch": 52, "duration": 6, "velocity": 55}, {"time": 390, "pitch": 41, "duration": 19, "velocity": 63}, {"time": 396, "pitch": 48, "duration": 13, "velocity": 61}, {"time": 402, "pitch": 60, "duration": 12, "velocity": 82}, {"time": 408, "pitch": 56, "duration": 6, "velocity": 66}, {"time": 414, "pitch": 37, "duration": 16, "velocity": 85}, {"time": 420, "pitch": 44, "duration": 10, "velocity": 28}, {"time": 426, "pitch": 49, "duration": 7, "velocity": 44}, {"time": 426, "pitch": 56, "duration": 14, "velocity": 88}, {"time": 432, "pitch": 53, "duration": 7, "velocity": 67}, {"time": 438, "pitch": 39, "duration": 16, "velocity": 63}, {"time": 444, "pitch": 46, "duration": 10, "velocity": 35}, {"time": 450, "pitch": 51, "duration": 7, "velocity": 58}, {"time": 450, "pitch": 58, "duration": 12, "velocity": 66}, {"time": 456, "pitch": 55, "duration": 5, "velocity": 67}, {"time": 462, "pitch": 44, "duration": 17, "velocity": 59}, {"time": 468, "pitch": 51, "duration": 11, "velocity": 36}, {"time": 474, "pitch": 56, "duration": 6, "velocity": 53}, {"time": 474, "pitch": 63, "duration": 12, "velocity": 76}, {"time": 480, "pitch": 60, "duration": 6, "velocity": 53}, {"time": 486, "pitch": 46, "duration": 14, "velocity": 67}, {"time": 489, "pitch": 53, "duration": 10, "velocity": 44}, {"time": 492, "pitch": 58, "duration": 8, "velocity": 46}, {"time": 495, "pitch": 61, "duration": 15, "velocity": 53}, {"time": 498, "pitch": 65, "duration": 12, "velocity": 56}, {"time": 504, "pitch": 58, "duration": 6, "velocity": 64}, {"time": 510, "pitch": 41, "duration": 4, "velocity": 63}, {"time": 510, "pitch": 53, "duration": 6, "velocity": 67}, {"time": 510, "pitch": 56, "duration": 6, "velocity": 85}, {"time": 510, "pitch": 60, "duration": 5, "velocity": 62}, {"time": 516, "pitch": 39, "duration": 6, "velocity": 85}, {"time": 522, "pitch": 38, "duration": 8, "velocity": 61}, {"time": 522, "pitch": 50, "duration": 11, "velocity": 49}, {"time": 522, "pitch": 53, "duration": 11, "velocity": 69}, {"time": 522, "pitch": 56, "duration": 12, "velocity": 64}, {"time": 534, "pitch": 46, "duration": 17, "velocity": 67}, {"time": 540, "pitch": 53, "duration": 6, "velocity": 67}, {"time": 546, "pitch": 58, "duration": 13, "velocity": 66}, {"time": 546, "pitch": 61, "duration": 13, "velocity": 83}, {"time": 552, "pitch": 53, "duration": 6, "velocity": 69}, {"time": 558, "pitch": 36, "duration": 16, "velocity": 59}, {"time": 564, "pitch": 43, "duration": 11, "velocity": 56}, {"time": 570, "pitch": 48, "duration": 7, "velocity": 50}, {"time": 570, "pitch": 55, "duration": 8, "velocity": 92}, {"time": 576, "pitch": 52, "duration": 5, "velocity": 82}, {"time": 579, "pitch": 55, "duration": 2, "velocity": 30}, {"time": 582, "pitch": 41, "duration": 16, "velocity": 85}, {"time": 585, "pitch": 48, "duration": 13, "velocity": 57}, {"time": 588, "pitch": 53, "duration": 7, "velocity": 83}, {"time": 591, "pitch": 60, "duration": 4, "velocity": 90}, {"time": 594, "pitch": 68, "duration": 11, "velocity": 112}, {"time": 597, "pitch": 60, "duration": 3, "velocity": 82}, {"time": 600, "pitch": 65, "duration": 5, "velocity": 72}, {"time": 603, "pitch": 60, "duration": 3, "velocity": 81}, {"time": 606, "pitch": 39, "duration": 17, "velocity": 81}, {"time": 609, "pitch": 46, "duration": 13, "velocity": 46}, {"time": 612, "pitch": 51, "duration": 7, "velocity": 66}, {"time": 615, "pitch": 55, "duration": 7, "velocity": 63}, {"time": 618, "pitch": 63, "duration": 12, "velocity": 102}, {"time": 621, "pitch": 51, "duration": 1, "velocity": 69}, {"time": 624, "pitch": 58, "duration": 6, "velocity": 85}, {"time": 627, "pitch": 55, "duration": 3, "velocity": 74}, {"time": 630, "pitch": 37, "duration": 18, "velocity": 75}, {"time": 633, "pitch": 44, "duration": 14, "velocity": 36}, {"time": 636, "pitch": 49, "duration": 6, "velocity": 72}, {"time": 639, "pitch": 53, "duration": 9, "velocity": 65}, {"time": 642, "pitch": 61, "duration": 11, "velocity": 117}, {"time": 645, "pitch": 49, "duration": 2, "velocity": 77}, {"time": 648, "pitch": 56, "duration": 5, "velocity": 89}, {"time": 651, "pitch": 53, "duration": 3, "velocity": 75}, {"time": 654, "pitch": 36, "duration": 16, "velocity": 78}, {"time": 657, "pitch": 43, "duration": 13, "velocity": 63}, {"time": 660, "pitch": 48, "duration": 7, "velocity": 83}, {"time": 663, "pitch": 55, "duration": 8, "velocity": 92}, {"time": 666, "pitch": 64, "duration": 12, "velocity": 99}, {"time": 669, "pitch": 48, "duration": 3, "velocity": 86}, {"time": 672, "pitch": 60, "duration": 5, "velocity": 89}, {"time": 675, "pitch": 55, "duration": 2, "velocity": 89}, {"time": 678, "pitch": 46, "duration": 17, "velocity": 88}, {"time": 681, "pitch": 53, "duration": 13, "velocity": 52}, {"time": 684, "pitch": 58, "duration": 7, "velocity": 82}, {"time": 687, "pitch": 61, "duration": 4, "velocity": 72}, {"time": 690, "pitch": 65, "duration": 6, "velocity": 77}, {"time": 693, "pitch": 58, "duration": 2, "velocity": 77}, {"time": 696, "pitch": 61, "duration": 5, "velocity": 90}, {"time": 699, "pitch": 65, "duration": 1, "velocity": 66}, {"time": 702, "pitch": 41, "duration": 5, "velocity": 82}, {"time": 705, "pitch": 53, "duration": 4, "velocity": 74}, {"time": 708, "pitch": 39, "duration": 5, "velocity": 95}, {"time": 711, "pitch": 56, "duration": 3, "velocity": 52}, {"time": 714, "pitch": 38, "duration": 10, "velocity": 72}, {"time": 717, "pitch": 50, "duration": 8, "velocity": 73}, {"time": 720, "pitch": 53, "duration": 5, "velocity": 76}, {"time": 723, "pitch": 56, "duration": 2, "velocity": 85}, {"time": 726, "pitch": 46, "duration": 18, "velocity": 70}, {"time": 729, "pitch": 53, "duration": 10, "velocity": 72}, {"time": 732, "pitch": 58, "duration": 8, "velocity": 67}, {"time": 735, "pitch": 61, "duration": 9, "velocity": 67}, {"time": 738, "pitch": 65, "duration": 11, "velocity": 70}, {"time": 741, "pitch": 53, "duration": 2, "velocity": 61}, {"time": 744, "pitch": 58, "duration": 6, "velocity": 90}, {"time": 747, "pitch": 61, "duration": 3, "velocity": 56}, {"time": 750, "pitch": 36, "duration": 18, "velocity": 69}, {"time": 753, "pitch": 43, "duration": 15, "velocity": 54}, {"time": 756, "pitch": 48, "duration": 7, "velocity": 78}, {"time": 759, "pitch": 52, "duration": 7, "velocity": 74}, {"time": 762, "pitch": 60, "duration": 12, "velocity": 102}, {"time": 765, "pitch": 48, "duration": 4, "velocity": 67}, {"time": 768, "pitch": 55, "duration": 6, "velocity": 92}, {"time": 771, "pitch": 52, "duration": 3, "velocity": 92}, {"time": 774, "pitch": 41, "duration": 16, "velocity": 83}, {"time": 777, "pitch": 48, "duration": 14, "velocity": 54}, {"time": 780, "pitch": 53, "duration": 7, "velocity": 85}, {"time": 783, "pitch": 60, "duration": 8, "velocity": 93}, {"time": 786, "pitch": 68, "duration": 12, "velocity": 127}, {"time": 789, "pitch": 53, "duration": 1, "velocity": 86}, {"time": 792, "pitch": 65, "duration": 6, "velocity": 100}, {"time": 795, "pitch": 60, "duration": 3, "velocity": 89}, {"time": 798, "pitch": 39, "duration": 17, "velocity": 83}, {"time": 801, "pitch": 46, "duration": 13, "velocity": 67}, {"time": 804, "pitch": 51, "duration": 6, "velocity": 77}, {"time": 807, "pitch": 55, "duration": 7, "velocity": 77}, {"time": 810, "pitch": 63, "duration": 11, "velocity": 117}, {"time": 813, "pitch": 51, "duration": 2, "velocity": 82}, {"time": 816, "pitch": 58, "duration": 6, "velocity": 112}, {"time": 819, "pitch": 55, "duration": 3, "velocity": 88}, {"time": 822, "pitch": 37, "duration": 18, "velocity": 81}, {"time": 825, "pitch": 44, "duration": 14, "velocity": 58}, {"time": 828, "pitch": 49, "duration": 7, "velocity": 77}, {"time": 831, "pitch": 53, "duration": 7, "velocity": 65}, {"time": 834, "pitch": 61, "duration": 11, "velocity": 112}, {"time": 837, "pitch": 49, "duration": 2, "velocity": 78}, {"time": 840, "pitch": 56, "duration": 6, "velocity": 89}, {"time": 843, "pitch": 53, "duration": 3, "velocity": 83}, {"time": 846, "pitch": 36, "duration": 16, "velocity": 72}, {"time": 849, "pitch": 43, "duration": 13, "velocity": 44}, {"time": 852, "pitch": 48, "duration": 7, "velocity": 76}, {"time": 855, "pitch": 52, "duration": 8, "velocity": 73}, {"time": 858, "pitch": 60, "duration": 12, "velocity": 99}, {"time": 861, "pitch": 48, "duration": 2, "velocity": 73}, {"time": 864, "pitch": 55, "duration": 5, "velocity": 83}, {"time": 867, "pitch": 52, "duration": 2, "velocity": 82}, {"time": 870, "pitch": 46, "duration": 18, "velocity": 72}, {"time": 873, "pitch": 53, "duration": 15, "velocity": 60}, {"time": 876, "pitch": 58, "duration": 7, "velocity": 93}, {"time": 879, "pitch": 61, "duration": 3, "velocity": 73}, {"time": 882, "pitch": 65, "duration": 6, "velocity": 72}, {"time": 885, "pitch": 58, "duration": 3, "velocity": 72}, {"time": 888, "pitch": 61, "duration": 5, "velocity": 83}, {"time": 891, "pitch": 65, "duration": 1, "velocity": 66}, {"time": 894, "pitch": 41, "duration": 4, "velocity": 88}, {"time": 894, "pitch": 61, "duration": 1, "velocity": 40}, {"time": 897, "pitch": 53, "duration": 2, "velocity": 79}, {"time": 900, "pitch": 39, "duration": 5, "velocity": 99}, {"time": 903, "pitch": 56, "duration": 2, "velocity": 61}, {"time": 906, "pitch": 38, "duration": 8, "velocity": 77}, {"time": 909, "pitch": 50, "duration": 8, "velocity": 72}, {"time": 912, "pitch": 53, "duration": 5, "velocity": 70}, {"time": 915, "pitch": 56, "duration": 2, "velocity": 60}, {"time": 918, "pitch": 46, "duration": 10, "velocity": 85}, {"time": 918, "pitch": 58, "duration": 9, "velocity": 69}, {"time": 918, "pitch": 61, "duration": 8, "velocity": 62}, {"time": 918, "pitch": 65, "duration": 8, "velocity": 56}, {"time": 930, "pitch": 48, "duration": 11, "velocity": 57}, {"time": 930, "pitch": 55, "duration": 11, "velocity": 66}, {"time": 930, "pitch": 60, "duration": 11, "velocity": 59}, {"time": 930, "pitch": 64, "duration": 11, "velocity": 64}, {"time": 942, "pitch": 41, "duration": 23, "velocity": 63}, {"time": 945, "pitch": 48, "duration": 22, "velocity": 51}, {"time": 948, "pitch": 53, "duration": 7, "velocity": 70}, {"time": 951, "pitch": 56, "duration": 10, "velocity": 52}, {"time": 954, "pitch": 65, "duration": 12, "velocity": 65}, {"time": 957, "pitch": 53, "duration": 5, "velocity": 58}, {"time": 960, "pitch": 60, "duration": 6, "velocity": 56}, {"time": 963, "pitch": 56, "duration": 3, "velocity": 59}, {"time": 966, "pitch": 41, "duration": 20, "velocity": 65}, {"time": 969, "pitch": 48, "duration": 10, "velocity": 46}, {"time": 972, "pitch": 53, "duration": 6, "velocity": 58}, {"time": 975, "pitch": 56, "duration": 4, "velocity": 54}, {"time": 978, "pitch": 60, "duration": 11, "velocity": 85}, {"time": 981, "pitch": 48, "duration": 8, "velocity": 57}, {"time": 984, "pitch": 56, "duration": 5, "velocity": 52}, {"time": 990, "pitch": 41, "duration": 17, "velocity": 70}, {"time": 993, "pitch": 48, "duration": 14, "velocity": 46}, {"time": 996, "pitch": 53, "duration": 6, "velocity": 72}, {"time": 999, "pitch": 56, "duration": 4, "velocity": 66}, {"time": 1002, "pitch": 65, "duration": 11, "velocity": 63}, {"time": 1005, "pitch": 53, "duration": 2, "velocity": 69}, {"time": 1008, "pitch": 56, "duration": 7, "velocity": 69}, {"time": 1011, "pitch": 60, "duration": 6, "velocity": 68}, {"time": 1014, "pitch": 39, "duration": 19, "velocity": 75}, {"time": 1017, "pitch": 51, "duration": 4, "velocity": 64}, {"time": 1020, "pitch": 56, "duration": 9, "velocity": 70}, {"time": 1023, "pitch": 51, "duration": 5, "velocity": 67}, {"time": 1026, "pitch": 63, "duration": 11, "velocity": 49}, {"time": 1029, "pitch": 51, "duration": 2, "velocity": 67}, {"time": 1032, "pitch": 56, "duration": 5, "velocity": 88}, {"time": 1038, "pitch": 38, "duration": 11, "velocity": 68}, {"time": 1041, "pitch": 50, "duration": 18, "velocity": 65}, {"time": 1044, "pitch": 53, "duration": 4, "velocity": 63}, {"time": 1047, "pitch": 56, "duration": 6, "velocity": 95}, {"time": 1050, "pitch": 38, "duration": 8, "velocity": 47}, {"time": 1053, "pitch": 53, "duration": 4, "velocity": 56}, {"time": 1056, "pitch": 56, "duration": 4, "velocity": 78}, {"time": 1059, "pitch": 53, "duration": 1, "velocity": 37}, {"time": 1062, "pitch": 46, "duration": 12, "velocity": 96}, {"time": 1065, "pitch": 53, "duration": 8, "velocity": 59}, {"time": 1068, "pitch": 61, "duration": 5, "velocity": 112}, {"time": 1071, "pitch": 58, "duration": 2, "velocity": 90}, {"time": 1074, "pitch": 48, "duration": 12, "velocity": 76}, {"time": 1077, "pitch": 55, "duration": 8, "velocity": 78}, {"time": 1080, "pitch": 64, "duration": 5, "velocity": 95}, {"time": 1083, "pitch": 60, "duration": 3, "velocity": 78}, {"time": 1086, "pitch": 41, "duration": 18, "velocity": 76}, {"time": 1089, "pitch": 48, "duration": 10, "velocity": 54}, {"time": 1092, "pitch": 53, "duration": 3, "velocity": 76}, {"time": 1095, "pitch": 56, "duration": 3, "velocity": 90}, {"time": 1098, "pitch": 60, "duration": 21, "velocity": 93}, {"time": 1101, "pitch": 48, "duration": 2, "velocity": 63}, {"time": 1104, "pitch": 56, "duration": 15, "velocity": 86}, {"time": 1107, "pitch": 53, "duration": 5, "velocity": 66}, {"time": 1110, "pitch": 39, "duration": 19, "velocity": 71}, {"time": 1113, "pitch": 46, "duration": 3, "velocity": 36}, {"time": 1116, "pitch": 51, "duration": 7, "velocity": 65}, {"time": 1119, "pitch": 53, "duration": 15, "velocity": 81}, {"time": 1122, "pitch": 63, "duration": 6, "velocity": 90}, {"time": 1125, "pitch": 51, "duration": 4, "velocity": 70}, {"time": 1128, "pitch": 60, "duration": 6, "velocity": 89}, {"time": 1131, "pitch": 56, "duration": 3, "velocity": 73}, {"time": 1134, "pitch": 38, "duration": 19, "velocity": 54}, {"time": 1137, "pitch": 50, "duration": 10, "velocity": 79}, {"time": 1140, "pitch": 53, "duration": 5, "velocity": 66}, {"time": 1143, "pitch": 56, "duration": 1, "velocity": 67}, {"time": 1146, "pitch": 56, "duration": 10, "velocity": 89}, {"time": 1149, "pitch": 50, "duration": 7, "velocity": 74}, {"time": 1152, "pitch": 60, "duration": 5, "velocity": 86}, {"time": 1155, "pitch": 53, "duration": 4, "velocity": 58}, {"time": 1158, "pitch": 46, "duration": 11, "velocity": 96}, {"time": 1161, "pitch": 53, "duration": 6, "velocity": 67}, {"time": 1164, "pitch": 62, "duration": 5, "velocity": 102}, {"time": 1167, "pitch": 58, "duration": 3, "velocity": 99}, {"time": 1170, "pitch": 48, "duration": 11, "velocity": 89}, {"time": 1173, "pitch": 55, "duration": 9, "velocity": 78}, {"time": 1176, "pitch": 64, "duration": 6, "velocity": 93}, {"time": 1179, "pitch": 60, "duration": 3, "velocity": 99}, {"time": 1182, "pitch": 41, "duration": 16, "velocity": 85}, {"time": 1185, "pitch": 48, "duration": 13, "velocity": 57}, {"time": 1188, "pitch": 53, "duration": 7, "velocity": 83}, {"time": 1191, "pitch": 60, "duration": 4, "velocity": 90}, {"time": 1194, "pitch": 68, "duration": 11, "velocity": 112}, {"time": 1197, "pitch": 60, "duration": 3, "velocity": 82}, {"time": 1200, "pitch": 65, "duration": 5, "velocity": 72}, {"time": 1203, "pitch": 60, "duration": 3, "velocity": 81}, {"time": 1206, "pitch": 39, "duration": 17, "velocity": 81}, {"time": 1209, "pitch": 46, "duration": 13, "velocity": 46}, {"time": 1212, "pitch": 51, "duration": 7, "velocity": 66}, {"time": 1215, "pitch": 55, "duration": 7, "velocity": 63}, {"time": 1218, "pitch": 63, "duration": 12, "velocity": 102}, {"time": 1221, "pitch": 51, "duration": 1, "velocity": 69}, {"time": 1224, "pitch": 58, "duration": 6, "velocity": 85}, {"time": 1227, "pitch": 55, "duration": 3, "velocity": 74}, {"time": 1230, "pitch": 37, "duration": 18, "velocity": 75}, {"time": 1233, "pitch": 44, "duration": 14, "velocity": 36}, {"time": 1236, "pitch": 49, "duration": 6, "velocity": 72}, {"time": 1239, "pitch": 53, "duration": 9, "velocity": 65}, {"time": 1242, "pitch": 61, "duration": 11, "velocity": 117}, {"time": 1245, "pitch": 49, "duration": 2, "velocity": 77}, {"time": 1248, "pitch": 56, "duration": 5, "velocity": 89}, {"time": 1251, "pitch": 53, "duration": 3, "velocity": 75}, {"time": 1254, "pitch": 36, "duration": 16, "velocity": 78}, {"time": 1257, "pitch": 43, "duration": 13, "velocity": 63}, {"time": 1260, "pitch": 48, "duration": 7, "velocity": 83}, {"time": 1263, "pitch": 55, "duration": 8, "velocity": 92}, {"time": 1266, "pitch": 64, "duration": 12, "velocity": 99}, {"time": 1269, "pitch": 48, "duration": 3, "velocity": 86}, {"time": 1272, "pitch": 60, "duration": 5, "velocity": 89}, {"time": 1275, "pitch": 55, "duration": 2, "velocity": 89}, {"time": 1278, "pitch": 46, "duration": 17, "velocity": 88}, {"time": 1281, "pitch": 53, "duration": 13, "velocity": 52}, {"time": 1284, "pitch": 58, "duration": 7, "velocity": 82}, {"time": 1287, "pitch": 61, "duration": 4, "velocity": 72}, {"time": 1290, "pitch": 65, "duration": 6, "velocity": 77}, {"time": 1293, "pitch": 58, "duration": 2, "velocity": 77}, {"time": 1296, "pitch": 61, "duration": 5, "velocity": 90}, {"time": 1299, "pitch": 65, "duration": 1, "velocity": 66}, {"time": 1302, "pitch": 41, "duration": 5, "velocity": 82}, {"time": 1305, "pitch": 53, "duration": 4, "velocity": 74}, {"time": 1308, "pitch": 39, "duration": 5, "velocity": 95}, {"time": 1311, "pitch": 56, "duration": 3, "velocity": 52}, {"time": 1314, "pitch": 38, "duration": 10, "velocity": 72}, {"time": 1317, "pitch": 50, "duration": 8, "velocity": 73}, {"time": 1320, "pitch": 53, "duration": 5, "velocity": 76}, {"time": 1323, "pitch": 56, "duration": 2, "velocity": 85}, {"time": 1326, "pitch": 46, "duration": 18, "velocity": 70}, {"time": 1329, "pitch": 53, "duration": 10, "velocity": 72}, {"time": 1332, "pitch": 58, "duration": 8, "velocity": 67}, {"time": 1335, "pitch": 61, "duration": 9, "velocity": 67}, {"time": 1338, "pitch": 65, "duration": 11, "velocity": 70}, {"time": 1341, "pitch": 53, "duration": 2, "velocity": 61}, {"time": 1344, "pitch": 58, "duration": 6, "velocity": 90}, {"time": 1347, "pitch": 61, "duration": 3, "velocity": 56}, {"time": 1350, "pitch": 36, "duration": 18, "velocity": 69}, {"time": 1353, "pitch": 43, "duration": 15, "velocity": 54}, {"time": 1356, "pitch": 48, "duration": 7, "velocity": 78}, {"time": 1359, "pitch": 52, "duration": 7, "velocity": 74}, {"time": 1362, "pitch": 60, "duration": 12, "velocity": 102}, {"time": 1365, "pitch": 48, "duration": 4, "velocity": 67}, {"time": 1368, "pitch": 55, "duration": 6, "velocity": 92}, {"time": 1371, "pitch": 52, "duration": 3, "velocity": 92}, {"time": 1374, "pitch": 41, "duration": 16, "velocity": 83}, {"time": 1377, "pitch": 48, "duration": 14, "velocity": 54}, {"time": 1380, "pitch": 53, "duration": 7, "velocity": 85}, {"time": 1383, "pitch": 60, "duration": 8, "velocity": 93}, {"time": 1386, "pitch": 68, "duration": 12, "velocity": 127}, {"time": 1389, "pitch": 53, "duration": 1, "velocity": 86}, {"time": 1392, "pitch": 65, "duration": 6, "velocity": 100}, {"time": 1395, "pitch": 60, "duration": 3, "velocity": 89}, {"time": 1398, "pitch": 39, "duration": 17, "velocity": 83}, {"time": 1401, "pitch": 46, "duration": 13, "velocity": 67}, {"time": 1404, "pitch": 51, "duration": 6, "velocity": 77}, {"time": 1407, "pitch": 55, "duration": 7, "velocity": 77}, {"time": 1410, "pitch": 63, "duration": 11, "velocity": 117}, {"time": 1413, "pitch": 51, "duration": 2, "velocity": 82}, {"time": 1416, "pitch": 58, "duration": 6, "velocity": 112}, {"time": 1419, "pitch": 55, "duration": 3, "velocity": 88}, {"time": 1422, "pitch": 37, "duration": 18, "velocity": 81}, {"time": 1425, "pitch": 44, "duration": 14, "velocity": 58}, {"time": 1428, "pitch": 49, "duration": 7, "velocity": 77}, {"time": 1431, "pitch": 53, "duration": 7, "velocity": 65}, {"time": 1434, "pitch": 61, "duration": 11, "velocity": 112}, {"time": 1437, "pitch": 49, "duration": 2, "velocity": 78}, {"time": 1440, "pitch": 56, "duration": 6, "velocity": 89}, {"time": 1443, "pitch": 53, "duration": 3, "velocity": 83}, {"time": 1446, "pitch": 36, "duration": 16, "velocity": 72}, {"time": 1449, "pitch": 43, "duration": 13, "velocity": 44}, {"time": 1452, "pitch": 48, "duration": 7, "velocity": 76}, {"time": 1455, "pitch": 52, "duration": 8, "velocity": 73}, {"time": 1458, "pitch": 60, "duration": 12, "velocity": 99}, {"time": 1461, "pitch": 48, "duration": 2, "velocity": 73}, {"time": 1464, "pitch": 55, "duration": 5, "velocity": 83}, {"time": 1467, "pitch": 52, "duration": 2, "velocity": 82}, {"time": 1470, "pitch": 46, "duration": 18, "velocity": 72}, {"time": 1473, "pitch": 53, "duration": 15, "velocity": 60}, {"time": 1476, "pitch": 58, "duration": 7, "velocity": 93}, {"time": 1479, "pitch": 61, "duration": 3, "velocity": 73}, {"time": 1482, "pitch": 65, "duration": 6, "velocity": 72}, {"time": 1485, "pitch": 58, "duration": 3, "velocity": 72}, {"time": 1488, "pitch": 61, "duration": 5, "velocity": 83}, {"time": 1491, "pitch": 65, "duration": 1, "velocity": 66}, {"time": 1494, "pitch": 41, "duration": 4, "velocity": 88}, {"time": 1494, "pitch": 61, "duration": 1, "velocity": 40}, {"time": 1497, "pitch": 53, "duration": 2, "velocity": 79}, {"time": 1500, "pitch": 39, "duration": 5, "velocity": 99}, {"time": 1503, "pitch": 56, "duration": 2, "velocity": 61}, {"time": 1506, "pitch": 38, "duration": 8, "velocity": 77}, {"time": 1509, "pitch": 50, "duration": 8, "velocity": 72}, {"time": 1512, "pitch": 53, "duration": 5, "velocity": 70}, {"time": 1515, "pitch": 56, "duration": 2, "velocity": 60}, {"time": 1518, "pitch": 46, "duration": 5, "velocity": 53}, {"time": 1518, "pitch": 58, "duration": 4, "velocity": 57}, {"time": 1518, "pitch": 61, "duration": 5, "velocity": 48}, {"time": 1518, "pitch": 65, "duration": 5, "velocity": 47}, {"time": 1530, "pitch": 48, "duration": 11, "velocity": 35}, {"time": 1530, "pitch": 55, "duration": 11, "velocity": 53}, {"time": 1530, "pitch": 60, "duration": 11, "velocity": 50}, {"time": 1530, "pitch": 64, "duration": 11, "velocity": 56}, {"time": 1530, "pitch": 67, "duration": 12, "velocity": 56}, {"time": 1542, "pitch": 41, "duration": 18, "velocity": 72}, {"time": 1548, "pitch": 48, "duration": 12, "velocity": 43}, {"time": 1554, "pitch": 56, "duration": 11, "velocity": 50}, {"time": 1554, "pitch": 60, "duration": 11, "velocity": 48}, {"time": 1560, "pitch": 53, "duration": 5, "velocity": 51}, {"time": 1566, "pitch": 46, "duration": 13, "velocity": 59}, {"time": 1566, "pitch": 58, "duration": 6, "velocity": 52}, {"time": 1566, "pitch": 61, "duration": 6, "velocity": 58}, {"time": 1572, "pitch": 53, "duration": 18, "velocity": 43}, {"time": 1578, "pitch": 61, "duration": 10, "velocity": 81}, {"time": 1581, "pitch": 58, "duration": 4, "velocity": 50}, {"time": 1590, "pitch": 41, "duration": 6, "velocity": 67}, {"time": 1596, "pitch": 39, "duration": 6, "velocity": 48}, {"time": 1602, "pitch": 38, "duration": 4, "velocity": 63}, {"time": 1602, "pitch": 50, "duration": 4, "velocity": 51}, {"time": 1602, "pitch": 53, "duration": 4, "velocity": 57}, {"time": 1602, "pitch": 56, "duration": 5, "velocity": 65}, {"time": 1614, "pitch": 46, "duration": 7, "velocity": 49}, {"time": 1614, "pitch": 53, "duration": 5, "velocity": 57}, {"time": 1614, "pitch": 58, "duration": 5, "velocity": 56}, {"time": 1614, "pitch": 61, "duration": 6, "velocity": 59}, {"time": 1626, "pitch": 48, "duration": 10, "velocity": 35}, {"time": 1626, "pitch": 55, "duration": 10, "velocity": 38}, {"time": 1626, "pitch": 60, "duration": 10, "velocity": 36}, {"time": 1626, "pitch": 64, "duration": 10, "velocity": 38}, {"time": 1638, "pitch": 41, "duration": 22, "velocity": 63}, {"time": 1644, "pitch": 48, "duration": 18, "velocity": 40}, {"time": 1650, "pitch": 60, "duration": 12, "velocity": 75}, {"time": 1656, "pitch": 56, "duration": 6, "velocity": 53}, {"time": 1662, "pitch": 41, "duration": 17, "velocity": 55}, {"time": 1665, "pitch": 48, "duration": 10, "velocity": 45}, {"time": 1668, "pitch": 53, "duration": 7, "velocity": 56}, {"time": 1671, "pitch": 56, "duration": 3, "velocity": 50}, {"time": 1674, "pitch": 60, "duration": 16, "velocity": 83}, {"time": 1677, "pitch": 48, "duration": 2, "velocity": 58}, {"time": 1680, "pitch": 56, "duration": 7, "velocity": 56}, {"time": 1683, "pitch": 53, "duration": 3, "velocity": 41}, {"time": 1686, "pitch": 39, "duration": 18, "velocity": 64}, {"time": 1689, "pitch": 51, "duration": 9, "velocity": 47}, {"time": 1692, "pitch": 56, "duration": 7, "velocity": 51}, {"time": 1695, "pitch": 60, "duration": 4, "velocity": 63}, {"time": 1698, "pitch": 63, "duration": 7, "velocity": 64}, {"time": 1701, "pitch": 51, "duration": 3, "velocity": 55}, {"time": 1704, "pitch": 56, "duration": 6, "velocity": 68}, {"time": 1707, "pitch": 60, "duration": 3, "velocity": 64}, {"time": 1710, "pitch": 37, "duration": 17, "velocity": 76}, {"time": 1713, "pitch": 49, "duration": 8, "velocity": 52}, {"time": 1716, "pitch": 53, "duration": 9, "velocity": 50}, {"time": 1719, "pitch": 56, "duration": 3, "velocity": 42}, {"time": 1722, "pitch": 61, "duration": 11, "velocity": 76}, {"time": 1725, "pitch": 49, "duration": 2, "velocity": 47}, {"time": 1728, "pitch": 56, "duration": 6, "velocity": 41}, {"time": 1731, "pitch": 53, "duration": 3, "velocity": 42}, {"time": 1734, "pitch": 36, "duration": 18, "velocity": 57}, {"time": 1737, "pitch": 43, "duration": 14, "velocity": 51}, {"time": 1740, "pitch": 48, "duration": 7, "velocity": 56}, {"time": 1743, "pitch": 52, "duration": 3, "velocity": 53}, {"time": 1746, "pitch": 55, "duration": 6, "velocity": 81}, {"time": 1749, "pitch": 48, "duration": 2, "velocity": 60}, {"time": 1752, "pitch": 52, "duration": 4, "velocity": 66}, {"time": 1755, "pitch": 55, "duration": 1, "velocity": 62}, {"time": 1758, "pitch": 34, "duration": 16, "velocity": 58}, {"time": 1761, "pitch": 46, "duration": 10, "velocity": 62}, {"time": 1764, "pitch": 53, "duration": 8, "velocity": 42}, {"time": 1767, "pitch": 58, "duration": 5, "velocity": 56}, {"time": 1770, "pitch": 61, "duration": 8, "velocity": 85}, {"time": 1773, "pitch": 46, "duration": 2, "velocity": 72}, {"time": 1776, "pitch": 58, "duration": 4, "velocity": 72}, {"time": 1779, "pitch": 53, "duration": 3, "velocity": 49}, {"time": 1782, "pitch": 41, "duration": 5, "velocity": 61}, {"time": 1785, "pitch": 53, "duration": 2, "velocity": 59}, {"time": 1788, "pitch": 39, "duration": 6, "velocity": 66}, {"time": 1791, "pitch": 56, "duration": 2, "velocity": 55}, {"time": 1794, "pitch": 38, "duration": 9, "velocity": 64}, {"time": 1797, "pitch": 50, "duration": 8, "velocity": 35}, {"time": 1800, "pitch": 56, "duration": 5, "velocity": 71}, {"time": 1803, "pitch": 53, "duration": 2, "velocity": 50}, {"time": 1805, "pitch": 46, "duration": 19, "velocity": 58}, {"time": 1809, "pitch": 53, "duration": 14, "velocity": 38}, {"time": 1811, "pitch": 58, "duration": 11, "velocity": 69}, {"time": 1814, "pitch": 61, "duration": 5, "velocity": 41}, {"time": 1817, "pitch": 65, "duration": 12, "velocity": 61}, {"time": 1823, "pitch": 61, "duration": 7, "velocity": 38}, {"time": 1829, "pitch": 36, "duration": 55, "velocity": 68}, {"time": 1832, "pitch": 43, "duration": 52, "velocity": 46}, {"time": 1835, "pitch": 48, "duration": 46, "velocity": 53}, {"time": 1839, "pitch": 52, "duration": 46, "velocity": 34}, {"time": 1843, "pitch": 55, "duration": 42, "velocity": 53}, {"time": 1857, "pitch": 60, "duration": 28, "velocity": 43}, {"time": 1888, "pitch": 41, "duration": 38, "velocity": 56}, {"time": 1892, "pitch": 48, "duration": 34, "velocity": 53}, {"time": 1895, "pitch": 53, "duration": 31, "velocity": 52}, {"time": 1897, "pitch": 55, "duration": 5, "velocity": 42}, {"time": 1899, "pitch": 56, "duration": 3, "velocity": 56}, {"time": 1902, "pitch": 60, "duration": 1, "velocity": 56}, {"time": 1905, "pitch": 65, "duration": 4, "velocity": 51}, {"time": 1908, "pitch": 67, "duration": 3, "velocity": 50}, {"time": 1911, "pitch": 68, "duration": 1, "velocity": 43}, {"time": 1917, "pitch": 77, "duration": 9, "velocity": 29}, {"time": 1917, "pitch": 80, "duration": 9, "velocity": 58}, {"time": 1918, "pitch": 84, "duration": 8, "velocity": 41}, {"time": 1919, "pitch": 89, "duration": 7, "velocity": 41}], "annotations": [{"time": 5, "annotation": {"number": 64, "value": 127}, "group": "control_change"}, {"time": 26, "annotation": {"number": 64, "value": 0}, "group": "control_change"}, {"time": 29, "annotation": {"number": 64, "value": 127}, "group": "control_change"}, {"time": 51, "annotation": {"number": 64, "value": 0}, "group": "control_change"}, {"time": 51, "annotation": {"number": 64, "value": 127}, "group": "control_change"}, {"time": 53, "annotation": {"number": 64, "value": 127}, "group": "control_change"}, {"time": 75, "annotation": {"number": 64, "value": 0}, "group": "control_change"}, {"time": 77, "annotation": {"number": 64, "value": 127}, "group": "control_change"}, {"time": 99, "annotation": {"number": 64, "value": 0}, "group": "control_change"}, {"time": 101, "annotation": {"number": 64, "value": 127}, "group": "control_change"}, {"time": 122, "annotation": {"number": 64, "value": 0}, "group": "control_change"}, {"time": 125, "annotation": {"number": 64, "value": 127}, "group": "control_change"}, {"time": 147, "annotation": {"number": 64, "value": 0}, "group": "control_change"}, {"time": 150, "annotation": {"number": 64, "value": 127}, "group": "control_change"}, {"time": 171, "annotation": {"number": 64, "value": 0}, "group": "control_change"}, {"time": 171, "annotation": {"number": 64, "value": 127}, "group": "control_change"}, {"time": 174, "annotation": {"number": 64, "value": 127}, "group": "control_change"}, {"time": 196, "annotation": {"number": 64, "value": 0}, "group": "control_change"}, {"time": 198, "annotation": {"number": 64, "value": 127}, "group": "control_change"}, {"time": 219, "annotation": {"number": 64, "value": 0}, "group": "control_change"}, {"time": 221, "annotation": {"number": 64, "value": 127}, "group": "control_change"}, {"time": 243, "annotation": {"number": 64, "value": 0}, "group": "control_change"}, {"time": 246, "annotation": {"number": 64, "value": 127}, "group": "control_change"}, {"time": 267, "annotation": {"number": 64, "value": 0}, "group": "control_change"}, {"time": 269, "annotation": {"number": 64, "value": 127}, "group": "control_change"}, {"time": 291, "annotation": {"number": 64, "value": 0}, "group": "control_change"}, {"time": 293, "annotation": {"number": 64, "value": 127}, "group": "control_change"}, {"time": 315, "annotation": {"number": 64, "value": 0}, "group": "control_change"}, {"time": 317, "annotation": {"number": 64, "value": 127}, "group": "control_change"}, {"time": 338, "annotation": {"number": 64, "value": 0}, "group": "control_change"}, {"time": 341, "annotation": {"number": 64, "value": 127}, "group": "control_change"}, {"time": 363, "annotation": {"number": 64, "value": 0}, "group": "control_change"}, {"time": 365, "annotation": {"number": 64, "value": 127}, "group": "control_change"}, {"time": 379, "annotation": {"number": 64, "value": 0}, "group": "control_change"}, {"time": 389, "annotation": {"number": 64, "value": 127}, "group": "control_change"}, {"time": 411, "annotation": {"number": 64, "value": 0}, "group": "control_change"}, {"time": 414, "annotation": {"number": 64, "value": 127}, "group": "control_change"}, {"time": 428, "annotation": {"number": 64, "value": 0}, "group": "control_change"}, {"time": 429, "annotation": {"number": 64, "value": 127}, "group": "control_change"}, {"time": 433, "annotation": {"number": 64, "value": 0}, "group": "control_change"}, {"time": 438, "annotation": {"number": 64, "value": 127}, "group": "control_change"}, {"time": 458, "annotation": {"number": 64, "value": 0}, "group": "control_change"}, {"time": 461, "annotation": {"number": 64, "value": 127}, "group": "control_change"}, {"time": 483, "annotation": {"number": 64, "value": 0}, "group": "control_change"}, {"time": 486, "annotation": {"number": 64, "value": 127}, "group": "control_change"}, {"time": 506, "annotation": {"number": 64, "value": 0}, "group": "control_change"}, {"time": 509, "annotation": {"number": 64, "value": 127}, "group": "control_change"}, {"time": 512, "annotation": {"number": 64, "value": 0}, "group": "control_change"}, {"time": 533, "annotation": {"number": 64, "value": 127}, "group": "control_change"}, {"time": 553, "annotation": {"number": 64, "value": 0}, "group": "control_change"}, {"time": 558, "annotation": {"number": 64, "value": 127}, "group": "control_change"}, {"time": 578, "annotation": {"number": 64, "value": 0}, "group": "control_change"}, {"time": 581, "annotation": {"number": 64, "value": 127}, "group": "control_change"}, {"time": 603, "annotation": {"number": 64, "value": 0}, "group": "control_change"}, {"time": 605, "annotation": {"number": 64, "value": 127}, "group": "control_change"}, {"time": 627, "annotation": {"number": 64, "value": 0}, "group": "control_change"}, {"time": 630, "annotation": {"number": 64, "value": 127}, "group": "control_change"}, {"time": 651, "annotation": {"number": 64, "value": 0}, "group": "control_change"}, {"time": 654, "annotation": {"number": 64, "value": 127}, "group": "control_change"}, {"time": 676, "annotation": {"number": 64, "value": 0}, "group": "control_change"}, {"time": 678, "annotation": {"number": 64, "value": 127}, "group": "control_change"}, {"time": 699, "annotation": {"number": 64, "value": 0}, "group": "control_change"}, {"time": 701, "annotation": {"number": 64, "value": 127}, "group": "control_change"}, {"time": 707, "annotation": {"number": 64, "value": 0}, "group": "control_change"}, {"time": 713, "annotation": {"number": 64, "value": 127}, "group": "control_change"}, {"time": 723, "annotation": {"number": 64, "value": 0}, "group": "control_change"}, {"time": 726, "annotation": {"number": 64, "value": 127}, "group": "control_change"}, {"time": 747, "annotation": {"number": 64, "value": 0}, "group": "control_change"}, {"time": 749, "annotation": {"number": 64, "value": 127}, "group": "control_change"}, {"time": 771, "annotation": {"number": 64, "value": 0}, "group": "control_change"}, {"time": 774, "annotation": {"number": 64, "value": 127}, "group": "control_change"}, {"time": 796, "annotation": {"number": 64, "value": 0}, "group": "control_change"}, {"time": 798, "annotation": {"number": 64, "value": 127}, "group": "control_change"}, {"time": 819, "annotation": {"number": 64, "value": 0}, "group": "control_change"}, {"time": 821, "annotation": {"number": 64, "value": 127}, "group": "control_change"}, {"time": 843, "annotation": {"number": 64, "value": 0}, "group": "control_change"}, {"time": 845, "annotation": {"number": 64, "value": 127}, "group": "control_change"}, {"time": 868, "annotation": {"number": 64, "value": 0}, "group": "control_change"}, {"time": 870, "annotation": {"number": 64, "value": 127}, "group": "control_change"}, {"time": 891, "annotation": {"number": 64, "value": 0}, "group": "control_change"}, {"time": 893, "annotation": {"number": 64, "value": 127}, "group": "control_change"}, {"time": 899, "annotation": {"number": 64, "value": 0}, "group": "control_change"}, {"time": 905, "annotation": {"number": 64, "value": 127}, "group": "control_change"}, {"time": 915, "annotation": {"number": 64, "value": 0}, "group": "control_change"}, {"time": 918, "annotation": {"number": 64, "value": 127}, "group": "control_change"}, {"time": 928, "annotation": {"number": 64, "value": 0}, "group": "control_change"}, {"time": 941, "annotation": {"number": 64, "value": 127}, "group": "control_change"}, {"time": 961, "annotation": {"number": 64, "value": 0}, "group": "control_change"}, {"time": 989, "annotation": {"number": 64, "value": 127}, "group": "control_change"}, {"time": 1011, "annotation": {"number": 64, "value": 0}, "group": "control_change"}, {"time": 1013, "annotation": {"number": 64, "value": 127}, "group": "control_change"}, {"time": 1035, "annotation": {"number": 64, "value": 0}, "group": "control_change"}, {"time": 1037, "annotation": {"number": 64, "value": 127}, "group": "control_change"}, {"time": 1059, "annotation": {"number": 64, "value": 0}, "group": "control_change"}, {"time": 1062, "annotation": {"number": 64, "value": 127}, "group": "control_change"}, {"time": 1072, "annotation": {"number": 64, "value": 0}, "group": "control_change"}, {"time": 1074, "annotation": {"number": 64, "value": 127}, "group": "control_change"}, {"time": 1082, "annotation": {"number": 64, "value": 0}, "group": "control_change"}, {"time": 1085, "annotation": {"number": 64, "value": 127}, "group": "control_change"}, {"time": 1107, "annotation": {"number": 64, "value": 0}, "group": "control_change"}, {"time": 1109, "annotation": {"number": 64, "value": 127}, "group": "control_change"}, {"time": 1131, "annotation": {"number": 64, "value": 0}, "group": "control_change"}, {"time": 1133, "annotation": {"number": 64, "value": 127}, "group": "control_change"}, {"time": 1134, "annotation": {"number": 64, "value": 0}, "group": "control_change"}, {"time": 1134, "annotation": {"number": 64, "value": 127}, "group": "control_change"}, {"time": 1170, "annotation": {"number": 64, "value": 0}, "group": "control_change"}, {"time": 1203, "annotation": {"number": 64, "value": 0}, "group": "control_change"}, {"time": 1205, "annotation": {"number": 64, "value": 127}, "group": "control_change"}, {"time": 1227, "annotation": {"number": 64, "value": 0}, "group": "control_change"}, {"time": 1230, "annotation": {"number": 64, "value": 127}, "group": "control_change"}, {"time": 1251, "annotation": {"number": 64, "value": 0}, "group": "control_change"}, {"time": 1254, "annotation": {"number": 64, "value": 127}, "group": "control_change"}, {"time": 1276, "annotation": {"number": 64, "value": 0}, "group": "control_change"}, {"time": 1278, "annotation": {"number": 64, "value": 127}, "group": "control_change"}, {"time": 1299, "annotation": {"number": 64, "value": 0}, "group": "control_change"}, {"time": 1301, "annotation": {"number": 64, "value": 127}, "group": "control_change"}, {"time": 1307, "annotation": {"number": 64, "value": 0}, "group": "control_change"}, {"time": 1313, "annotation": {"number": 64, "value": 127}, "group": "control_change"}, {"time": 1323, "annotation": {"number": 64, "value": 0}, "group": "control_change"}, {"time": 1326, "annotation": {"number": 64, "value": 127}, "group": "control_change"}, {"time": 1347, "annotation": {"number": 64, "value": 0}, "group": "control_change"}, {"time": 1349, "annotation": {"number": 64, "value": 127}, "group": "control_change"}, {"time": 1371, "annotation": {"number": 64, "value": 0}, "group": "control_change"}, {"time": 1374, "annotation": {"number": 64, "value": 127}, "group": "control_change"}, {"time": 1396, "annotation": {"number": 64, "value": 0}, "group": "control_change"}, {"time": 1398, "annotation": {"number": 64, "value": 127}, "group": "control_change"}, {"time": 1419, "annotation": {"number": 64, "value": 0}, "group": "control_change"}, {"time": 1421, "annotation": {"number": 64, "value": 127}, "group": "control_change"}, {"time": 1443, "annotation": {"number": 64, "value": 0}, "group": "control_change"}, {"time": 1445, "annotation": {"number": 64, "value": 127}, "group": "control_change"}, {"time": 1468, "annotation": {"number": 64, "value": 0}, "group": "control_change"}, {"time": 1470, "annotation": {"number": 64, "value": 127}, "group": "control_change"}, {"time": 1491, "annotation": {"number": 64, "value": 0}, "group": "control_change"}, {"time": 1493, "annotation": {"number": 64, "value": 127}, "group": "control_change"}, {"time": 1499, "annotation": {"number": 64, "value": 0}, "group": "control_change"}, {"time": 1505, "annotation": {"number": 64, "value": 127}, "group": "control_change"}, {"time": 1515, "annotation": {"number": 64, "value": 0}, "group": "control_change"}, {"time": 1519, "annotation": {"number": 64, "value": 127}, "group": "control_change"}, {"time": 1529, "annotation": {"number": 64, "value": 0}, "group": "control_change"}, {"time": 1541, "annotation": {"number": 64, "value": 127}, "group": "control_change"}, {"time": 1564, "annotation": {"number": 64, "value": 0}, "group": "control_change"}, {"time": 1566, "annotation": {"number": 64, "value": 127}, "group": "control_change"}, {"time": 1586, "annotation": {"number": 64, "value": 0}, "group": "control_change"}, {"time": 1589, "annotation": {"number": 64, "value": 127}, "group": "control_change"}, {"time": 1593, "annotation": {"number": 64, "value": 0}, "group": "control_change"}, {"time": 1602, "annotation": {"number": 64, "value": 127}, "group": "control_change"}, {"time": 1613, "annotation": {"number": 64, "value": 0}, "group": "control_change"}, {"time": 1617, "annotation": {"number": 64, "value": 127}, "group": "control_change"}, {"time": 1625, "annotation": {"number": 64, "value": 0}, "group": "control_change"}, {"time": 1637, "annotation": {"number": 64, "value": 127}, "group": "control_change"}, {"time": 1657, "annotation": {"number": 64, "value": 0}, "group": "control_change"}, {"time": 1662, "annotation": {"number": 64, "value": 127}, "group": "control_change"}, {"time": 1662, "annotation": {"number": 64, "value": 0}, "group": "control_change"}, {"time": 1708, "annotation": {"number": 64, "value": 0}, "group": "control_change"}, {"time": 1710, "annotation": {"number": 64, "value": 127}, "group": "control_change"}, {"time": 1731, "annotation": {"number": 64, "value": 0}, "group": "control_change"}, {"time": 1734, "annotation": {"number": 64, "value": 127}, "group": "control_change"}, {"time": 1755, "annotation": {"number": 64, "value": 0}, "group": "control_change"}, {"time": 1758, "annotation": {"number": 64, "value": 127}, "group": "control_change"}, {"time": 1781, "annotation": {"number": 64, "value": 0}, "group": "control_change"}, {"time": 1793, "annotation": {"number": 64, "value": 127}, "group": "control_change"}, {"time": 1804, "annotation": {"number": 64, "value": 0}, "group": "control_change"}, {"time": 1806, "annotation": {"number": 64, "value": 127}, "group": "control_change"}, {"time": 1825, "annotation": {"number": 64, "value": 0}, "group": "control_change"}, {"time": 1830, "annotation": {"number": 64, "value": 127}, "group": "control_change"}, {"time": 1872, "annotation": {"number": 64, "value": 0}, "group": "control_change"}, {"time": 1895, "annotation": {"number": 64, "value": 127}, "group": "control_change"}, {"time": 1945, "annotation": {"number": 64, "value": 0}, "group": "control_change"}, {"time": 1946, "annotation": {"number": 64, "value": 127}, "group": "control_change"}, {"time": 1948, "annotation": {"number": 64, "value": 0}, "group": "control_change"}]}]}