{"metadata": {"schema_version": "0.2", "title": "None", "source_filename": "672.mid", "source_format": "midi"}, "resolution": 12, "tempos": [{"time": 0, "qpm": 100.0}], "time_signatures": [{"time": 0, "numerator": 1, "denominator": 4}], "tracks": [{"program": 0, "is_drum": false, "name": "MELODY", "notes": [{"time": 209, "pitch": 74, "duration": 4, "velocity": 87}, {"time": 215, "pitch": 75, "duration": 3, "velocity": 82}, {"time": 221, "pitch": 77, "duration": 4, "velocity": 81}, {"time": 227, "pitch": 79, "duration": 4, "velocity": 83}, {"time": 233, "pitch": 77, "duration": 16, "velocity": 85}, {"time": 257, "pitch": 74, "duration": 3, "velocity": 86}, {"time": 263, "pitch": 75, "duration": 3, "velocity": 80}, {"time": 269, "pitch": 77, "duration": 4, "velocity": 81}, {"time": 275, "pitch": 79, "duration": 4, "velocity": 81}, {"time": 281, "pitch": 77, "duration": 12, "velocity": 82}, {"time": 305, "pitch": 74, "duration": 3, "velocity": 86}, {"time": 311, "pitch": 75, "duration": 3, "velocity": 83}, {"time": 317, "pitch": 77, "duration": 3, "velocity": 82}, {"time": 323, "pitch": 82, "duration": 3, "velocity": 84}, {"time": 329, "pitch": 81, "duration": 10, "velocity": 81}, {"time": 341, "pitch": 79, "duration": 8, "velocity": 80}, {"time": 353, "pitch": 77, "duration": 30, "velocity": 82}, {"time": 401, "pitch": 74, "duration": 4, "velocity": 87}, {"time": 407, "pitch": 75, "duration": 3, "velocity": 82}, {"time": 413, "pitch": 77, "duration": 4, "velocity": 81}, {"time": 419, "pitch": 79, "duration": 4, "velocity": 83}, {"time": 425, "pitch": 77, "duration": 16, "velocity": 85}, {"time": 449, "pitch": 74, "duration": 3, "velocity": 86}, {"time": 455, "pitch": 75, "duration": 3, "velocity": 80}, {"time": 461, "pitch": 77, "duration": 4, "velocity": 81}, {"time": 467, "pitch": 79, "duration": 4, "velocity": 81}, {"time": 473, "pitch": 77, "duration": 12, "velocity": 82}, {"time": 497, "pitch": 72, "duration": 4, "velocity": 84}, {"time": 503, "pitch": 74, "duration": 4, "velocity": 86}, {"time": 509, "pitch": 75, "duration": 5, "velocity": 82}, {"time": 515, "pitch": 79, "duration": 4, "velocity": 81}, {"time": 521, "pitch": 77, "duration": 4, "velocity": 81}, {"time": 527, "pitch": 75, "duration": 5, "velocity": 81}, {"time": 533, "pitch": 74, "duration": 3, "velocity": 84}, {"time": 539, "pitch": 72, "duration": 4, "velocity": 83}, {"time": 545, "pitch": 70, "duration": 28, "velocity": 84}, {"time": 593, "pitch": 82, "duration": 11, "velocity": 83}, {"time": 605, "pitch": 81, "duration": 6, "velocity": 79}, {"time": 611, "pitch": 82, "duration": 6, "velocity": 86}, {"time": 617, "pitch": 79, "duration": 21, "velocity": 81}, {"time": 641, "pitch": 81, "duration": 4, "velocity": 77}, {"time": 647, "pitch": 81, "duration": 4, "velocity": 78}, {"time": 653, "pitch": 79, "duration": 4, "velocity": 81}, {"time": 659, "pitch": 81, "duration": 5, "velocity": 81}, {"time": 665, "pitch": 77, "duration": 19, "velocity": 78}, {"time": 689, "pitch": 79, "duration": 9, "velocity": 81}, {"time": 701, "pitch": 77, "duration": 5, "velocity": 81}, {"time": 707, "pitch": 79, "duration": 6, "velocity": 83}, {"time": 713, "pitch": 74, "duration": 18, "velocity": 91}, {"time": 737, "pitch": 75, "duration": 5, "velocity": 81}, {"time": 743, "pitch": 75, "duration": 4, "velocity": 82}, {"time": 749, "pitch": 74, "duration": 4, "velocity": 84}, {"time": 755, "pitch": 77, "duration": 6, "velocity": 66}, {"time": 761, "pitch": 72, "duration": 18, "velocity": 84}, {"time": 785, "pitch": 70, "duration": 10, "velocity": 83}, {"time": 797, "pitch": 75, "duration": 5, "velocity": 91}, {"time": 803, "pitch": 77, "duration": 4, "velocity": 78}, {"time": 809, "pitch": 82, "duration": 9, "velocity": 81}, {"time": 821, "pitch": 82, "duration": 9, "velocity": 84}, {"time": 833, "pitch": 81, "duration": 5, "velocity": 73}, {"time": 839, "pitch": 81, "duration": 5, "velocity": 77}, {"time": 845, "pitch": 79, "duration": 5, "velocity": 80}, {"time": 851, "pitch": 77, "duration": 5, "velocity": 82}, {"time": 857, "pitch": 79, "duration": 20, "velocity": 82}, {"time": 881, "pitch": 77, "duration": 10, "velocity": 82}, {"time": 893, "pitch": 82, "duration": 8, "velocity": 82}, {"time": 905, "pitch": 74, "duration": 5, "velocity": 86}, {"time": 911, "pitch": 79, "duration": 5, "velocity": 81}, {"time": 917, "pitch": 77, "duration": 7, "velocity": 81}, {"time": 929, "pitch": 72, "duration": 5, "velocity": 75}, {"time": 935, "pitch": 75, "duration": 4, "velocity": 81}, {"time": 941, "pitch": 74, "duration": 5, "velocity": 81}, {"time": 947, "pitch": 72, "duration": 5, "velocity": 80}, {"time": 953, "pitch": 70, "duration": 22, "velocity": 78}, {"time": 1265, "pitch": 74, "duration": 4, "velocity": 87}, {"time": 1271, "pitch": 75, "duration": 3, "velocity": 82}, {"time": 1277, "pitch": 77, "duration": 4, "velocity": 81}, {"time": 1283, "pitch": 79, "duration": 4, "velocity": 83}, {"time": 1289, "pitch": 77, "duration": 16, "velocity": 85}, {"time": 1313, "pitch": 74, "duration": 3, "velocity": 86}, {"time": 1319, "pitch": 75, "duration": 3, "velocity": 80}, {"time": 1325, "pitch": 77, "duration": 4, "velocity": 81}, {"time": 1331, "pitch": 79, "duration": 4, "velocity": 81}, {"time": 1337, "pitch": 77, "duration": 12, "velocity": 82}, {"time": 1361, "pitch": 74, "duration": 3, "velocity": 86}, {"time": 1367, "pitch": 75, "duration": 3, "velocity": 83}, {"time": 1373, "pitch": 77, "duration": 3, "velocity": 82}, {"time": 1379, "pitch": 82, "duration": 3, "velocity": 84}, {"time": 1385, "pitch": 81, "duration": 10, "velocity": 81}, {"time": 1397, "pitch": 79, "duration": 8, "velocity": 80}, {"time": 1409, "pitch": 77, "duration": 30, "velocity": 82}, {"time": 1457, "pitch": 74, "duration": 4, "velocity": 87}, {"time": 1463, "pitch": 75, "duration": 3, "velocity": 82}, {"time": 1469, "pitch": 77, "duration": 4, "velocity": 81}, {"time": 1475, "pitch": 79, "duration": 4, "velocity": 83}, {"time": 1481, "pitch": 77, "duration": 16, "velocity": 85}, {"time": 1505, "pitch": 74, "duration": 3, "velocity": 86}, {"time": 1511, "pitch": 75, "duration": 3, "velocity": 80}, {"time": 1517, "pitch": 77, "duration": 4, "velocity": 81}, {"time": 1523, "pitch": 79, "duration": 4, "velocity": 81}, {"time": 1529, "pitch": 77, "duration": 12, "velocity": 82}, {"time": 1553, "pitch": 72, "duration": 4, "velocity": 84}, {"time": 1559, "pitch": 74, "duration": 4, "velocity": 86}, {"time": 1565, "pitch": 75, "duration": 5, "velocity": 82}, {"time": 1571, "pitch": 79, "duration": 4, "velocity": 81}, {"time": 1577, "pitch": 77, "duration": 4, "velocity": 81}, {"time": 1583, "pitch": 75, "duration": 5, "velocity": 81}, {"time": 1589, "pitch": 74, "duration": 3, "velocity": 84}, {"time": 1595, "pitch": 72, "duration": 4, "velocity": 83}, {"time": 1601, "pitch": 70, "duration": 28, "velocity": 84}, {"time": 1649, "pitch": 82, "duration": 11, "velocity": 83}, {"time": 1661, "pitch": 81, "duration": 6, "velocity": 79}, {"time": 1667, "pitch": 82, "duration": 6, "velocity": 86}, {"time": 1673, "pitch": 79, "duration": 21, "velocity": 81}, {"time": 1697, "pitch": 81, "duration": 4, "velocity": 77}, {"time": 1703, "pitch": 81, "duration": 4, "velocity": 78}, {"time": 1709, "pitch": 79, "duration": 4, "velocity": 81}, {"time": 1715, "pitch": 81, "duration": 5, "velocity": 81}, {"time": 1721, "pitch": 77, "duration": 19, "velocity": 78}, {"time": 1745, "pitch": 79, "duration": 9, "velocity": 81}, {"time": 1757, "pitch": 77, "duration": 5, "velocity": 81}, {"time": 1763, "pitch": 79, "duration": 6, "velocity": 83}, {"time": 1769, "pitch": 74, "duration": 18, "velocity": 91}, {"time": 1793, "pitch": 75, "duration": 5, "velocity": 81}, {"time": 1799, "pitch": 75, "duration": 4, "velocity": 82}, {"time": 1805, "pitch": 74, "duration": 4, "velocity": 84}, {"time": 1811, "pitch": 77, "duration": 6, "velocity": 66}, {"time": 1817, "pitch": 72, "duration": 18, "velocity": 84}, {"time": 1841, "pitch": 70, "duration": 10, "velocity": 83}, {"time": 1853, "pitch": 75, "duration": 5, "velocity": 91}, {"time": 1859, "pitch": 77, "duration": 4, "velocity": 78}, {"time": 1865, "pitch": 82, "duration": 9, "velocity": 81}, {"time": 1877, "pitch": 82, "duration": 9, "velocity": 84}, {"time": 1889, "pitch": 81, "duration": 5, "velocity": 73}, {"time": 1895, "pitch": 81, "duration": 5, "velocity": 77}, {"time": 1901, "pitch": 79, "duration": 5, "velocity": 80}, {"time": 1907, "pitch": 77, "duration": 5, "velocity": 82}, {"time": 1913, "pitch": 79, "duration": 20, "velocity": 82}, {"time": 1937, "pitch": 77, "duration": 10, "velocity": 82}, {"time": 1949, "pitch": 82, "duration": 8, "velocity": 82}, {"time": 1961, "pitch": 74, "duration": 5, "velocity": 86}, {"time": 1967, "pitch": 79, "duration": 5, "velocity": 81}, {"time": 1973, "pitch": 77, "duration": 7, "velocity": 81}, {"time": 1985, "pitch": 72, "duration": 5, "velocity": 75}, {"time": 1991, "pitch": 75, "duration": 4, "velocity": 81}, {"time": 1997, "pitch": 74, "duration": 5, "velocity": 81}, {"time": 2003, "pitch": 72, "duration": 5, "velocity": 80}, {"time": 2009, "pitch": 70, "duration": 22, "velocity": 78}]}, {"program": 0, "is_drum": false, "name": "BRIDGE", "notes": [{"time": 17, "pitch": 70, "duration": 1, "velocity": 87}, {"time": 18, "pitch": 70, "duration": 2, "velocity": 87}, {"time": 20, "pitch": 70, "duration": 1, "velocity": 87}, {"time": 21, "pitch": 70, "duration": 1, "velocity": 87}, {"time": 22, "pitch": 70, "duration": 1, "velocity": 87}, {"time": 23, "pitch": 70, "duration": 1, "velocity": 87}, {"time": 29, "pitch": 82, "duration": 4, "velocity": 87}, {"time": 35, "pitch": 82, "duration": 4, "velocity": 87}, {"time": 42, "pitch": 70, "duration": 1, "velocity": 87}, {"time": 43, "pitch": 70, "duration": 1, "velocity": 87}, {"time": 44, "pitch": 70, "duration": 1, "velocity": 87}, {"time": 45, "pitch": 70, "duration": 1, "velocity": 87}, {"time": 46, "pitch": 70, "duration": 1, "velocity": 87}, {"time": 47, "pitch": 70, "duration": 1, "velocity": 87}, {"time": 53, "pitch": 81, "duration": 1, "velocity": 91}, {"time": 53, "pitch": 82, "duration": 6, "velocity": 96}, {"time": 65, "pitch": 81, "duration": 6, "velocity": 80}, {"time": 71, "pitch": 81, "duration": 6, "velocity": 80}, {"time": 77, "pitch": 79, "duration": 6, "velocity": 80}, {"time": 83, "pitch": 78, "duration": 6, "velocity": 75}, {"time": 89, "pitch": 79, "duration": 6, "velocity": 79}, {"time": 95, "pitch": 72, "duration": 4, "velocity": 80}, {"time": 101, "pitch": 74, "duration": 4, "velocity": 87}, {"time": 107, "pitch": 75, "duration": 5, "velocity": 82}, {"time": 114, "pitch": 77, "duration": 1, "velocity": 87}, {"time": 115, "pitch": 77, "duration": 1, "velocity": 87}, {"time": 116, "pitch": 77, "duration": 1, "velocity": 87}, {"time": 117, "pitch": 77, "duration": 1, "velocity": 87}, {"time": 118, "pitch": 77, "duration": 1, "velocity": 87}, {"time": 119, "pitch": 77, "duration": 1, "velocity": 87}, {"time": 125, "pitch": 82, "duration": 4, "velocity": 81}, {"time": 131, "pitch": 82, "duration": 4, "velocity": 87}, {"time": 137, "pitch": 77, "duration": 11, "velocity": 81}, {"time": 148, "pitch": 81, "duration": 2, "velocity": 74}, {"time": 149, "pitch": 82, "duration": 8, "velocity": 87}, {"time": 161, "pitch": 77, "duration": 4, "velocity": 84}, {"time": 167, "pitch": 75, "duration": 4, "velocity": 84}, {"time": 173, "pitch": 74, "duration": 3, "velocity": 86}, {"time": 179, "pitch": 72, "duration": 4, "velocity": 86}, {"time": 185, "pitch": 70, "duration": 11, "velocity": 82}, {"time": 197, "pitch": 91, "duration": 1, "velocity": 80}, {"time": 197, "pitch": 89, "duration": 3, "velocity": 81}, {"time": 199, "pitch": 88, "duration": 1, "velocity": 67}, {"time": 200, "pitch": 86, "duration": 1, "velocity": 73}, {"time": 201, "pitch": 84, "duration": 1, "velocity": 74}, {"time": 201, "pitch": 83, "duration": 2, "velocity": 67}, {"time": 202, "pitch": 81, "duration": 2, "velocity": 63}, {"time": 203, "pitch": 79, "duration": 3, "velocity": 59}, {"time": 205, "pitch": 77, "duration": 2, "velocity": 55}, {"time": 206, "pitch": 76, "duration": 2, "velocity": 55}, {"time": 208, "pitch": 74, "duration": 1, "velocity": 58}, {"time": 245, "pitch": 81, "duration": 1, "velocity": 81}, {"time": 246, "pitch": 82, "duration": 2, "velocity": 80}, {"time": 292, "pitch": 81, "duration": 1, "velocity": 78}, {"time": 293, "pitch": 82, "duration": 2, "velocity": 82}, {"time": 401, "pitch": 74, "duration": 7, "velocity": 86}, {"time": 407, "pitch": 75, "duration": 5, "velocity": 84}, {"time": 413, "pitch": 77, "duration": 5, "velocity": 80}, {"time": 419, "pitch": 79, "duration": 5, "velocity": 79}, {"time": 425, "pitch": 77, "duration": 17, "velocity": 82}, {"time": 436, "pitch": 81, "duration": 1, "velocity": 71}, {"time": 437, "pitch": 82, "duration": 2, "velocity": 83}, {"time": 449, "pitch": 74, "duration": 5, "velocity": 82}, {"time": 455, "pitch": 75, "duration": 4, "velocity": 81}, {"time": 461, "pitch": 77, "duration": 5, "velocity": 81}, {"time": 466, "pitch": 79, "duration": 7, "velocity": 72}, {"time": 473, "pitch": 77, "duration": 12, "velocity": 83}, {"time": 484, "pitch": 81, "duration": 1, "velocity": 69}, {"time": 485, "pitch": 82, "duration": 3, "velocity": 81}, {"time": 496, "pitch": 72, "duration": 5, "velocity": 81}, {"time": 502, "pitch": 74, "duration": 6, "velocity": 89}, {"time": 508, "pitch": 75, "duration": 6, "velocity": 81}, {"time": 514, "pitch": 79, "duration": 7, "velocity": 82}, {"time": 520, "pitch": 77, "duration": 7, "velocity": 81}, {"time": 526, "pitch": 75, "duration": 8, "velocity": 80}, {"time": 533, "pitch": 74, "duration": 5, "velocity": 82}, {"time": 539, "pitch": 72, "duration": 4, "velocity": 80}, {"time": 545, "pitch": 74, "duration": 19, "velocity": 80}, {"time": 545, "pitch": 70, "duration": 19, "velocity": 69}, {"time": 557, "pitch": 72, "duration": 3, "velocity": 81}, {"time": 563, "pitch": 74, "duration": 1, "velocity": 94}, {"time": 569, "pitch": 75, "duration": 5, "velocity": 85}, {"time": 575, "pitch": 77, "duration": 4, "velocity": 80}, {"time": 581, "pitch": 79, "duration": 4, "velocity": 81}, {"time": 587, "pitch": 81, "duration": 4, "velocity": 80}, {"time": 593, "pitch": 82, "duration": 21, "velocity": 79}, {"time": 623, "pitch": 82, "duration": 8, "velocity": 91}, {"time": 629, "pitch": 81, "duration": 6, "velocity": 81}, {"time": 635, "pitch": 79, "duration": 7, "velocity": 82}, {"time": 641, "pitch": 81, "duration": 23, "velocity": 82}, {"time": 719, "pitch": 70, "duration": 7, "velocity": 75}, {"time": 725, "pitch": 72, "duration": 7, "velocity": 80}, {"time": 731, "pitch": 74, "duration": 7, "velocity": 85}, {"time": 737, "pitch": 75, "duration": 13, "velocity": 81}, {"time": 749, "pitch": 74, "duration": 13, "velocity": 85}, {"time": 761, "pitch": 72, "duration": 22, "velocity": 82}, {"time": 767, "pitch": 77, "duration": 5, "velocity": 81}, {"time": 773, "pitch": 82, "duration": 6, "velocity": 81}, {"time": 779, "pitch": 84, "duration": 6, "velocity": 83}, {"time": 785, "pitch": 86, "duration": 28, "velocity": 83}, {"time": 827, "pitch": 82, "duration": 7, "velocity": 72}, {"time": 833, "pitch": 81, "duration": 24, "velocity": 73}, {"time": 857, "pitch": 79, "duration": 25, "velocity": 78}, {"time": 881, "pitch": 65, "duration": 9, "velocity": 80}, {"time": 881, "pitch": 77, "duration": 9, "velocity": 80}, {"time": 893, "pitch": 70, "duration": 3, "velocity": 72}, {"time": 893, "pitch": 82, "duration": 5, "velocity": 81}, {"time": 905, "pitch": 62, "duration": 5, "velocity": 70}, {"time": 905, "pitch": 74, "duration": 5, "velocity": 81}, {"time": 911, "pitch": 67, "duration": 3, "velocity": 76}, {"time": 911, "pitch": 79, "duration": 4, "velocity": 75}, {"time": 917, "pitch": 65, "duration": 4, "velocity": 76}, {"time": 917, "pitch": 77, "duration": 6, "velocity": 74}, {"time": 929, "pitch": 60, "duration": 4, "velocity": 76}, {"time": 929, "pitch": 72, "duration": 4, "velocity": 75}, {"time": 935, "pitch": 63, "duration": 3, "velocity": 70}, {"time": 935, "pitch": 75, "duration": 4, "velocity": 81}, {"time": 941, "pitch": 62, "duration": 4, "velocity": 71}, {"time": 941, "pitch": 74, "duration": 4, "velocity": 74}, {"time": 947, "pitch": 60, "duration": 3, "velocity": 76}, {"time": 947, "pitch": 72, "duration": 3, "velocity": 80}, {"time": 953, "pitch": 58, "duration": 21, "velocity": 72}, {"time": 953, "pitch": 70, "duration": 21, "velocity": 67}, {"time": 977, "pitch": 77, "duration": 11, "velocity": 85}, {"time": 989, "pitch": 82, "duration": 8, "velocity": 85}, {"time": 1001, "pitch": 74, "duration": 5, "velocity": 91}, {"time": 1007, "pitch": 79, "duration": 5, "velocity": 82}, {"time": 1013, "pitch": 77, "duration": 8, "velocity": 87}, {"time": 1025, "pitch": 72, "duration": 5, "velocity": 81}, {"time": 1031, "pitch": 75, "duration": 5, "velocity": 85}, {"time": 1037, "pitch": 74, "duration": 5, "velocity": 91}, {"time": 1043, "pitch": 72, "duration": 5, "velocity": 81}, {"time": 1049, "pitch": 70, "duration": 21, "velocity": 81}, {"time": 1073, "pitch": 70, "duration": 1, "velocity": 87}, {"time": 1074, "pitch": 70, "duration": 2, "velocity": 87}, {"time": 1076, "pitch": 70, "duration": 1, "velocity": 87}, {"time": 1077, "pitch": 70, "duration": 1, "velocity": 87}, {"time": 1078, "pitch": 70, "duration": 1, "velocity": 87}, {"time": 1079, "pitch": 70, "duration": 1, "velocity": 87}, {"time": 1085, "pitch": 82, "duration": 4, "velocity": 87}, {"time": 1091, "pitch": 82, "duration": 4, "velocity": 87}, {"time": 1098, "pitch": 70, "duration": 1, "velocity": 87}, {"time": 1099, "pitch": 70, "duration": 1, "velocity": 87}, {"time": 1100, "pitch": 70, "duration": 1, "velocity": 87}, {"time": 1101, "pitch": 70, "duration": 1, "velocity": 87}, {"time": 1102, "pitch": 70, "duration": 1, "velocity": 87}, {"time": 1103, "pitch": 70, "duration": 1, "velocity": 87}, {"time": 1109, "pitch": 81, "duration": 1, "velocity": 91}, {"time": 1109, "pitch": 82, "duration": 6, "velocity": 96}, {"time": 1121, "pitch": 81, "duration": 6, "velocity": 80}, {"time": 1127, "pitch": 81, "duration": 6, "velocity": 80}, {"time": 1133, "pitch": 79, "duration": 6, "velocity": 80}, {"time": 1139, "pitch": 78, "duration": 6, "velocity": 75}, {"time": 1145, "pitch": 79, "duration": 6, "velocity": 79}, {"time": 1151, "pitch": 72, "duration": 4, "velocity": 80}, {"time": 1157, "pitch": 74, "duration": 4, "velocity": 87}, {"time": 1163, "pitch": 75, "duration": 5, "velocity": 82}, {"time": 1170, "pitch": 77, "duration": 1, "velocity": 87}, {"time": 1171, "pitch": 77, "duration": 1, "velocity": 87}, {"time": 1172, "pitch": 77, "duration": 1, "velocity": 87}, {"time": 1173, "pitch": 77, "duration": 1, "velocity": 87}, {"time": 1174, "pitch": 77, "duration": 1, "velocity": 87}, {"time": 1175, "pitch": 77, "duration": 1, "velocity": 87}, {"time": 1181, "pitch": 82, "duration": 4, "velocity": 81}, {"time": 1187, "pitch": 82, "duration": 4, "velocity": 87}, {"time": 1193, "pitch": 77, "duration": 11, "velocity": 81}, {"time": 1204, "pitch": 81, "duration": 2, "velocity": 74}, {"time": 1205, "pitch": 82, "duration": 8, "velocity": 87}, {"time": 1217, "pitch": 77, "duration": 4, "velocity": 84}, {"time": 1223, "pitch": 75, "duration": 4, "velocity": 84}, {"time": 1229, "pitch": 74, "duration": 3, "velocity": 86}, {"time": 1235, "pitch": 72, "duration": 4, "velocity": 86}, {"time": 1241, "pitch": 70, "duration": 11, "velocity": 82}, {"time": 1253, "pitch": 91, "duration": 1, "velocity": 80}, {"time": 1253, "pitch": 89, "duration": 3, "velocity": 81}, {"time": 1255, "pitch": 88, "duration": 1, "velocity": 67}, {"time": 1256, "pitch": 86, "duration": 1, "velocity": 73}, {"time": 1257, "pitch": 84, "duration": 1, "velocity": 74}, {"time": 1257, "pitch": 83, "duration": 2, "velocity": 67}, {"time": 1258, "pitch": 81, "duration": 2, "velocity": 63}, {"time": 1259, "pitch": 79, "duration": 3, "velocity": 59}, {"time": 1261, "pitch": 77, "duration": 2, "velocity": 55}, {"time": 1262, "pitch": 76, "duration": 2, "velocity": 55}, {"time": 1264, "pitch": 74, "duration": 1, "velocity": 58}, {"time": 1301, "pitch": 81, "duration": 1, "velocity": 81}, {"time": 1302, "pitch": 82, "duration": 2, "velocity": 80}, {"time": 1348, "pitch": 81, "duration": 1, "velocity": 78}, {"time": 1349, "pitch": 82, "duration": 2, "velocity": 82}, {"time": 1457, "pitch": 74, "duration": 7, "velocity": 86}, {"time": 1463, "pitch": 75, "duration": 5, "velocity": 84}, {"time": 1469, "pitch": 77, "duration": 5, "velocity": 80}, {"time": 1475, "pitch": 79, "duration": 5, "velocity": 79}, {"time": 1481, "pitch": 77, "duration": 17, "velocity": 82}, {"time": 1492, "pitch": 81, "duration": 1, "velocity": 71}, {"time": 1493, "pitch": 82, "duration": 2, "velocity": 83}, {"time": 1505, "pitch": 74, "duration": 5, "velocity": 82}, {"time": 1511, "pitch": 75, "duration": 4, "velocity": 81}, {"time": 1517, "pitch": 77, "duration": 5, "velocity": 81}, {"time": 1522, "pitch": 79, "duration": 7, "velocity": 72}, {"time": 1529, "pitch": 77, "duration": 12, "velocity": 83}, {"time": 1540, "pitch": 81, "duration": 1, "velocity": 69}, {"time": 1541, "pitch": 82, "duration": 3, "velocity": 81}, {"time": 1552, "pitch": 72, "duration": 5, "velocity": 81}, {"time": 1558, "pitch": 74, "duration": 6, "velocity": 89}, {"time": 1564, "pitch": 75, "duration": 6, "velocity": 81}, {"time": 1570, "pitch": 79, "duration": 7, "velocity": 82}, {"time": 1576, "pitch": 77, "duration": 7, "velocity": 81}, {"time": 1582, "pitch": 75, "duration": 8, "velocity": 80}, {"time": 1589, "pitch": 74, "duration": 5, "velocity": 82}, {"time": 1595, "pitch": 72, "duration": 4, "velocity": 80}, {"time": 1601, "pitch": 74, "duration": 19, "velocity": 80}, {"time": 1601, "pitch": 70, "duration": 19, "velocity": 69}, {"time": 1613, "pitch": 72, "duration": 3, "velocity": 81}, {"time": 1619, "pitch": 74, "duration": 1, "velocity": 94}, {"time": 1625, "pitch": 75, "duration": 5, "velocity": 85}, {"time": 1631, "pitch": 77, "duration": 4, "velocity": 80}, {"time": 1637, "pitch": 79, "duration": 4, "velocity": 81}, {"time": 1643, "pitch": 81, "duration": 4, "velocity": 80}, {"time": 1649, "pitch": 82, "duration": 21, "velocity": 79}, {"time": 1679, "pitch": 82, "duration": 8, "velocity": 91}, {"time": 1685, "pitch": 81, "duration": 6, "velocity": 81}, {"time": 1691, "pitch": 79, "duration": 7, "velocity": 82}, {"time": 1697, "pitch": 81, "duration": 23, "velocity": 82}, {"time": 1775, "pitch": 70, "duration": 7, "velocity": 75}, {"time": 1781, "pitch": 72, "duration": 7, "velocity": 80}, {"time": 1787, "pitch": 74, "duration": 7, "velocity": 85}, {"time": 1793, "pitch": 75, "duration": 13, "velocity": 81}, {"time": 1805, "pitch": 74, "duration": 13, "velocity": 85}, {"time": 1817, "pitch": 72, "duration": 22, "velocity": 82}, {"time": 1823, "pitch": 77, "duration": 5, "velocity": 81}, {"time": 1829, "pitch": 82, "duration": 6, "velocity": 81}, {"time": 1835, "pitch": 84, "duration": 6, "velocity": 83}, {"time": 1841, "pitch": 86, "duration": 28, "velocity": 83}, {"time": 1883, "pitch": 82, "duration": 7, "velocity": 72}, {"time": 1889, "pitch": 81, "duration": 24, "velocity": 73}, {"time": 1913, "pitch": 79, "duration": 25, "velocity": 78}, {"time": 1937, "pitch": 65, "duration": 9, "velocity": 80}, {"time": 1937, "pitch": 77, "duration": 9, "velocity": 80}, {"time": 1949, "pitch": 70, "duration": 3, "velocity": 72}, {"time": 1949, "pitch": 82, "duration": 5, "velocity": 81}, {"time": 1961, "pitch": 62, "duration": 5, "velocity": 70}, {"time": 1961, "pitch": 74, "duration": 5, "velocity": 81}, {"time": 1967, "pitch": 67, "duration": 3, "velocity": 76}, {"time": 1967, "pitch": 79, "duration": 4, "velocity": 75}, {"time": 1973, "pitch": 65, "duration": 4, "velocity": 76}, {"time": 1973, "pitch": 77, "duration": 6, "velocity": 74}, {"time": 1985, "pitch": 60, "duration": 4, "velocity": 76}, {"time": 1985, "pitch": 72, "duration": 4, "velocity": 75}, {"time": 1991, "pitch": 63, "duration": 3, "velocity": 70}, {"time": 1991, "pitch": 75, "duration": 4, "velocity": 81}, {"time": 1997, "pitch": 62, "duration": 4, "velocity": 71}, {"time": 1997, "pitch": 74, "duration": 4, "velocity": 74}, {"time": 2003, "pitch": 60, "duration": 3, "velocity": 76}, {"time": 2003, "pitch": 72, "duration": 3, "velocity": 80}, {"time": 2009, "pitch": 58, "duration": 21, "velocity": 72}, {"time": 2009, "pitch": 70, "duration": 21, "velocity": 67}, {"time": 2033, "pitch": 77, "duration": 11, "velocity": 85}, {"time": 2045, "pitch": 82, "duration": 8, "velocity": 85}, {"time": 2057, "pitch": 74, "duration": 5, "velocity": 91}, {"time": 2063, "pitch": 79, "duration": 5, "velocity": 82}, {"time": 2069, "pitch": 77, "duration": 8, "velocity": 87}, {"time": 2081, "pitch": 72, "duration": 5, "velocity": 81}, {"time": 2087, "pitch": 75, "duration": 5, "velocity": 85}, {"time": 2093, "pitch": 74, "duration": 5, "velocity": 91}, {"time": 2099, "pitch": 72, "duration": 5, "velocity": 81}, {"time": 2105, "pitch": 70, "duration": 12, "velocity": 81}, {"time": 2117, "pitch": 70, "duration": 2, "velocity": 87}, {"time": 2120, "pitch": 72, "duration": 2, "velocity": 80}, {"time": 2123, "pitch": 74, "duration": 3, "velocity": 78}, {"time": 2126, "pitch": 75, "duration": 2, "velocity": 94}, {"time": 2129, "pitch": 77, "duration": 9, "velocity": 85}, {"time": 2141, "pitch": 79, "duration": 4, "velocity": 82}, {"time": 2147, "pitch": 81, "duration": 4, "velocity": 81}, {"time": 2153, "pitch": 82, "duration": 7, "velocity": 86}, {"time": 2165, "pitch": 77, "duration": 3, "velocity": 78}, {"time": 2165, "pitch": 82, "duration": 3, "velocity": 80}, {"time": 2171, "pitch": 77, "duration": 3, "velocity": 73}, {"time": 2171, "pitch": 82, "duration": 3, "velocity": 76}, {"time": 2177, "pitch": 77, "duration": 7, "velocity": 81}, {"time": 2177, "pitch": 82, "duration": 7, "velocity": 82}]}, {"program": 0, "is_drum": false, "name": "PIANO", "notes": [{"time": 17, "pitch": 46, "duration": 10, "velocity": 83}, {"time": 23, "pitch": 53, "duration": 2, "velocity": 76}, {"time": 23, "pitch": 58, "duration": 2, "velocity": 76}, {"time": 23, "pitch": 62, "duration": 3, "velocity": 80}, {"time": 29, "pitch": 41, "duration": 6, "velocity": 79}, {"time": 29, "pitch": 53, "duration": 3, "velocity": 73}, {"time": 29, "pitch": 58, "duration": 3, "velocity": 78}, {"time": 29, "pitch": 62, "duration": 3, "velocity": 81}, {"time": 35, "pitch": 53, "duration": 3, "velocity": 75}, {"time": 35, "pitch": 58, "duration": 2, "velocity": 79}, {"time": 35, "pitch": 62, "duration": 3, "velocity": 75}, {"time": 41, "pitch": 46, "duration": 8, "velocity": 72}, {"time": 47, "pitch": 53, "duration": 2, "velocity": 73}, {"time": 47, "pitch": 58, "duration": 2, "velocity": 71}, {"time": 47, "pitch": 62, "duration": 2, "velocity": 75}, {"time": 53, "pitch": 41, "duration": 6, "velocity": 78}, {"time": 53, "pitch": 53, "duration": 3, "velocity": 74}, {"time": 53, "pitch": 58, "duration": 3, "velocity": 73}, {"time": 53, "pitch": 62, "duration": 3, "velocity": 76}, {"time": 59, "pitch": 53, "duration": 2, "velocity": 80}, {"time": 59, "pitch": 58, "duration": 2, "velocity": 81}, {"time": 59, "pitch": 62, "duration": 3, "velocity": 77}, {"time": 65, "pitch": 50, "duration": 8, "velocity": 83}, {"time": 71, "pitch": 57, "duration": 2, "velocity": 75}, {"time": 71, "pitch": 62, "duration": 2, "velocity": 80}, {"time": 71, "pitch": 66, "duration": 3, "velocity": 76}, {"time": 77, "pitch": 45, "duration": 7, "velocity": 80}, {"time": 77, "pitch": 57, "duration": 2, "velocity": 74}, {"time": 77, "pitch": 62, "duration": 3, "velocity": 79}, {"time": 77, "pitch": 66, "duration": 3, "velocity": 74}, {"time": 83, "pitch": 57, "duration": 4, "velocity": 72}, {"time": 83, "pitch": 62, "duration": 3, "velocity": 79}, {"time": 83, "pitch": 66, "duration": 3, "velocity": 77}, {"time": 89, "pitch": 43, "duration": 7, "velocity": 78}, {"time": 95, "pitch": 55, "duration": 2, "velocity": 71}, {"time": 95, "pitch": 58, "duration": 2, "velocity": 80}, {"time": 95, "pitch": 62, "duration": 3, "velocity": 79}, {"time": 101, "pitch": 50, "duration": 7, "velocity": 78}, {"time": 101, "pitch": 55, "duration": 2, "velocity": 76}, {"time": 101, "pitch": 58, "duration": 2, "velocity": 80}, {"time": 101, "pitch": 62, "duration": 3, "velocity": 78}, {"time": 107, "pitch": 55, "duration": 3, "velocity": 77}, {"time": 107, "pitch": 58, "duration": 3, "velocity": 82}, {"time": 107, "pitch": 62, "duration": 3, "velocity": 80}, {"time": 113, "pitch": 46, "duration": 8, "velocity": 74}, {"time": 119, "pitch": 53, "duration": 2, "velocity": 76}, {"time": 119, "pitch": 58, "duration": 2, "velocity": 79}, {"time": 119, "pitch": 62, "duration": 3, "velocity": 79}, {"time": 125, "pitch": 41, "duration": 6, "velocity": 81}, {"time": 125, "pitch": 53, "duration": 2, "velocity": 74}, {"time": 125, "pitch": 58, "duration": 2, "velocity": 76}, {"time": 125, "pitch": 62, "duration": 2, "velocity": 74}, {"time": 131, "pitch": 53, "duration": 3, "velocity": 78}, {"time": 131, "pitch": 58, "duration": 2, "velocity": 76}, {"time": 131, "pitch": 62, "duration": 3, "velocity": 76}, {"time": 137, "pitch": 46, "duration": 9, "velocity": 82}, {"time": 143, "pitch": 53, "duration": 2, "velocity": 74}, {"time": 143, "pitch": 58, "duration": 2, "velocity": 74}, {"time": 143, "pitch": 62, "duration": 2, "velocity": 76}, {"time": 149, "pitch": 41, "duration": 7, "velocity": 80}, {"time": 149, "pitch": 53, "duration": 3, "velocity": 74}, {"time": 149, "pitch": 58, "duration": 3, "velocity": 73}, {"time": 149, "pitch": 62, "duration": 3, "velocity": 75}, {"time": 155, "pitch": 53, "duration": 3, "velocity": 77}, {"time": 155, "pitch": 58, "duration": 2, "velocity": 79}, {"time": 155, "pitch": 62, "duration": 3, "velocity": 75}, {"time": 161, "pitch": 41, "duration": 8, "velocity": 80}, {"time": 167, "pitch": 53, "duration": 2, "velocity": 76}, {"time": 167, "pitch": 57, "duration": 2, "velocity": 73}, {"time": 167, "pitch": 60, "duration": 3, "velocity": 75}, {"time": 173, "pitch": 48, "duration": 8, "velocity": 78}, {"time": 173, "pitch": 53, "duration": 2, "velocity": 75}, {"time": 173, "pitch": 57, "duration": 3, "velocity": 77}, {"time": 173, "pitch": 60, "duration": 3, "velocity": 76}, {"time": 179, "pitch": 53, "duration": 3, "velocity": 80}, {"time": 179, "pitch": 57, "duration": 3, "velocity": 79}, {"time": 179, "pitch": 60, "duration": 3, "velocity": 76}, {"time": 185, "pitch": 46, "duration": 8, "velocity": 76}, {"time": 185, "pitch": 62, "duration": 11, "velocity": 70}, {"time": 185, "pitch": 65, "duration": 11, "velocity": 73}, {"time": 197, "pitch": 46, "duration": 6, "velocity": 78}, {"time": 197, "pitch": 53, "duration": 5, "velocity": 80}, {"time": 197, "pitch": 58, "duration": 5, "velocity": 82}, {"time": 197, "pitch": 70, "duration": 5, "velocity": 82}, {"time": 209, "pitch": 46, "duration": 9, "velocity": 81}, {"time": 215, "pitch": 53, "duration": 2, "velocity": 76}, {"time": 215, "pitch": 58, "duration": 2, "velocity": 80}, {"time": 215, "pitch": 62, "duration": 3, "velocity": 80}, {"time": 221, "pitch": 41, "duration": 6, "velocity": 80}, {"time": 221, "pitch": 53, "duration": 2, "velocity": 69}, {"time": 221, "pitch": 58, "duration": 2, "velocity": 72}, {"time": 221, "pitch": 62, "duration": 3, "velocity": 75}, {"time": 227, "pitch": 53, "duration": 2, "velocity": 73}, {"time": 227, "pitch": 58, "duration": 2, "velocity": 81}, {"time": 227, "pitch": 62, "duration": 3, "velocity": 77}, {"time": 233, "pitch": 46, "duration": 8, "velocity": 78}, {"time": 239, "pitch": 53, "duration": 2, "velocity": 75}, {"time": 239, "pitch": 58, "duration": 2, "velocity": 75}, {"time": 239, "pitch": 62, "duration": 2, "velocity": 75}, {"time": 245, "pitch": 41, "duration": 6, "velocity": 80}, {"time": 245, "pitch": 53, "duration": 2, "velocity": 74}, {"time": 245, "pitch": 58, "duration": 2, "velocity": 74}, {"time": 245, "pitch": 62, "duration": 2, "velocity": 74}, {"time": 251, "pitch": 53, "duration": 3, "velocity": 77}, {"time": 251, "pitch": 58, "duration": 3, "velocity": 76}, {"time": 251, "pitch": 62, "duration": 3, "velocity": 77}, {"time": 257, "pitch": 46, "duration": 8, "velocity": 80}, {"time": 263, "pitch": 53, "duration": 2, "velocity": 73}, {"time": 263, "pitch": 58, "duration": 2, "velocity": 78}, {"time": 263, "pitch": 62, "duration": 2, "velocity": 79}, {"time": 269, "pitch": 41, "duration": 6, "velocity": 79}, {"time": 269, "pitch": 53, "duration": 2, "velocity": 72}, {"time": 269, "pitch": 58, "duration": 2, "velocity": 73}, {"time": 269, "pitch": 62, "duration": 2, "velocity": 76}, {"time": 275, "pitch": 53, "duration": 2, "velocity": 75}, {"time": 275, "pitch": 58, "duration": 2, "velocity": 75}, {"time": 275, "pitch": 62, "duration": 2, "velocity": 74}, {"time": 281, "pitch": 46, "duration": 8, "velocity": 82}, {"time": 287, "pitch": 53, "duration": 2, "velocity": 74}, {"time": 287, "pitch": 58, "duration": 2, "velocity": 75}, {"time": 287, "pitch": 62, "duration": 2, "velocity": 76}, {"time": 293, "pitch": 41, "duration": 6, "velocity": 80}, {"time": 293, "pitch": 53, "duration": 2, "velocity": 74}, {"time": 293, "pitch": 58, "duration": 2, "velocity": 73}, {"time": 293, "pitch": 62, "duration": 2, "velocity": 76}, {"time": 299, "pitch": 53, "duration": 2, "velocity": 76}, {"time": 299, "pitch": 58, "duration": 2, "velocity": 78}, {"time": 299, "pitch": 62, "duration": 3, "velocity": 76}, {"time": 305, "pitch": 46, "duration": 9, "velocity": 87}, {"time": 311, "pitch": 53, "duration": 2, "velocity": 76}, {"time": 311, "pitch": 58, "duration": 2, "velocity": 75}, {"time": 311, "pitch": 62, "duration": 2, "velocity": 80}, {"time": 317, "pitch": 41, "duration": 7, "velocity": 80}, {"time": 317, "pitch": 53, "duration": 2, "velocity": 75}, {"time": 317, "pitch": 58, "duration": 2, "velocity": 78}, {"time": 317, "pitch": 62, "duration": 2, "velocity": 75}, {"time": 323, "pitch": 53, "duration": 3, "velocity": 80}, {"time": 323, "pitch": 58, "duration": 2, "velocity": 81}, {"time": 323, "pitch": 62, "duration": 3, "velocity": 78}, {"time": 329, "pitch": 41, "duration": 7, "velocity": 79}, {"time": 335, "pitch": 53, "duration": 2, "velocity": 75}, {"time": 335, "pitch": 57, "duration": 2, "velocity": 80}, {"time": 335, "pitch": 60, "duration": 2, "velocity": 80}, {"time": 341, "pitch": 48, "duration": 7, "velocity": 77}, {"time": 341, "pitch": 53, "duration": 2, "velocity": 71}, {"time": 341, "pitch": 57, "duration": 2, "velocity": 72}, {"time": 341, "pitch": 60, "duration": 3, "velocity": 74}, {"time": 347, "pitch": 53, "duration": 3, "velocity": 76}, {"time": 347, "pitch": 57, "duration": 2, "velocity": 79}, {"time": 347, "pitch": 60, "duration": 3, "velocity": 80}, {"time": 353, "pitch": 41, "duration": 8, "velocity": 80}, {"time": 359, "pitch": 53, "duration": 2, "velocity": 71}, {"time": 359, "pitch": 57, "duration": 2, "velocity": 69}, {"time": 359, "pitch": 60, "duration": 2, "velocity": 76}, {"time": 365, "pitch": 48, "duration": 6, "velocity": 76}, {"time": 365, "pitch": 53, "duration": 2, "velocity": 73}, {"time": 365, "pitch": 57, "duration": 2, "velocity": 74}, {"time": 365, "pitch": 60, "duration": 3, "velocity": 75}, {"time": 371, "pitch": 53, "duration": 3, "velocity": 75}, {"time": 371, "pitch": 57, "duration": 3, "velocity": 79}, {"time": 371, "pitch": 60, "duration": 4, "velocity": 79}, {"time": 377, "pitch": 41, "duration": 9, "velocity": 80}, {"time": 383, "pitch": 53, "duration": 2, "velocity": 71}, {"time": 383, "pitch": 57, "duration": 2, "velocity": 57}, {"time": 383, "pitch": 60, "duration": 3, "velocity": 74}, {"time": 389, "pitch": 53, "duration": 3, "velocity": 75}, {"time": 389, "pitch": 57, "duration": 3, "velocity": 76}, {"time": 389, "pitch": 60, "duration": 4, "velocity": 77}, {"time": 395, "pitch": 53, "duration": 3, "velocity": 80}, {"time": 395, "pitch": 57, "duration": 3, "velocity": 81}, {"time": 395, "pitch": 60, "duration": 4, "velocity": 81}, {"time": 401, "pitch": 46, "duration": 7, "velocity": 76}, {"time": 407, "pitch": 53, "duration": 2, "velocity": 74}, {"time": 407, "pitch": 58, "duration": 2, "velocity": 77}, {"time": 407, "pitch": 62, "duration": 3, "velocity": 76}, {"time": 413, "pitch": 41, "duration": 6, "velocity": 76}, {"time": 413, "pitch": 53, "duration": 2, "velocity": 75}, {"time": 413, "pitch": 58, "duration": 2, "velocity": 75}, {"time": 413, "pitch": 62, "duration": 3, "velocity": 77}, {"time": 419, "pitch": 53, "duration": 3, "velocity": 76}, {"time": 419, "pitch": 58, "duration": 2, "velocity": 77}, {"time": 419, "pitch": 62, "duration": 3, "velocity": 76}, {"time": 425, "pitch": 46, "duration": 2, "velocity": 65}, {"time": 431, "pitch": 53, "duration": 2, "velocity": 75}, {"time": 431, "pitch": 58, "duration": 2, "velocity": 80}, {"time": 431, "pitch": 62, "duration": 3, "velocity": 77}, {"time": 437, "pitch": 41, "duration": 5, "velocity": 80}, {"time": 437, "pitch": 53, "duration": 2, "velocity": 78}, {"time": 437, "pitch": 58, "duration": 2, "velocity": 78}, {"time": 437, "pitch": 62, "duration": 2, "velocity": 79}, {"time": 443, "pitch": 53, "duration": 2, "velocity": 77}, {"time": 443, "pitch": 58, "duration": 2, "velocity": 77}, {"time": 443, "pitch": 62, "duration": 2, "velocity": 77}, {"time": 449, "pitch": 46, "duration": 8, "velocity": 85}, {"time": 449, "pitch": 53, "duration": 2, "velocity": 70}, {"time": 449, "pitch": 58, "duration": 2, "velocity": 72}, {"time": 449, "pitch": 62, "duration": 2, "velocity": 73}, {"time": 455, "pitch": 53, "duration": 2, "velocity": 74}, {"time": 455, "pitch": 58, "duration": 2, "velocity": 75}, {"time": 455, "pitch": 62, "duration": 2, "velocity": 75}, {"time": 461, "pitch": 41, "duration": 6, "velocity": 79}, {"time": 461, "pitch": 53, "duration": 2, "velocity": 70}, {"time": 461, "pitch": 58, "duration": 2, "velocity": 71}, {"time": 461, "pitch": 62, "duration": 2, "velocity": 73}, {"time": 467, "pitch": 53, "duration": 3, "velocity": 75}, {"time": 467, "pitch": 58, "duration": 2, "velocity": 80}, {"time": 467, "pitch": 62, "duration": 3, "velocity": 80}, {"time": 473, "pitch": 46, "duration": 8, "velocity": 78}, {"time": 479, "pitch": 53, "duration": 2, "velocity": 73}, {"time": 479, "pitch": 58, "duration": 2, "velocity": 73}, {"time": 479, "pitch": 62, "duration": 2, "velocity": 74}, {"time": 485, "pitch": 41, "duration": 6, "velocity": 80}, {"time": 485, "pitch": 53, "duration": 3, "velocity": 74}, {"time": 485, "pitch": 58, "duration": 2, "velocity": 73}, {"time": 485, "pitch": 62, "duration": 3, "velocity": 76}, {"time": 491, "pitch": 53, "duration": 2, "velocity": 75}, {"time": 491, "pitch": 58, "duration": 2, "velocity": 81}, {"time": 491, "pitch": 62, "duration": 3, "velocity": 76}, {"time": 497, "pitch": 48, "duration": 8, "velocity": 73}, {"time": 503, "pitch": 55, "duration": 2, "velocity": 72}, {"time": 503, "pitch": 60, "duration": 3, "velocity": 78}, {"time": 503, "pitch": 63, "duration": 3, "velocity": 74}, {"time": 509, "pitch": 43, "duration": 6, "velocity": 77}, {"time": 509, "pitch": 55, "duration": 3, "velocity": 75}, {"time": 509, "pitch": 60, "duration": 3, "velocity": 81}, {"time": 509, "pitch": 63, "duration": 3, "velocity": 80}, {"time": 515, "pitch": 55, "duration": 4, "velocity": 76}, {"time": 515, "pitch": 60, "duration": 3, "velocity": 81}, {"time": 515, "pitch": 63, "duration": 3, "velocity": 80}, {"time": 521, "pitch": 41, "duration": 6, "velocity": 77}, {"time": 527, "pitch": 53, "duration": 3, "velocity": 70}, {"time": 527, "pitch": 57, "duration": 3, "velocity": 70}, {"time": 527, "pitch": 60, "duration": 3, "velocity": 74}, {"time": 533, "pitch": 48, "duration": 7, "velocity": 75}, {"time": 533, "pitch": 53, "duration": 2, "velocity": 74}, {"time": 533, "pitch": 57, "duration": 2, "velocity": 76}, {"time": 533, "pitch": 60, "duration": 3, "velocity": 78}, {"time": 539, "pitch": 53, "duration": 3, "velocity": 74}, {"time": 539, "pitch": 57, "duration": 3, "velocity": 75}, {"time": 539, "pitch": 60, "duration": 3, "velocity": 74}, {"time": 545, "pitch": 46, "duration": 21, "velocity": 82}, {"time": 551, "pitch": 53, "duration": 2, "velocity": 72}, {"time": 551, "pitch": 58, "duration": 2, "velocity": 73}, {"time": 551, "pitch": 62, "duration": 3, "velocity": 79}, {"time": 557, "pitch": 53, "duration": 3, "velocity": 73}, {"time": 557, "pitch": 58, "duration": 3, "velocity": 76}, {"time": 557, "pitch": 62, "duration": 3, "velocity": 75}, {"time": 563, "pitch": 53, "duration": 4, "velocity": 74}, {"time": 563, "pitch": 58, "duration": 3, "velocity": 81}, {"time": 563, "pitch": 62, "duration": 4, "velocity": 76}, {"time": 569, "pitch": 41, "duration": 19, "velocity": 79}, {"time": 581, "pitch": 53, "duration": 3, "velocity": 79}, {"time": 581, "pitch": 58, "duration": 10, "velocity": 83}, {"time": 581, "pitch": 62, "duration": 11, "velocity": 81}, {"time": 587, "pitch": 53, "duration": 5, "velocity": 76}, {"time": 593, "pitch": 46, "duration": 9, "velocity": 84}, {"time": 599, "pitch": 53, "duration": 4, "velocity": 78}, {"time": 599, "pitch": 58, "duration": 3, "velocity": 85}, {"time": 599, "pitch": 62, "duration": 4, "velocity": 80}, {"time": 605, "pitch": 41, "duration": 9, "velocity": 81}, {"time": 611, "pitch": 53, "duration": 3, "velocity": 80}, {"time": 611, "pitch": 58, "duration": 3, "velocity": 84}, {"time": 611, "pitch": 62, "duration": 4, "velocity": 81}, {"time": 617, "pitch": 43, "duration": 8, "velocity": 80}, {"time": 623, "pitch": 55, "duration": 9, "velocity": 80}, {"time": 623, "pitch": 58, "duration": 10, "velocity": 86}, {"time": 623, "pitch": 62, "duration": 10, "velocity": 83}, {"time": 629, "pitch": 50, "duration": 12, "velocity": 74}, {"time": 635, "pitch": 55, "duration": 5, "velocity": 81}, {"time": 635, "pitch": 58, "duration": 3, "velocity": 85}, {"time": 635, "pitch": 62, "duration": 6, "velocity": 82}, {"time": 641, "pitch": 41, "duration": 8, "velocity": 80}, {"time": 647, "pitch": 53, "duration": 5, "velocity": 76}, {"time": 647, "pitch": 57, "duration": 4, "velocity": 76}, {"time": 647, "pitch": 60, "duration": 5, "velocity": 76}, {"time": 653, "pitch": 48, "duration": 9, "velocity": 76}, {"time": 659, "pitch": 53, "duration": 3, "velocity": 76}, {"time": 659, "pitch": 57, "duration": 3, "velocity": 76}, {"time": 659, "pitch": 60, "duration": 3, "velocity": 78}, {"time": 659, "pitch": 65, "duration": 3, "velocity": 72}, {"time": 665, "pitch": 41, "duration": 9, "velocity": 80}, {"time": 671, "pitch": 53, "duration": 9, "velocity": 74}, {"time": 671, "pitch": 57, "duration": 9, "velocity": 74}, {"time": 671, "pitch": 60, "duration": 8, "velocity": 79}, {"time": 677, "pitch": 48, "duration": 9, "velocity": 80}, {"time": 683, "pitch": 53, "duration": 3, "velocity": 80}, {"time": 683, "pitch": 57, "duration": 4, "velocity": 79}, {"time": 689, "pitch": 43, "duration": 12, "velocity": 78}, {"time": 695, "pitch": 55, "duration": 8, "velocity": 77}, {"time": 695, "pitch": 58, "duration": 8, "velocity": 85}, {"time": 695, "pitch": 62, "duration": 7, "velocity": 82}, {"time": 701, "pitch": 50, "duration": 9, "velocity": 76}, {"time": 707, "pitch": 55, "duration": 4, "velocity": 80}, {"time": 707, "pitch": 58, "duration": 4, "velocity": 85}, {"time": 707, "pitch": 62, "duration": 5, "velocity": 81}, {"time": 713, "pitch": 43, "duration": 14, "velocity": 76}, {"time": 719, "pitch": 55, "duration": 8, "velocity": 81}, {"time": 719, "pitch": 58, "duration": 9, "velocity": 82}, {"time": 719, "pitch": 62, "duration": 9, "velocity": 82}, {"time": 725, "pitch": 50, "duration": 4, "velocity": 78}, {"time": 731, "pitch": 55, "duration": 6, "velocity": 80}, {"time": 731, "pitch": 58, "duration": 4, "velocity": 82}, {"time": 731, "pitch": 62, "duration": 5, "velocity": 82}, {"time": 737, "pitch": 39, "duration": 9, "velocity": 80}, {"time": 743, "pitch": 55, "duration": 8, "velocity": 80}, {"time": 743, "pitch": 58, "duration": 8, "velocity": 86}, {"time": 743, "pitch": 63, "duration": 8, "velocity": 82}, {"time": 749, "pitch": 46, "duration": 8, "velocity": 74}, {"time": 755, "pitch": 55, "duration": 6, "velocity": 81}, {"time": 755, "pitch": 58, "duration": 5, "velocity": 85}, {"time": 755, "pitch": 63, "duration": 5, "velocity": 80}, {"time": 761, "pitch": 41, "duration": 9, "velocity": 71}, {"time": 767, "pitch": 53, "duration": 9, "velocity": 77}, {"time": 767, "pitch": 57, "duration": 9, "velocity": 77}, {"time": 767, "pitch": 60, "duration": 9, "velocity": 79}, {"time": 773, "pitch": 48, "duration": 8, "velocity": 81}, {"time": 779, "pitch": 53, "duration": 4, "velocity": 81}, {"time": 779, "pitch": 57, "duration": 4, "velocity": 82}, {"time": 779, "pitch": 60, "duration": 4, "velocity": 83}, {"time": 785, "pitch": 46, "duration": 9, "velocity": 71}, {"time": 791, "pitch": 53, "duration": 4, "velocity": 80}, {"time": 791, "pitch": 58, "duration": 4, "velocity": 81}, {"time": 791, "pitch": 62, "duration": 5, "velocity": 82}, {"time": 797, "pitch": 41, "duration": 8, "velocity": 79}, {"time": 803, "pitch": 53, "duration": 3, "velocity": 78}, {"time": 803, "pitch": 58, "duration": 3, "velocity": 80}, {"time": 803, "pitch": 62, "duration": 4, "velocity": 80}, {"time": 809, "pitch": 46, "duration": 10, "velocity": 81}, {"time": 815, "pitch": 53, "duration": 9, "velocity": 81}, {"time": 815, "pitch": 58, "duration": 10, "velocity": 82}, {"time": 815, "pitch": 62, "duration": 10, "velocity": 81}, {"time": 821, "pitch": 41, "duration": 8, "velocity": 81}, {"time": 827, "pitch": 53, "duration": 4, "velocity": 81}, {"time": 827, "pitch": 58, "duration": 3, "velocity": 86}, {"time": 827, "pitch": 62, "duration": 5, "velocity": 81}, {"time": 833, "pitch": 38, "duration": 9, "velocity": 82}, {"time": 839, "pitch": 50, "duration": 9, "velocity": 76}, {"time": 839, "pitch": 57, "duration": 8, "velocity": 80}, {"time": 845, "pitch": 45, "duration": 8, "velocity": 80}, {"time": 851, "pitch": 50, "duration": 4, "velocity": 84}, {"time": 851, "pitch": 57, "duration": 3, "velocity": 82}, {"time": 857, "pitch": 43, "duration": 8, "velocity": 79}, {"time": 863, "pitch": 55, "duration": 8, "velocity": 81}, {"time": 863, "pitch": 58, "duration": 9, "velocity": 85}, {"time": 863, "pitch": 62, "duration": 8, "velocity": 81}, {"time": 869, "pitch": 50, "duration": 7, "velocity": 76}, {"time": 875, "pitch": 55, "duration": 3, "velocity": 80}, {"time": 875, "pitch": 58, "duration": 2, "velocity": 83}, {"time": 875, "pitch": 62, "duration": 3, "velocity": 81}, {"time": 881, "pitch": 46, "duration": 9, "velocity": 80}, {"time": 887, "pitch": 53, "duration": 3, "velocity": 80}, {"time": 887, "pitch": 58, "duration": 3, "velocity": 80}, {"time": 887, "pitch": 62, "duration": 4, "velocity": 80}, {"time": 893, "pitch": 41, "duration": 9, "velocity": 80}, {"time": 899, "pitch": 53, "duration": 4, "velocity": 80}, {"time": 899, "pitch": 58, "duration": 4, "velocity": 81}, {"time": 899, "pitch": 62, "duration": 5, "velocity": 80}, {"time": 905, "pitch": 43, "duration": 8, "velocity": 81}, {"time": 911, "pitch": 55, "duration": 5, "velocity": 81}, {"time": 911, "pitch": 58, "duration": 4, "velocity": 86}, {"time": 911, "pitch": 62, "duration": 5, "velocity": 82}, {"time": 917, "pitch": 41, "duration": 9, "velocity": 80}, {"time": 923, "pitch": 53, "duration": 5, "velocity": 75}, {"time": 923, "pitch": 57, "duration": 5, "velocity": 75}, {"time": 923, "pitch": 60, "duration": 5, "velocity": 75}, {"time": 929, "pitch": 41, "duration": 8, "velocity": 80}, {"time": 935, "pitch": 53, "duration": 4, "velocity": 81}, {"time": 935, "pitch": 57, "duration": 4, "velocity": 83}, {"time": 935, "pitch": 60, "duration": 4, "velocity": 82}, {"time": 941, "pitch": 48, "duration": 8, "velocity": 80}, {"time": 947, "pitch": 53, "duration": 4, "velocity": 80}, {"time": 947, "pitch": 57, "duration": 3, "velocity": 81}, {"time": 947, "pitch": 60, "duration": 5, "velocity": 81}, {"time": 953, "pitch": 46, "duration": 11, "velocity": 81}, {"time": 959, "pitch": 53, "duration": 9, "velocity": 77}, {"time": 959, "pitch": 58, "duration": 9, "velocity": 82}, {"time": 959, "pitch": 62, "duration": 9, "velocity": 75}, {"time": 965, "pitch": 41, "duration": 9, "velocity": 81}, {"time": 971, "pitch": 53, "duration": 3, "velocity": 75}, {"time": 971, "pitch": 58, "duration": 3, "velocity": 75}, {"time": 971, "pitch": 62, "duration": 3, "velocity": 76}, {"time": 977, "pitch": 46, "duration": 9, "velocity": 80}, {"time": 983, "pitch": 53, "duration": 3, "velocity": 80}, {"time": 983, "pitch": 58, "duration": 3, "velocity": 80}, {"time": 983, "pitch": 62, "duration": 4, "velocity": 80}, {"time": 989, "pitch": 41, "duration": 9, "velocity": 80}, {"time": 995, "pitch": 53, "duration": 4, "velocity": 80}, {"time": 995, "pitch": 58, "duration": 4, "velocity": 81}, {"time": 995, "pitch": 62, "duration": 5, "velocity": 80}, {"time": 1001, "pitch": 43, "duration": 8, "velocity": 81}, {"time": 1007, "pitch": 55, "duration": 5, "velocity": 81}, {"time": 1007, "pitch": 58, "duration": 4, "velocity": 86}, {"time": 1007, "pitch": 62, "duration": 5, "velocity": 82}, {"time": 1013, "pitch": 41, "duration": 9, "velocity": 80}, {"time": 1019, "pitch": 53, "duration": 5, "velocity": 75}, {"time": 1019, "pitch": 57, "duration": 5, "velocity": 75}, {"time": 1019, "pitch": 60, "duration": 5, "velocity": 75}, {"time": 1025, "pitch": 41, "duration": 8, "velocity": 80}, {"time": 1031, "pitch": 53, "duration": 4, "velocity": 81}, {"time": 1031, "pitch": 57, "duration": 4, "velocity": 83}, {"time": 1031, "pitch": 60, "duration": 4, "velocity": 82}, {"time": 1037, "pitch": 48, "duration": 8, "velocity": 80}, {"time": 1043, "pitch": 53, "duration": 4, "velocity": 80}, {"time": 1043, "pitch": 57, "duration": 3, "velocity": 81}, {"time": 1043, "pitch": 60, "duration": 5, "velocity": 81}, {"time": 1049, "pitch": 46, "duration": 11, "velocity": 81}, {"time": 1055, "pitch": 53, "duration": 9, "velocity": 77}, {"time": 1055, "pitch": 58, "duration": 9, "velocity": 82}, {"time": 1055, "pitch": 62, "duration": 9, "velocity": 75}, {"time": 1061, "pitch": 41, "duration": 9, "velocity": 81}, {"time": 1067, "pitch": 53, "duration": 3, "velocity": 75}, {"time": 1067, "pitch": 58, "duration": 3, "velocity": 75}, {"time": 1067, "pitch": 62, "duration": 3, "velocity": 76}, {"time": 1073, "pitch": 46, "duration": 10, "velocity": 83}, {"time": 1079, "pitch": 53, "duration": 2, "velocity": 76}, {"time": 1079, "pitch": 58, "duration": 2, "velocity": 76}, {"time": 1079, "pitch": 62, "duration": 3, "velocity": 80}, {"time": 1085, "pitch": 41, "duration": 6, "velocity": 79}, {"time": 1085, "pitch": 53, "duration": 3, "velocity": 73}, {"time": 1085, "pitch": 58, "duration": 3, "velocity": 78}, {"time": 1085, "pitch": 62, "duration": 3, "velocity": 81}, {"time": 1091, "pitch": 53, "duration": 3, "velocity": 75}, {"time": 1091, "pitch": 58, "duration": 2, "velocity": 79}, {"time": 1091, "pitch": 62, "duration": 3, "velocity": 75}, {"time": 1097, "pitch": 46, "duration": 8, "velocity": 72}, {"time": 1103, "pitch": 53, "duration": 2, "velocity": 73}, {"time": 1103, "pitch": 58, "duration": 2, "velocity": 71}, {"time": 1103, "pitch": 62, "duration": 2, "velocity": 75}, {"time": 1109, "pitch": 41, "duration": 6, "velocity": 78}, {"time": 1109, "pitch": 53, "duration": 3, "velocity": 74}, {"time": 1109, "pitch": 58, "duration": 3, "velocity": 73}, {"time": 1109, "pitch": 62, "duration": 3, "velocity": 76}, {"time": 1115, "pitch": 53, "duration": 2, "velocity": 80}, {"time": 1115, "pitch": 58, "duration": 2, "velocity": 81}, {"time": 1115, "pitch": 62, "duration": 3, "velocity": 77}, {"time": 1121, "pitch": 50, "duration": 8, "velocity": 83}, {"time": 1127, "pitch": 57, "duration": 2, "velocity": 75}, {"time": 1127, "pitch": 62, "duration": 2, "velocity": 80}, {"time": 1127, "pitch": 66, "duration": 3, "velocity": 76}, {"time": 1133, "pitch": 45, "duration": 7, "velocity": 80}, {"time": 1133, "pitch": 57, "duration": 2, "velocity": 74}, {"time": 1133, "pitch": 62, "duration": 3, "velocity": 79}, {"time": 1133, "pitch": 66, "duration": 3, "velocity": 74}, {"time": 1139, "pitch": 57, "duration": 4, "velocity": 72}, {"time": 1139, "pitch": 62, "duration": 3, "velocity": 79}, {"time": 1139, "pitch": 66, "duration": 3, "velocity": 77}, {"time": 1145, "pitch": 43, "duration": 7, "velocity": 78}, {"time": 1151, "pitch": 55, "duration": 2, "velocity": 71}, {"time": 1151, "pitch": 58, "duration": 2, "velocity": 80}, {"time": 1151, "pitch": 62, "duration": 3, "velocity": 79}, {"time": 1157, "pitch": 50, "duration": 7, "velocity": 78}, {"time": 1157, "pitch": 55, "duration": 2, "velocity": 76}, {"time": 1157, "pitch": 58, "duration": 2, "velocity": 80}, {"time": 1157, "pitch": 62, "duration": 3, "velocity": 78}, {"time": 1163, "pitch": 55, "duration": 3, "velocity": 77}, {"time": 1163, "pitch": 58, "duration": 3, "velocity": 82}, {"time": 1163, "pitch": 62, "duration": 3, "velocity": 80}, {"time": 1169, "pitch": 46, "duration": 8, "velocity": 74}, {"time": 1175, "pitch": 53, "duration": 2, "velocity": 76}, {"time": 1175, "pitch": 58, "duration": 2, "velocity": 79}, {"time": 1175, "pitch": 62, "duration": 3, "velocity": 79}, {"time": 1181, "pitch": 41, "duration": 6, "velocity": 81}, {"time": 1181, "pitch": 53, "duration": 2, "velocity": 74}, {"time": 1181, "pitch": 58, "duration": 2, "velocity": 76}, {"time": 1181, "pitch": 62, "duration": 2, "velocity": 74}, {"time": 1187, "pitch": 53, "duration": 3, "velocity": 78}, {"time": 1187, "pitch": 58, "duration": 2, "velocity": 76}, {"time": 1187, "pitch": 62, "duration": 3, "velocity": 76}, {"time": 1193, "pitch": 46, "duration": 9, "velocity": 82}, {"time": 1199, "pitch": 53, "duration": 2, "velocity": 74}, {"time": 1199, "pitch": 58, "duration": 2, "velocity": 74}, {"time": 1199, "pitch": 62, "duration": 2, "velocity": 76}, {"time": 1205, "pitch": 41, "duration": 7, "velocity": 80}, {"time": 1205, "pitch": 53, "duration": 3, "velocity": 74}, {"time": 1205, "pitch": 58, "duration": 3, "velocity": 73}, {"time": 1205, "pitch": 62, "duration": 3, "velocity": 75}, {"time": 1211, "pitch": 53, "duration": 3, "velocity": 77}, {"time": 1211, "pitch": 58, "duration": 2, "velocity": 79}, {"time": 1211, "pitch": 62, "duration": 3, "velocity": 75}, {"time": 1217, "pitch": 41, "duration": 8, "velocity": 80}, {"time": 1223, "pitch": 53, "duration": 2, "velocity": 76}, {"time": 1223, "pitch": 57, "duration": 2, "velocity": 73}, {"time": 1223, "pitch": 60, "duration": 3, "velocity": 75}, {"time": 1229, "pitch": 48, "duration": 8, "velocity": 78}, {"time": 1229, "pitch": 53, "duration": 2, "velocity": 75}, {"time": 1229, "pitch": 57, "duration": 3, "velocity": 77}, {"time": 1229, "pitch": 60, "duration": 3, "velocity": 76}, {"time": 1235, "pitch": 53, "duration": 3, "velocity": 80}, {"time": 1235, "pitch": 57, "duration": 3, "velocity": 79}, {"time": 1235, "pitch": 60, "duration": 3, "velocity": 76}, {"time": 1241, "pitch": 46, "duration": 8, "velocity": 76}, {"time": 1241, "pitch": 62, "duration": 11, "velocity": 70}, {"time": 1241, "pitch": 65, "duration": 11, "velocity": 73}, {"time": 1253, "pitch": 46, "duration": 6, "velocity": 78}, {"time": 1253, "pitch": 53, "duration": 5, "velocity": 80}, {"time": 1253, "pitch": 58, "duration": 5, "velocity": 82}, {"time": 1253, "pitch": 70, "duration": 5, "velocity": 82}, {"time": 1265, "pitch": 46, "duration": 9, "velocity": 81}, {"time": 1271, "pitch": 53, "duration": 2, "velocity": 76}, {"time": 1271, "pitch": 58, "duration": 2, "velocity": 80}, {"time": 1271, "pitch": 62, "duration": 3, "velocity": 80}, {"time": 1277, "pitch": 41, "duration": 6, "velocity": 80}, {"time": 1277, "pitch": 53, "duration": 2, "velocity": 69}, {"time": 1277, "pitch": 58, "duration": 2, "velocity": 72}, {"time": 1277, "pitch": 62, "duration": 3, "velocity": 75}, {"time": 1283, "pitch": 53, "duration": 2, "velocity": 73}, {"time": 1283, "pitch": 58, "duration": 2, "velocity": 81}, {"time": 1283, "pitch": 62, "duration": 3, "velocity": 77}, {"time": 1289, "pitch": 46, "duration": 8, "velocity": 78}, {"time": 1295, "pitch": 53, "duration": 2, "velocity": 75}, {"time": 1295, "pitch": 58, "duration": 2, "velocity": 75}, {"time": 1295, "pitch": 62, "duration": 2, "velocity": 75}, {"time": 1301, "pitch": 41, "duration": 6, "velocity": 80}, {"time": 1301, "pitch": 53, "duration": 2, "velocity": 74}, {"time": 1301, "pitch": 58, "duration": 2, "velocity": 74}, {"time": 1301, "pitch": 62, "duration": 2, "velocity": 74}, {"time": 1307, "pitch": 53, "duration": 3, "velocity": 77}, {"time": 1307, "pitch": 58, "duration": 3, "velocity": 76}, {"time": 1307, "pitch": 62, "duration": 3, "velocity": 77}, {"time": 1313, "pitch": 46, "duration": 8, "velocity": 80}, {"time": 1319, "pitch": 53, "duration": 2, "velocity": 73}, {"time": 1319, "pitch": 58, "duration": 2, "velocity": 78}, {"time": 1319, "pitch": 62, "duration": 2, "velocity": 79}, {"time": 1325, "pitch": 41, "duration": 6, "velocity": 79}, {"time": 1325, "pitch": 53, "duration": 2, "velocity": 72}, {"time": 1325, "pitch": 58, "duration": 2, "velocity": 73}, {"time": 1325, "pitch": 62, "duration": 2, "velocity": 76}, {"time": 1331, "pitch": 53, "duration": 2, "velocity": 75}, {"time": 1331, "pitch": 58, "duration": 2, "velocity": 75}, {"time": 1331, "pitch": 62, "duration": 2, "velocity": 74}, {"time": 1337, "pitch": 46, "duration": 8, "velocity": 82}, {"time": 1343, "pitch": 53, "duration": 2, "velocity": 74}, {"time": 1343, "pitch": 58, "duration": 2, "velocity": 75}, {"time": 1343, "pitch": 62, "duration": 2, "velocity": 76}, {"time": 1349, "pitch": 41, "duration": 6, "velocity": 80}, {"time": 1349, "pitch": 53, "duration": 2, "velocity": 74}, {"time": 1349, "pitch": 58, "duration": 2, "velocity": 73}, {"time": 1349, "pitch": 62, "duration": 2, "velocity": 76}, {"time": 1355, "pitch": 53, "duration": 2, "velocity": 76}, {"time": 1355, "pitch": 58, "duration": 2, "velocity": 78}, {"time": 1355, "pitch": 62, "duration": 3, "velocity": 76}, {"time": 1361, "pitch": 46, "duration": 9, "velocity": 87}, {"time": 1367, "pitch": 53, "duration": 2, "velocity": 76}, {"time": 1367, "pitch": 58, "duration": 2, "velocity": 75}, {"time": 1367, "pitch": 62, "duration": 2, "velocity": 80}, {"time": 1373, "pitch": 41, "duration": 7, "velocity": 80}, {"time": 1373, "pitch": 53, "duration": 2, "velocity": 75}, {"time": 1373, "pitch": 58, "duration": 2, "velocity": 78}, {"time": 1373, "pitch": 62, "duration": 2, "velocity": 75}, {"time": 1379, "pitch": 53, "duration": 3, "velocity": 80}, {"time": 1379, "pitch": 58, "duration": 2, "velocity": 81}, {"time": 1379, "pitch": 62, "duration": 3, "velocity": 78}, {"time": 1385, "pitch": 41, "duration": 7, "velocity": 79}, {"time": 1391, "pitch": 53, "duration": 2, "velocity": 75}, {"time": 1391, "pitch": 57, "duration": 2, "velocity": 80}, {"time": 1391, "pitch": 60, "duration": 2, "velocity": 80}, {"time": 1397, "pitch": 48, "duration": 7, "velocity": 77}, {"time": 1397, "pitch": 53, "duration": 2, "velocity": 71}, {"time": 1397, "pitch": 57, "duration": 2, "velocity": 72}, {"time": 1397, "pitch": 60, "duration": 3, "velocity": 74}, {"time": 1403, "pitch": 53, "duration": 3, "velocity": 76}, {"time": 1403, "pitch": 57, "duration": 2, "velocity": 79}, {"time": 1403, "pitch": 60, "duration": 3, "velocity": 80}, {"time": 1409, "pitch": 41, "duration": 8, "velocity": 80}, {"time": 1415, "pitch": 53, "duration": 2, "velocity": 71}, {"time": 1415, "pitch": 57, "duration": 2, "velocity": 69}, {"time": 1415, "pitch": 60, "duration": 2, "velocity": 76}, {"time": 1421, "pitch": 48, "duration": 6, "velocity": 76}, {"time": 1421, "pitch": 53, "duration": 2, "velocity": 73}, {"time": 1421, "pitch": 57, "duration": 2, "velocity": 74}, {"time": 1421, "pitch": 60, "duration": 3, "velocity": 75}, {"time": 1427, "pitch": 53, "duration": 3, "velocity": 75}, {"time": 1427, "pitch": 57, "duration": 3, "velocity": 79}, {"time": 1427, "pitch": 60, "duration": 4, "velocity": 79}, {"time": 1433, "pitch": 41, "duration": 9, "velocity": 80}, {"time": 1439, "pitch": 53, "duration": 2, "velocity": 71}, {"time": 1439, "pitch": 57, "duration": 2, "velocity": 57}, {"time": 1439, "pitch": 60, "duration": 3, "velocity": 74}, {"time": 1445, "pitch": 53, "duration": 3, "velocity": 75}, {"time": 1445, "pitch": 57, "duration": 3, "velocity": 76}, {"time": 1445, "pitch": 60, "duration": 4, "velocity": 77}, {"time": 1451, "pitch": 53, "duration": 3, "velocity": 80}, {"time": 1451, "pitch": 57, "duration": 3, "velocity": 81}, {"time": 1451, "pitch": 60, "duration": 4, "velocity": 81}, {"time": 1457, "pitch": 46, "duration": 7, "velocity": 76}, {"time": 1463, "pitch": 53, "duration": 2, "velocity": 74}, {"time": 1463, "pitch": 58, "duration": 2, "velocity": 77}, {"time": 1463, "pitch": 62, "duration": 3, "velocity": 76}, {"time": 1469, "pitch": 41, "duration": 6, "velocity": 76}, {"time": 1469, "pitch": 53, "duration": 2, "velocity": 75}, {"time": 1469, "pitch": 58, "duration": 2, "velocity": 75}, {"time": 1469, "pitch": 62, "duration": 3, "velocity": 77}, {"time": 1475, "pitch": 53, "duration": 3, "velocity": 76}, {"time": 1475, "pitch": 58, "duration": 2, "velocity": 77}, {"time": 1475, "pitch": 62, "duration": 3, "velocity": 76}, {"time": 1481, "pitch": 46, "duration": 2, "velocity": 65}, {"time": 1487, "pitch": 53, "duration": 2, "velocity": 75}, {"time": 1487, "pitch": 58, "duration": 2, "velocity": 80}, {"time": 1487, "pitch": 62, "duration": 3, "velocity": 77}, {"time": 1493, "pitch": 41, "duration": 5, "velocity": 80}, {"time": 1493, "pitch": 53, "duration": 2, "velocity": 78}, {"time": 1493, "pitch": 58, "duration": 2, "velocity": 78}, {"time": 1493, "pitch": 62, "duration": 2, "velocity": 79}, {"time": 1499, "pitch": 53, "duration": 2, "velocity": 77}, {"time": 1499, "pitch": 58, "duration": 2, "velocity": 77}, {"time": 1499, "pitch": 62, "duration": 2, "velocity": 77}, {"time": 1505, "pitch": 46, "duration": 8, "velocity": 85}, {"time": 1505, "pitch": 53, "duration": 2, "velocity": 70}, {"time": 1505, "pitch": 58, "duration": 2, "velocity": 72}, {"time": 1505, "pitch": 62, "duration": 2, "velocity": 73}, {"time": 1511, "pitch": 53, "duration": 2, "velocity": 74}, {"time": 1511, "pitch": 58, "duration": 2, "velocity": 75}, {"time": 1511, "pitch": 62, "duration": 2, "velocity": 75}, {"time": 1517, "pitch": 41, "duration": 6, "velocity": 79}, {"time": 1517, "pitch": 53, "duration": 2, "velocity": 70}, {"time": 1517, "pitch": 58, "duration": 2, "velocity": 71}, {"time": 1517, "pitch": 62, "duration": 2, "velocity": 73}, {"time": 1523, "pitch": 53, "duration": 3, "velocity": 75}, {"time": 1523, "pitch": 58, "duration": 2, "velocity": 80}, {"time": 1523, "pitch": 62, "duration": 3, "velocity": 80}, {"time": 1529, "pitch": 46, "duration": 8, "velocity": 78}, {"time": 1535, "pitch": 53, "duration": 2, "velocity": 73}, {"time": 1535, "pitch": 58, "duration": 2, "velocity": 73}, {"time": 1535, "pitch": 62, "duration": 2, "velocity": 74}, {"time": 1541, "pitch": 41, "duration": 6, "velocity": 80}, {"time": 1541, "pitch": 53, "duration": 3, "velocity": 74}, {"time": 1541, "pitch": 58, "duration": 2, "velocity": 73}, {"time": 1541, "pitch": 62, "duration": 3, "velocity": 76}, {"time": 1547, "pitch": 53, "duration": 2, "velocity": 75}, {"time": 1547, "pitch": 58, "duration": 2, "velocity": 81}, {"time": 1547, "pitch": 62, "duration": 3, "velocity": 76}, {"time": 1553, "pitch": 48, "duration": 8, "velocity": 73}, {"time": 1559, "pitch": 55, "duration": 2, "velocity": 72}, {"time": 1559, "pitch": 60, "duration": 3, "velocity": 78}, {"time": 1559, "pitch": 63, "duration": 3, "velocity": 74}, {"time": 1565, "pitch": 43, "duration": 6, "velocity": 77}, {"time": 1565, "pitch": 55, "duration": 3, "velocity": 75}, {"time": 1565, "pitch": 60, "duration": 3, "velocity": 81}, {"time": 1565, "pitch": 63, "duration": 3, "velocity": 80}, {"time": 1571, "pitch": 55, "duration": 4, "velocity": 76}, {"time": 1571, "pitch": 60, "duration": 3, "velocity": 81}, {"time": 1571, "pitch": 63, "duration": 3, "velocity": 80}, {"time": 1577, "pitch": 41, "duration": 6, "velocity": 77}, {"time": 1583, "pitch": 53, "duration": 3, "velocity": 70}, {"time": 1583, "pitch": 57, "duration": 3, "velocity": 70}, {"time": 1583, "pitch": 60, "duration": 3, "velocity": 74}, {"time": 1589, "pitch": 48, "duration": 7, "velocity": 75}, {"time": 1589, "pitch": 53, "duration": 2, "velocity": 74}, {"time": 1589, "pitch": 57, "duration": 2, "velocity": 76}, {"time": 1589, "pitch": 60, "duration": 3, "velocity": 78}, {"time": 1595, "pitch": 53, "duration": 3, "velocity": 74}, {"time": 1595, "pitch": 57, "duration": 3, "velocity": 75}, {"time": 1595, "pitch": 60, "duration": 3, "velocity": 74}, {"time": 1601, "pitch": 46, "duration": 21, "velocity": 82}, {"time": 1607, "pitch": 53, "duration": 2, "velocity": 72}, {"time": 1607, "pitch": 58, "duration": 2, "velocity": 73}, {"time": 1607, "pitch": 62, "duration": 3, "velocity": 79}, {"time": 1613, "pitch": 53, "duration": 3, "velocity": 73}, {"time": 1613, "pitch": 58, "duration": 3, "velocity": 76}, {"time": 1613, "pitch": 62, "duration": 3, "velocity": 75}, {"time": 1619, "pitch": 53, "duration": 4, "velocity": 74}, {"time": 1619, "pitch": 58, "duration": 3, "velocity": 81}, {"time": 1619, "pitch": 62, "duration": 4, "velocity": 76}, {"time": 1625, "pitch": 41, "duration": 19, "velocity": 79}, {"time": 1637, "pitch": 53, "duration": 3, "velocity": 79}, {"time": 1637, "pitch": 58, "duration": 10, "velocity": 83}, {"time": 1637, "pitch": 62, "duration": 11, "velocity": 81}, {"time": 1643, "pitch": 53, "duration": 5, "velocity": 76}, {"time": 1649, "pitch": 46, "duration": 9, "velocity": 84}, {"time": 1655, "pitch": 53, "duration": 4, "velocity": 78}, {"time": 1655, "pitch": 58, "duration": 3, "velocity": 85}, {"time": 1655, "pitch": 62, "duration": 4, "velocity": 80}, {"time": 1661, "pitch": 41, "duration": 9, "velocity": 81}, {"time": 1667, "pitch": 53, "duration": 3, "velocity": 80}, {"time": 1667, "pitch": 58, "duration": 3, "velocity": 84}, {"time": 1667, "pitch": 62, "duration": 4, "velocity": 81}, {"time": 1673, "pitch": 43, "duration": 8, "velocity": 80}, {"time": 1679, "pitch": 55, "duration": 9, "velocity": 80}, {"time": 1679, "pitch": 58, "duration": 10, "velocity": 86}, {"time": 1679, "pitch": 62, "duration": 10, "velocity": 83}, {"time": 1685, "pitch": 50, "duration": 12, "velocity": 74}, {"time": 1691, "pitch": 55, "duration": 5, "velocity": 81}, {"time": 1691, "pitch": 58, "duration": 3, "velocity": 85}, {"time": 1691, "pitch": 62, "duration": 6, "velocity": 82}, {"time": 1697, "pitch": 41, "duration": 8, "velocity": 80}, {"time": 1703, "pitch": 53, "duration": 5, "velocity": 76}, {"time": 1703, "pitch": 57, "duration": 4, "velocity": 76}, {"time": 1703, "pitch": 60, "duration": 5, "velocity": 76}, {"time": 1709, "pitch": 48, "duration": 9, "velocity": 76}, {"time": 1715, "pitch": 53, "duration": 3, "velocity": 76}, {"time": 1715, "pitch": 57, "duration": 3, "velocity": 76}, {"time": 1715, "pitch": 60, "duration": 3, "velocity": 78}, {"time": 1715, "pitch": 65, "duration": 3, "velocity": 72}, {"time": 1721, "pitch": 41, "duration": 9, "velocity": 80}, {"time": 1727, "pitch": 53, "duration": 9, "velocity": 74}, {"time": 1727, "pitch": 57, "duration": 9, "velocity": 74}, {"time": 1727, "pitch": 60, "duration": 8, "velocity": 79}, {"time": 1733, "pitch": 48, "duration": 9, "velocity": 80}, {"time": 1739, "pitch": 53, "duration": 3, "velocity": 80}, {"time": 1739, "pitch": 57, "duration": 4, "velocity": 79}, {"time": 1745, "pitch": 43, "duration": 12, "velocity": 78}, {"time": 1751, "pitch": 55, "duration": 8, "velocity": 77}, {"time": 1751, "pitch": 58, "duration": 8, "velocity": 85}, {"time": 1751, "pitch": 62, "duration": 7, "velocity": 82}, {"time": 1757, "pitch": 50, "duration": 9, "velocity": 76}, {"time": 1763, "pitch": 55, "duration": 4, "velocity": 80}, {"time": 1763, "pitch": 58, "duration": 4, "velocity": 85}, {"time": 1763, "pitch": 62, "duration": 5, "velocity": 81}, {"time": 1769, "pitch": 43, "duration": 14, "velocity": 76}, {"time": 1775, "pitch": 55, "duration": 8, "velocity": 81}, {"time": 1775, "pitch": 58, "duration": 9, "velocity": 82}, {"time": 1775, "pitch": 62, "duration": 9, "velocity": 82}, {"time": 1781, "pitch": 50, "duration": 4, "velocity": 78}, {"time": 1787, "pitch": 55, "duration": 6, "velocity": 80}, {"time": 1787, "pitch": 58, "duration": 4, "velocity": 82}, {"time": 1787, "pitch": 62, "duration": 5, "velocity": 82}, {"time": 1793, "pitch": 39, "duration": 9, "velocity": 80}, {"time": 1799, "pitch": 55, "duration": 8, "velocity": 80}, {"time": 1799, "pitch": 58, "duration": 8, "velocity": 86}, {"time": 1799, "pitch": 63, "duration": 8, "velocity": 82}, {"time": 1805, "pitch": 46, "duration": 8, "velocity": 74}, {"time": 1811, "pitch": 55, "duration": 6, "velocity": 81}, {"time": 1811, "pitch": 58, "duration": 5, "velocity": 85}, {"time": 1811, "pitch": 63, "duration": 5, "velocity": 80}, {"time": 1817, "pitch": 41, "duration": 9, "velocity": 71}, {"time": 1823, "pitch": 53, "duration": 9, "velocity": 77}, {"time": 1823, "pitch": 57, "duration": 9, "velocity": 77}, {"time": 1823, "pitch": 60, "duration": 9, "velocity": 79}, {"time": 1829, "pitch": 48, "duration": 8, "velocity": 81}, {"time": 1835, "pitch": 53, "duration": 4, "velocity": 81}, {"time": 1835, "pitch": 57, "duration": 4, "velocity": 82}, {"time": 1835, "pitch": 60, "duration": 4, "velocity": 83}, {"time": 1841, "pitch": 46, "duration": 9, "velocity": 71}, {"time": 1847, "pitch": 53, "duration": 4, "velocity": 80}, {"time": 1847, "pitch": 58, "duration": 4, "velocity": 81}, {"time": 1847, "pitch": 62, "duration": 5, "velocity": 82}, {"time": 1853, "pitch": 41, "duration": 8, "velocity": 79}, {"time": 1859, "pitch": 53, "duration": 3, "velocity": 78}, {"time": 1859, "pitch": 58, "duration": 3, "velocity": 80}, {"time": 1859, "pitch": 62, "duration": 4, "velocity": 80}, {"time": 1865, "pitch": 46, "duration": 10, "velocity": 81}, {"time": 1871, "pitch": 53, "duration": 9, "velocity": 81}, {"time": 1871, "pitch": 58, "duration": 10, "velocity": 82}, {"time": 1871, "pitch": 62, "duration": 10, "velocity": 81}, {"time": 1877, "pitch": 41, "duration": 8, "velocity": 81}, {"time": 1883, "pitch": 53, "duration": 4, "velocity": 81}, {"time": 1883, "pitch": 58, "duration": 3, "velocity": 86}, {"time": 1883, "pitch": 62, "duration": 5, "velocity": 81}, {"time": 1889, "pitch": 38, "duration": 9, "velocity": 82}, {"time": 1895, "pitch": 50, "duration": 9, "velocity": 76}, {"time": 1895, "pitch": 57, "duration": 8, "velocity": 80}, {"time": 1901, "pitch": 45, "duration": 8, "velocity": 80}, {"time": 1907, "pitch": 50, "duration": 4, "velocity": 84}, {"time": 1907, "pitch": 57, "duration": 3, "velocity": 82}, {"time": 1913, "pitch": 43, "duration": 8, "velocity": 79}, {"time": 1919, "pitch": 55, "duration": 8, "velocity": 81}, {"time": 1919, "pitch": 58, "duration": 9, "velocity": 85}, {"time": 1919, "pitch": 62, "duration": 8, "velocity": 81}, {"time": 1925, "pitch": 50, "duration": 7, "velocity": 76}, {"time": 1931, "pitch": 55, "duration": 3, "velocity": 80}, {"time": 1931, "pitch": 58, "duration": 2, "velocity": 83}, {"time": 1931, "pitch": 62, "duration": 3, "velocity": 81}, {"time": 1937, "pitch": 46, "duration": 9, "velocity": 80}, {"time": 1943, "pitch": 53, "duration": 3, "velocity": 80}, {"time": 1943, "pitch": 58, "duration": 3, "velocity": 80}, {"time": 1943, "pitch": 62, "duration": 4, "velocity": 80}, {"time": 1949, "pitch": 41, "duration": 9, "velocity": 80}, {"time": 1955, "pitch": 53, "duration": 4, "velocity": 80}, {"time": 1955, "pitch": 58, "duration": 4, "velocity": 81}, {"time": 1955, "pitch": 62, "duration": 5, "velocity": 80}, {"time": 1961, "pitch": 43, "duration": 8, "velocity": 81}, {"time": 1967, "pitch": 55, "duration": 5, "velocity": 81}, {"time": 1967, "pitch": 58, "duration": 4, "velocity": 86}, {"time": 1967, "pitch": 62, "duration": 5, "velocity": 82}, {"time": 1973, "pitch": 41, "duration": 9, "velocity": 80}, {"time": 1979, "pitch": 53, "duration": 5, "velocity": 75}, {"time": 1979, "pitch": 57, "duration": 5, "velocity": 75}, {"time": 1979, "pitch": 60, "duration": 5, "velocity": 75}, {"time": 1985, "pitch": 41, "duration": 8, "velocity": 80}, {"time": 1991, "pitch": 53, "duration": 4, "velocity": 81}, {"time": 1991, "pitch": 57, "duration": 4, "velocity": 83}, {"time": 1991, "pitch": 60, "duration": 4, "velocity": 82}, {"time": 1997, "pitch": 48, "duration": 8, "velocity": 80}, {"time": 2003, "pitch": 53, "duration": 4, "velocity": 80}, {"time": 2003, "pitch": 57, "duration": 3, "velocity": 81}, {"time": 2003, "pitch": 60, "duration": 5, "velocity": 81}, {"time": 2009, "pitch": 46, "duration": 11, "velocity": 81}, {"time": 2015, "pitch": 53, "duration": 9, "velocity": 77}, {"time": 2015, "pitch": 58, "duration": 9, "velocity": 82}, {"time": 2015, "pitch": 62, "duration": 9, "velocity": 75}, {"time": 2021, "pitch": 41, "duration": 9, "velocity": 81}, {"time": 2027, "pitch": 53, "duration": 3, "velocity": 75}, {"time": 2027, "pitch": 58, "duration": 3, "velocity": 75}, {"time": 2027, "pitch": 62, "duration": 3, "velocity": 76}, {"time": 2033, "pitch": 46, "duration": 9, "velocity": 80}, {"time": 2039, "pitch": 53, "duration": 3, "velocity": 80}, {"time": 2039, "pitch": 58, "duration": 3, "velocity": 80}, {"time": 2039, "pitch": 62, "duration": 4, "velocity": 80}, {"time": 2045, "pitch": 41, "duration": 9, "velocity": 80}, {"time": 2051, "pitch": 53, "duration": 4, "velocity": 80}, {"time": 2051, "pitch": 58, "duration": 4, "velocity": 81}, {"time": 2051, "pitch": 62, "duration": 5, "velocity": 80}, {"time": 2057, "pitch": 43, "duration": 8, "velocity": 81}, {"time": 2063, "pitch": 55, "duration": 5, "velocity": 81}, {"time": 2063, "pitch": 58, "duration": 4, "velocity": 86}, {"time": 2063, "pitch": 62, "duration": 5, "velocity": 82}, {"time": 2069, "pitch": 41, "duration": 9, "velocity": 80}, {"time": 2075, "pitch": 53, "duration": 5, "velocity": 75}, {"time": 2075, "pitch": 57, "duration": 5, "velocity": 75}, {"time": 2075, "pitch": 60, "duration": 5, "velocity": 75}, {"time": 2081, "pitch": 41, "duration": 8, "velocity": 80}, {"time": 2087, "pitch": 53, "duration": 4, "velocity": 81}, {"time": 2087, "pitch": 57, "duration": 4, "velocity": 83}, {"time": 2087, "pitch": 60, "duration": 4, "velocity": 82}, {"time": 2093, "pitch": 48, "duration": 8, "velocity": 80}, {"time": 2099, "pitch": 53, "duration": 4, "velocity": 80}, {"time": 2099, "pitch": 57, "duration": 3, "velocity": 81}, {"time": 2099, "pitch": 60, "duration": 5, "velocity": 81}, {"time": 2105, "pitch": 46, "duration": 11, "velocity": 81}, {"time": 2111, "pitch": 53, "duration": 9, "velocity": 77}, {"time": 2111, "pitch": 58, "duration": 9, "velocity": 82}, {"time": 2111, "pitch": 62, "duration": 9, "velocity": 75}, {"time": 2117, "pitch": 41, "duration": 9, "velocity": 81}, {"time": 2123, "pitch": 53, "duration": 3, "velocity": 75}, {"time": 2123, "pitch": 58, "duration": 3, "velocity": 75}, {"time": 2123, "pitch": 62, "duration": 3, "velocity": 76}, {"time": 2129, "pitch": 41, "duration": 20, "velocity": 82}, {"time": 2129, "pitch": 53, "duration": 16, "velocity": 76}, {"time": 2129, "pitch": 57, "duration": 15, "velocity": 75}, {"time": 2129, "pitch": 60, "duration": 16, "velocity": 78}, {"time": 2153, "pitch": 46, "duration": 7, "velocity": 83}, {"time": 2153, "pitch": 53, "duration": 6, "velocity": 79}, {"time": 2153, "pitch": 58, "duration": 6, "velocity": 75}, {"time": 2153, "pitch": 62, "duration": 6, "velocity": 81}, {"time": 2165, "pitch": 46, "duration": 3, "velocity": 77}, {"time": 2165, "pitch": 53, "duration": 3, "velocity": 75}, {"time": 2165, "pitch": 58, "duration": 3, "velocity": 80}, {"time": 2165, "pitch": 62, "duration": 3, "velocity": 79}, {"time": 2171, "pitch": 46, "duration": 3, "velocity": 78}, {"time": 2171, "pitch": 53, "duration": 3, "velocity": 77}, {"time": 2171, "pitch": 58, "duration": 3, "velocity": 78}, {"time": 2171, "pitch": 62, "duration": 3, "velocity": 80}, {"time": 2177, "pitch": 46, "duration": 19, "velocity": 81}, {"time": 2177, "pitch": 53, "duration": 19, "velocity": 80}, {"time": 2177, "pitch": 58, "duration": 20, "velocity": 82}, {"time": 2177, "pitch": 62, "duration": 21, "velocity": 81}], "annotations": [{"time": 2132, "annotation": {"number": 64, "value": 127}, "group": "control_change"}, {"time": 2132, "annotation": {"number": 64, "value": 0}, "group": "control_change"}, {"time": 2133, "annotation": {"number": 64, "value": 127}, "group": "control_change"}, {"time": 2153, "annotation": {"number": 64, "value": 0}, "group": "control_change"}]}]}