{"metadata": {"schema_version": "0.2", "title": "None", "source_filename": "720.mid", "source_format": "midi"}, "resolution": 12, "tempos": [{"time": 0, "qpm": 55.14999880508336}, {"time": 396, "qpm": 54.500021345841695}, {"time": 504, "qpm": 55.00000458333371}, {"time": 1044, "qpm": 54.500021345841695}, {"time": 1176, "qpm": 55.00000458333371}], "time_signatures": [{"time": 0, "numerator": 1, "denominator": 4}], "tracks": [{"program": 0, "is_drum": false, "name": "MELODY", "notes": [{"time": 238, "pitch": 65, "duration": 6, "velocity": 95}, {"time": 244, "pitch": 65, "duration": 9, "velocity": 88}, {"time": 256, "pitch": 67, "duration": 4, "velocity": 102}, {"time": 259, "pitch": 69, "duration": 3, "velocity": 100}, {"time": 262, "pitch": 72, "duration": 7, "velocity": 122}, {"time": 268, "pitch": 72, "duration": 1, "velocity": 112}, {"time": 286, "pitch": 74, "duration": 10, "velocity": 122}, {"time": 298, "pitch": 74, "duration": 5, "velocity": 122}, {"time": 304, "pitch": 72, "duration": 5, "velocity": 117}, {"time": 310, "pitch": 70, "duration": 5, "velocity": 122}, {"time": 316, "pitch": 72, "duration": 3, "velocity": 107}, {"time": 319, "pitch": 74, "duration": 3, "velocity": 97}, {"time": 322, "pitch": 72, "duration": 3, "velocity": 99}, {"time": 325, "pitch": 70, "duration": 3, "velocity": 112}, {"time": 328, "pitch": 67, "duration": 6, "velocity": 100}, {"time": 334, "pitch": 65, "duration": 13, "velocity": 112}, {"time": 358, "pitch": 64, "duration": 3, "velocity": 95}, {"time": 361, "pitch": 65, "duration": 3, "velocity": 85}, {"time": 364, "pitch": 67, "duration": 9, "velocity": 99}, {"time": 376, "pitch": 69, "duration": 4, "velocity": 117}, {"time": 382, "pitch": 67, "duration": 4, "velocity": 117}, {"time": 388, "pitch": 65, "duration": 12, "velocity": 117}, {"time": 406, "pitch": 64, "duration": 9, "velocity": 100}, {"time": 415, "pitch": 65, "duration": 3, "velocity": 73}, {"time": 418, "pitch": 67, "duration": 2, "velocity": 95}, {"time": 421, "pitch": 69, "duration": 3, "velocity": 95}, {"time": 424, "pitch": 65, "duration": 5, "velocity": 81}, {"time": 430, "pitch": 60, "duration": 10, "velocity": 102}, {"time": 454, "pitch": 65, "duration": 4, "velocity": 102}, {"time": 460, "pitch": 65, "duration": 8, "velocity": 99}, {"time": 472, "pitch": 67, "duration": 3, "velocity": 112}, {"time": 475, "pitch": 69, "duration": 4, "velocity": 97}, {"time": 478, "pitch": 72, "duration": 4, "velocity": 107}, {"time": 484, "pitch": 72, "duration": 11, "velocity": 102}, {"time": 502, "pitch": 74, "duration": 8, "velocity": 127}, {"time": 514, "pitch": 74, "duration": 6, "velocity": 127}, {"time": 520, "pitch": 72, "duration": 5, "velocity": 122}, {"time": 526, "pitch": 70, "duration": 5, "velocity": 112}, {"time": 532, "pitch": 72, "duration": 3, "velocity": 112}, {"time": 535, "pitch": 74, "duration": 3, "velocity": 97}, {"time": 538, "pitch": 72, "duration": 3, "velocity": 127}, {"time": 541, "pitch": 70, "duration": 3, "velocity": 112}, {"time": 544, "pitch": 69, "duration": 5, "velocity": 99}, {"time": 550, "pitch": 67, "duration": 11, "velocity": 99}, {"time": 574, "pitch": 72, "duration": 5, "velocity": 117}, {"time": 580, "pitch": 65, "duration": 7, "velocity": 99}, {"time": 592, "pitch": 67, "duration": 4, "velocity": 95}, {"time": 595, "pitch": 69, "duration": 3, "velocity": 90}, {"time": 598, "pitch": 69, "duration": 4, "velocity": 112}, {"time": 604, "pitch": 62, "duration": 16, "velocity": 117}, {"time": 622, "pitch": 64, "duration": 6, "velocity": 97}, {"time": 631, "pitch": 62, "duration": 3, "velocity": 92}, {"time": 634, "pitch": 64, "duration": 3, "velocity": 92}, {"time": 637, "pitch": 62, "duration": 3, "velocity": 77}, {"time": 640, "pitch": 60, "duration": 6, "velocity": 85}, {"time": 646, "pitch": 65, "duration": 25, "velocity": 96}, {"time": 682, "pitch": 70, "duration": 4, "velocity": 117}, {"time": 686, "pitch": 72, "duration": 5, "velocity": 97}, {"time": 690, "pitch": 74, "duration": 4, "velocity": 93}, {"time": 694, "pitch": 72, "duration": 23, "velocity": 107}, {"time": 730, "pitch": 70, "duration": 4, "velocity": 100}, {"time": 734, "pitch": 72, "duration": 4, "velocity": 96}, {"time": 739, "pitch": 70, "duration": 3, "velocity": 99}, {"time": 742, "pitch": 72, "duration": 13, "velocity": 97}, {"time": 778, "pitch": 70, "duration": 5, "velocity": 117}, {"time": 782, "pitch": 72, "duration": 5, "velocity": 99}, {"time": 786, "pitch": 74, "duration": 4, "velocity": 107}, {"time": 790, "pitch": 65, "duration": 20, "velocity": 92}, {"time": 826, "pitch": 64, "duration": 5, "velocity": 100}, {"time": 830, "pitch": 65, "duration": 4, "velocity": 88}, {"time": 834, "pitch": 67, "duration": 4, "velocity": 86}, {"time": 838, "pitch": 60, "duration": 25, "velocity": 100}, {"time": 875, "pitch": 70, "duration": 4, "velocity": 117}, {"time": 878, "pitch": 72, "duration": 5, "velocity": 95}, {"time": 882, "pitch": 74, "duration": 4, "velocity": 97}, {"time": 886, "pitch": 72, "duration": 28, "velocity": 122}, {"time": 923, "pitch": 70, "duration": 4, "velocity": 107}, {"time": 926, "pitch": 72, "duration": 5, "velocity": 85}, {"time": 930, "pitch": 70, "duration": 5, "velocity": 82}, {"time": 934, "pitch": 72, "duration": 22, "velocity": 95}, {"time": 970, "pitch": 70, "duration": 5, "velocity": 112}, {"time": 975, "pitch": 72, "duration": 4, "velocity": 92}, {"time": 979, "pitch": 74, "duration": 5, "velocity": 107}, {"time": 983, "pitch": 65, "duration": 13, "velocity": 92}, {"time": 1018, "pitch": 64, "duration": 4, "velocity": 97}, {"time": 1022, "pitch": 65, "duration": 4, "velocity": 89}, {"time": 1027, "pitch": 67, "duration": 4, "velocity": 93}, {"time": 1031, "pitch": 65, "duration": 25, "velocity": 95}, {"time": 1270, "pitch": 65, "duration": 6, "velocity": 95}, {"time": 1276, "pitch": 65, "duration": 9, "velocity": 88}, {"time": 1288, "pitch": 67, "duration": 4, "velocity": 102}, {"time": 1291, "pitch": 69, "duration": 3, "velocity": 100}, {"time": 1294, "pitch": 72, "duration": 7, "velocity": 122}, {"time": 1300, "pitch": 72, "duration": 1, "velocity": 112}, {"time": 1318, "pitch": 74, "duration": 10, "velocity": 122}, {"time": 1330, "pitch": 74, "duration": 5, "velocity": 122}, {"time": 1336, "pitch": 72, "duration": 5, "velocity": 117}, {"time": 1342, "pitch": 70, "duration": 5, "velocity": 122}, {"time": 1348, "pitch": 72, "duration": 3, "velocity": 107}, {"time": 1351, "pitch": 74, "duration": 3, "velocity": 97}, {"time": 1354, "pitch": 72, "duration": 3, "velocity": 99}, {"time": 1357, "pitch": 70, "duration": 3, "velocity": 112}, {"time": 1360, "pitch": 67, "duration": 6, "velocity": 100}, {"time": 1366, "pitch": 65, "duration": 13, "velocity": 112}, {"time": 1390, "pitch": 64, "duration": 3, "velocity": 95}, {"time": 1393, "pitch": 65, "duration": 3, "velocity": 85}, {"time": 1396, "pitch": 67, "duration": 9, "velocity": 99}, {"time": 1408, "pitch": 69, "duration": 4, "velocity": 117}, {"time": 1414, "pitch": 67, "duration": 4, "velocity": 117}, {"time": 1420, "pitch": 65, "duration": 12, "velocity": 117}, {"time": 1438, "pitch": 64, "duration": 9, "velocity": 100}, {"time": 1447, "pitch": 65, "duration": 3, "velocity": 73}, {"time": 1450, "pitch": 67, "duration": 2, "velocity": 95}, {"time": 1453, "pitch": 69, "duration": 3, "velocity": 95}, {"time": 1456, "pitch": 65, "duration": 5, "velocity": 81}, {"time": 1462, "pitch": 60, "duration": 10, "velocity": 102}, {"time": 1486, "pitch": 65, "duration": 4, "velocity": 102}, {"time": 1492, "pitch": 65, "duration": 8, "velocity": 99}, {"time": 1504, "pitch": 67, "duration": 3, "velocity": 112}, {"time": 1507, "pitch": 69, "duration": 4, "velocity": 97}, {"time": 1510, "pitch": 72, "duration": 4, "velocity": 107}, {"time": 1516, "pitch": 72, "duration": 11, "velocity": 102}, {"time": 1534, "pitch": 74, "duration": 8, "velocity": 127}, {"time": 1546, "pitch": 74, "duration": 6, "velocity": 127}, {"time": 1552, "pitch": 72, "duration": 5, "velocity": 122}, {"time": 1558, "pitch": 70, "duration": 5, "velocity": 112}, {"time": 1564, "pitch": 72, "duration": 3, "velocity": 112}, {"time": 1567, "pitch": 74, "duration": 3, "velocity": 97}, {"time": 1570, "pitch": 72, "duration": 3, "velocity": 127}, {"time": 1573, "pitch": 70, "duration": 3, "velocity": 112}, {"time": 1576, "pitch": 69, "duration": 5, "velocity": 99}, {"time": 1582, "pitch": 67, "duration": 11, "velocity": 99}, {"time": 1606, "pitch": 72, "duration": 5, "velocity": 117}, {"time": 1612, "pitch": 65, "duration": 7, "velocity": 99}, {"time": 1624, "pitch": 67, "duration": 4, "velocity": 95}, {"time": 1627, "pitch": 69, "duration": 3, "velocity": 90}, {"time": 1630, "pitch": 69, "duration": 4, "velocity": 112}, {"time": 1636, "pitch": 62, "duration": 16, "velocity": 117}, {"time": 1654, "pitch": 64, "duration": 6, "velocity": 97}, {"time": 1663, "pitch": 62, "duration": 3, "velocity": 92}, {"time": 1666, "pitch": 64, "duration": 3, "velocity": 92}, {"time": 1669, "pitch": 62, "duration": 3, "velocity": 77}, {"time": 1672, "pitch": 60, "duration": 6, "velocity": 85}, {"time": 1678, "pitch": 65, "duration": 25, "velocity": 96}, {"time": 1714, "pitch": 70, "duration": 4, "velocity": 117}, {"time": 1718, "pitch": 72, "duration": 5, "velocity": 97}, {"time": 1722, "pitch": 74, "duration": 4, "velocity": 93}, {"time": 1726, "pitch": 72, "duration": 23, "velocity": 107}, {"time": 1762, "pitch": 70, "duration": 4, "velocity": 100}, {"time": 1766, "pitch": 72, "duration": 4, "velocity": 96}, {"time": 1771, "pitch": 70, "duration": 3, "velocity": 99}, {"time": 1774, "pitch": 72, "duration": 13, "velocity": 97}, {"time": 1810, "pitch": 70, "duration": 5, "velocity": 117}, {"time": 1814, "pitch": 72, "duration": 5, "velocity": 99}, {"time": 1818, "pitch": 74, "duration": 4, "velocity": 107}, {"time": 1822, "pitch": 65, "duration": 20, "velocity": 92}, {"time": 1858, "pitch": 64, "duration": 5, "velocity": 100}, {"time": 1862, "pitch": 65, "duration": 4, "velocity": 88}, {"time": 1866, "pitch": 67, "duration": 4, "velocity": 86}, {"time": 1870, "pitch": 60, "duration": 25, "velocity": 100}, {"time": 1907, "pitch": 70, "duration": 4, "velocity": 117}, {"time": 1910, "pitch": 72, "duration": 5, "velocity": 95}, {"time": 1914, "pitch": 74, "duration": 4, "velocity": 97}, {"time": 1918, "pitch": 72, "duration": 28, "velocity": 122}, {"time": 1955, "pitch": 70, "duration": 4, "velocity": 107}, {"time": 1958, "pitch": 72, "duration": 5, "velocity": 85}, {"time": 1962, "pitch": 70, "duration": 5, "velocity": 82}, {"time": 1966, "pitch": 72, "duration": 22, "velocity": 95}, {"time": 2002, "pitch": 70, "duration": 5, "velocity": 112}, {"time": 2007, "pitch": 72, "duration": 4, "velocity": 92}, {"time": 2011, "pitch": 74, "duration": 5, "velocity": 107}, {"time": 2015, "pitch": 65, "duration": 13, "velocity": 92}, {"time": 2050, "pitch": 64, "duration": 4, "velocity": 97}, {"time": 2054, "pitch": 65, "duration": 4, "velocity": 89}, {"time": 2059, "pitch": 67, "duration": 4, "velocity": 93}, {"time": 2063, "pitch": 65, "duration": 25, "velocity": 95}]}, {"program": 0, "is_drum": false, "name": "BRIDGE", "notes": [{"time": 34, "pitch": 70, "duration": 5, "velocity": 112}, {"time": 38, "pitch": 72, "duration": 5, "velocity": 83}, {"time": 42, "pitch": 74, "duration": 4, "velocity": 93}, {"time": 46, "pitch": 72, "duration": 35, "velocity": 99}, {"time": 58, "pitch": 82, "duration": 5, "velocity": 112}, {"time": 62, "pitch": 84, "duration": 5, "velocity": 83}, {"time": 66, "pitch": 86, "duration": 4, "velocity": 93}, {"time": 70, "pitch": 84, "duration": 35, "velocity": 99}, {"time": 82, "pitch": 70, "duration": 5, "velocity": 92}, {"time": 86, "pitch": 72, "duration": 4, "velocity": 86}, {"time": 90, "pitch": 70, "duration": 4, "velocity": 72}, {"time": 94, "pitch": 72, "duration": 29, "velocity": 93}, {"time": 106, "pitch": 82, "duration": 5, "velocity": 92}, {"time": 110, "pitch": 84, "duration": 4, "velocity": 86}, {"time": 114, "pitch": 82, "duration": 4, "velocity": 72}, {"time": 118, "pitch": 84, "duration": 29, "velocity": 93}, {"time": 130, "pitch": 70, "duration": 5, "velocity": 90}, {"time": 134, "pitch": 72, "duration": 4, "velocity": 92}, {"time": 138, "pitch": 74, "duration": 4, "velocity": 93}, {"time": 142, "pitch": 65, "duration": 22, "velocity": 102}, {"time": 154, "pitch": 82, "duration": 5, "velocity": 90}, {"time": 158, "pitch": 84, "duration": 4, "velocity": 92}, {"time": 162, "pitch": 86, "duration": 4, "velocity": 93}, {"time": 166, "pitch": 77, "duration": 22, "velocity": 102}, {"time": 178, "pitch": 64, "duration": 4, "velocity": 97}, {"time": 182, "pitch": 65, "duration": 5, "velocity": 70}, {"time": 186, "pitch": 67, "duration": 4, "velocity": 86}, {"time": 190, "pitch": 65, "duration": 37, "velocity": 96}, {"time": 202, "pitch": 76, "duration": 4, "velocity": 97}, {"time": 206, "pitch": 77, "duration": 5, "velocity": 70}, {"time": 210, "pitch": 79, "duration": 4, "velocity": 86}, {"time": 214, "pitch": 77, "duration": 37, "velocity": 96}, {"time": 340, "pitch": 67, "duration": 3, "velocity": 88}, {"time": 343, "pitch": 69, "duration": 3, "velocity": 69}, {"time": 347, "pitch": 67, "duration": 3, "velocity": 78}, {"time": 350, "pitch": 65, "duration": 2, "velocity": 69}, {"time": 352, "pitch": 62, "duration": 6, "velocity": 83}, {"time": 358, "pitch": 60, "duration": 14, "velocity": 72}, {"time": 652, "pitch": 62, "duration": 6, "velocity": 89}, {"time": 658, "pitch": 65, "duration": 6, "velocity": 77}, {"time": 664, "pitch": 62, "duration": 6, "velocity": 76}, {"time": 669, "pitch": 65, "duration": 6, "velocity": 88}, {"time": 675, "pitch": 60, "duration": 11, "velocity": 66}, {"time": 706, "pitch": 58, "duration": 4, "velocity": 100}, {"time": 710, "pitch": 60, "duration": 4, "velocity": 85}, {"time": 714, "pitch": 62, "duration": 4, "velocity": 85}, {"time": 718, "pitch": 60, "duration": 24, "velocity": 97}, {"time": 754, "pitch": 58, "duration": 4, "velocity": 88}, {"time": 758, "pitch": 60, "duration": 5, "velocity": 69}, {"time": 763, "pitch": 58, "duration": 3, "velocity": 74}, {"time": 766, "pitch": 60, "duration": 24, "velocity": 82}, {"time": 802, "pitch": 58, "duration": 4, "velocity": 96}, {"time": 806, "pitch": 60, "duration": 4, "velocity": 90}, {"time": 810, "pitch": 62, "duration": 3, "velocity": 81}, {"time": 814, "pitch": 55, "duration": 27, "velocity": 79}, {"time": 850, "pitch": 60, "duration": 4, "velocity": 79}, {"time": 853, "pitch": 62, "duration": 4, "velocity": 58}, {"time": 856, "pitch": 64, "duration": 7, "velocity": 82}, {"time": 863, "pitch": 60, "duration": 20, "velocity": 89}, {"time": 898, "pitch": 58, "duration": 4, "velocity": 96}, {"time": 902, "pitch": 60, "duration": 4, "velocity": 82}, {"time": 905, "pitch": 62, "duration": 5, "velocity": 92}, {"time": 910, "pitch": 60, "duration": 27, "velocity": 112}, {"time": 946, "pitch": 58, "duration": 4, "velocity": 86}, {"time": 950, "pitch": 60, "duration": 4, "velocity": 72}, {"time": 954, "pitch": 58, "duration": 4, "velocity": 69}, {"time": 958, "pitch": 60, "duration": 30, "velocity": 92}, {"time": 995, "pitch": 58, "duration": 4, "velocity": 99}, {"time": 999, "pitch": 60, "duration": 3, "velocity": 86}, {"time": 1002, "pitch": 62, "duration": 4, "velocity": 82}, {"time": 1006, "pitch": 55, "duration": 21, "velocity": 95}, {"time": 1066, "pitch": 70, "duration": 5, "velocity": 112}, {"time": 1070, "pitch": 72, "duration": 5, "velocity": 83}, {"time": 1074, "pitch": 74, "duration": 4, "velocity": 93}, {"time": 1078, "pitch": 72, "duration": 35, "velocity": 99}, {"time": 1090, "pitch": 82, "duration": 5, "velocity": 112}, {"time": 1094, "pitch": 84, "duration": 5, "velocity": 83}, {"time": 1098, "pitch": 86, "duration": 4, "velocity": 93}, {"time": 1102, "pitch": 84, "duration": 35, "velocity": 99}, {"time": 1114, "pitch": 70, "duration": 5, "velocity": 92}, {"time": 1118, "pitch": 72, "duration": 4, "velocity": 86}, {"time": 1122, "pitch": 70, "duration": 4, "velocity": 72}, {"time": 1126, "pitch": 72, "duration": 29, "velocity": 93}, {"time": 1138, "pitch": 82, "duration": 5, "velocity": 92}, {"time": 1142, "pitch": 84, "duration": 4, "velocity": 86}, {"time": 1146, "pitch": 82, "duration": 4, "velocity": 72}, {"time": 1150, "pitch": 84, "duration": 29, "velocity": 93}, {"time": 1162, "pitch": 70, "duration": 5, "velocity": 90}, {"time": 1166, "pitch": 72, "duration": 4, "velocity": 92}, {"time": 1170, "pitch": 74, "duration": 4, "velocity": 93}, {"time": 1174, "pitch": 65, "duration": 22, "velocity": 102}, {"time": 1186, "pitch": 82, "duration": 5, "velocity": 90}, {"time": 1190, "pitch": 84, "duration": 4, "velocity": 92}, {"time": 1194, "pitch": 86, "duration": 4, "velocity": 93}, {"time": 1198, "pitch": 77, "duration": 22, "velocity": 102}, {"time": 1210, "pitch": 64, "duration": 4, "velocity": 97}, {"time": 1214, "pitch": 65, "duration": 5, "velocity": 70}, {"time": 1218, "pitch": 67, "duration": 4, "velocity": 86}, {"time": 1222, "pitch": 65, "duration": 37, "velocity": 96}, {"time": 1234, "pitch": 76, "duration": 4, "velocity": 97}, {"time": 1238, "pitch": 77, "duration": 5, "velocity": 70}, {"time": 1242, "pitch": 79, "duration": 4, "velocity": 86}, {"time": 1246, "pitch": 77, "duration": 37, "velocity": 96}, {"time": 1372, "pitch": 67, "duration": 3, "velocity": 88}, {"time": 1375, "pitch": 69, "duration": 3, "velocity": 69}, {"time": 1379, "pitch": 67, "duration": 3, "velocity": 78}, {"time": 1382, "pitch": 65, "duration": 2, "velocity": 69}, {"time": 1384, "pitch": 62, "duration": 6, "velocity": 83}, {"time": 1390, "pitch": 60, "duration": 14, "velocity": 72}, {"time": 1684, "pitch": 62, "duration": 6, "velocity": 89}, {"time": 1690, "pitch": 65, "duration": 6, "velocity": 77}, {"time": 1696, "pitch": 62, "duration": 6, "velocity": 76}, {"time": 1701, "pitch": 65, "duration": 6, "velocity": 88}, {"time": 1707, "pitch": 60, "duration": 11, "velocity": 66}, {"time": 1738, "pitch": 58, "duration": 4, "velocity": 100}, {"time": 1742, "pitch": 60, "duration": 4, "velocity": 85}, {"time": 1746, "pitch": 62, "duration": 4, "velocity": 85}, {"time": 1750, "pitch": 60, "duration": 24, "velocity": 97}, {"time": 1786, "pitch": 58, "duration": 4, "velocity": 88}, {"time": 1790, "pitch": 60, "duration": 5, "velocity": 69}, {"time": 1795, "pitch": 58, "duration": 3, "velocity": 74}, {"time": 1798, "pitch": 60, "duration": 24, "velocity": 82}, {"time": 1834, "pitch": 58, "duration": 4, "velocity": 96}, {"time": 1838, "pitch": 60, "duration": 4, "velocity": 90}, {"time": 1842, "pitch": 62, "duration": 3, "velocity": 81}, {"time": 1846, "pitch": 55, "duration": 27, "velocity": 79}, {"time": 1882, "pitch": 60, "duration": 4, "velocity": 79}, {"time": 1885, "pitch": 62, "duration": 4, "velocity": 58}, {"time": 1888, "pitch": 64, "duration": 7, "velocity": 82}, {"time": 1895, "pitch": 60, "duration": 20, "velocity": 89}, {"time": 1930, "pitch": 58, "duration": 4, "velocity": 96}, {"time": 1934, "pitch": 60, "duration": 4, "velocity": 82}, {"time": 1937, "pitch": 62, "duration": 5, "velocity": 92}, {"time": 1942, "pitch": 60, "duration": 27, "velocity": 112}, {"time": 1978, "pitch": 58, "duration": 4, "velocity": 86}, {"time": 1982, "pitch": 60, "duration": 4, "velocity": 72}, {"time": 1986, "pitch": 58, "duration": 4, "velocity": 69}, {"time": 1990, "pitch": 60, "duration": 30, "velocity": 92}, {"time": 2027, "pitch": 58, "duration": 4, "velocity": 99}, {"time": 2031, "pitch": 60, "duration": 3, "velocity": 86}, {"time": 2034, "pitch": 62, "duration": 4, "velocity": 82}, {"time": 2038, "pitch": 55, "duration": 21, "velocity": 95}, {"time": 2099, "pitch": 72, "duration": 5, "velocity": 117}, {"time": 2104, "pitch": 74, "duration": 7, "velocity": 99}, {"time": 2110, "pitch": 72, "duration": 31, "velocity": 112}, {"time": 2122, "pitch": 58, "duration": 5, "velocity": 73}, {"time": 2126, "pitch": 60, "duration": 4, "velocity": 69}, {"time": 2130, "pitch": 58, "duration": 4, "velocity": 59}, {"time": 2134, "pitch": 60, "duration": 32, "velocity": 73}, {"time": 2146, "pitch": 70, "duration": 13, "velocity": 117}, {"time": 2158, "pitch": 72, "duration": 12, "velocity": 107}, {"time": 2171, "pitch": 70, "duration": 12, "velocity": 107}, {"time": 2182, "pitch": 72, "duration": 44, "velocity": 97}, {"time": 2230, "pitch": 72, "duration": 21, "velocity": 107}, {"time": 2254, "pitch": 72, "duration": 44, "velocity": 97}]}, {"program": 0, "is_drum": false, "name": "PIANO", "notes": [{"time": 46, "pitch": 41, "duration": 38, "velocity": 67}, {"time": 52, "pitch": 48, "duration": 32, "velocity": 56}, {"time": 58, "pitch": 53, "duration": 17, "velocity": 64}, {"time": 64, "pitch": 57, "duration": 8, "velocity": 57}, {"time": 70, "pitch": 60, "duration": 14, "velocity": 53}, {"time": 70, "pitch": 65, "duration": 27, "velocity": 57}, {"time": 76, "pitch": 53, "duration": 7, "velocity": 35}, {"time": 82, "pitch": 57, "duration": 15, "velocity": 77}, {"time": 88, "pitch": 60, "duration": 8, "velocity": 57}, {"time": 94, "pitch": 36, "duration": 37, "velocity": 66}, {"time": 100, "pitch": 43, "duration": 31, "velocity": 37}, {"time": 106, "pitch": 48, "duration": 16, "velocity": 35}, {"time": 106, "pitch": 52, "duration": 26, "velocity": 55}, {"time": 112, "pitch": 55, "duration": 14, "velocity": 58}, {"time": 118, "pitch": 60, "duration": 29, "velocity": 62}, {"time": 124, "pitch": 48, "duration": 5, "velocity": 40}, {"time": 130, "pitch": 55, "duration": 14, "velocity": 78}, {"time": 136, "pitch": 52, "duration": 11, "velocity": 47}, {"time": 142, "pitch": 34, "duration": 39, "velocity": 66}, {"time": 148, "pitch": 41, "duration": 34, "velocity": 40}, {"time": 154, "pitch": 46, "duration": 17, "velocity": 42}, {"time": 160, "pitch": 50, "duration": 20, "velocity": 46}, {"time": 166, "pitch": 53, "duration": 9, "velocity": 48}, {"time": 166, "pitch": 58, "duration": 26, "velocity": 55}, {"time": 172, "pitch": 46, "duration": 10, "velocity": 49}, {"time": 178, "pitch": 53, "duration": 13, "velocity": 53}, {"time": 184, "pitch": 50, "duration": 6, "velocity": 36}, {"time": 190, "pitch": 41, "duration": 45, "velocity": 74}, {"time": 196, "pitch": 48, "duration": 42, "velocity": 57}, {"time": 202, "pitch": 53, "duration": 32, "velocity": 75}, {"time": 208, "pitch": 57, "duration": 30, "velocity": 64}, {"time": 214, "pitch": 60, "duration": 24, "velocity": 70}, {"time": 214, "pitch": 65, "duration": 24, "velocity": 64}, {"time": 238, "pitch": 41, "duration": 39, "velocity": 85}, {"time": 244, "pitch": 48, "duration": 35, "velocity": 55}, {"time": 250, "pitch": 53, "duration": 16, "velocity": 55}, {"time": 256, "pitch": 57, "duration": 19, "velocity": 67}, {"time": 262, "pitch": 65, "duration": 25, "velocity": 83}, {"time": 268, "pitch": 53, "duration": 12, "velocity": 38}, {"time": 274, "pitch": 60, "duration": 12, "velocity": 85}, {"time": 280, "pitch": 57, "duration": 7, "velocity": 69}, {"time": 286, "pitch": 46, "duration": 40, "velocity": 73}, {"time": 292, "pitch": 53, "duration": 34, "velocity": 48}, {"time": 298, "pitch": 58, "duration": 16, "velocity": 79}, {"time": 304, "pitch": 62, "duration": 13, "velocity": 76}, {"time": 310, "pitch": 65, "duration": 13, "velocity": 78}, {"time": 316, "pitch": 58, "duration": 9, "velocity": 45}, {"time": 322, "pitch": 62, "duration": 13, "velocity": 74}, {"time": 322, "pitch": 70, "duration": 4, "velocity": 28}, {"time": 328, "pitch": 65, "duration": 7, "velocity": 66}, {"time": 334, "pitch": 41, "duration": 14, "velocity": 64}, {"time": 340, "pitch": 48, "duration": 6, "velocity": 52}, {"time": 346, "pitch": 57, "duration": 13, "velocity": 85}, {"time": 352, "pitch": 53, "duration": 7, "velocity": 65}, {"time": 358, "pitch": 36, "duration": 17, "velocity": 70}, {"time": 364, "pitch": 43, "duration": 12, "velocity": 44}, {"time": 370, "pitch": 48, "duration": 7, "velocity": 35}, {"time": 370, "pitch": 60, "duration": 13, "velocity": 72}, {"time": 376, "pitch": 55, "duration": 7, "velocity": 57}, {"time": 382, "pitch": 41, "duration": 19, "velocity": 69}, {"time": 388, "pitch": 48, "duration": 15, "velocity": 59}, {"time": 394, "pitch": 53, "duration": 6, "velocity": 72}, {"time": 394, "pitch": 57, "duration": 13, "velocity": 62}, {"time": 400, "pitch": 60, "duration": 7, "velocity": 53}, {"time": 406, "pitch": 43, "duration": 16, "velocity": 71}, {"time": 412, "pitch": 50, "duration": 8, "velocity": 52}, {"time": 418, "pitch": 62, "duration": 13, "velocity": 85}, {"time": 424, "pitch": 58, "duration": 8, "velocity": 65}, {"time": 430, "pitch": 36, "duration": 18, "velocity": 43}, {"time": 436, "pitch": 43, "duration": 12, "velocity": 65}, {"time": 442, "pitch": 48, "duration": 8, "velocity": 41}, {"time": 442, "pitch": 60, "duration": 13, "velocity": 81}, {"time": 448, "pitch": 55, "duration": 7, "velocity": 92}, {"time": 454, "pitch": 41, "duration": 22, "velocity": 83}, {"time": 460, "pitch": 48, "duration": 19, "velocity": 44}, {"time": 466, "pitch": 53, "duration": 8, "velocity": 54}, {"time": 466, "pitch": 65, "duration": 20, "velocity": 77}, {"time": 472, "pitch": 60, "duration": 15, "velocity": 74}, {"time": 478, "pitch": 41, "duration": 15, "velocity": 79}, {"time": 484, "pitch": 48, "duration": 9, "velocity": 63}, {"time": 490, "pitch": 60, "duration": 13, "velocity": 99}, {"time": 496, "pitch": 57, "duration": 17, "velocity": 92}, {"time": 502, "pitch": 38, "duration": 15, "velocity": 75}, {"time": 508, "pitch": 45, "duration": 10, "velocity": 47}, {"time": 514, "pitch": 50, "duration": 7, "velocity": 56}, {"time": 514, "pitch": 62, "duration": 12, "velocity": 90}, {"time": 520, "pitch": 57, "duration": 7, "velocity": 86}, {"time": 526, "pitch": 43, "duration": 23, "velocity": 69}, {"time": 532, "pitch": 50, "duration": 18, "velocity": 55}, {"time": 538, "pitch": 62, "duration": 37, "velocity": 92}, {"time": 544, "pitch": 58, "duration": 21, "velocity": 93}, {"time": 550, "pitch": 43, "duration": 15, "velocity": 72}, {"time": 556, "pitch": 50, "duration": 8, "velocity": 58}, {"time": 562, "pitch": 55, "duration": 13, "velocity": 95}, {"time": 568, "pitch": 58, "duration": 7, "velocity": 95}, {"time": 574, "pitch": 41, "duration": 18, "velocity": 86}, {"time": 580, "pitch": 48, "duration": 11, "velocity": 58}, {"time": 586, "pitch": 53, "duration": 4, "velocity": 50}, {"time": 586, "pitch": 60, "duration": 18, "velocity": 92}, {"time": 592, "pitch": 57, "duration": 14, "velocity": 81}, {"time": 598, "pitch": 38, "duration": 17, "velocity": 76}, {"time": 604, "pitch": 45, "duration": 18, "velocity": 46}, {"time": 610, "pitch": 50, "duration": 5, "velocity": 58}, {"time": 610, "pitch": 62, "duration": 7, "velocity": 90}, {"time": 616, "pitch": 57, "duration": 13, "velocity": 95}, {"time": 622, "pitch": 38, "duration": 11, "velocity": 82}, {"time": 628, "pitch": 62, "duration": 13, "velocity": 97}, {"time": 634, "pitch": 36, "duration": 7, "velocity": 79}, {"time": 640, "pitch": 60, "duration": 6, "velocity": 76}, {"time": 646, "pitch": 41, "duration": 22, "velocity": 81}, {"time": 652, "pitch": 48, "duration": 18, "velocity": 54}, {"time": 658, "pitch": 60, "duration": 24, "velocity": 96}, {"time": 664, "pitch": 57, "duration": 18, "velocity": 93}, {"time": 670, "pitch": 41, "duration": 10, "velocity": 92}, {"time": 676, "pitch": 53, "duration": 6, "velocity": 93}, {"time": 682, "pitch": 43, "duration": 9, "velocity": 96}, {"time": 694, "pitch": 44, "duration": 23, "velocity": 88}, {"time": 697, "pitch": 51, "duration": 21, "velocity": 70}, {"time": 700, "pitch": 56, "duration": 7, "velocity": 88}, {"time": 703, "pitch": 60, "duration": 10, "velocity": 74}, {"time": 706, "pitch": 68, "duration": 20, "velocity": 112}, {"time": 709, "pitch": 56, "duration": 11, "velocity": 90}, {"time": 712, "pitch": 63, "duration": 16, "velocity": 107}, {"time": 715, "pitch": 60, "duration": 10, "velocity": 77}, {"time": 718, "pitch": 44, "duration": 18, "velocity": 88}, {"time": 721, "pitch": 51, "duration": 14, "velocity": 66}, {"time": 724, "pitch": 56, "duration": 6, "velocity": 56}, {"time": 727, "pitch": 60, "duration": 10, "velocity": 73}, {"time": 730, "pitch": 68, "duration": 12, "velocity": 112}, {"time": 733, "pitch": 56, "duration": 2, "velocity": 88}, {"time": 736, "pitch": 63, "duration": 6, "velocity": 97}, {"time": 739, "pitch": 60, "duration": 4, "velocity": 88}, {"time": 742, "pitch": 41, "duration": 23, "velocity": 81}, {"time": 745, "pitch": 48, "duration": 22, "velocity": 58}, {"time": 748, "pitch": 53, "duration": 7, "velocity": 79}, {"time": 751, "pitch": 57, "duration": 9, "velocity": 69}, {"time": 754, "pitch": 65, "duration": 15, "velocity": 97}, {"time": 757, "pitch": 53, "duration": 4, "velocity": 83}, {"time": 760, "pitch": 60, "duration": 14, "velocity": 75}, {"time": 763, "pitch": 57, "duration": 11, "velocity": 82}, {"time": 766, "pitch": 41, "duration": 16, "velocity": 82}, {"time": 769, "pitch": 48, "duration": 13, "velocity": 50}, {"time": 772, "pitch": 53, "duration": 7, "velocity": 86}, {"time": 775, "pitch": 57, "duration": 10, "velocity": 75}, {"time": 778, "pitch": 65, "duration": 12, "velocity": 96}, {"time": 781, "pitch": 53, "duration": 3, "velocity": 92}, {"time": 784, "pitch": 60, "duration": 6, "velocity": 85}, {"time": 787, "pitch": 57, "duration": 3, "velocity": 99}, {"time": 790, "pitch": 46, "duration": 23, "velocity": 93}, {"time": 793, "pitch": 53, "duration": 22, "velocity": 58}, {"time": 796, "pitch": 58, "duration": 8, "velocity": 82}, {"time": 799, "pitch": 62, "duration": 10, "velocity": 81}, {"time": 802, "pitch": 70, "duration": 22, "velocity": 97}, {"time": 805, "pitch": 58, "duration": 12, "velocity": 90}, {"time": 808, "pitch": 65, "duration": 16, "velocity": 88}, {"time": 811, "pitch": 62, "duration": 10, "velocity": 93}, {"time": 814, "pitch": 46, "duration": 19, "velocity": 82}, {"time": 817, "pitch": 53, "duration": 15, "velocity": 53}, {"time": 820, "pitch": 58, "duration": 8, "velocity": 70}, {"time": 823, "pitch": 62, "duration": 10, "velocity": 72}, {"time": 826, "pitch": 70, "duration": 13, "velocity": 112}, {"time": 829, "pitch": 58, "duration": 3, "velocity": 88}, {"time": 832, "pitch": 65, "duration": 7, "velocity": 95}, {"time": 835, "pitch": 62, "duration": 4, "velocity": 96}, {"time": 838, "pitch": 36, "duration": 22, "velocity": 76}, {"time": 841, "pitch": 43, "duration": 21, "velocity": 57}, {"time": 844, "pitch": 48, "duration": 7, "velocity": 69}, {"time": 847, "pitch": 52, "duration": 10, "velocity": 68}, {"time": 850, "pitch": 60, "duration": 14, "velocity": 93}, {"time": 853, "pitch": 48, "duration": 3, "velocity": 78}, {"time": 856, "pitch": 55, "duration": 7, "velocity": 74}, {"time": 859, "pitch": 52, "duration": 4, "velocity": 79}, {"time": 862, "pitch": 36, "duration": 17, "velocity": 92}, {"time": 865, "pitch": 43, "duration": 15, "velocity": 85}, {"time": 868, "pitch": 48, "duration": 9, "velocity": 95}, {"time": 871, "pitch": 60, "duration": 5, "velocity": 78}, {"time": 874, "pitch": 64, "duration": 12, "velocity": 85}, {"time": 874, "pitch": 67, "duration": 12, "velocity": 97}, {"time": 877, "pitch": 48, "duration": 4, "velocity": 81}, {"time": 880, "pitch": 60, "duration": 6, "velocity": 97}, {"time": 886, "pitch": 41, "duration": 23, "velocity": 92}, {"time": 889, "pitch": 48, "duration": 22, "velocity": 69}, {"time": 892, "pitch": 53, "duration": 7, "velocity": 89}, {"time": 895, "pitch": 57, "duration": 10, "velocity": 89}, {"time": 898, "pitch": 65, "duration": 21, "velocity": 107}, {"time": 901, "pitch": 53, "duration": 4, "velocity": 86}, {"time": 904, "pitch": 60, "duration": 14, "velocity": 88}, {"time": 907, "pitch": 57, "duration": 11, "velocity": 90}, {"time": 910, "pitch": 41, "duration": 22, "velocity": 73}, {"time": 913, "pitch": 48, "duration": 21, "velocity": 48}, {"time": 916, "pitch": 53, "duration": 7, "velocity": 78}, {"time": 919, "pitch": 57, "duration": 10, "velocity": 90}, {"time": 922, "pitch": 65, "duration": 14, "velocity": 99}, {"time": 925, "pitch": 53, "duration": 3, "velocity": 77}, {"time": 928, "pitch": 60, "duration": 9, "velocity": 89}, {"time": 931, "pitch": 57, "duration": 6, "velocity": 89}, {"time": 934, "pitch": 41, "duration": 22, "velocity": 71}, {"time": 937, "pitch": 48, "duration": 22, "velocity": 47}, {"time": 940, "pitch": 53, "duration": 7, "velocity": 66}, {"time": 943, "pitch": 57, "duration": 10, "velocity": 62}, {"time": 946, "pitch": 65, "duration": 17, "velocity": 99}, {"time": 949, "pitch": 53, "duration": 3, "velocity": 63}, {"time": 952, "pitch": 60, "duration": 14, "velocity": 81}, {"time": 955, "pitch": 57, "duration": 11, "velocity": 82}, {"time": 958, "pitch": 41, "duration": 16, "velocity": 60}, {"time": 961, "pitch": 48, "duration": 13, "velocity": 57}, {"time": 964, "pitch": 53, "duration": 7, "velocity": 74}, {"time": 967, "pitch": 57, "duration": 10, "velocity": 79}, {"time": 970, "pitch": 65, "duration": 12, "velocity": 99}, {"time": 973, "pitch": 53, "duration": 3, "velocity": 83}, {"time": 976, "pitch": 60, "duration": 6, "velocity": 93}, {"time": 979, "pitch": 57, "duration": 3, "velocity": 89}, {"time": 982, "pitch": 46, "duration": 20, "velocity": 89}, {"time": 985, "pitch": 53, "duration": 22, "velocity": 53}, {"time": 988, "pitch": 58, "duration": 8, "velocity": 89}, {"time": 991, "pitch": 62, "duration": 10, "velocity": 72}, {"time": 994, "pitch": 70, "duration": 14, "velocity": 112}, {"time": 997, "pitch": 58, "duration": 13, "velocity": 85}, {"time": 1000, "pitch": 65, "duration": 7, "velocity": 89}, {"time": 1003, "pitch": 62, "duration": 9, "velocity": 97}, {"time": 1006, "pitch": 46, "duration": 19, "velocity": 74}, {"time": 1009, "pitch": 53, "duration": 15, "velocity": 52}, {"time": 1012, "pitch": 58, "duration": 8, "velocity": 72}, {"time": 1015, "pitch": 62, "duration": 10, "velocity": 67}, {"time": 1018, "pitch": 70, "duration": 13, "velocity": 112}, {"time": 1021, "pitch": 58, "duration": 3, "velocity": 83}, {"time": 1024, "pitch": 65, "duration": 7, "velocity": 83}, {"time": 1027, "pitch": 62, "duration": 4, "velocity": 90}, {"time": 1030, "pitch": 41, "duration": 20, "velocity": 72}, {"time": 1033, "pitch": 48, "duration": 22, "velocity": 52}, {"time": 1036, "pitch": 53, "duration": 7, "velocity": 69}, {"time": 1039, "pitch": 57, "duration": 9, "velocity": 69}, {"time": 1042, "pitch": 65, "duration": 19, "velocity": 96}, {"time": 1045, "pitch": 53, "duration": 3, "velocity": 72}, {"time": 1048, "pitch": 60, "duration": 16, "velocity": 67}, {"time": 1051, "pitch": 57, "duration": 9, "velocity": 70}, {"time": 1054, "pitch": 41, "duration": 18, "velocity": 63}, {"time": 1057, "pitch": 48, "duration": 18, "velocity": 44}, {"time": 1060, "pitch": 53, "duration": 7, "velocity": 58}, {"time": 1063, "pitch": 57, "duration": 16, "velocity": 54}, {"time": 1066, "pitch": 65, "duration": 13, "velocity": 81}, {"time": 1072, "pitch": 60, "duration": 6, "velocity": 55}, {"time": 1078, "pitch": 41, "duration": 23, "velocity": 72}, {"time": 1081, "pitch": 48, "duration": 22, "velocity": 43}, {"time": 1084, "pitch": 53, "duration": 8, "velocity": 55}, {"time": 1087, "pitch": 57, "duration": 22, "velocity": 72}, {"time": 1090, "pitch": 65, "duration": 19, "velocity": 89}, {"time": 1093, "pitch": 53, "duration": 4, "velocity": 44}, {"time": 1096, "pitch": 60, "duration": 13, "velocity": 55}, {"time": 1102, "pitch": 41, "duration": 18, "velocity": 59}, {"time": 1105, "pitch": 48, "duration": 15, "velocity": 45}, {"time": 1108, "pitch": 53, "duration": 7, "velocity": 58}, {"time": 1111, "pitch": 57, "duration": 10, "velocity": 68}, {"time": 1114, "pitch": 65, "duration": 12, "velocity": 100}, {"time": 1117, "pitch": 53, "duration": 3, "velocity": 81}, {"time": 1120, "pitch": 60, "duration": 7, "velocity": 88}, {"time": 1123, "pitch": 57, "duration": 4, "velocity": 74}, {"time": 1126, "pitch": 36, "duration": 21, "velocity": 72}, {"time": 1129, "pitch": 43, "duration": 21, "velocity": 58}, {"time": 1132, "pitch": 48, "duration": 7, "velocity": 44}, {"time": 1135, "pitch": 55, "duration": 9, "velocity": 65}, {"time": 1138, "pitch": 64, "duration": 14, "velocity": 93}, {"time": 1141, "pitch": 48, "duration": 3, "velocity": 54}, {"time": 1144, "pitch": 60, "duration": 8, "velocity": 58}, {"time": 1147, "pitch": 55, "duration": 4, "velocity": 66}, {"time": 1150, "pitch": 36, "duration": 16, "velocity": 70}, {"time": 1153, "pitch": 43, "duration": 13, "velocity": 52}, {"time": 1156, "pitch": 48, "duration": 7, "velocity": 50}, {"time": 1159, "pitch": 55, "duration": 9, "velocity": 71}, {"time": 1162, "pitch": 64, "duration": 12, "velocity": 90}, {"time": 1165, "pitch": 48, "duration": 2, "velocity": 65}, {"time": 1168, "pitch": 60, "duration": 6, "velocity": 73}, {"time": 1171, "pitch": 55, "duration": 3, "velocity": 69}, {"time": 1174, "pitch": 46, "duration": 23, "velocity": 64}, {"time": 1177, "pitch": 53, "duration": 22, "velocity": 41}, {"time": 1180, "pitch": 58, "duration": 7, "velocity": 69}, {"time": 1183, "pitch": 62, "duration": 10, "velocity": 63}, {"time": 1186, "pitch": 70, "duration": 21, "velocity": 127}, {"time": 1189, "pitch": 58, "duration": 12, "velocity": 52}, {"time": 1192, "pitch": 65, "duration": 15, "velocity": 66}, {"time": 1195, "pitch": 62, "duration": 10, "velocity": 92}, {"time": 1198, "pitch": 46, "duration": 18, "velocity": 72}, {"time": 1201, "pitch": 53, "duration": 15, "velocity": 53}, {"time": 1204, "pitch": 58, "duration": 8, "velocity": 69}, {"time": 1207, "pitch": 62, "duration": 10, "velocity": 57}, {"time": 1210, "pitch": 70, "duration": 12, "velocity": 107}, {"time": 1213, "pitch": 58, "duration": 2, "velocity": 76}, {"time": 1216, "pitch": 65, "duration": 6, "velocity": 76}, {"time": 1219, "pitch": 62, "duration": 4, "velocity": 78}, {"time": 1222, "pitch": 41, "duration": 20, "velocity": 69}, {"time": 1225, "pitch": 48, "duration": 20, "velocity": 59}, {"time": 1228, "pitch": 53, "duration": 7, "velocity": 66}, {"time": 1231, "pitch": 57, "duration": 4, "velocity": 78}, {"time": 1234, "pitch": 65, "duration": 10, "velocity": 96}, {"time": 1237, "pitch": 53, "duration": 4, "velocity": 73}, {"time": 1240, "pitch": 60, "duration": 4, "velocity": 75}, {"time": 1243, "pitch": 57, "duration": 28, "velocity": 70}, {"time": 1246, "pitch": 41, "duration": 25, "velocity": 41}, {"time": 1246, "pitch": 48, "duration": 25, "velocity": 42}, {"time": 1246, "pitch": 53, "duration": 25, "velocity": 63}, {"time": 1246, "pitch": 60, "duration": 25, "velocity": 66}, {"time": 1246, "pitch": 65, "duration": 25, "velocity": 70}, {"time": 1270, "pitch": 41, "duration": 1, "velocity": 85}, {"time": 1276, "pitch": 48, "duration": 35, "velocity": 55}, {"time": 1282, "pitch": 53, "duration": 16, "velocity": 55}, {"time": 1288, "pitch": 57, "duration": 19, "velocity": 67}, {"time": 1294, "pitch": 65, "duration": 25, "velocity": 83}, {"time": 1300, "pitch": 53, "duration": 12, "velocity": 38}, {"time": 1306, "pitch": 60, "duration": 12, "velocity": 85}, {"time": 1312, "pitch": 57, "duration": 7, "velocity": 69}, {"time": 1318, "pitch": 46, "duration": 40, "velocity": 73}, {"time": 1324, "pitch": 53, "duration": 34, "velocity": 48}, {"time": 1330, "pitch": 58, "duration": 16, "velocity": 79}, {"time": 1336, "pitch": 62, "duration": 13, "velocity": 76}, {"time": 1342, "pitch": 65, "duration": 13, "velocity": 78}, {"time": 1348, "pitch": 58, "duration": 9, "velocity": 45}, {"time": 1354, "pitch": 62, "duration": 13, "velocity": 74}, {"time": 1354, "pitch": 70, "duration": 4, "velocity": 28}, {"time": 1360, "pitch": 65, "duration": 7, "velocity": 66}, {"time": 1366, "pitch": 41, "duration": 14, "velocity": 64}, {"time": 1372, "pitch": 48, "duration": 6, "velocity": 52}, {"time": 1378, "pitch": 57, "duration": 13, "velocity": 85}, {"time": 1384, "pitch": 53, "duration": 7, "velocity": 65}, {"time": 1390, "pitch": 36, "duration": 17, "velocity": 70}, {"time": 1396, "pitch": 43, "duration": 12, "velocity": 44}, {"time": 1402, "pitch": 48, "duration": 7, "velocity": 35}, {"time": 1402, "pitch": 60, "duration": 13, "velocity": 72}, {"time": 1408, "pitch": 55, "duration": 7, "velocity": 57}, {"time": 1414, "pitch": 41, "duration": 19, "velocity": 69}, {"time": 1420, "pitch": 48, "duration": 15, "velocity": 59}, {"time": 1426, "pitch": 53, "duration": 6, "velocity": 72}, {"time": 1426, "pitch": 57, "duration": 13, "velocity": 62}, {"time": 1432, "pitch": 60, "duration": 7, "velocity": 53}, {"time": 1438, "pitch": 43, "duration": 16, "velocity": 71}, {"time": 1444, "pitch": 50, "duration": 8, "velocity": 52}, {"time": 1450, "pitch": 62, "duration": 13, "velocity": 85}, {"time": 1456, "pitch": 58, "duration": 8, "velocity": 65}, {"time": 1462, "pitch": 36, "duration": 18, "velocity": 43}, {"time": 1468, "pitch": 43, "duration": 12, "velocity": 65}, {"time": 1474, "pitch": 48, "duration": 8, "velocity": 41}, {"time": 1474, "pitch": 60, "duration": 13, "velocity": 81}, {"time": 1480, "pitch": 55, "duration": 7, "velocity": 92}, {"time": 1486, "pitch": 41, "duration": 22, "velocity": 83}, {"time": 1492, "pitch": 48, "duration": 19, "velocity": 44}, {"time": 1498, "pitch": 53, "duration": 8, "velocity": 54}, {"time": 1498, "pitch": 65, "duration": 20, "velocity": 77}, {"time": 1504, "pitch": 60, "duration": 15, "velocity": 74}, {"time": 1510, "pitch": 41, "duration": 15, "velocity": 79}, {"time": 1516, "pitch": 48, "duration": 9, "velocity": 63}, {"time": 1522, "pitch": 60, "duration": 13, "velocity": 99}, {"time": 1528, "pitch": 57, "duration": 17, "velocity": 92}, {"time": 1534, "pitch": 38, "duration": 15, "velocity": 75}, {"time": 1540, "pitch": 45, "duration": 10, "velocity": 47}, {"time": 1546, "pitch": 50, "duration": 7, "velocity": 56}, {"time": 1546, "pitch": 62, "duration": 12, "velocity": 90}, {"time": 1552, "pitch": 57, "duration": 7, "velocity": 86}, {"time": 1558, "pitch": 43, "duration": 23, "velocity": 69}, {"time": 1564, "pitch": 50, "duration": 18, "velocity": 55}, {"time": 1570, "pitch": 62, "duration": 37, "velocity": 92}, {"time": 1576, "pitch": 58, "duration": 21, "velocity": 93}, {"time": 1582, "pitch": 43, "duration": 15, "velocity": 72}, {"time": 1588, "pitch": 50, "duration": 8, "velocity": 58}, {"time": 1594, "pitch": 55, "duration": 13, "velocity": 95}, {"time": 1600, "pitch": 58, "duration": 7, "velocity": 95}, {"time": 1606, "pitch": 41, "duration": 18, "velocity": 86}, {"time": 1612, "pitch": 48, "duration": 11, "velocity": 58}, {"time": 1618, "pitch": 53, "duration": 4, "velocity": 50}, {"time": 1618, "pitch": 60, "duration": 18, "velocity": 92}, {"time": 1624, "pitch": 57, "duration": 14, "velocity": 81}, {"time": 1630, "pitch": 38, "duration": 17, "velocity": 76}, {"time": 1636, "pitch": 45, "duration": 18, "velocity": 46}, {"time": 1642, "pitch": 50, "duration": 5, "velocity": 58}, {"time": 1642, "pitch": 62, "duration": 7, "velocity": 90}, {"time": 1648, "pitch": 57, "duration": 13, "velocity": 95}, {"time": 1654, "pitch": 38, "duration": 11, "velocity": 82}, {"time": 1660, "pitch": 62, "duration": 13, "velocity": 97}, {"time": 1666, "pitch": 36, "duration": 7, "velocity": 79}, {"time": 1672, "pitch": 60, "duration": 6, "velocity": 76}, {"time": 1678, "pitch": 41, "duration": 22, "velocity": 81}, {"time": 1684, "pitch": 48, "duration": 18, "velocity": 54}, {"time": 1690, "pitch": 60, "duration": 24, "velocity": 96}, {"time": 1696, "pitch": 57, "duration": 18, "velocity": 93}, {"time": 1702, "pitch": 41, "duration": 10, "velocity": 92}, {"time": 1708, "pitch": 53, "duration": 6, "velocity": 93}, {"time": 1714, "pitch": 43, "duration": 9, "velocity": 96}, {"time": 1726, "pitch": 44, "duration": 23, "velocity": 88}, {"time": 1729, "pitch": 51, "duration": 21, "velocity": 70}, {"time": 1732, "pitch": 56, "duration": 7, "velocity": 88}, {"time": 1735, "pitch": 60, "duration": 10, "velocity": 74}, {"time": 1738, "pitch": 68, "duration": 20, "velocity": 112}, {"time": 1741, "pitch": 56, "duration": 11, "velocity": 90}, {"time": 1744, "pitch": 63, "duration": 16, "velocity": 107}, {"time": 1747, "pitch": 60, "duration": 10, "velocity": 77}, {"time": 1750, "pitch": 44, "duration": 18, "velocity": 88}, {"time": 1753, "pitch": 51, "duration": 14, "velocity": 66}, {"time": 1756, "pitch": 56, "duration": 6, "velocity": 56}, {"time": 1759, "pitch": 60, "duration": 10, "velocity": 73}, {"time": 1762, "pitch": 68, "duration": 12, "velocity": 112}, {"time": 1765, "pitch": 56, "duration": 2, "velocity": 88}, {"time": 1768, "pitch": 63, "duration": 6, "velocity": 97}, {"time": 1771, "pitch": 60, "duration": 4, "velocity": 88}, {"time": 1774, "pitch": 41, "duration": 23, "velocity": 81}, {"time": 1777, "pitch": 48, "duration": 22, "velocity": 58}, {"time": 1780, "pitch": 53, "duration": 7, "velocity": 79}, {"time": 1783, "pitch": 57, "duration": 9, "velocity": 69}, {"time": 1786, "pitch": 65, "duration": 15, "velocity": 97}, {"time": 1789, "pitch": 53, "duration": 4, "velocity": 83}, {"time": 1792, "pitch": 60, "duration": 14, "velocity": 75}, {"time": 1795, "pitch": 57, "duration": 11, "velocity": 82}, {"time": 1798, "pitch": 41, "duration": 16, "velocity": 82}, {"time": 1801, "pitch": 48, "duration": 13, "velocity": 50}, {"time": 1804, "pitch": 53, "duration": 7, "velocity": 86}, {"time": 1807, "pitch": 57, "duration": 10, "velocity": 75}, {"time": 1810, "pitch": 65, "duration": 12, "velocity": 96}, {"time": 1813, "pitch": 53, "duration": 3, "velocity": 92}, {"time": 1816, "pitch": 60, "duration": 6, "velocity": 85}, {"time": 1819, "pitch": 57, "duration": 3, "velocity": 99}, {"time": 1822, "pitch": 46, "duration": 23, "velocity": 93}, {"time": 1825, "pitch": 53, "duration": 22, "velocity": 58}, {"time": 1828, "pitch": 58, "duration": 8, "velocity": 82}, {"time": 1831, "pitch": 62, "duration": 10, "velocity": 81}, {"time": 1834, "pitch": 70, "duration": 22, "velocity": 97}, {"time": 1837, "pitch": 58, "duration": 12, "velocity": 90}, {"time": 1840, "pitch": 65, "duration": 16, "velocity": 88}, {"time": 1843, "pitch": 62, "duration": 10, "velocity": 93}, {"time": 1846, "pitch": 46, "duration": 19, "velocity": 82}, {"time": 1849, "pitch": 53, "duration": 15, "velocity": 53}, {"time": 1852, "pitch": 58, "duration": 8, "velocity": 70}, {"time": 1855, "pitch": 62, "duration": 10, "velocity": 72}, {"time": 1858, "pitch": 70, "duration": 13, "velocity": 112}, {"time": 1861, "pitch": 58, "duration": 3, "velocity": 88}, {"time": 1864, "pitch": 65, "duration": 7, "velocity": 95}, {"time": 1867, "pitch": 62, "duration": 4, "velocity": 96}, {"time": 1870, "pitch": 36, "duration": 22, "velocity": 76}, {"time": 1873, "pitch": 43, "duration": 21, "velocity": 57}, {"time": 1876, "pitch": 48, "duration": 7, "velocity": 69}, {"time": 1879, "pitch": 52, "duration": 10, "velocity": 68}, {"time": 1882, "pitch": 60, "duration": 14, "velocity": 93}, {"time": 1885, "pitch": 48, "duration": 3, "velocity": 78}, {"time": 1888, "pitch": 55, "duration": 7, "velocity": 74}, {"time": 1891, "pitch": 52, "duration": 4, "velocity": 79}, {"time": 1894, "pitch": 36, "duration": 17, "velocity": 92}, {"time": 1897, "pitch": 43, "duration": 15, "velocity": 85}, {"time": 1900, "pitch": 48, "duration": 9, "velocity": 95}, {"time": 1903, "pitch": 60, "duration": 5, "velocity": 78}, {"time": 1906, "pitch": 64, "duration": 12, "velocity": 85}, {"time": 1906, "pitch": 67, "duration": 12, "velocity": 97}, {"time": 1909, "pitch": 48, "duration": 4, "velocity": 81}, {"time": 1912, "pitch": 60, "duration": 6, "velocity": 97}, {"time": 1918, "pitch": 41, "duration": 23, "velocity": 92}, {"time": 1921, "pitch": 48, "duration": 22, "velocity": 69}, {"time": 1924, "pitch": 53, "duration": 7, "velocity": 89}, {"time": 1927, "pitch": 57, "duration": 10, "velocity": 89}, {"time": 1930, "pitch": 65, "duration": 21, "velocity": 107}, {"time": 1933, "pitch": 53, "duration": 4, "velocity": 86}, {"time": 1936, "pitch": 60, "duration": 14, "velocity": 88}, {"time": 1939, "pitch": 57, "duration": 11, "velocity": 90}, {"time": 1942, "pitch": 41, "duration": 22, "velocity": 73}, {"time": 1945, "pitch": 48, "duration": 21, "velocity": 48}, {"time": 1948, "pitch": 53, "duration": 7, "velocity": 78}, {"time": 1951, "pitch": 57, "duration": 10, "velocity": 90}, {"time": 1954, "pitch": 65, "duration": 14, "velocity": 99}, {"time": 1957, "pitch": 53, "duration": 3, "velocity": 77}, {"time": 1960, "pitch": 60, "duration": 9, "velocity": 89}, {"time": 1963, "pitch": 57, "duration": 6, "velocity": 89}, {"time": 1966, "pitch": 41, "duration": 22, "velocity": 71}, {"time": 1969, "pitch": 48, "duration": 22, "velocity": 47}, {"time": 1972, "pitch": 53, "duration": 7, "velocity": 66}, {"time": 1975, "pitch": 57, "duration": 10, "velocity": 62}, {"time": 1978, "pitch": 65, "duration": 17, "velocity": 99}, {"time": 1981, "pitch": 53, "duration": 3, "velocity": 63}, {"time": 1984, "pitch": 60, "duration": 14, "velocity": 81}, {"time": 1987, "pitch": 57, "duration": 11, "velocity": 82}, {"time": 1990, "pitch": 41, "duration": 16, "velocity": 60}, {"time": 1993, "pitch": 48, "duration": 13, "velocity": 57}, {"time": 1996, "pitch": 53, "duration": 7, "velocity": 74}, {"time": 1999, "pitch": 57, "duration": 10, "velocity": 79}, {"time": 2002, "pitch": 65, "duration": 12, "velocity": 99}, {"time": 2005, "pitch": 53, "duration": 3, "velocity": 83}, {"time": 2008, "pitch": 60, "duration": 6, "velocity": 93}, {"time": 2011, "pitch": 57, "duration": 3, "velocity": 89}, {"time": 2014, "pitch": 46, "duration": 20, "velocity": 89}, {"time": 2017, "pitch": 53, "duration": 22, "velocity": 53}, {"time": 2020, "pitch": 58, "duration": 8, "velocity": 89}, {"time": 2023, "pitch": 62, "duration": 10, "velocity": 72}, {"time": 2026, "pitch": 70, "duration": 14, "velocity": 112}, {"time": 2029, "pitch": 58, "duration": 13, "velocity": 85}, {"time": 2032, "pitch": 65, "duration": 7, "velocity": 89}, {"time": 2035, "pitch": 62, "duration": 9, "velocity": 97}, {"time": 2038, "pitch": 46, "duration": 19, "velocity": 74}, {"time": 2041, "pitch": 53, "duration": 15, "velocity": 52}, {"time": 2044, "pitch": 58, "duration": 8, "velocity": 72}, {"time": 2047, "pitch": 62, "duration": 10, "velocity": 67}, {"time": 2050, "pitch": 70, "duration": 13, "velocity": 112}, {"time": 2053, "pitch": 58, "duration": 3, "velocity": 83}, {"time": 2056, "pitch": 65, "duration": 7, "velocity": 83}, {"time": 2059, "pitch": 62, "duration": 4, "velocity": 90}, {"time": 2062, "pitch": 41, "duration": 20, "velocity": 72}, {"time": 2065, "pitch": 48, "duration": 22, "velocity": 52}, {"time": 2068, "pitch": 53, "duration": 7, "velocity": 69}, {"time": 2071, "pitch": 57, "duration": 9, "velocity": 69}, {"time": 2074, "pitch": 65, "duration": 19, "velocity": 96}, {"time": 2077, "pitch": 53, "duration": 3, "velocity": 72}, {"time": 2080, "pitch": 60, "duration": 16, "velocity": 67}, {"time": 2083, "pitch": 57, "duration": 9, "velocity": 70}, {"time": 2086, "pitch": 41, "duration": 18, "velocity": 63}, {"time": 2089, "pitch": 48, "duration": 18, "velocity": 44}, {"time": 2092, "pitch": 53, "duration": 7, "velocity": 58}, {"time": 2095, "pitch": 57, "duration": 15, "velocity": 54}, {"time": 2098, "pitch": 65, "duration": 12, "velocity": 81}, {"time": 2104, "pitch": 60, "duration": 6, "velocity": 55}, {"time": 2111, "pitch": 36, "duration": 22, "velocity": 100}, {"time": 2117, "pitch": 43, "duration": 18, "velocity": 61}, {"time": 2122, "pitch": 52, "duration": 23, "velocity": 85}, {"time": 2128, "pitch": 55, "duration": 5, "velocity": 69}, {"time": 2134, "pitch": 55, "duration": 11, "velocity": 72}, {"time": 2134, "pitch": 60, "duration": 11, "velocity": 88}, {"time": 2134, "pitch": 36, "duration": 17, "velocity": 72}, {"time": 2140, "pitch": 48, "duration": 12, "velocity": 53}, {"time": 2146, "pitch": 55, "duration": 12, "velocity": 90}, {"time": 2146, "pitch": 60, "duration": 13, "velocity": 96}, {"time": 2152, "pitch": 52, "duration": 6, "velocity": 72}, {"time": 2158, "pitch": 41, "duration": 46, "velocity": 86}, {"time": 2164, "pitch": 48, "duration": 44, "velocity": 50}, {"time": 2170, "pitch": 60, "duration": 11, "velocity": 88}, {"time": 2176, "pitch": 53, "duration": 11, "velocity": 43}, {"time": 2183, "pitch": 60, "duration": 10, "velocity": 66}, {"time": 2183, "pitch": 65, "duration": 10, "velocity": 66}, {"time": 2183, "pitch": 57, "duration": 11, "velocity": 70}, {"time": 2189, "pitch": 53, "duration": 19, "velocity": 40}, {"time": 2195, "pitch": 60, "duration": 22, "velocity": 89}, {"time": 2195, "pitch": 65, "duration": 22, "velocity": 89}, {"time": 2200, "pitch": 57, "duration": 17, "velocity": 73}, {"time": 2207, "pitch": 41, "duration": 15, "velocity": 86}, {"time": 2213, "pitch": 48, "duration": 10, "velocity": 51}, {"time": 2219, "pitch": 60, "duration": 12, "velocity": 97}, {"time": 2219, "pitch": 65, "duration": 12, "velocity": 107}, {"time": 2219, "pitch": 53, "duration": 4, "velocity": 62}, {"time": 2224, "pitch": 57, "duration": 7, "velocity": 93}, {"time": 2230, "pitch": 44, "duration": 15, "velocity": 100}, {"time": 2236, "pitch": 51, "duration": 9, "velocity": 35}, {"time": 2242, "pitch": 60, "duration": 12, "velocity": 107}, {"time": 2242, "pitch": 63, "duration": 12, "velocity": 112}, {"time": 2248, "pitch": 56, "duration": 6, "velocity": 81}, {"time": 2254, "pitch": 41, "duration": 1, "velocity": 82}, {"time": 2254, "pitch": 41, "duration": 1, "velocity": 92}, {"time": 2260, "pitch": 48, "duration": 9, "velocity": 56}, {"time": 2266, "pitch": 53, "duration": 2, "velocity": 52}, {"time": 2266, "pitch": 65, "duration": 7, "velocity": 71}, {"time": 2266, "pitch": 60, "duration": 8, "velocity": 69}, {"time": 2272, "pitch": 57, "duration": 3, "velocity": 53}, {"time": 2279, "pitch": 60, "duration": 17, "velocity": 65}, {"time": 2279, "pitch": 55, "duration": 19, "velocity": 67}, {"time": 2279, "pitch": 36, "duration": 16, "velocity": 72}, {"time": 2279, "pitch": 64, "duration": 18, "velocity": 69}, {"time": 2290, "pitch": 48, "duration": 5, "velocity": 42}, {"time": 2301, "pitch": 60, "duration": 34, "velocity": 42}, {"time": 2301, "pitch": 57, "duration": 6, "velocity": 38}, {"time": 2303, "pitch": 53, "duration": 4, "velocity": 39}, {"time": 2303, "pitch": 41, "duration": 33, "velocity": 72}, {"time": 2308, "pitch": 48, "duration": 28, "velocity": 40}, {"time": 2314, "pitch": 53, "duration": 22, "velocity": 38}, {"time": 2314, "pitch": 55, "duration": 21, "velocity": 40}, {"time": 2320, "pitch": 57, "duration": 15, "velocity": 31}], "annotations": [{"time": 46, "annotation": {"number": 64, "value": 127}, "group": "control_change"}, {"time": 92, "annotation": {"number": 64, "value": 0}, "group": "control_change"}, {"time": 94, "annotation": {"number": 64, "value": 127}, "group": "control_change"}, {"time": 140, "annotation": {"number": 64, "value": 0}, "group": "control_change"}, {"time": 142, "annotation": {"number": 64, "value": 127}, "group": "control_change"}, {"time": 163, "annotation": {"number": 64, "value": 0}, "group": "control_change"}, {"time": 178, "annotation": {"number": 64, "value": 127}, "group": "control_change"}, {"time": 188, "annotation": {"number": 64, "value": 0}, "group": "control_change"}, {"time": 191, "annotation": {"number": 64, "value": 127}, "group": "control_change"}, {"time": 223, "annotation": {"number": 64, "value": 0}, "group": "control_change"}, {"time": 238, "annotation": {"number": 64, "value": 127}, "group": "control_change"}, {"time": 284, "annotation": {"number": 64, "value": 0}, "group": "control_change"}, {"time": 287, "annotation": {"number": 64, "value": 127}, "group": "control_change"}, {"time": 307, "annotation": {"number": 64, "value": 0}, "group": "control_change"}, {"time": 322, "annotation": {"number": 64, "value": 127}, "group": "control_change"}, {"time": 332, "annotation": {"number": 64, "value": 0}, "group": "control_change"}, {"time": 334, "annotation": {"number": 64, "value": 127}, "group": "control_change"}, {"time": 357, "annotation": {"number": 64, "value": 0}, "group": "control_change"}, {"time": 359, "annotation": {"number": 64, "value": 127}, "group": "control_change"}, {"time": 380, "annotation": {"number": 64, "value": 0}, "group": "control_change"}, {"time": 382, "annotation": {"number": 64, "value": 127}, "group": "control_change"}, {"time": 404, "annotation": {"number": 64, "value": 0}, "group": "control_change"}, {"time": 406, "annotation": {"number": 64, "value": 127}, "group": "control_change"}, {"time": 425, "annotation": {"number": 64, "value": 0}, "group": "control_change"}, {"time": 430, "annotation": {"number": 64, "value": 127}, "group": "control_change"}, {"time": 450, "annotation": {"number": 64, "value": 0}, "group": "control_change"}, {"time": 454, "annotation": {"number": 64, "value": 127}, "group": "control_change"}, {"time": 474, "annotation": {"number": 64, "value": 0}, "group": "control_change"}, {"time": 478, "annotation": {"number": 64, "value": 127}, "group": "control_change"}, {"time": 498, "annotation": {"number": 64, "value": 0}, "group": "control_change"}, {"time": 502, "annotation": {"number": 64, "value": 127}, "group": "control_change"}, {"time": 520, "annotation": {"number": 64, "value": 0}, "group": "control_change"}, {"time": 526, "annotation": {"number": 64, "value": 127}, "group": "control_change"}, {"time": 534, "annotation": {"number": 64, "value": 0}, "group": "control_change"}, {"time": 550, "annotation": {"number": 64, "value": 127}, "group": "control_change"}, {"time": 558, "annotation": {"number": 64, "value": 0}, "group": "control_change"}, {"time": 574, "annotation": {"number": 64, "value": 127}, "group": "control_change"}, {"time": 594, "annotation": {"number": 64, "value": 0}, "group": "control_change"}, {"time": 598, "annotation": {"number": 64, "value": 127}, "group": "control_change"}, {"time": 618, "annotation": {"number": 64, "value": 0}, "group": "control_change"}, {"time": 622, "annotation": {"number": 64, "value": 127}, "group": "control_change"}, {"time": 626, "annotation": {"number": 64, "value": 0}, "group": "control_change"}, {"time": 634, "annotation": {"number": 64, "value": 127}, "group": "control_change"}, {"time": 643, "annotation": {"number": 64, "value": 0}, "group": "control_change"}, {"time": 646, "annotation": {"number": 64, "value": 127}, "group": "control_change"}, {"time": 666, "annotation": {"number": 64, "value": 0}, "group": "control_change"}, {"time": 671, "annotation": {"number": 64, "value": 127}, "group": "control_change"}, {"time": 679, "annotation": {"number": 64, "value": 0}, "group": "control_change"}, {"time": 694, "annotation": {"number": 64, "value": 127}, "group": "control_change"}, {"time": 715, "annotation": {"number": 64, "value": 0}, "group": "control_change"}, {"time": 718, "annotation": {"number": 64, "value": 127}, "group": "control_change"}, {"time": 739, "annotation": {"number": 64, "value": 0}, "group": "control_change"}, {"time": 742, "annotation": {"number": 64, "value": 127}, "group": "control_change"}, {"time": 762, "annotation": {"number": 64, "value": 0}, "group": "control_change"}, {"time": 766, "annotation": {"number": 64, "value": 127}, "group": "control_change"}, {"time": 788, "annotation": {"number": 64, "value": 0}, "group": "control_change"}, {"time": 790, "annotation": {"number": 64, "value": 127}, "group": "control_change"}, {"time": 811, "annotation": {"number": 64, "value": 0}, "group": "control_change"}, {"time": 814, "annotation": {"number": 64, "value": 127}, "group": "control_change"}, {"time": 836, "annotation": {"number": 64, "value": 0}, "group": "control_change"}, {"time": 838, "annotation": {"number": 64, "value": 127}, "group": "control_change"}, {"time": 858, "annotation": {"number": 64, "value": 0}, "group": "control_change"}, {"time": 862, "annotation": {"number": 64, "value": 127}, "group": "control_change"}, {"time": 882, "annotation": {"number": 64, "value": 0}, "group": "control_change"}, {"time": 886, "annotation": {"number": 64, "value": 127}, "group": "control_change"}, {"time": 906, "annotation": {"number": 64, "value": 0}, "group": "control_change"}, {"time": 911, "annotation": {"number": 64, "value": 127}, "group": "control_change"}, {"time": 927, "annotation": {"number": 64, "value": 0}, "group": "control_change"}, {"time": 928, "annotation": {"number": 64, "value": 127}, "group": "control_change"}, {"time": 928, "annotation": {"number": 64, "value": 0}, "group": "control_change"}, {"time": 934, "annotation": {"number": 64, "value": 127}, "group": "control_change"}, {"time": 951, "annotation": {"number": 64, "value": 0}, "group": "control_change"}, {"time": 958, "annotation": {"number": 64, "value": 127}, "group": "control_change"}, {"time": 979, "annotation": {"number": 64, "value": 0}, "group": "control_change"}, {"time": 982, "annotation": {"number": 64, "value": 127}, "group": "control_change"}, {"time": 1002, "annotation": {"number": 64, "value": 0}, "group": "control_change"}, {"time": 1006, "annotation": {"number": 64, "value": 127}, "group": "control_change"}, {"time": 1027, "annotation": {"number": 64, "value": 0}, "group": "control_change"}, {"time": 1030, "annotation": {"number": 64, "value": 127}, "group": "control_change"}, {"time": 1050, "annotation": {"number": 64, "value": 0}, "group": "control_change"}, {"time": 1054, "annotation": {"number": 64, "value": 127}, "group": "control_change"}, {"time": 1065, "annotation": {"number": 64, "value": 0}, "group": "control_change"}, {"time": 1102, "annotation": {"number": 64, "value": 127}, "group": "control_change"}, {"time": 1110, "annotation": {"number": 64, "value": 0}, "group": "control_change"}, {"time": 1126, "annotation": {"number": 64, "value": 127}, "group": "control_change"}, {"time": 1141, "annotation": {"number": 64, "value": 0}, "group": "control_change"}, {"time": 1150, "annotation": {"number": 64, "value": 127}, "group": "control_change"}, {"time": 1157, "annotation": {"number": 64, "value": 0}, "group": "control_change"}, {"time": 1162, "annotation": {"number": 64, "value": 127}, "group": "control_change"}, {"time": 1169, "annotation": {"number": 64, "value": 0}, "group": "control_change"}, {"time": 1174, "annotation": {"number": 64, "value": 127}, "group": "control_change"}, {"time": 1181, "annotation": {"number": 64, "value": 0}, "group": "control_change"}, {"time": 1198, "annotation": {"number": 64, "value": 127}, "group": "control_change"}, {"time": 1204, "annotation": {"number": 64, "value": 0}, "group": "control_change"}, {"time": 1222, "annotation": {"number": 64, "value": 127}, "group": "control_change"}, {"time": 1241, "annotation": {"number": 64, "value": 0}, "group": "control_change"}, {"time": 1316, "annotation": {"number": 64, "value": 0}, "group": "control_change"}, {"time": 1319, "annotation": {"number": 64, "value": 127}, "group": "control_change"}, {"time": 1339, "annotation": {"number": 64, "value": 0}, "group": "control_change"}, {"time": 1354, "annotation": {"number": 64, "value": 127}, "group": "control_change"}, {"time": 1364, "annotation": {"number": 64, "value": 0}, "group": "control_change"}, {"time": 1366, "annotation": {"number": 64, "value": 127}, "group": "control_change"}, {"time": 1389, "annotation": {"number": 64, "value": 0}, "group": "control_change"}, {"time": 1391, "annotation": {"number": 64, "value": 127}, "group": "control_change"}, {"time": 1412, "annotation": {"number": 64, "value": 0}, "group": "control_change"}, {"time": 1414, "annotation": {"number": 64, "value": 127}, "group": "control_change"}, {"time": 1436, "annotation": {"number": 64, "value": 0}, "group": "control_change"}, {"time": 1438, "annotation": {"number": 64, "value": 127}, "group": "control_change"}, {"time": 1457, "annotation": {"number": 64, "value": 0}, "group": "control_change"}, {"time": 1462, "annotation": {"number": 64, "value": 127}, "group": "control_change"}, {"time": 1482, "annotation": {"number": 64, "value": 0}, "group": "control_change"}, {"time": 1486, "annotation": {"number": 64, "value": 127}, "group": "control_change"}, {"time": 1506, "annotation": {"number": 64, "value": 0}, "group": "control_change"}, {"time": 1510, "annotation": {"number": 64, "value": 127}, "group": "control_change"}, {"time": 1530, "annotation": {"number": 64, "value": 0}, "group": "control_change"}, {"time": 1534, "annotation": {"number": 64, "value": 127}, "group": "control_change"}, {"time": 1552, "annotation": {"number": 64, "value": 0}, "group": "control_change"}, {"time": 1558, "annotation": {"number": 64, "value": 127}, "group": "control_change"}, {"time": 1566, "annotation": {"number": 64, "value": 0}, "group": "control_change"}, {"time": 1582, "annotation": {"number": 64, "value": 127}, "group": "control_change"}, {"time": 1590, "annotation": {"number": 64, "value": 0}, "group": "control_change"}, {"time": 1606, "annotation": {"number": 64, "value": 127}, "group": "control_change"}, {"time": 1626, "annotation": {"number": 64, "value": 0}, "group": "control_change"}, {"time": 1630, "annotation": {"number": 64, "value": 127}, "group": "control_change"}, {"time": 1650, "annotation": {"number": 64, "value": 0}, "group": "control_change"}, {"time": 1654, "annotation": {"number": 64, "value": 127}, "group": "control_change"}, {"time": 1658, "annotation": {"number": 64, "value": 0}, "group": "control_change"}, {"time": 1666, "annotation": {"number": 64, "value": 127}, "group": "control_change"}, {"time": 1675, "annotation": {"number": 64, "value": 0}, "group": "control_change"}, {"time": 1678, "annotation": {"number": 64, "value": 127}, "group": "control_change"}, {"time": 1698, "annotation": {"number": 64, "value": 0}, "group": "control_change"}, {"time": 1703, "annotation": {"number": 64, "value": 127}, "group": "control_change"}, {"time": 1711, "annotation": {"number": 64, "value": 0}, "group": "control_change"}, {"time": 1726, "annotation": {"number": 64, "value": 127}, "group": "control_change"}, {"time": 1747, "annotation": {"number": 64, "value": 0}, "group": "control_change"}, {"time": 1750, "annotation": {"number": 64, "value": 127}, "group": "control_change"}, {"time": 1771, "annotation": {"number": 64, "value": 0}, "group": "control_change"}, {"time": 1774, "annotation": {"number": 64, "value": 127}, "group": "control_change"}, {"time": 1794, "annotation": {"number": 64, "value": 0}, "group": "control_change"}, {"time": 1798, "annotation": {"number": 64, "value": 127}, "group": "control_change"}, {"time": 1820, "annotation": {"number": 64, "value": 0}, "group": "control_change"}, {"time": 1822, "annotation": {"number": 64, "value": 127}, "group": "control_change"}, {"time": 1843, "annotation": {"number": 64, "value": 0}, "group": "control_change"}, {"time": 1846, "annotation": {"number": 64, "value": 127}, "group": "control_change"}, {"time": 1868, "annotation": {"number": 64, "value": 0}, "group": "control_change"}, {"time": 1870, "annotation": {"number": 64, "value": 127}, "group": "control_change"}, {"time": 1890, "annotation": {"number": 64, "value": 0}, "group": "control_change"}, {"time": 1894, "annotation": {"number": 64, "value": 127}, "group": "control_change"}, {"time": 1914, "annotation": {"number": 64, "value": 0}, "group": "control_change"}, {"time": 1918, "annotation": {"number": 64, "value": 127}, "group": "control_change"}, {"time": 1938, "annotation": {"number": 64, "value": 0}, "group": "control_change"}, {"time": 1943, "annotation": {"number": 64, "value": 127}, "group": "control_change"}, {"time": 1959, "annotation": {"number": 64, "value": 0}, "group": "control_change"}, {"time": 1960, "annotation": {"number": 64, "value": 127}, "group": "control_change"}, {"time": 1960, "annotation": {"number": 64, "value": 0}, "group": "control_change"}, {"time": 1966, "annotation": {"number": 64, "value": 127}, "group": "control_change"}, {"time": 1983, "annotation": {"number": 64, "value": 0}, "group": "control_change"}, {"time": 1990, "annotation": {"number": 64, "value": 127}, "group": "control_change"}, {"time": 2011, "annotation": {"number": 64, "value": 0}, "group": "control_change"}, {"time": 2014, "annotation": {"number": 64, "value": 127}, "group": "control_change"}, {"time": 2034, "annotation": {"number": 64, "value": 0}, "group": "control_change"}, {"time": 2038, "annotation": {"number": 64, "value": 127}, "group": "control_change"}, {"time": 2059, "annotation": {"number": 64, "value": 0}, "group": "control_change"}, {"time": 2062, "annotation": {"number": 64, "value": 127}, "group": "control_change"}, {"time": 2082, "annotation": {"number": 64, "value": 0}, "group": "control_change"}, {"time": 2086, "annotation": {"number": 64, "value": 127}, "group": "control_change"}, {"time": 2097, "annotation": {"number": 64, "value": 0}, "group": "control_change"}, {"time": 2117, "annotation": {"number": 64, "value": 127}, "group": "control_change"}, {"time": 2156, "annotation": {"number": 64, "value": 0}, "group": "control_change"}, {"time": 2159, "annotation": {"number": 64, "value": 127}, "group": "control_change"}, {"time": 2180, "annotation": {"number": 64, "value": 0}, "group": "control_change"}, {"time": 2183, "annotation": {"number": 64, "value": 127}, "group": "control_change"}, {"time": 2201, "annotation": {"number": 64, "value": 0}, "group": "control_change"}, {"time": 2219, "annotation": {"number": 64, "value": 127}, "group": "control_change"}, {"time": 2227, "annotation": {"number": 64, "value": 0}, "group": "control_change"}, {"time": 2231, "annotation": {"number": 64, "value": 127}, "group": "control_change"}, {"time": 2248, "annotation": {"number": 64, "value": 127}, "group": "control_change"}, {"time": 2251, "annotation": {"number": 64, "value": 0}, "group": "control_change"}, {"time": 2253, "annotation": {"number": 64, "value": 0}, "group": "control_change"}, {"time": 2258, "annotation": {"number": 64, "value": 127}, "group": "control_change"}, {"time": 2279, "annotation": {"number": 64, "value": 0}, "group": "control_change"}, {"time": 2290, "annotation": {"number": 64, "value": 127}, "group": "control_change"}, {"time": 2302, "annotation": {"number": 64, "value": 0}, "group": "control_change"}, {"time": 2304, "annotation": {"number": 64, "value": 127}, "group": "control_change"}, {"time": 2347, "annotation": {"number": 64, "value": 0}, "group": "control_change"}, {"time": 2347, "annotation": {"number": 64, "value": 127}, "group": "control_change"}, {"time": 2348, "annotation": {"number": 64, "value": 0}, "group": "control_change"}]}]}