{"metadata": {"schema_version": "0.2", "title": "None", "source_filename": "760.mid", "source_format": "midi"}, "resolution": 12, "tempos": [{"time": 0, "qpm": 142.40044428938617}], "time_signatures": [{"time": 0, "numerator": 1, "denominator": 4}], "tracks": [{"program": 0, "is_drum": false, "name": "MELODY", "notes": [{"time": 399, "pitch": 62, "duration": 7, "velocity": 117}, {"time": 411, "pitch": 62, "duration": 8, "velocity": 112}, {"time": 423, "pitch": 66, "duration": 19, "velocity": 127}, {"time": 447, "pitch": 62, "duration": 4, "velocity": 112}, {"time": 453, "pitch": 62, "duration": 5, "velocity": 100}, {"time": 465, "pitch": 66, "duration": 17, "velocity": 127}, {"time": 495, "pitch": 71, "duration": 6, "velocity": 97}, {"time": 507, "pitch": 71, "duration": 5, "velocity": 127}, {"time": 519, "pitch": 71, "duration": 5, "velocity": 127}, {"time": 525, "pitch": 69, "duration": 3, "velocity": 100}, {"time": 531, "pitch": 71, "duration": 6, "velocity": 127}, {"time": 543, "pitch": 69, "duration": 5, "velocity": 122}, {"time": 549, "pitch": 62, "duration": 5, "velocity": 117}, {"time": 561, "pitch": 66, "duration": 19, "velocity": 127}, {"time": 591, "pitch": 74, "duration": 5, "velocity": 127}, {"time": 597, "pitch": 71, "duration": 2, "velocity": 102}, {"time": 603, "pitch": 71, "duration": 5, "velocity": 112}, {"time": 609, "pitch": 69, "duration": 3, "velocity": 97}, {"time": 615, "pitch": 71, "duration": 13, "velocity": 127}, {"time": 639, "pitch": 69, "duration": 3, "velocity": 112}, {"time": 645, "pitch": 62, "duration": 4, "velocity": 107}, {"time": 657, "pitch": 64, "duration": 17, "velocity": 117}, {"time": 687, "pitch": 73, "duration": 24, "velocity": 127}, {"time": 717, "pitch": 69, "duration": 3, "velocity": 117}, {"time": 723, "pitch": 66, "duration": 7, "velocity": 102}, {"time": 735, "pitch": 69, "duration": 21, "velocity": 117}, {"time": 783, "pitch": 74, "duration": 7, "velocity": 127}, {"time": 795, "pitch": 71, "duration": 3, "velocity": 127}, {"time": 804, "pitch": 71, "duration": 4, "velocity": 112}, {"time": 807, "pitch": 69, "duration": 2, "velocity": 117}, {"time": 813, "pitch": 69, "duration": 2, "velocity": 117}, {"time": 819, "pitch": 71, "duration": 2, "velocity": 127}, {"time": 825, "pitch": 71, "duration": 3, "velocity": 127}, {"time": 837, "pitch": 69, "duration": 8, "velocity": 99}, {"time": 849, "pitch": 62, "duration": 4, "velocity": 100}, {"time": 855, "pitch": 66, "duration": 16, "velocity": 107}, {"time": 879, "pitch": 74, "duration": 7, "velocity": 127}, {"time": 891, "pitch": 71, "duration": 3, "velocity": 117}, {"time": 900, "pitch": 71, "duration": 3, "velocity": 127}, {"time": 903, "pitch": 69, "duration": 2, "velocity": 97}, {"time": 909, "pitch": 69, "duration": 2, "velocity": 107}, {"time": 915, "pitch": 71, "duration": 2, "velocity": 127}, {"time": 921, "pitch": 71, "duration": 2, "velocity": 122}, {"time": 933, "pitch": 69, "duration": 7, "velocity": 107}, {"time": 945, "pitch": 62, "duration": 4, "velocity": 102}, {"time": 951, "pitch": 64, "duration": 22, "velocity": 112}, {"time": 975, "pitch": 66, "duration": 17, "velocity": 127}, {"time": 1005, "pitch": 62, "duration": 4, "velocity": 122}, {"time": 1011, "pitch": 59, "duration": 9, "velocity": 100}, {"time": 1023, "pitch": 62, "duration": 22, "velocity": 127}, {"time": 1071, "pitch": 66, "duration": 5, "velocity": 122}, {"time": 1077, "pitch": 69, "duration": 6, "velocity": 112}, {"time": 1089, "pitch": 71, "duration": 15, "velocity": 127}, {"time": 1119, "pitch": 66, "duration": 5, "velocity": 127}, {"time": 1125, "pitch": 69, "duration": 8, "velocity": 107}, {"time": 1137, "pitch": 71, "duration": 16, "velocity": 127}, {"time": 1167, "pitch": 74, "duration": 22, "velocity": 122}, {"time": 1197, "pitch": 73, "duration": 6, "velocity": 127}, {"time": 1203, "pitch": 69, "duration": 10, "velocity": 100}, {"time": 1215, "pitch": 71, "duration": 48, "velocity": 127}, {"time": 1647, "pitch": 62, "duration": 7, "velocity": 117}, {"time": 1659, "pitch": 62, "duration": 8, "velocity": 112}, {"time": 1671, "pitch": 66, "duration": 19, "velocity": 127}, {"time": 1695, "pitch": 62, "duration": 4, "velocity": 112}, {"time": 1701, "pitch": 62, "duration": 5, "velocity": 100}, {"time": 1713, "pitch": 66, "duration": 17, "velocity": 127}, {"time": 1743, "pitch": 71, "duration": 6, "velocity": 97}, {"time": 1755, "pitch": 71, "duration": 5, "velocity": 127}, {"time": 1767, "pitch": 71, "duration": 5, "velocity": 127}, {"time": 1773, "pitch": 69, "duration": 3, "velocity": 100}, {"time": 1779, "pitch": 71, "duration": 6, "velocity": 127}, {"time": 1791, "pitch": 69, "duration": 5, "velocity": 122}, {"time": 1797, "pitch": 62, "duration": 5, "velocity": 117}, {"time": 1809, "pitch": 66, "duration": 19, "velocity": 127}, {"time": 1839, "pitch": 74, "duration": 5, "velocity": 127}, {"time": 1845, "pitch": 71, "duration": 2, "velocity": 102}, {"time": 1851, "pitch": 71, "duration": 5, "velocity": 112}, {"time": 1857, "pitch": 69, "duration": 3, "velocity": 97}, {"time": 1863, "pitch": 71, "duration": 13, "velocity": 127}, {"time": 1887, "pitch": 69, "duration": 3, "velocity": 112}, {"time": 1893, "pitch": 62, "duration": 4, "velocity": 107}, {"time": 1905, "pitch": 64, "duration": 17, "velocity": 117}, {"time": 1935, "pitch": 73, "duration": 24, "velocity": 127}, {"time": 1965, "pitch": 69, "duration": 3, "velocity": 117}, {"time": 1971, "pitch": 66, "duration": 7, "velocity": 102}, {"time": 1983, "pitch": 69, "duration": 21, "velocity": 117}, {"time": 2031, "pitch": 74, "duration": 7, "velocity": 127}, {"time": 2043, "pitch": 71, "duration": 3, "velocity": 127}, {"time": 2052, "pitch": 71, "duration": 4, "velocity": 112}, {"time": 2055, "pitch": 69, "duration": 2, "velocity": 117}, {"time": 2061, "pitch": 69, "duration": 2, "velocity": 117}, {"time": 2067, "pitch": 71, "duration": 2, "velocity": 127}, {"time": 2073, "pitch": 71, "duration": 3, "velocity": 127}, {"time": 2085, "pitch": 69, "duration": 8, "velocity": 99}, {"time": 2097, "pitch": 62, "duration": 4, "velocity": 100}, {"time": 2103, "pitch": 66, "duration": 16, "velocity": 107}, {"time": 2127, "pitch": 74, "duration": 7, "velocity": 127}, {"time": 2139, "pitch": 71, "duration": 3, "velocity": 117}, {"time": 2148, "pitch": 71, "duration": 3, "velocity": 127}, {"time": 2151, "pitch": 69, "duration": 2, "velocity": 97}, {"time": 2157, "pitch": 69, "duration": 2, "velocity": 107}, {"time": 2163, "pitch": 71, "duration": 2, "velocity": 127}, {"time": 2169, "pitch": 71, "duration": 2, "velocity": 122}, {"time": 2181, "pitch": 69, "duration": 7, "velocity": 107}, {"time": 2193, "pitch": 62, "duration": 4, "velocity": 102}, {"time": 2199, "pitch": 64, "duration": 22, "velocity": 112}, {"time": 2223, "pitch": 66, "duration": 17, "velocity": 127}, {"time": 2253, "pitch": 62, "duration": 4, "velocity": 122}, {"time": 2259, "pitch": 59, "duration": 9, "velocity": 100}, {"time": 2271, "pitch": 62, "duration": 22, "velocity": 127}, {"time": 2319, "pitch": 66, "duration": 5, "velocity": 122}, {"time": 2325, "pitch": 69, "duration": 6, "velocity": 112}, {"time": 2337, "pitch": 71, "duration": 15, "velocity": 127}, {"time": 2367, "pitch": 66, "duration": 5, "velocity": 127}, {"time": 2373, "pitch": 69, "duration": 8, "velocity": 107}, {"time": 2385, "pitch": 71, "duration": 16, "velocity": 127}, {"time": 2415, "pitch": 74, "duration": 22, "velocity": 122}, {"time": 2445, "pitch": 73, "duration": 6, "velocity": 127}, {"time": 2451, "pitch": 69, "duration": 10, "velocity": 100}, {"time": 2463, "pitch": 71, "duration": 48, "velocity": 127}]}, {"program": 0, "is_drum": false, "name": "BRIDGE", "notes": [{"time": 15, "pitch": 74, "duration": 10, "velocity": 127}, {"time": 27, "pitch": 71, "duration": 7, "velocity": 117}, {"time": 39, "pitch": 69, "duration": 3, "velocity": 127}, {"time": 45, "pitch": 71, "duration": 2, "velocity": 102}, {"time": 51, "pitch": 71, "duration": 5, "velocity": 127}, {"time": 63, "pitch": 74, "duration": 5, "velocity": 127}, {"time": 69, "pitch": 71, "duration": 2, "velocity": 99}, {"time": 75, "pitch": 69, "duration": 1, "velocity": 102}, {"time": 81, "pitch": 71, "duration": 9, "velocity": 127}, {"time": 111, "pitch": 74, "duration": 7, "velocity": 127}, {"time": 123, "pitch": 71, "duration": 6, "velocity": 127}, {"time": 135, "pitch": 69, "duration": 4, "velocity": 127}, {"time": 141, "pitch": 71, "duration": 3, "velocity": 85}, {"time": 147, "pitch": 71, "duration": 6, "velocity": 117}, {"time": 159, "pitch": 73, "duration": 7, "velocity": 127}, {"time": 165, "pitch": 69, "duration": 4, "velocity": 100}, {"time": 171, "pitch": 66, "duration": 2, "velocity": 122}, {"time": 177, "pitch": 69, "duration": 18, "velocity": 127}, {"time": 207, "pitch": 74, "duration": 8, "velocity": 122}, {"time": 219, "pitch": 71, "duration": 7, "velocity": 127}, {"time": 231, "pitch": 69, "duration": 3, "velocity": 107}, {"time": 237, "pitch": 71, "duration": 3, "velocity": 100}, {"time": 243, "pitch": 71, "duration": 5, "velocity": 122}, {"time": 255, "pitch": 74, "duration": 5, "velocity": 127}, {"time": 261, "pitch": 71, "duration": 5, "velocity": 102}, {"time": 267, "pitch": 69, "duration": 2, "velocity": 97}, {"time": 273, "pitch": 71, "duration": 21, "velocity": 127}, {"time": 303, "pitch": 74, "duration": 2, "velocity": 127}, {"time": 309, "pitch": 74, "duration": 2, "velocity": 100}, {"time": 315, "pitch": 74, "duration": 6, "velocity": 127}, {"time": 327, "pitch": 76, "duration": 2, "velocity": 127}, {"time": 333, "pitch": 76, "duration": 2, "velocity": 122}, {"time": 339, "pitch": 74, "duration": 4, "velocity": 102}, {"time": 345, "pitch": 76, "duration": 2, "velocity": 122}, {"time": 351, "pitch": 78, "duration": 6, "velocity": 127}, {"time": 357, "pitch": 78, "duration": 2, "velocity": 127}, {"time": 363, "pitch": 76, "duration": 3, "velocity": 112}, {"time": 369, "pitch": 77, "duration": 2, "velocity": 112}, {"time": 372, "pitch": 78, "duration": 2, "velocity": 127}, {"time": 741, "pitch": 66, "duration": 1, "velocity": 127}, {"time": 747, "pitch": 66, "duration": 2, "velocity": 122}, {"time": 753, "pitch": 64, "duration": 3, "velocity": 102}, {"time": 756, "pitch": 66, "duration": 2, "velocity": 117}, {"time": 759, "pitch": 69, "duration": 2, "velocity": 99}, {"time": 765, "pitch": 66, "duration": 5, "velocity": 93}, {"time": 768, "pitch": 67, "duration": 3, "velocity": 88}, {"time": 771, "pitch": 69, "duration": 3, "velocity": 102}, {"time": 777, "pitch": 69, "duration": 4, "velocity": 81}, {"time": 780, "pitch": 71, "duration": 3, "velocity": 90}, {"time": 783, "pitch": 74, "duration": 5, "velocity": 127}, {"time": 819, "pitch": 71, "duration": 2, "velocity": 82}, {"time": 819, "pitch": 74, "duration": 2, "velocity": 102}, {"time": 819, "pitch": 78, "duration": 2, "velocity": 102}, {"time": 825, "pitch": 71, "duration": 3, "velocity": 79}, {"time": 825, "pitch": 74, "duration": 3, "velocity": 96}, {"time": 825, "pitch": 78, "duration": 3, "velocity": 90}, {"time": 891, "pitch": 71, "duration": 4, "velocity": 90}, {"time": 891, "pitch": 74, "duration": 4, "velocity": 97}, {"time": 891, "pitch": 78, "duration": 5, "velocity": 99}, {"time": 915, "pitch": 71, "duration": 2, "velocity": 86}, {"time": 915, "pitch": 74, "duration": 2, "velocity": 96}, {"time": 915, "pitch": 78, "duration": 3, "velocity": 93}, {"time": 921, "pitch": 71, "duration": 3, "velocity": 76}, {"time": 921, "pitch": 74, "duration": 3, "velocity": 89}, {"time": 921, "pitch": 78, "duration": 3, "velocity": 76}, {"time": 939, "pitch": 66, "duration": 9, "velocity": 122}, {"time": 951, "pitch": 69, "duration": 4, "velocity": 107}, {"time": 957, "pitch": 64, "duration": 18, "velocity": 97}, {"time": 975, "pitch": 66, "duration": 16, "velocity": 127}, {"time": 1005, "pitch": 62, "duration": 6, "velocity": 102}, {"time": 1011, "pitch": 59, "duration": 11, "velocity": 78}, {"time": 1023, "pitch": 62, "duration": 25, "velocity": 99}, {"time": 1041, "pitch": 66, "duration": 3, "velocity": 102}, {"time": 1044, "pitch": 69, "duration": 3, "velocity": 90}, {"time": 1047, "pitch": 66, "duration": 3, "velocity": 107}, {"time": 1053, "pitch": 66, "duration": 4, "velocity": 95}, {"time": 1056, "pitch": 69, "duration": 3, "velocity": 92}, {"time": 1059, "pitch": 71, "duration": 3, "velocity": 99}, {"time": 1065, "pitch": 71, "duration": 1, "velocity": 97}, {"time": 1071, "pitch": 74, "duration": 4, "velocity": 122}, {"time": 1077, "pitch": 71, "duration": 2, "velocity": 107}, {"time": 1101, "pitch": 71, "duration": 1, "velocity": 117}, {"time": 1107, "pitch": 74, "duration": 5, "velocity": 127}, {"time": 1113, "pitch": 71, "duration": 3, "velocity": 102}, {"time": 1149, "pitch": 71, "duration": 1, "velocity": 97}, {"time": 1155, "pitch": 74, "duration": 5, "velocity": 127}, {"time": 1161, "pitch": 71, "duration": 3, "velocity": 107}, {"time": 1167, "pitch": 74, "duration": 16, "velocity": 127}, {"time": 1191, "pitch": 73, "duration": 12, "velocity": 127}, {"time": 1203, "pitch": 69, "duration": 9, "velocity": 112}, {"time": 1215, "pitch": 71, "duration": 30, "velocity": 122}, {"time": 1251, "pitch": 69, "duration": 9, "velocity": 112}, {"time": 1263, "pitch": 67, "duration": 7, "velocity": 117}, {"time": 1275, "pitch": 67, "duration": 5, "velocity": 112}, {"time": 1281, "pitch": 69, "duration": 5, "velocity": 96}, {"time": 1287, "pitch": 67, "duration": 7, "velocity": 99}, {"time": 1293, "pitch": 71, "duration": 2, "velocity": 107}, {"time": 1299, "pitch": 74, "duration": 6, "velocity": 127}, {"time": 1311, "pitch": 73, "duration": 5, "velocity": 127}, {"time": 1317, "pitch": 69, "duration": 3, "velocity": 100}, {"time": 1323, "pitch": 69, "duration": 5, "velocity": 96}, {"time": 1329, "pitch": 66, "duration": 2, "velocity": 112}, {"time": 1335, "pitch": 69, "duration": 13, "velocity": 122}, {"time": 1359, "pitch": 67, "duration": 7, "velocity": 127}, {"time": 1371, "pitch": 67, "duration": 5, "velocity": 95}, {"time": 1377, "pitch": 66, "duration": 5, "velocity": 92}, {"time": 1383, "pitch": 67, "duration": 2, "velocity": 100}, {"time": 1389, "pitch": 71, "duration": 2, "velocity": 117}, {"time": 1395, "pitch": 69, "duration": 2, "velocity": 122}, {"time": 1401, "pitch": 64, "duration": 3, "velocity": 96}, {"time": 1407, "pitch": 66, "duration": 38, "velocity": 122}, {"time": 1455, "pitch": 71, "duration": 6, "velocity": 127}, {"time": 1467, "pitch": 71, "duration": 5, "velocity": 117}, {"time": 1473, "pitch": 69, "duration": 2, "velocity": 96}, {"time": 1479, "pitch": 71, "duration": 3, "velocity": 127}, {"time": 1485, "pitch": 73, "duration": 2, "velocity": 127}, {"time": 1491, "pitch": 74, "duration": 8, "velocity": 127}, {"time": 1503, "pitch": 79, "duration": 6, "velocity": 122}, {"time": 1509, "pitch": 78, "duration": 3, "velocity": 107}, {"time": 1515, "pitch": 76, "duration": 2, "velocity": 96}, {"time": 1521, "pitch": 78, "duration": 2, "velocity": 112}, {"time": 1527, "pitch": 76, "duration": 15, "velocity": 127}, {"time": 1545, "pitch": 76, "duration": 3, "velocity": 97}, {"time": 1548, "pitch": 78, "duration": 3, "velocity": 99}, {"time": 1551, "pitch": 80, "duration": 11, "velocity": 127}, {"time": 1569, "pitch": 80, "duration": 2, "velocity": 112}, {"time": 1575, "pitch": 78, "duration": 7, "velocity": 127}, {"time": 1587, "pitch": 80, "duration": 5, "velocity": 127}, {"time": 1599, "pitch": 78, "duration": 2, "velocity": 127}, {"time": 1605, "pitch": 78, "duration": 2, "velocity": 127}, {"time": 1611, "pitch": 76, "duration": 1, "velocity": 127}, {"time": 1617, "pitch": 77, "duration": 2, "velocity": 127}, {"time": 1620, "pitch": 78, "duration": 5, "velocity": 127}, {"time": 1989, "pitch": 66, "duration": 1, "velocity": 127}, {"time": 1995, "pitch": 66, "duration": 2, "velocity": 122}, {"time": 2001, "pitch": 64, "duration": 3, "velocity": 102}, {"time": 2004, "pitch": 66, "duration": 2, "velocity": 117}, {"time": 2007, "pitch": 69, "duration": 2, "velocity": 99}, {"time": 2013, "pitch": 66, "duration": 5, "velocity": 93}, {"time": 2016, "pitch": 67, "duration": 3, "velocity": 88}, {"time": 2019, "pitch": 69, "duration": 3, "velocity": 102}, {"time": 2025, "pitch": 69, "duration": 4, "velocity": 81}, {"time": 2028, "pitch": 71, "duration": 3, "velocity": 90}, {"time": 2031, "pitch": 74, "duration": 5, "velocity": 127}, {"time": 2067, "pitch": 71, "duration": 2, "velocity": 82}, {"time": 2067, "pitch": 74, "duration": 2, "velocity": 102}, {"time": 2067, "pitch": 78, "duration": 2, "velocity": 102}, {"time": 2073, "pitch": 71, "duration": 3, "velocity": 79}, {"time": 2073, "pitch": 74, "duration": 3, "velocity": 96}, {"time": 2073, "pitch": 78, "duration": 3, "velocity": 90}, {"time": 2139, "pitch": 71, "duration": 4, "velocity": 90}, {"time": 2139, "pitch": 74, "duration": 4, "velocity": 97}, {"time": 2139, "pitch": 78, "duration": 5, "velocity": 99}, {"time": 2163, "pitch": 71, "duration": 2, "velocity": 86}, {"time": 2163, "pitch": 74, "duration": 2, "velocity": 96}, {"time": 2163, "pitch": 78, "duration": 3, "velocity": 93}, {"time": 2169, "pitch": 71, "duration": 3, "velocity": 76}, {"time": 2169, "pitch": 74, "duration": 3, "velocity": 89}, {"time": 2169, "pitch": 78, "duration": 3, "velocity": 76}, {"time": 2187, "pitch": 66, "duration": 9, "velocity": 122}, {"time": 2199, "pitch": 69, "duration": 4, "velocity": 107}, {"time": 2205, "pitch": 64, "duration": 18, "velocity": 97}, {"time": 2223, "pitch": 66, "duration": 16, "velocity": 127}, {"time": 2253, "pitch": 62, "duration": 6, "velocity": 102}, {"time": 2259, "pitch": 59, "duration": 11, "velocity": 78}, {"time": 2271, "pitch": 62, "duration": 25, "velocity": 99}, {"time": 2289, "pitch": 66, "duration": 3, "velocity": 102}, {"time": 2292, "pitch": 69, "duration": 3, "velocity": 90}, {"time": 2295, "pitch": 66, "duration": 3, "velocity": 107}, {"time": 2301, "pitch": 66, "duration": 4, "velocity": 95}, {"time": 2304, "pitch": 69, "duration": 3, "velocity": 92}, {"time": 2307, "pitch": 71, "duration": 3, "velocity": 99}, {"time": 2313, "pitch": 71, "duration": 1, "velocity": 97}, {"time": 2319, "pitch": 74, "duration": 4, "velocity": 122}, {"time": 2325, "pitch": 71, "duration": 2, "velocity": 107}, {"time": 2349, "pitch": 71, "duration": 1, "velocity": 117}, {"time": 2355, "pitch": 74, "duration": 5, "velocity": 127}, {"time": 2361, "pitch": 71, "duration": 3, "velocity": 102}, {"time": 2397, "pitch": 71, "duration": 1, "velocity": 97}, {"time": 2403, "pitch": 74, "duration": 5, "velocity": 127}, {"time": 2409, "pitch": 71, "duration": 3, "velocity": 107}, {"time": 2415, "pitch": 74, "duration": 16, "velocity": 127}, {"time": 2439, "pitch": 73, "duration": 12, "velocity": 127}, {"time": 2451, "pitch": 69, "duration": 9, "velocity": 112}, {"time": 2463, "pitch": 59, "duration": 2, "velocity": 107}, {"time": 2463, "pitch": 71, "duration": 2, "velocity": 127}, {"time": 2463, "pitch": 83, "duration": 2, "velocity": 97}, {"time": 2469, "pitch": 59, "duration": 2, "velocity": 96}, {"time": 2469, "pitch": 71, "duration": 2, "velocity": 122}, {"time": 2469, "pitch": 83, "duration": 2, "velocity": 97}, {"time": 2475, "pitch": 57, "duration": 3, "velocity": 100}, {"time": 2475, "pitch": 69, "duration": 2, "velocity": 112}, {"time": 2475, "pitch": 81, "duration": 2, "velocity": 107}, {"time": 2481, "pitch": 58, "duration": 2, "velocity": 127}, {"time": 2481, "pitch": 70, "duration": 2, "velocity": 127}, {"time": 2481, "pitch": 82, "duration": 2, "velocity": 127}, {"time": 2484, "pitch": 59, "duration": 6, "velocity": 102}, {"time": 2484, "pitch": 71, "duration": 10, "velocity": 112}, {"time": 2484, "pitch": 83, "duration": 7, "velocity": 122}]}, {"program": 0, "is_drum": false, "name": "PIANO", "notes": [{"time": 15, "pitch": 47, "duration": 13, "velocity": 86}, {"time": 21, "pitch": 59, "duration": 1, "velocity": 81}, {"time": 21, "pitch": 62, "duration": 1, "velocity": 95}, {"time": 21, "pitch": 66, "duration": 1, "velocity": 90}, {"time": 24, "pitch": 59, "duration": 3, "velocity": 66}, {"time": 24, "pitch": 62, "duration": 2, "velocity": 76}, {"time": 24, "pitch": 66, "duration": 3, "velocity": 83}, {"time": 27, "pitch": 54, "duration": 12, "velocity": 65}, {"time": 33, "pitch": 59, "duration": 2, "velocity": 81}, {"time": 33, "pitch": 62, "duration": 2, "velocity": 107}, {"time": 33, "pitch": 66, "duration": 2, "velocity": 95}, {"time": 39, "pitch": 47, "duration": 20, "velocity": 66}, {"time": 45, "pitch": 59, "duration": 2, "velocity": 77}, {"time": 45, "pitch": 62, "duration": 2, "velocity": 97}, {"time": 45, "pitch": 66, "duration": 2, "velocity": 92}, {"time": 51, "pitch": 54, "duration": 8, "velocity": 77}, {"time": 57, "pitch": 59, "duration": 3, "velocity": 72}, {"time": 57, "pitch": 62, "duration": 2, "velocity": 102}, {"time": 57, "pitch": 66, "duration": 2, "velocity": 86}, {"time": 63, "pitch": 45, "duration": 13, "velocity": 88}, {"time": 69, "pitch": 57, "duration": 1, "velocity": 77}, {"time": 69, "pitch": 61, "duration": 1, "velocity": 100}, {"time": 69, "pitch": 64, "duration": 1, "velocity": 69}, {"time": 72, "pitch": 57, "duration": 3, "velocity": 67}, {"time": 72, "pitch": 61, "duration": 2, "velocity": 68}, {"time": 72, "pitch": 64, "duration": 2, "velocity": 66}, {"time": 75, "pitch": 52, "duration": 11, "velocity": 61}, {"time": 81, "pitch": 57, "duration": 2, "velocity": 89}, {"time": 81, "pitch": 61, "duration": 2, "velocity": 112}, {"time": 81, "pitch": 64, "duration": 2, "velocity": 88}, {"time": 87, "pitch": 45, "duration": 17, "velocity": 70}, {"time": 93, "pitch": 57, "duration": 9, "velocity": 82}, {"time": 93, "pitch": 61, "duration": 9, "velocity": 93}, {"time": 93, "pitch": 64, "duration": 9, "velocity": 76}, {"time": 99, "pitch": 52, "duration": 5, "velocity": 56}, {"time": 105, "pitch": 57, "duration": 3, "velocity": 81}, {"time": 105, "pitch": 61, "duration": 2, "velocity": 96}, {"time": 105, "pitch": 64, "duration": 3, "velocity": 77}, {"time": 111, "pitch": 43, "duration": 16, "velocity": 73}, {"time": 117, "pitch": 55, "duration": 7, "velocity": 90}, {"time": 117, "pitch": 59, "duration": 6, "velocity": 72}, {"time": 117, "pitch": 62, "duration": 6, "velocity": 69}, {"time": 123, "pitch": 50, "duration": 12, "velocity": 69}, {"time": 129, "pitch": 55, "duration": 8, "velocity": 79}, {"time": 129, "pitch": 59, "duration": 8, "velocity": 83}, {"time": 129, "pitch": 62, "duration": 8, "velocity": 82}, {"time": 135, "pitch": 43, "duration": 14, "velocity": 83}, {"time": 141, "pitch": 55, "duration": 8, "velocity": 86}, {"time": 141, "pitch": 59, "duration": 8, "velocity": 85}, {"time": 141, "pitch": 62, "duration": 8, "velocity": 82}, {"time": 147, "pitch": 50, "duration": 4, "velocity": 85}, {"time": 153, "pitch": 55, "duration": 4, "velocity": 92}, {"time": 153, "pitch": 59, "duration": 3, "velocity": 89}, {"time": 153, "pitch": 62, "duration": 3, "velocity": 85}, {"time": 159, "pitch": 42, "duration": 19, "velocity": 86}, {"time": 165, "pitch": 57, "duration": 8, "velocity": 77}, {"time": 165, "pitch": 61, "duration": 7, "velocity": 96}, {"time": 171, "pitch": 54, "duration": 11, "velocity": 81}, {"time": 177, "pitch": 57, "duration": 8, "velocity": 85}, {"time": 177, "pitch": 61, "duration": 8, "velocity": 97}, {"time": 177, "pitch": 66, "duration": 8, "velocity": 89}, {"time": 183, "pitch": 42, "duration": 14, "velocity": 86}, {"time": 189, "pitch": 57, "duration": 8, "velocity": 90}, {"time": 189, "pitch": 61, "duration": 8, "velocity": 122}, {"time": 189, "pitch": 66, "duration": 8, "velocity": 100}, {"time": 195, "pitch": 54, "duration": 7, "velocity": 93}, {"time": 201, "pitch": 57, "duration": 4, "velocity": 92}, {"time": 201, "pitch": 61, "duration": 3, "velocity": 127}, {"time": 201, "pitch": 66, "duration": 4, "velocity": 95}, {"time": 207, "pitch": 47, "duration": 13, "velocity": 71}, {"time": 213, "pitch": 59, "duration": 2, "velocity": 86}, {"time": 213, "pitch": 62, "duration": 1, "velocity": 95}, {"time": 213, "pitch": 66, "duration": 1, "velocity": 102}, {"time": 216, "pitch": 59, "duration": 4, "velocity": 64}, {"time": 216, "pitch": 62, "duration": 3, "velocity": 72}, {"time": 216, "pitch": 66, "duration": 3, "velocity": 65}, {"time": 219, "pitch": 54, "duration": 12, "velocity": 83}, {"time": 225, "pitch": 59, "duration": 5, "velocity": 88}, {"time": 225, "pitch": 62, "duration": 5, "velocity": 107}, {"time": 225, "pitch": 66, "duration": 6, "velocity": 100}, {"time": 231, "pitch": 47, "duration": 21, "velocity": 69}, {"time": 237, "pitch": 59, "duration": 8, "velocity": 86}, {"time": 237, "pitch": 62, "duration": 7, "velocity": 107}, {"time": 237, "pitch": 66, "duration": 8, "velocity": 100}, {"time": 243, "pitch": 54, "duration": 9, "velocity": 92}, {"time": 249, "pitch": 59, "duration": 7, "velocity": 78}, {"time": 249, "pitch": 62, "duration": 4, "velocity": 107}, {"time": 249, "pitch": 66, "duration": 5, "velocity": 96}, {"time": 255, "pitch": 45, "duration": 13, "velocity": 93}, {"time": 261, "pitch": 57, "duration": 8, "velocity": 90}, {"time": 261, "pitch": 61, "duration": 7, "velocity": 102}, {"time": 261, "pitch": 64, "duration": 7, "velocity": 79}, {"time": 267, "pitch": 52, "duration": 11, "velocity": 59}, {"time": 273, "pitch": 57, "duration": 7, "velocity": 89}, {"time": 273, "pitch": 61, "duration": 7, "velocity": 102}, {"time": 273, "pitch": 64, "duration": 7, "velocity": 89}, {"time": 279, "pitch": 45, "duration": 20, "velocity": 73}, {"time": 285, "pitch": 57, "duration": 7, "velocity": 85}, {"time": 285, "pitch": 61, "duration": 7, "velocity": 100}, {"time": 285, "pitch": 64, "duration": 7, "velocity": 85}, {"time": 291, "pitch": 52, "duration": 8, "velocity": 53}, {"time": 297, "pitch": 57, "duration": 6, "velocity": 90}, {"time": 297, "pitch": 61, "duration": 3, "velocity": 100}, {"time": 297, "pitch": 64, "duration": 4, "velocity": 81}, {"time": 303, "pitch": 43, "duration": 9, "velocity": 86}, {"time": 309, "pitch": 55, "duration": 8, "velocity": 89}, {"time": 309, "pitch": 59, "duration": 8, "velocity": 86}, {"time": 309, "pitch": 62, "duration": 8, "velocity": 83}, {"time": 315, "pitch": 43, "duration": 9, "velocity": 72}, {"time": 321, "pitch": 55, "duration": 5, "velocity": 97}, {"time": 321, "pitch": 59, "duration": 2, "velocity": 86}, {"time": 321, "pitch": 62, "duration": 2, "velocity": 83}, {"time": 327, "pitch": 40, "duration": 14, "velocity": 77}, {"time": 333, "pitch": 52, "duration": 9, "velocity": 92}, {"time": 333, "pitch": 55, "duration": 9, "velocity": 86}, {"time": 333, "pitch": 59, "duration": 9, "velocity": 82}, {"time": 345, "pitch": 52, "duration": 3, "velocity": 90}, {"time": 345, "pitch": 55, "duration": 2, "velocity": 88}, {"time": 345, "pitch": 59, "duration": 3, "velocity": 78}, {"time": 351, "pitch": 42, "duration": 2, "velocity": 122}, {"time": 351, "pitch": 54, "duration": 2, "velocity": 127}, {"time": 357, "pitch": 42, "duration": 2, "velocity": 102}, {"time": 357, "pitch": 54, "duration": 2, "velocity": 117}, {"time": 363, "pitch": 40, "duration": 3, "velocity": 112}, {"time": 363, "pitch": 52, "duration": 2, "velocity": 100}, {"time": 369, "pitch": 41, "duration": 2, "velocity": 96}, {"time": 369, "pitch": 53, "duration": 2, "velocity": 102}, {"time": 372, "pitch": 42, "duration": 2, "velocity": 127}, {"time": 372, "pitch": 54, "duration": 2, "velocity": 127}, {"time": 399, "pitch": 38, "duration": 12, "velocity": 77}, {"time": 405, "pitch": 57, "duration": 8, "velocity": 73}, {"time": 405, "pitch": 62, "duration": 8, "velocity": 81}, {"time": 405, "pitch": 66, "duration": 8, "velocity": 81}, {"time": 411, "pitch": 50, "duration": 13, "velocity": 54}, {"time": 417, "pitch": 57, "duration": 2, "velocity": 81}, {"time": 417, "pitch": 62, "duration": 2, "velocity": 96}, {"time": 417, "pitch": 66, "duration": 2, "velocity": 83}, {"time": 423, "pitch": 38, "duration": 15, "velocity": 73}, {"time": 429, "pitch": 57, "duration": 8, "velocity": 78}, {"time": 429, "pitch": 62, "duration": 8, "velocity": 93}, {"time": 429, "pitch": 66, "duration": 8, "velocity": 89}, {"time": 435, "pitch": 45, "duration": 8, "velocity": 53}, {"time": 435, "pitch": 50, "duration": 10, "velocity": 74}, {"time": 441, "pitch": 57, "duration": 3, "velocity": 78}, {"time": 441, "pitch": 62, "duration": 2, "velocity": 92}, {"time": 441, "pitch": 66, "duration": 3, "velocity": 85}, {"time": 447, "pitch": 38, "duration": 14, "velocity": 63}, {"time": 453, "pitch": 57, "duration": 7, "velocity": 77}, {"time": 453, "pitch": 62, "duration": 6, "velocity": 92}, {"time": 453, "pitch": 66, "duration": 6, "velocity": 78}, {"time": 459, "pitch": 50, "duration": 14, "velocity": 83}, {"time": 465, "pitch": 57, "duration": 6, "velocity": 77}, {"time": 465, "pitch": 62, "duration": 4, "velocity": 90}, {"time": 465, "pitch": 66, "duration": 6, "velocity": 82}, {"time": 471, "pitch": 38, "duration": 14, "velocity": 67}, {"time": 477, "pitch": 57, "duration": 2, "velocity": 82}, {"time": 477, "pitch": 62, "duration": 1, "velocity": 97}, {"time": 477, "pitch": 66, "duration": 2, "velocity": 95}, {"time": 480, "pitch": 57, "duration": 3, "velocity": 66}, {"time": 480, "pitch": 62, "duration": 3, "velocity": 71}, {"time": 480, "pitch": 66, "duration": 2, "velocity": 63}, {"time": 483, "pitch": 50, "duration": 11, "velocity": 90}, {"time": 489, "pitch": 57, "duration": 2, "velocity": 83}, {"time": 489, "pitch": 62, "duration": 2, "velocity": 102}, {"time": 489, "pitch": 66, "duration": 2, "velocity": 92}, {"time": 495, "pitch": 38, "duration": 12, "velocity": 69}, {"time": 501, "pitch": 57, "duration": 3, "velocity": 74}, {"time": 501, "pitch": 62, "duration": 3, "velocity": 86}, {"time": 501, "pitch": 66, "duration": 3, "velocity": 83}, {"time": 507, "pitch": 50, "duration": 14, "velocity": 83}, {"time": 513, "pitch": 57, "duration": 3, "velocity": 77}, {"time": 513, "pitch": 62, "duration": 2, "velocity": 89}, {"time": 513, "pitch": 66, "duration": 2, "velocity": 81}, {"time": 519, "pitch": 38, "duration": 14, "velocity": 76}, {"time": 525, "pitch": 57, "duration": 6, "velocity": 68}, {"time": 525, "pitch": 62, "duration": 6, "velocity": 86}, {"time": 525, "pitch": 66, "duration": 6, "velocity": 74}, {"time": 531, "pitch": 45, "duration": 8, "velocity": 62}, {"time": 531, "pitch": 50, "duration": 10, "velocity": 77}, {"time": 537, "pitch": 57, "duration": 3, "velocity": 75}, {"time": 537, "pitch": 62, "duration": 2, "velocity": 89}, {"time": 537, "pitch": 66, "duration": 3, "velocity": 79}, {"time": 543, "pitch": 38, "duration": 14, "velocity": 66}, {"time": 549, "pitch": 57, "duration": 5, "velocity": 70}, {"time": 549, "pitch": 62, "duration": 5, "velocity": 83}, {"time": 549, "pitch": 66, "duration": 5, "velocity": 70}, {"time": 555, "pitch": 50, "duration": 12, "velocity": 97}, {"time": 561, "pitch": 57, "duration": 7, "velocity": 74}, {"time": 561, "pitch": 62, "duration": 6, "velocity": 92}, {"time": 561, "pitch": 66, "duration": 6, "velocity": 82}, {"time": 567, "pitch": 38, "duration": 13, "velocity": 73}, {"time": 573, "pitch": 57, "duration": 9, "velocity": 85}, {"time": 573, "pitch": 62, "duration": 8, "velocity": 112}, {"time": 573, "pitch": 66, "duration": 8, "velocity": 100}, {"time": 579, "pitch": 50, "duration": 10, "velocity": 112}, {"time": 585, "pitch": 57, "duration": 5, "velocity": 90}, {"time": 585, "pitch": 62, "duration": 5, "velocity": 122}, {"time": 585, "pitch": 66, "duration": 6, "velocity": 112}, {"time": 591, "pitch": 47, "duration": 12, "velocity": 82}, {"time": 597, "pitch": 59, "duration": 7, "velocity": 81}, {"time": 597, "pitch": 62, "duration": 7, "velocity": 99}, {"time": 597, "pitch": 66, "duration": 8, "velocity": 96}, {"time": 603, "pitch": 54, "duration": 12, "velocity": 77}, {"time": 609, "pitch": 59, "duration": 4, "velocity": 81}, {"time": 609, "pitch": 62, "duration": 3, "velocity": 99}, {"time": 609, "pitch": 66, "duration": 6, "velocity": 93}, {"time": 615, "pitch": 47, "duration": 19, "velocity": 70}, {"time": 621, "pitch": 59, "duration": 8, "velocity": 77}, {"time": 621, "pitch": 62, "duration": 8, "velocity": 100}, {"time": 621, "pitch": 66, "duration": 8, "velocity": 97}, {"time": 627, "pitch": 54, "duration": 6, "velocity": 76}, {"time": 633, "pitch": 59, "duration": 5, "velocity": 82}, {"time": 633, "pitch": 62, "duration": 5, "velocity": 96}, {"time": 633, "pitch": 66, "duration": 4, "velocity": 83}, {"time": 639, "pitch": 40, "duration": 12, "velocity": 77}, {"time": 645, "pitch": 59, "duration": 8, "velocity": 77}, {"time": 645, "pitch": 64, "duration": 8, "velocity": 93}, {"time": 645, "pitch": 67, "duration": 8, "velocity": 83}, {"time": 651, "pitch": 47, "duration": 10, "velocity": 56}, {"time": 651, "pitch": 52, "duration": 12, "velocity": 72}, {"time": 657, "pitch": 59, "duration": 7, "velocity": 89}, {"time": 657, "pitch": 64, "duration": 7, "velocity": 93}, {"time": 657, "pitch": 67, "duration": 7, "velocity": 92}, {"time": 663, "pitch": 40, "duration": 14, "velocity": 76}, {"time": 669, "pitch": 59, "duration": 8, "velocity": 95}, {"time": 669, "pitch": 64, "duration": 7, "velocity": 99}, {"time": 669, "pitch": 67, "duration": 7, "velocity": 95}, {"time": 675, "pitch": 52, "duration": 10, "velocity": 96}, {"time": 681, "pitch": 59, "duration": 6, "velocity": 90}, {"time": 681, "pitch": 64, "duration": 3, "velocity": 89}, {"time": 681, "pitch": 67, "duration": 2, "velocity": 81}, {"time": 687, "pitch": 42, "duration": 14, "velocity": 81}, {"time": 693, "pitch": 57, "duration": 7, "velocity": 85}, {"time": 693, "pitch": 61, "duration": 7, "velocity": 97}, {"time": 693, "pitch": 66, "duration": 7, "velocity": 90}, {"time": 699, "pitch": 49, "duration": 12, "velocity": 43}, {"time": 705, "pitch": 57, "duration": 7, "velocity": 81}, {"time": 705, "pitch": 61, "duration": 6, "velocity": 100}, {"time": 705, "pitch": 66, "duration": 7, "velocity": 92}, {"time": 711, "pitch": 42, "duration": 18, "velocity": 83}, {"time": 717, "pitch": 57, "duration": 8, "velocity": 86}, {"time": 717, "pitch": 61, "duration": 7, "velocity": 117}, {"time": 717, "pitch": 66, "duration": 7, "velocity": 95}, {"time": 723, "pitch": 54, "duration": 10, "velocity": 83}, {"time": 729, "pitch": 57, "duration": 5, "velocity": 86}, {"time": 729, "pitch": 61, "duration": 5, "velocity": 112}, {"time": 729, "pitch": 66, "duration": 5, "velocity": 90}, {"time": 735, "pitch": 42, "duration": 21, "velocity": 72}, {"time": 741, "pitch": 57, "duration": 7, "velocity": 82}, {"time": 741, "pitch": 61, "duration": 6, "velocity": 117}, {"time": 741, "pitch": 66, "duration": 7, "velocity": 95}, {"time": 744, "pitch": 54, "duration": 14, "velocity": 88}, {"time": 753, "pitch": 57, "duration": 8, "velocity": 85}, {"time": 753, "pitch": 61, "duration": 7, "velocity": 112}, {"time": 753, "pitch": 66, "duration": 8, "velocity": 90}, {"time": 759, "pitch": 42, "duration": 13, "velocity": 92}, {"time": 765, "pitch": 57, "duration": 8, "velocity": 90}, {"time": 765, "pitch": 61, "duration": 8, "velocity": 122}, {"time": 765, "pitch": 66, "duration": 8, "velocity": 100}, {"time": 771, "pitch": 54, "duration": 8, "velocity": 112}, {"time": 777, "pitch": 57, "duration": 4, "velocity": 90}, {"time": 777, "pitch": 61, "duration": 4, "velocity": 127}, {"time": 777, "pitch": 66, "duration": 5, "velocity": 100}, {"time": 783, "pitch": 47, "duration": 3, "velocity": 85}, {"time": 789, "pitch": 47, "duration": 3, "velocity": 71}, {"time": 795, "pitch": 47, "duration": 3, "velocity": 95}, {"time": 795, "pitch": 59, "duration": 2, "velocity": 102}, {"time": 795, "pitch": 62, "duration": 2, "velocity": 127}, {"time": 795, "pitch": 66, "duration": 3, "velocity": 117}, {"time": 801, "pitch": 47, "duration": 3, "velocity": 95}, {"time": 801, "pitch": 59, "duration": 3, "velocity": 89}, {"time": 801, "pitch": 62, "duration": 2, "velocity": 97}, {"time": 801, "pitch": 66, "duration": 3, "velocity": 102}, {"time": 807, "pitch": 47, "duration": 2, "velocity": 90}, {"time": 813, "pitch": 47, "duration": 2, "velocity": 92}, {"time": 819, "pitch": 47, "duration": 2, "velocity": 99}, {"time": 819, "pitch": 59, "duration": 2, "velocity": 99}, {"time": 819, "pitch": 62, "duration": 2, "velocity": 122}, {"time": 819, "pitch": 66, "duration": 3, "velocity": 112}, {"time": 825, "pitch": 47, "duration": 3, "velocity": 100}, {"time": 825, "pitch": 59, "duration": 2, "velocity": 96}, {"time": 825, "pitch": 62, "duration": 2, "velocity": 102}, {"time": 825, "pitch": 66, "duration": 2, "velocity": 102}, {"time": 831, "pitch": 47, "duration": 12, "velocity": 68}, {"time": 837, "pitch": 59, "duration": 8, "velocity": 75}, {"time": 837, "pitch": 62, "duration": 8, "velocity": 95}, {"time": 837, "pitch": 66, "duration": 8, "velocity": 89}, {"time": 843, "pitch": 54, "duration": 12, "velocity": 59}, {"time": 849, "pitch": 59, "duration": 2, "velocity": 88}, {"time": 849, "pitch": 62, "duration": 2, "velocity": 97}, {"time": 849, "pitch": 66, "duration": 3, "velocity": 100}, {"time": 855, "pitch": 47, "duration": 14, "velocity": 65}, {"time": 861, "pitch": 59, "duration": 8, "velocity": 76}, {"time": 861, "pitch": 62, "duration": 8, "velocity": 100}, {"time": 861, "pitch": 66, "duration": 8, "velocity": 96}, {"time": 867, "pitch": 54, "duration": 9, "velocity": 72}, {"time": 873, "pitch": 59, "duration": 2, "velocity": 88}, {"time": 873, "pitch": 62, "duration": 2, "velocity": 97}, {"time": 873, "pitch": 66, "duration": 2, "velocity": 95}, {"time": 879, "pitch": 47, "duration": 3, "velocity": 93}, {"time": 885, "pitch": 47, "duration": 2, "velocity": 96}, {"time": 891, "pitch": 47, "duration": 2, "velocity": 92}, {"time": 891, "pitch": 59, "duration": 2, "velocity": 100}, {"time": 891, "pitch": 62, "duration": 2, "velocity": 127}, {"time": 891, "pitch": 66, "duration": 2, "velocity": 117}, {"time": 897, "pitch": 47, "duration": 3, "velocity": 93}, {"time": 897, "pitch": 59, "duration": 3, "velocity": 92}, {"time": 897, "pitch": 62, "duration": 2, "velocity": 117}, {"time": 897, "pitch": 66, "duration": 3, "velocity": 112}, {"time": 903, "pitch": 47, "duration": 3, "velocity": 92}, {"time": 909, "pitch": 47, "duration": 2, "velocity": 90}, {"time": 915, "pitch": 47, "duration": 2, "velocity": 88}, {"time": 915, "pitch": 59, "duration": 2, "velocity": 97}, {"time": 915, "pitch": 62, "duration": 2, "velocity": 107}, {"time": 915, "pitch": 66, "duration": 3, "velocity": 117}, {"time": 921, "pitch": 47, "duration": 3, "velocity": 76}, {"time": 921, "pitch": 59, "duration": 2, "velocity": 97}, {"time": 921, "pitch": 62, "duration": 2, "velocity": 117}, {"time": 921, "pitch": 66, "duration": 2, "velocity": 117}, {"time": 927, "pitch": 40, "duration": 11, "velocity": 88}, {"time": 933, "pitch": 59, "duration": 3, "velocity": 72}, {"time": 933, "pitch": 64, "duration": 3, "velocity": 92}, {"time": 933, "pitch": 67, "duration": 3, "velocity": 86}, {"time": 939, "pitch": 47, "duration": 9, "velocity": 54}, {"time": 939, "pitch": 52, "duration": 9, "velocity": 60}, {"time": 945, "pitch": 59, "duration": 2, "velocity": 85}, {"time": 945, "pitch": 64, "duration": 2, "velocity": 90}, {"time": 945, "pitch": 67, "duration": 2, "velocity": 75}, {"time": 951, "pitch": 40, "duration": 13, "velocity": 79}, {"time": 957, "pitch": 59, "duration": 1, "velocity": 92}, {"time": 957, "pitch": 64, "duration": 1, "velocity": 97}, {"time": 957, "pitch": 67, "duration": 1, "velocity": 89}, {"time": 960, "pitch": 59, "duration": 3, "velocity": 65}, {"time": 960, "pitch": 64, "duration": 3, "velocity": 72}, {"time": 960, "pitch": 67, "duration": 3, "velocity": 73}, {"time": 963, "pitch": 52, "duration": 10, "velocity": 86}, {"time": 969, "pitch": 59, "duration": 2, "velocity": 102}, {"time": 969, "pitch": 64, "duration": 2, "velocity": 102}, {"time": 969, "pitch": 67, "duration": 2, "velocity": 89}, {"time": 975, "pitch": 45, "duration": 14, "velocity": 63}, {"time": 981, "pitch": 57, "duration": 5, "velocity": 93}, {"time": 981, "pitch": 61, "duration": 5, "velocity": 112}, {"time": 981, "pitch": 64, "duration": 5, "velocity": 86}, {"time": 987, "pitch": 52, "duration": 9, "velocity": 88}, {"time": 993, "pitch": 57, "duration": 2, "velocity": 96}, {"time": 993, "pitch": 61, "duration": 2, "velocity": 102}, {"time": 993, "pitch": 64, "duration": 2, "velocity": 89}, {"time": 999, "pitch": 45, "duration": 16, "velocity": 81}, {"time": 1005, "pitch": 57, "duration": 7, "velocity": 90}, {"time": 1005, "pitch": 61, "duration": 7, "velocity": 102}, {"time": 1005, "pitch": 64, "duration": 7, "velocity": 86}, {"time": 1011, "pitch": 52, "duration": 5, "velocity": 64}, {"time": 1017, "pitch": 57, "duration": 3, "velocity": 95}, {"time": 1017, "pitch": 61, "duration": 2, "velocity": 117}, {"time": 1017, "pitch": 62, "duration": 1, "velocity": 79}, {"time": 1017, "pitch": 64, "duration": 2, "velocity": 79}, {"time": 1023, "pitch": 38, "duration": 12, "velocity": 79}, {"time": 1029, "pitch": 57, "duration": 7, "velocity": 93}, {"time": 1029, "pitch": 62, "duration": 7, "velocity": 102}, {"time": 1029, "pitch": 66, "duration": 3, "velocity": 107}, {"time": 1032, "pitch": 66, "duration": 3, "velocity": 66}, {"time": 1035, "pitch": 45, "duration": 9, "velocity": 42}, {"time": 1035, "pitch": 50, "duration": 9, "velocity": 73}, {"time": 1041, "pitch": 57, "duration": 2, "velocity": 96}, {"time": 1041, "pitch": 62, "duration": 2, "velocity": 102}, {"time": 1041, "pitch": 66, "duration": 2, "velocity": 107}, {"time": 1047, "pitch": 38, "duration": 14, "velocity": 76}, {"time": 1053, "pitch": 57, "duration": 8, "velocity": 107}, {"time": 1053, "pitch": 62, "duration": 8, "velocity": 117}, {"time": 1053, "pitch": 66, "duration": 8, "velocity": 117}, {"time": 1059, "pitch": 50, "duration": 7, "velocity": 90}, {"time": 1065, "pitch": 57, "duration": 2, "velocity": 99}, {"time": 1065, "pitch": 62, "duration": 2, "velocity": 122}, {"time": 1065, "pitch": 66, "duration": 2, "velocity": 122}, {"time": 1071, "pitch": 47, "duration": 11, "velocity": 76}, {"time": 1077, "pitch": 59, "duration": 8, "velocity": 93}, {"time": 1077, "pitch": 62, "duration": 7, "velocity": 99}, {"time": 1077, "pitch": 66, "duration": 8, "velocity": 112}, {"time": 1083, "pitch": 54, "duration": 11, "velocity": 77}, {"time": 1089, "pitch": 59, "duration": 2, "velocity": 96}, {"time": 1089, "pitch": 62, "duration": 2, "velocity": 100}, {"time": 1089, "pitch": 66, "duration": 2, "velocity": 112}, {"time": 1095, "pitch": 47, "duration": 17, "velocity": 81}, {"time": 1101, "pitch": 59, "duration": 8, "velocity": 96}, {"time": 1101, "pitch": 62, "duration": 8, "velocity": 107}, {"time": 1101, "pitch": 66, "duration": 8, "velocity": 117}, {"time": 1107, "pitch": 54, "duration": 7, "velocity": 107}, {"time": 1113, "pitch": 59, "duration": 2, "velocity": 100}, {"time": 1113, "pitch": 62, "duration": 1, "velocity": 112}, {"time": 1113, "pitch": 66, "duration": 2, "velocity": 122}, {"time": 1116, "pitch": 59, "duration": 2, "velocity": 82}, {"time": 1116, "pitch": 62, "duration": 2, "velocity": 100}, {"time": 1116, "pitch": 66, "duration": 2, "velocity": 90}, {"time": 1119, "pitch": 45, "duration": 13, "velocity": 88}, {"time": 1125, "pitch": 57, "duration": 8, "velocity": 99}, {"time": 1125, "pitch": 61, "duration": 9, "velocity": 127}, {"time": 1125, "pitch": 64, "duration": 8, "velocity": 95}, {"time": 1131, "pitch": 52, "duration": 12, "velocity": 82}, {"time": 1137, "pitch": 57, "duration": 2, "velocity": 100}, {"time": 1137, "pitch": 61, "duration": 2, "velocity": 127}, {"time": 1137, "pitch": 64, "duration": 2, "velocity": 97}, {"time": 1143, "pitch": 45, "duration": 19, "velocity": 82}, {"time": 1143, "pitch": 61, "duration": 1, "velocity": 81}, {"time": 1149, "pitch": 57, "duration": 1, "velocity": 102}, {"time": 1149, "pitch": 61, "duration": 1, "velocity": 122}, {"time": 1149, "pitch": 64, "duration": 1, "velocity": 89}, {"time": 1152, "pitch": 57, "duration": 3, "velocity": 62}, {"time": 1152, "pitch": 61, "duration": 3, "velocity": 79}, {"time": 1152, "pitch": 64, "duration": 3, "velocity": 74}, {"time": 1155, "pitch": 52, "duration": 8, "velocity": 88}, {"time": 1161, "pitch": 57, "duration": 3, "velocity": 117}, {"time": 1161, "pitch": 61, "duration": 2, "velocity": 122}, {"time": 1161, "pitch": 64, "duration": 3, "velocity": 96}, {"time": 1167, "pitch": 43, "duration": 15, "velocity": 95}, {"time": 1173, "pitch": 55, "duration": 8, "velocity": 99}, {"time": 1173, "pitch": 59, "duration": 8, "velocity": 99}, {"time": 1173, "pitch": 62, "duration": 8, "velocity": 95}, {"time": 1179, "pitch": 50, "duration": 5, "velocity": 77}, {"time": 1185, "pitch": 55, "duration": 3, "velocity": 99}, {"time": 1185, "pitch": 59, "duration": 2, "velocity": 96}, {"time": 1185, "pitch": 62, "duration": 2, "velocity": 92}, {"time": 1191, "pitch": 42, "duration": 15, "velocity": 107}, {"time": 1197, "pitch": 57, "duration": 8, "velocity": 112}, {"time": 1197, "pitch": 61, "duration": 9, "velocity": 127}, {"time": 1203, "pitch": 54, "duration": 7, "velocity": 89}, {"time": 1209, "pitch": 57, "duration": 2, "velocity": 127}, {"time": 1209, "pitch": 58, "duration": 1, "velocity": 89}, {"time": 1209, "pitch": 61, "duration": 2, "velocity": 127}, {"time": 1215, "pitch": 47, "duration": 12, "velocity": 77}, {"time": 1221, "pitch": 59, "duration": 2, "velocity": 99}, {"time": 1221, "pitch": 62, "duration": 1, "velocity": 112}, {"time": 1221, "pitch": 66, "duration": 2, "velocity": 107}, {"time": 1224, "pitch": 59, "duration": 2, "velocity": 69}, {"time": 1224, "pitch": 62, "duration": 2, "velocity": 75}, {"time": 1224, "pitch": 66, "duration": 2, "velocity": 71}, {"time": 1227, "pitch": 54, "duration": 12, "velocity": 66}, {"time": 1233, "pitch": 59, "duration": 8, "velocity": 93}, {"time": 1233, "pitch": 62, "duration": 3, "velocity": 99}, {"time": 1233, "pitch": 66, "duration": 8, "velocity": 112}, {"time": 1239, "pitch": 47, "duration": 20, "velocity": 86}, {"time": 1239, "pitch": 62, "duration": 2, "velocity": 29}, {"time": 1245, "pitch": 59, "duration": 7, "velocity": 97}, {"time": 1245, "pitch": 62, "duration": 7, "velocity": 102}, {"time": 1245, "pitch": 66, "duration": 7, "velocity": 117}, {"time": 1251, "pitch": 54, "duration": 7, "velocity": 86}, {"time": 1257, "pitch": 59, "duration": 5, "velocity": 100}, {"time": 1257, "pitch": 62, "duration": 3, "velocity": 117}, {"time": 1257, "pitch": 66, "duration": 3, "velocity": 117}, {"time": 1263, "pitch": 43, "duration": 14, "velocity": 97}, {"time": 1269, "pitch": 55, "duration": 8, "velocity": 100}, {"time": 1269, "pitch": 59, "duration": 8, "velocity": 99}, {"time": 1269, "pitch": 62, "duration": 8, "velocity": 97}, {"time": 1275, "pitch": 50, "duration": 10, "velocity": 82}, {"time": 1281, "pitch": 55, "duration": 1, "velocity": 97}, {"time": 1281, "pitch": 59, "duration": 1, "velocity": 102}, {"time": 1281, "pitch": 61, "duration": 1, "velocity": 79}, {"time": 1281, "pitch": 62, "duration": 2, "velocity": 102}, {"time": 1287, "pitch": 43, "duration": 14, "velocity": 79}, {"time": 1293, "pitch": 55, "duration": 2, "velocity": 95}, {"time": 1293, "pitch": 59, "duration": 1, "velocity": 97}, {"time": 1293, "pitch": 62, "duration": 2, "velocity": 95}, {"time": 1296, "pitch": 55, "duration": 4, "velocity": 66}, {"time": 1296, "pitch": 59, "duration": 4, "velocity": 69}, {"time": 1296, "pitch": 62, "duration": 5, "velocity": 58}, {"time": 1299, "pitch": 50, "duration": 3, "velocity": 102}, {"time": 1305, "pitch": 55, "duration": 2, "velocity": 97}, {"time": 1305, "pitch": 59, "duration": 1, "velocity": 93}, {"time": 1305, "pitch": 62, "duration": 2, "velocity": 97}, {"time": 1311, "pitch": 42, "duration": 16, "velocity": 76}, {"time": 1317, "pitch": 57, "duration": 7, "velocity": 95}, {"time": 1317, "pitch": 61, "duration": 7, "velocity": 122}, {"time": 1317, "pitch": 66, "duration": 1, "velocity": 100}, {"time": 1320, "pitch": 66, "duration": 5, "velocity": 59}, {"time": 1323, "pitch": 54, "duration": 9, "velocity": 102}, {"time": 1329, "pitch": 57, "duration": 2, "velocity": 93}, {"time": 1329, "pitch": 61, "duration": 2, "velocity": 127}, {"time": 1329, "pitch": 66, "duration": 2, "velocity": 107}, {"time": 1335, "pitch": 42, "duration": 18, "velocity": 90}, {"time": 1341, "pitch": 57, "duration": 8, "velocity": 85}, {"time": 1341, "pitch": 61, "duration": 1, "velocity": 127}, {"time": 1341, "pitch": 66, "duration": 2, "velocity": 102}, {"time": 1344, "pitch": 61, "duration": 4, "velocity": 66}, {"time": 1344, "pitch": 66, "duration": 4, "velocity": 44}, {"time": 1347, "pitch": 54, "duration": 5, "velocity": 89}, {"time": 1353, "pitch": 57, "duration": 2, "velocity": 92}, {"time": 1353, "pitch": 61, "duration": 2, "velocity": 127}, {"time": 1353, "pitch": 63, "duration": 1, "velocity": 102}, {"time": 1353, "pitch": 66, "duration": 2, "velocity": 102}, {"time": 1359, "pitch": 40, "duration": 14, "velocity": 79}, {"time": 1365, "pitch": 59, "duration": 8, "velocity": 90}, {"time": 1365, "pitch": 64, "duration": 8, "velocity": 97}, {"time": 1365, "pitch": 67, "duration": 8, "velocity": 96}, {"time": 1371, "pitch": 52, "duration": 12, "velocity": 69}, {"time": 1377, "pitch": 59, "duration": 4, "velocity": 112}, {"time": 1377, "pitch": 64, "duration": 2, "velocity": 99}, {"time": 1377, "pitch": 67, "duration": 1, "velocity": 88}, {"time": 1383, "pitch": 45, "duration": 19, "velocity": 93}, {"time": 1389, "pitch": 57, "duration": 8, "velocity": 96}, {"time": 1389, "pitch": 61, "duration": 8, "velocity": 127}, {"time": 1389, "pitch": 64, "duration": 8, "velocity": 93}, {"time": 1395, "pitch": 52, "duration": 6, "velocity": 90}, {"time": 1401, "pitch": 57, "duration": 3, "velocity": 100}, {"time": 1401, "pitch": 61, "duration": 2, "velocity": 127}, {"time": 1401, "pitch": 64, "duration": 3, "velocity": 97}, {"time": 1407, "pitch": 38, "duration": 18, "velocity": 83}, {"time": 1413, "pitch": 57, "duration": 8, "velocity": 99}, {"time": 1413, "pitch": 62, "duration": 7, "velocity": 127}, {"time": 1413, "pitch": 66, "duration": 9, "velocity": 107}, {"time": 1419, "pitch": 50, "duration": 7, "velocity": 86}, {"time": 1425, "pitch": 57, "duration": 3, "velocity": 102}, {"time": 1425, "pitch": 62, "duration": 2, "velocity": 96}, {"time": 1425, "pitch": 66, "duration": 2, "velocity": 78}, {"time": 1431, "pitch": 37, "duration": 17, "velocity": 99}, {"time": 1437, "pitch": 61, "duration": 9, "velocity": 99}, {"time": 1437, "pitch": 64, "duration": 9, "velocity": 90}, {"time": 1443, "pitch": 49, "duration": 6, "velocity": 92}, {"time": 1449, "pitch": 61, "duration": 4, "velocity": 122}, {"time": 1449, "pitch": 64, "duration": 2, "velocity": 107}, {"time": 1455, "pitch": 47, "duration": 11, "velocity": 90}, {"time": 1461, "pitch": 59, "duration": 7, "velocity": 85}, {"time": 1461, "pitch": 62, "duration": 6, "velocity": 102}, {"time": 1461, "pitch": 66, "duration": 7, "velocity": 99}, {"time": 1467, "pitch": 54, "duration": 11, "velocity": 81}, {"time": 1473, "pitch": 59, "duration": 2, "velocity": 90}, {"time": 1473, "pitch": 62, "duration": 2, "velocity": 102}, {"time": 1473, "pitch": 66, "duration": 2, "velocity": 102}, {"time": 1479, "pitch": 47, "duration": 16, "velocity": 73}, {"time": 1479, "pitch": 66, "duration": 1, "velocity": 44}, {"time": 1485, "pitch": 59, "duration": 8, "velocity": 86}, {"time": 1485, "pitch": 62, "duration": 8, "velocity": 90}, {"time": 1485, "pitch": 66, "duration": 8, "velocity": 78}, {"time": 1491, "pitch": 54, "duration": 4, "velocity": 90}, {"time": 1497, "pitch": 59, "duration": 3, "velocity": 95}, {"time": 1497, "pitch": 62, "duration": 3, "velocity": 112}, {"time": 1497, "pitch": 66, "duration": 2, "velocity": 112}, {"time": 1503, "pitch": 40, "duration": 11, "velocity": 88}, {"time": 1509, "pitch": 59, "duration": 7, "velocity": 89}, {"time": 1509, "pitch": 64, "duration": 1, "velocity": 95}, {"time": 1509, "pitch": 67, "duration": 1, "velocity": 83}, {"time": 1512, "pitch": 64, "duration": 4, "velocity": 69}, {"time": 1512, "pitch": 67, "duration": 3, "velocity": 70}, {"time": 1515, "pitch": 47, "duration": 9, "velocity": 40}, {"time": 1515, "pitch": 52, "duration": 9, "velocity": 58}, {"time": 1521, "pitch": 59, "duration": 2, "velocity": 95}, {"time": 1521, "pitch": 64, "duration": 2, "velocity": 95}, {"time": 1521, "pitch": 67, "duration": 2, "velocity": 92}, {"time": 1527, "pitch": 40, "duration": 16, "velocity": 77}, {"time": 1533, "pitch": 59, "duration": 8, "velocity": 96}, {"time": 1533, "pitch": 64, "duration": 8, "velocity": 107}, {"time": 1533, "pitch": 67, "duration": 8, "velocity": 96}, {"time": 1539, "pitch": 52, "duration": 4, "velocity": 83}, {"time": 1545, "pitch": 59, "duration": 3, "velocity": 102}, {"time": 1545, "pitch": 63, "duration": 1, "velocity": 82}, {"time": 1545, "pitch": 64, "duration": 2, "velocity": 97}, {"time": 1545, "pitch": 67, "duration": 2, "velocity": 85}, {"time": 1551, "pitch": 37, "duration": 15, "velocity": 95}, {"time": 1557, "pitch": 61, "duration": 9, "velocity": 95}, {"time": 1557, "pitch": 65, "duration": 9, "velocity": 102}, {"time": 1557, "pitch": 68, "duration": 9, "velocity": 112}, {"time": 1563, "pitch": 49, "duration": 10, "velocity": 78}, {"time": 1569, "pitch": 61, "duration": 3, "velocity": 102}, {"time": 1569, "pitch": 65, "duration": 2, "velocity": 100}, {"time": 1569, "pitch": 68, "duration": 2, "velocity": 102}, {"time": 1575, "pitch": 37, "duration": 14, "velocity": 99}, {"time": 1581, "pitch": 61, "duration": 8, "velocity": 100}, {"time": 1581, "pitch": 65, "duration": 8, "velocity": 112}, {"time": 1581, "pitch": 68, "duration": 9, "velocity": 107}, {"time": 1587, "pitch": 49, "duration": 8, "velocity": 97}, {"time": 1593, "pitch": 61, "duration": 3, "velocity": 107}, {"time": 1593, "pitch": 65, "duration": 1, "velocity": 88}, {"time": 1593, "pitch": 68, "duration": 1, "velocity": 55}, {"time": 1599, "pitch": 42, "duration": 2, "velocity": 102}, {"time": 1599, "pitch": 54, "duration": 2, "velocity": 127}, {"time": 1599, "pitch": 66, "duration": 2, "velocity": 127}, {"time": 1605, "pitch": 42, "duration": 2, "velocity": 97}, {"time": 1605, "pitch": 54, "duration": 2, "velocity": 112}, {"time": 1605, "pitch": 66, "duration": 2, "velocity": 117}, {"time": 1611, "pitch": 40, "duration": 2, "velocity": 97}, {"time": 1611, "pitch": 52, "duration": 1, "velocity": 97}, {"time": 1611, "pitch": 64, "duration": 2, "velocity": 127}, {"time": 1617, "pitch": 41, "duration": 2, "velocity": 88}, {"time": 1617, "pitch": 53, "duration": 2, "velocity": 102}, {"time": 1617, "pitch": 65, "duration": 2, "velocity": 112}, {"time": 1620, "pitch": 42, "duration": 2, "velocity": 127}, {"time": 1620, "pitch": 54, "duration": 1, "velocity": 127}, {"time": 1620, "pitch": 66, "duration": 1, "velocity": 127}, {"time": 1647, "pitch": 38, "duration": 12, "velocity": 77}, {"time": 1653, "pitch": 57, "duration": 8, "velocity": 73}, {"time": 1653, "pitch": 62, "duration": 8, "velocity": 81}, {"time": 1653, "pitch": 66, "duration": 8, "velocity": 81}, {"time": 1659, "pitch": 50, "duration": 13, "velocity": 54}, {"time": 1665, "pitch": 57, "duration": 2, "velocity": 81}, {"time": 1665, "pitch": 62, "duration": 2, "velocity": 96}, {"time": 1665, "pitch": 66, "duration": 2, "velocity": 83}, {"time": 1671, "pitch": 38, "duration": 15, "velocity": 73}, {"time": 1677, "pitch": 57, "duration": 8, "velocity": 78}, {"time": 1677, "pitch": 62, "duration": 8, "velocity": 93}, {"time": 1677, "pitch": 66, "duration": 8, "velocity": 89}, {"time": 1683, "pitch": 45, "duration": 8, "velocity": 53}, {"time": 1683, "pitch": 50, "duration": 10, "velocity": 74}, {"time": 1689, "pitch": 57, "duration": 3, "velocity": 78}, {"time": 1689, "pitch": 62, "duration": 2, "velocity": 92}, {"time": 1689, "pitch": 66, "duration": 3, "velocity": 85}, {"time": 1695, "pitch": 38, "duration": 14, "velocity": 63}, {"time": 1701, "pitch": 57, "duration": 7, "velocity": 77}, {"time": 1701, "pitch": 62, "duration": 6, "velocity": 92}, {"time": 1701, "pitch": 66, "duration": 6, "velocity": 78}, {"time": 1707, "pitch": 50, "duration": 14, "velocity": 83}, {"time": 1713, "pitch": 57, "duration": 6, "velocity": 77}, {"time": 1713, "pitch": 62, "duration": 4, "velocity": 90}, {"time": 1713, "pitch": 66, "duration": 6, "velocity": 82}, {"time": 1719, "pitch": 38, "duration": 14, "velocity": 67}, {"time": 1725, "pitch": 57, "duration": 2, "velocity": 82}, {"time": 1725, "pitch": 62, "duration": 1, "velocity": 97}, {"time": 1725, "pitch": 66, "duration": 2, "velocity": 95}, {"time": 1728, "pitch": 57, "duration": 3, "velocity": 66}, {"time": 1728, "pitch": 62, "duration": 3, "velocity": 71}, {"time": 1728, "pitch": 66, "duration": 2, "velocity": 63}, {"time": 1731, "pitch": 50, "duration": 11, "velocity": 90}, {"time": 1737, "pitch": 57, "duration": 2, "velocity": 83}, {"time": 1737, "pitch": 62, "duration": 2, "velocity": 102}, {"time": 1737, "pitch": 66, "duration": 2, "velocity": 92}, {"time": 1743, "pitch": 38, "duration": 12, "velocity": 69}, {"time": 1749, "pitch": 57, "duration": 3, "velocity": 74}, {"time": 1749, "pitch": 62, "duration": 3, "velocity": 86}, {"time": 1749, "pitch": 66, "duration": 3, "velocity": 83}, {"time": 1755, "pitch": 50, "duration": 14, "velocity": 83}, {"time": 1761, "pitch": 57, "duration": 3, "velocity": 77}, {"time": 1761, "pitch": 62, "duration": 2, "velocity": 89}, {"time": 1761, "pitch": 66, "duration": 2, "velocity": 81}, {"time": 1767, "pitch": 38, "duration": 14, "velocity": 76}, {"time": 1773, "pitch": 57, "duration": 6, "velocity": 68}, {"time": 1773, "pitch": 62, "duration": 6, "velocity": 86}, {"time": 1773, "pitch": 66, "duration": 6, "velocity": 74}, {"time": 1779, "pitch": 45, "duration": 8, "velocity": 62}, {"time": 1779, "pitch": 50, "duration": 10, "velocity": 77}, {"time": 1785, "pitch": 57, "duration": 3, "velocity": 75}, {"time": 1785, "pitch": 62, "duration": 2, "velocity": 89}, {"time": 1785, "pitch": 66, "duration": 3, "velocity": 79}, {"time": 1791, "pitch": 38, "duration": 14, "velocity": 66}, {"time": 1797, "pitch": 57, "duration": 5, "velocity": 70}, {"time": 1797, "pitch": 62, "duration": 5, "velocity": 83}, {"time": 1797, "pitch": 66, "duration": 5, "velocity": 70}, {"time": 1803, "pitch": 50, "duration": 12, "velocity": 97}, {"time": 1809, "pitch": 57, "duration": 7, "velocity": 74}, {"time": 1809, "pitch": 62, "duration": 6, "velocity": 92}, {"time": 1809, "pitch": 66, "duration": 6, "velocity": 82}, {"time": 1815, "pitch": 38, "duration": 13, "velocity": 73}, {"time": 1821, "pitch": 57, "duration": 9, "velocity": 85}, {"time": 1821, "pitch": 62, "duration": 8, "velocity": 112}, {"time": 1821, "pitch": 66, "duration": 8, "velocity": 100}, {"time": 1827, "pitch": 50, "duration": 10, "velocity": 112}, {"time": 1833, "pitch": 57, "duration": 5, "velocity": 90}, {"time": 1833, "pitch": 62, "duration": 5, "velocity": 122}, {"time": 1833, "pitch": 66, "duration": 6, "velocity": 112}, {"time": 1839, "pitch": 47, "duration": 12, "velocity": 82}, {"time": 1845, "pitch": 59, "duration": 7, "velocity": 81}, {"time": 1845, "pitch": 62, "duration": 7, "velocity": 99}, {"time": 1845, "pitch": 66, "duration": 8, "velocity": 96}, {"time": 1851, "pitch": 54, "duration": 12, "velocity": 77}, {"time": 1857, "pitch": 59, "duration": 4, "velocity": 81}, {"time": 1857, "pitch": 62, "duration": 3, "velocity": 99}, {"time": 1857, "pitch": 66, "duration": 6, "velocity": 93}, {"time": 1863, "pitch": 47, "duration": 19, "velocity": 70}, {"time": 1869, "pitch": 59, "duration": 8, "velocity": 77}, {"time": 1869, "pitch": 62, "duration": 8, "velocity": 100}, {"time": 1869, "pitch": 66, "duration": 8, "velocity": 97}, {"time": 1875, "pitch": 54, "duration": 6, "velocity": 76}, {"time": 1881, "pitch": 59, "duration": 5, "velocity": 82}, {"time": 1881, "pitch": 62, "duration": 5, "velocity": 96}, {"time": 1881, "pitch": 66, "duration": 4, "velocity": 83}, {"time": 1887, "pitch": 40, "duration": 12, "velocity": 77}, {"time": 1893, "pitch": 59, "duration": 8, "velocity": 77}, {"time": 1893, "pitch": 64, "duration": 8, "velocity": 93}, {"time": 1893, "pitch": 67, "duration": 8, "velocity": 83}, {"time": 1899, "pitch": 47, "duration": 10, "velocity": 56}, {"time": 1899, "pitch": 52, "duration": 12, "velocity": 72}, {"time": 1905, "pitch": 59, "duration": 7, "velocity": 89}, {"time": 1905, "pitch": 64, "duration": 7, "velocity": 93}, {"time": 1905, "pitch": 67, "duration": 7, "velocity": 92}, {"time": 1911, "pitch": 40, "duration": 14, "velocity": 76}, {"time": 1917, "pitch": 59, "duration": 8, "velocity": 95}, {"time": 1917, "pitch": 64, "duration": 7, "velocity": 99}, {"time": 1917, "pitch": 67, "duration": 7, "velocity": 95}, {"time": 1923, "pitch": 52, "duration": 10, "velocity": 96}, {"time": 1929, "pitch": 59, "duration": 6, "velocity": 90}, {"time": 1929, "pitch": 64, "duration": 3, "velocity": 89}, {"time": 1929, "pitch": 67, "duration": 2, "velocity": 81}, {"time": 1935, "pitch": 42, "duration": 14, "velocity": 81}, {"time": 1941, "pitch": 57, "duration": 7, "velocity": 85}, {"time": 1941, "pitch": 61, "duration": 7, "velocity": 97}, {"time": 1941, "pitch": 66, "duration": 7, "velocity": 90}, {"time": 1947, "pitch": 49, "duration": 12, "velocity": 43}, {"time": 1953, "pitch": 57, "duration": 7, "velocity": 81}, {"time": 1953, "pitch": 61, "duration": 6, "velocity": 100}, {"time": 1953, "pitch": 66, "duration": 7, "velocity": 92}, {"time": 1959, "pitch": 42, "duration": 18, "velocity": 83}, {"time": 1965, "pitch": 57, "duration": 8, "velocity": 86}, {"time": 1965, "pitch": 61, "duration": 7, "velocity": 117}, {"time": 1965, "pitch": 66, "duration": 7, "velocity": 95}, {"time": 1971, "pitch": 54, "duration": 10, "velocity": 83}, {"time": 1977, "pitch": 57, "duration": 5, "velocity": 86}, {"time": 1977, "pitch": 61, "duration": 5, "velocity": 112}, {"time": 1977, "pitch": 66, "duration": 5, "velocity": 90}, {"time": 1983, "pitch": 42, "duration": 21, "velocity": 72}, {"time": 1989, "pitch": 57, "duration": 7, "velocity": 82}, {"time": 1989, "pitch": 61, "duration": 6, "velocity": 117}, {"time": 1989, "pitch": 66, "duration": 7, "velocity": 95}, {"time": 1992, "pitch": 54, "duration": 14, "velocity": 88}, {"time": 2001, "pitch": 57, "duration": 8, "velocity": 85}, {"time": 2001, "pitch": 61, "duration": 7, "velocity": 112}, {"time": 2001, "pitch": 66, "duration": 8, "velocity": 90}, {"time": 2007, "pitch": 42, "duration": 13, "velocity": 92}, {"time": 2013, "pitch": 57, "duration": 8, "velocity": 90}, {"time": 2013, "pitch": 61, "duration": 8, "velocity": 122}, {"time": 2013, "pitch": 66, "duration": 8, "velocity": 100}, {"time": 2019, "pitch": 54, "duration": 8, "velocity": 112}, {"time": 2025, "pitch": 57, "duration": 4, "velocity": 90}, {"time": 2025, "pitch": 61, "duration": 4, "velocity": 127}, {"time": 2025, "pitch": 66, "duration": 5, "velocity": 100}, {"time": 2031, "pitch": 47, "duration": 3, "velocity": 85}, {"time": 2037, "pitch": 47, "duration": 3, "velocity": 71}, {"time": 2043, "pitch": 47, "duration": 3, "velocity": 95}, {"time": 2043, "pitch": 59, "duration": 2, "velocity": 102}, {"time": 2043, "pitch": 62, "duration": 2, "velocity": 127}, {"time": 2043, "pitch": 66, "duration": 3, "velocity": 117}, {"time": 2049, "pitch": 47, "duration": 3, "velocity": 95}, {"time": 2049, "pitch": 59, "duration": 3, "velocity": 89}, {"time": 2049, "pitch": 62, "duration": 2, "velocity": 97}, {"time": 2049, "pitch": 66, "duration": 3, "velocity": 102}, {"time": 2055, "pitch": 47, "duration": 2, "velocity": 90}, {"time": 2061, "pitch": 47, "duration": 2, "velocity": 92}, {"time": 2067, "pitch": 47, "duration": 2, "velocity": 99}, {"time": 2067, "pitch": 59, "duration": 2, "velocity": 99}, {"time": 2067, "pitch": 62, "duration": 2, "velocity": 122}, {"time": 2067, "pitch": 66, "duration": 3, "velocity": 112}, {"time": 2073, "pitch": 47, "duration": 3, "velocity": 100}, {"time": 2073, "pitch": 59, "duration": 2, "velocity": 96}, {"time": 2073, "pitch": 62, "duration": 2, "velocity": 102}, {"time": 2073, "pitch": 66, "duration": 2, "velocity": 102}, {"time": 2079, "pitch": 47, "duration": 12, "velocity": 68}, {"time": 2085, "pitch": 59, "duration": 8, "velocity": 75}, {"time": 2085, "pitch": 62, "duration": 8, "velocity": 95}, {"time": 2085, "pitch": 66, "duration": 8, "velocity": 89}, {"time": 2091, "pitch": 54, "duration": 12, "velocity": 59}, {"time": 2097, "pitch": 59, "duration": 2, "velocity": 88}, {"time": 2097, "pitch": 62, "duration": 2, "velocity": 97}, {"time": 2097, "pitch": 66, "duration": 3, "velocity": 100}, {"time": 2103, "pitch": 47, "duration": 14, "velocity": 65}, {"time": 2109, "pitch": 59, "duration": 8, "velocity": 76}, {"time": 2109, "pitch": 62, "duration": 8, "velocity": 100}, {"time": 2109, "pitch": 66, "duration": 8, "velocity": 96}, {"time": 2115, "pitch": 54, "duration": 9, "velocity": 72}, {"time": 2121, "pitch": 59, "duration": 2, "velocity": 88}, {"time": 2121, "pitch": 62, "duration": 2, "velocity": 97}, {"time": 2121, "pitch": 66, "duration": 2, "velocity": 95}, {"time": 2127, "pitch": 47, "duration": 3, "velocity": 93}, {"time": 2133, "pitch": 47, "duration": 2, "velocity": 96}, {"time": 2139, "pitch": 47, "duration": 2, "velocity": 92}, {"time": 2139, "pitch": 59, "duration": 2, "velocity": 100}, {"time": 2139, "pitch": 62, "duration": 2, "velocity": 127}, {"time": 2139, "pitch": 66, "duration": 2, "velocity": 117}, {"time": 2145, "pitch": 47, "duration": 3, "velocity": 93}, {"time": 2145, "pitch": 59, "duration": 3, "velocity": 92}, {"time": 2145, "pitch": 62, "duration": 2, "velocity": 117}, {"time": 2145, "pitch": 66, "duration": 3, "velocity": 112}, {"time": 2151, "pitch": 47, "duration": 3, "velocity": 92}, {"time": 2157, "pitch": 47, "duration": 2, "velocity": 90}, {"time": 2163, "pitch": 47, "duration": 2, "velocity": 88}, {"time": 2163, "pitch": 59, "duration": 2, "velocity": 97}, {"time": 2163, "pitch": 62, "duration": 2, "velocity": 107}, {"time": 2163, "pitch": 66, "duration": 3, "velocity": 117}, {"time": 2169, "pitch": 47, "duration": 3, "velocity": 76}, {"time": 2169, "pitch": 59, "duration": 2, "velocity": 97}, {"time": 2169, "pitch": 62, "duration": 2, "velocity": 117}, {"time": 2169, "pitch": 66, "duration": 2, "velocity": 117}, {"time": 2175, "pitch": 40, "duration": 11, "velocity": 88}, {"time": 2181, "pitch": 59, "duration": 3, "velocity": 72}, {"time": 2181, "pitch": 64, "duration": 3, "velocity": 92}, {"time": 2181, "pitch": 67, "duration": 3, "velocity": 86}, {"time": 2187, "pitch": 47, "duration": 9, "velocity": 54}, {"time": 2187, "pitch": 52, "duration": 9, "velocity": 60}, {"time": 2193, "pitch": 59, "duration": 2, "velocity": 85}, {"time": 2193, "pitch": 64, "duration": 2, "velocity": 90}, {"time": 2193, "pitch": 67, "duration": 2, "velocity": 75}, {"time": 2199, "pitch": 40, "duration": 13, "velocity": 79}, {"time": 2205, "pitch": 59, "duration": 1, "velocity": 92}, {"time": 2205, "pitch": 64, "duration": 1, "velocity": 97}, {"time": 2205, "pitch": 67, "duration": 1, "velocity": 89}, {"time": 2208, "pitch": 59, "duration": 3, "velocity": 65}, {"time": 2208, "pitch": 64, "duration": 3, "velocity": 72}, {"time": 2208, "pitch": 67, "duration": 3, "velocity": 73}, {"time": 2211, "pitch": 52, "duration": 10, "velocity": 86}, {"time": 2217, "pitch": 59, "duration": 2, "velocity": 102}, {"time": 2217, "pitch": 64, "duration": 2, "velocity": 102}, {"time": 2217, "pitch": 67, "duration": 2, "velocity": 89}, {"time": 2223, "pitch": 45, "duration": 14, "velocity": 63}, {"time": 2229, "pitch": 57, "duration": 5, "velocity": 93}, {"time": 2229, "pitch": 61, "duration": 5, "velocity": 112}, {"time": 2229, "pitch": 64, "duration": 5, "velocity": 86}, {"time": 2235, "pitch": 52, "duration": 9, "velocity": 88}, {"time": 2241, "pitch": 57, "duration": 2, "velocity": 96}, {"time": 2241, "pitch": 61, "duration": 2, "velocity": 102}, {"time": 2241, "pitch": 64, "duration": 2, "velocity": 89}, {"time": 2247, "pitch": 45, "duration": 16, "velocity": 81}, {"time": 2253, "pitch": 57, "duration": 7, "velocity": 90}, {"time": 2253, "pitch": 61, "duration": 7, "velocity": 102}, {"time": 2253, "pitch": 64, "duration": 7, "velocity": 86}, {"time": 2259, "pitch": 52, "duration": 5, "velocity": 64}, {"time": 2265, "pitch": 57, "duration": 3, "velocity": 95}, {"time": 2265, "pitch": 61, "duration": 2, "velocity": 117}, {"time": 2265, "pitch": 62, "duration": 1, "velocity": 79}, {"time": 2265, "pitch": 64, "duration": 2, "velocity": 79}, {"time": 2271, "pitch": 38, "duration": 12, "velocity": 79}, {"time": 2277, "pitch": 57, "duration": 7, "velocity": 93}, {"time": 2277, "pitch": 62, "duration": 7, "velocity": 102}, {"time": 2277, "pitch": 66, "duration": 3, "velocity": 107}, {"time": 2280, "pitch": 66, "duration": 3, "velocity": 66}, {"time": 2283, "pitch": 45, "duration": 9, "velocity": 42}, {"time": 2283, "pitch": 50, "duration": 9, "velocity": 73}, {"time": 2289, "pitch": 57, "duration": 2, "velocity": 96}, {"time": 2289, "pitch": 62, "duration": 2, "velocity": 102}, {"time": 2289, "pitch": 66, "duration": 2, "velocity": 107}, {"time": 2295, "pitch": 38, "duration": 14, "velocity": 76}, {"time": 2301, "pitch": 57, "duration": 8, "velocity": 107}, {"time": 2301, "pitch": 62, "duration": 8, "velocity": 117}, {"time": 2301, "pitch": 66, "duration": 8, "velocity": 117}, {"time": 2307, "pitch": 50, "duration": 7, "velocity": 90}, {"time": 2313, "pitch": 57, "duration": 2, "velocity": 99}, {"time": 2313, "pitch": 62, "duration": 2, "velocity": 122}, {"time": 2313, "pitch": 66, "duration": 2, "velocity": 122}, {"time": 2319, "pitch": 47, "duration": 11, "velocity": 76}, {"time": 2325, "pitch": 59, "duration": 8, "velocity": 93}, {"time": 2325, "pitch": 62, "duration": 7, "velocity": 99}, {"time": 2325, "pitch": 66, "duration": 8, "velocity": 112}, {"time": 2331, "pitch": 54, "duration": 11, "velocity": 77}, {"time": 2337, "pitch": 59, "duration": 2, "velocity": 96}, {"time": 2337, "pitch": 62, "duration": 2, "velocity": 100}, {"time": 2337, "pitch": 66, "duration": 2, "velocity": 112}, {"time": 2343, "pitch": 47, "duration": 17, "velocity": 81}, {"time": 2349, "pitch": 59, "duration": 8, "velocity": 96}, {"time": 2349, "pitch": 62, "duration": 8, "velocity": 107}, {"time": 2349, "pitch": 66, "duration": 8, "velocity": 117}, {"time": 2355, "pitch": 54, "duration": 7, "velocity": 107}, {"time": 2361, "pitch": 59, "duration": 2, "velocity": 100}, {"time": 2361, "pitch": 62, "duration": 1, "velocity": 112}, {"time": 2361, "pitch": 66, "duration": 2, "velocity": 122}, {"time": 2364, "pitch": 59, "duration": 2, "velocity": 82}, {"time": 2364, "pitch": 62, "duration": 2, "velocity": 100}, {"time": 2364, "pitch": 66, "duration": 2, "velocity": 90}, {"time": 2367, "pitch": 45, "duration": 13, "velocity": 88}, {"time": 2373, "pitch": 57, "duration": 8, "velocity": 99}, {"time": 2373, "pitch": 61, "duration": 9, "velocity": 127}, {"time": 2373, "pitch": 64, "duration": 8, "velocity": 95}, {"time": 2379, "pitch": 52, "duration": 12, "velocity": 82}, {"time": 2385, "pitch": 57, "duration": 2, "velocity": 100}, {"time": 2385, "pitch": 61, "duration": 2, "velocity": 127}, {"time": 2385, "pitch": 64, "duration": 2, "velocity": 97}, {"time": 2391, "pitch": 45, "duration": 19, "velocity": 82}, {"time": 2391, "pitch": 61, "duration": 1, "velocity": 81}, {"time": 2397, "pitch": 57, "duration": 1, "velocity": 102}, {"time": 2397, "pitch": 61, "duration": 1, "velocity": 122}, {"time": 2397, "pitch": 64, "duration": 1, "velocity": 89}, {"time": 2400, "pitch": 57, "duration": 3, "velocity": 62}, {"time": 2400, "pitch": 61, "duration": 3, "velocity": 79}, {"time": 2400, "pitch": 64, "duration": 3, "velocity": 74}, {"time": 2403, "pitch": 52, "duration": 8, "velocity": 88}, {"time": 2409, "pitch": 57, "duration": 3, "velocity": 117}, {"time": 2409, "pitch": 61, "duration": 2, "velocity": 122}, {"time": 2409, "pitch": 64, "duration": 3, "velocity": 96}, {"time": 2415, "pitch": 43, "duration": 15, "velocity": 95}, {"time": 2421, "pitch": 55, "duration": 8, "velocity": 99}, {"time": 2421, "pitch": 59, "duration": 8, "velocity": 99}, {"time": 2421, "pitch": 62, "duration": 8, "velocity": 95}, {"time": 2427, "pitch": 50, "duration": 5, "velocity": 77}, {"time": 2433, "pitch": 55, "duration": 3, "velocity": 99}, {"time": 2433, "pitch": 59, "duration": 2, "velocity": 96}, {"time": 2433, "pitch": 62, "duration": 2, "velocity": 92}, {"time": 2439, "pitch": 42, "duration": 15, "velocity": 107}, {"time": 2445, "pitch": 57, "duration": 8, "velocity": 112}, {"time": 2445, "pitch": 61, "duration": 9, "velocity": 127}, {"time": 2451, "pitch": 54, "duration": 7, "velocity": 89}, {"time": 2457, "pitch": 57, "duration": 2, "velocity": 127}, {"time": 2457, "pitch": 61, "duration": 2, "velocity": 127}, {"time": 2463, "pitch": 35, "duration": 1, "velocity": 107}, {"time": 2463, "pitch": 47, "duration": 2, "velocity": 127}, {"time": 2463, "pitch": 59, "duration": 2, "velocity": 100}, {"time": 2469, "pitch": 35, "duration": 2, "velocity": 107}, {"time": 2469, "pitch": 47, "duration": 2, "velocity": 117}, {"time": 2469, "pitch": 59, "duration": 2, "velocity": 122}, {"time": 2475, "pitch": 33, "duration": 2, "velocity": 102}, {"time": 2475, "pitch": 45, "duration": 2, "velocity": 99}, {"time": 2475, "pitch": 57, "duration": 1, "velocity": 117}, {"time": 2481, "pitch": 34, "duration": 2, "velocity": 127}, {"time": 2481, "pitch": 46, "duration": 1, "velocity": 127}, {"time": 2481, "pitch": 58, "duration": 1, "velocity": 127}, {"time": 2484, "pitch": 35, "duration": 2, "velocity": 112}, {"time": 2484, "pitch": 47, "duration": 2, "velocity": 127}, {"time": 2484, "pitch": 59, "duration": 1, "velocity": 127}]}]}