{"metadata": {"schema_version": "0.2", "title": "None", "source_filename": "770.mid", "source_format": "midi"}, "resolution": 12, "tempos": [{"time": 0, "qpm": 75.0}], "time_signatures": [{"time": 0, "numerator": 1, "denominator": 4}], "tracks": [{"program": 0, "is_drum": false, "name": "MELODY", "notes": [{"time": 344, "pitch": 60, "duration": 8, "velocity": 97}, {"time": 350, "pitch": 63, "duration": 6, "velocity": 97}, {"time": 356, "pitch": 67, "duration": 6, "velocity": 95}, {"time": 362, "pitch": 62, "duration": 14, "velocity": 97}, {"time": 380, "pitch": 58, "duration": 12, "velocity": 99}, {"time": 392, "pitch": 55, "duration": 6, "velocity": 83}, {"time": 398, "pitch": 60, "duration": 37, "velocity": 88}, {"time": 488, "pitch": 60, "duration": 6, "velocity": 99}, {"time": 494, "pitch": 63, "duration": 6, "velocity": 89}, {"time": 500, "pitch": 67, "duration": 6, "velocity": 73}, {"time": 506, "pitch": 62, "duration": 12, "velocity": 95}, {"time": 518, "pitch": 63, "duration": 2, "velocity": 102}, {"time": 521, "pitch": 63, "duration": 2, "velocity": 76}, {"time": 524, "pitch": 65, "duration": 10, "velocity": 99}, {"time": 536, "pitch": 70, "duration": 5, "velocity": 107}, {"time": 542, "pitch": 67, "duration": 14, "velocity": 96}, {"time": 602, "pitch": 67, "duration": 4, "velocity": 107}, {"time": 608, "pitch": 67, "duration": 5, "velocity": 97}, {"time": 614, "pitch": 65, "duration": 7, "velocity": 112}, {"time": 638, "pitch": 63, "duration": 4, "velocity": 127}, {"time": 644, "pitch": 67, "duration": 4, "velocity": 102}, {"time": 650, "pitch": 67, "duration": 4, "velocity": 112}, {"time": 656, "pitch": 67, "duration": 5, "velocity": 112}, {"time": 662, "pitch": 65, "duration": 7, "velocity": 112}, {"time": 680, "pitch": 58, "duration": 5, "velocity": 102}, {"time": 686, "pitch": 70, "duration": 10, "velocity": 96}, {"time": 704, "pitch": 68, "duration": 5, "velocity": 127}, {"time": 710, "pitch": 67, "duration": 6, "velocity": 100}, {"time": 716, "pitch": 65, "duration": 7, "velocity": 92}, {"time": 722, "pitch": 64, "duration": 8, "velocity": 102}, {"time": 728, "pitch": 72, "duration": 18, "velocity": 83}, {"time": 752, "pitch": 67, "duration": 5, "velocity": 107}, {"time": 758, "pitch": 68, "duration": 14, "velocity": 102}, {"time": 782, "pitch": 67, "duration": 3, "velocity": 112}, {"time": 788, "pitch": 65, "duration": 3, "velocity": 95}, {"time": 794, "pitch": 67, "duration": 10, "velocity": 112}, {"time": 812, "pitch": 65, "duration": 5, "velocity": 92}, {"time": 818, "pitch": 63, "duration": 6, "velocity": 99}, {"time": 824, "pitch": 62, "duration": 2, "velocity": 88}, {"time": 830, "pitch": 62, "duration": 9, "velocity": 90}, {"time": 839, "pitch": 60, "duration": 23, "velocity": 85}, {"time": 896, "pitch": 60, "duration": 6, "velocity": 97}, {"time": 902, "pitch": 72, "duration": 18, "velocity": 100}, {"time": 926, "pitch": 72, "duration": 5, "velocity": 117}, {"time": 932, "pitch": 72, "duration": 4, "velocity": 112}, {"time": 938, "pitch": 70, "duration": 10, "velocity": 127}, {"time": 956, "pitch": 67, "duration": 6, "velocity": 100}, {"time": 968, "pitch": 65, "duration": 5, "velocity": 102}, {"time": 974, "pitch": 67, "duration": 18, "velocity": 107}, {"time": 1040, "pitch": 60, "duration": 5, "velocity": 99}, {"time": 1046, "pitch": 72, "duration": 22, "velocity": 127}, {"time": 1070, "pitch": 72, "duration": 6, "velocity": 122}, {"time": 1076, "pitch": 74, "duration": 6, "velocity": 100}, {"time": 1082, "pitch": 70, "duration": 14, "velocity": 122}, {"time": 1100, "pitch": 67, "duration": 9, "velocity": 117}, {"time": 1112, "pitch": 65, "duration": 5, "velocity": 112}, {"time": 1118, "pitch": 67, "duration": 12, "velocity": 117}, {"time": 1139, "pitch": 65, "duration": 3, "velocity": 88}, {"time": 1142, "pitch": 64, "duration": 4, "velocity": 82}, {"time": 1145, "pitch": 65, "duration": 4, "velocity": 83}, {"time": 1148, "pitch": 64, "duration": 4, "velocity": 85}, {"time": 1151, "pitch": 65, "duration": 3, "velocity": 82}, {"time": 1154, "pitch": 64, "duration": 14, "velocity": 96}, {"time": 1184, "pitch": 60, "duration": 6, "velocity": 97}, {"time": 1190, "pitch": 72, "duration": 18, "velocity": 100}, {"time": 1214, "pitch": 72, "duration": 5, "velocity": 117}, {"time": 1220, "pitch": 74, "duration": 4, "velocity": 112}, {"time": 1226, "pitch": 70, "duration": 10, "velocity": 127}, {"time": 1250, "pitch": 67, "duration": 5, "velocity": 96}, {"time": 1256, "pitch": 68, "duration": 4, "velocity": 107}, {"time": 1262, "pitch": 70, "duration": 18, "velocity": 117}, {"time": 1286, "pitch": 67, "duration": 3, "velocity": 127}, {"time": 1292, "pitch": 67, "duration": 4, "velocity": 112}, {"time": 1298, "pitch": 65, "duration": 6, "velocity": 117}, {"time": 1304, "pitch": 63, "duration": 3, "velocity": 100}, {"time": 1307, "pitch": 60, "duration": 12, "velocity": 96}, {"time": 1328, "pitch": 55, "duration": 4, "velocity": 97}, {"time": 1334, "pitch": 67, "duration": 5, "velocity": 100}, {"time": 1340, "pitch": 63, "duration": 6, "velocity": 122}, {"time": 1346, "pitch": 60, "duration": 4, "velocity": 99}, {"time": 1352, "pitch": 67, "duration": 4, "velocity": 100}, {"time": 1358, "pitch": 63, "duration": 4, "velocity": 127}, {"time": 1364, "pitch": 60, "duration": 4, "velocity": 95}, {"time": 1370, "pitch": 62, "duration": 9, "velocity": 122}, {"time": 1388, "pitch": 58, "duration": 12, "velocity": 122}, {"time": 1406, "pitch": 60, "duration": 38, "velocity": 117}, {"time": 1496, "pitch": 60, "duration": 8, "velocity": 97}, {"time": 1502, "pitch": 63, "duration": 6, "velocity": 97}, {"time": 1508, "pitch": 67, "duration": 6, "velocity": 95}, {"time": 1514, "pitch": 62, "duration": 14, "velocity": 97}, {"time": 1532, "pitch": 58, "duration": 12, "velocity": 99}, {"time": 1544, "pitch": 55, "duration": 6, "velocity": 83}, {"time": 1550, "pitch": 60, "duration": 37, "velocity": 88}, {"time": 1640, "pitch": 60, "duration": 6, "velocity": 99}, {"time": 1646, "pitch": 63, "duration": 6, "velocity": 89}, {"time": 1652, "pitch": 67, "duration": 6, "velocity": 73}, {"time": 1658, "pitch": 62, "duration": 12, "velocity": 95}, {"time": 1670, "pitch": 63, "duration": 2, "velocity": 102}, {"time": 1673, "pitch": 63, "duration": 2, "velocity": 76}, {"time": 1676, "pitch": 65, "duration": 10, "velocity": 99}, {"time": 1688, "pitch": 70, "duration": 5, "velocity": 107}, {"time": 1694, "pitch": 67, "duration": 14, "velocity": 96}, {"time": 1754, "pitch": 67, "duration": 4, "velocity": 107}, {"time": 1760, "pitch": 67, "duration": 5, "velocity": 97}, {"time": 1766, "pitch": 65, "duration": 7, "velocity": 112}, {"time": 1790, "pitch": 63, "duration": 4, "velocity": 127}, {"time": 1796, "pitch": 67, "duration": 4, "velocity": 102}, {"time": 1802, "pitch": 67, "duration": 4, "velocity": 112}, {"time": 1808, "pitch": 67, "duration": 5, "velocity": 112}, {"time": 1814, "pitch": 65, "duration": 7, "velocity": 112}, {"time": 1832, "pitch": 58, "duration": 5, "velocity": 102}, {"time": 1838, "pitch": 70, "duration": 10, "velocity": 96}, {"time": 1856, "pitch": 68, "duration": 5, "velocity": 127}, {"time": 1862, "pitch": 67, "duration": 6, "velocity": 100}, {"time": 1868, "pitch": 65, "duration": 7, "velocity": 92}, {"time": 1874, "pitch": 64, "duration": 8, "velocity": 102}, {"time": 1880, "pitch": 72, "duration": 18, "velocity": 83}, {"time": 1904, "pitch": 67, "duration": 5, "velocity": 107}, {"time": 1910, "pitch": 68, "duration": 14, "velocity": 102}, {"time": 1934, "pitch": 67, "duration": 3, "velocity": 112}, {"time": 1940, "pitch": 65, "duration": 3, "velocity": 95}, {"time": 1946, "pitch": 67, "duration": 10, "velocity": 112}, {"time": 1964, "pitch": 65, "duration": 5, "velocity": 92}, {"time": 1970, "pitch": 63, "duration": 6, "velocity": 99}, {"time": 1976, "pitch": 62, "duration": 2, "velocity": 88}, {"time": 1982, "pitch": 62, "duration": 9, "velocity": 90}, {"time": 1991, "pitch": 60, "duration": 23, "velocity": 85}, {"time": 2048, "pitch": 60, "duration": 6, "velocity": 97}, {"time": 2054, "pitch": 72, "duration": 18, "velocity": 100}, {"time": 2078, "pitch": 72, "duration": 5, "velocity": 117}, {"time": 2084, "pitch": 72, "duration": 4, "velocity": 112}, {"time": 2090, "pitch": 70, "duration": 10, "velocity": 127}, {"time": 2108, "pitch": 67, "duration": 6, "velocity": 100}, {"time": 2120, "pitch": 65, "duration": 5, "velocity": 102}, {"time": 2126, "pitch": 67, "duration": 18, "velocity": 107}, {"time": 2192, "pitch": 60, "duration": 5, "velocity": 99}, {"time": 2198, "pitch": 72, "duration": 22, "velocity": 127}, {"time": 2222, "pitch": 72, "duration": 6, "velocity": 122}, {"time": 2228, "pitch": 74, "duration": 6, "velocity": 100}, {"time": 2234, "pitch": 70, "duration": 14, "velocity": 122}, {"time": 2252, "pitch": 67, "duration": 9, "velocity": 117}, {"time": 2264, "pitch": 65, "duration": 5, "velocity": 112}, {"time": 2270, "pitch": 67, "duration": 12, "velocity": 117}, {"time": 2291, "pitch": 65, "duration": 3, "velocity": 88}, {"time": 2294, "pitch": 64, "duration": 4, "velocity": 82}, {"time": 2297, "pitch": 65, "duration": 4, "velocity": 83}, {"time": 2300, "pitch": 64, "duration": 4, "velocity": 85}, {"time": 2303, "pitch": 65, "duration": 3, "velocity": 82}, {"time": 2306, "pitch": 64, "duration": 14, "velocity": 96}, {"time": 2336, "pitch": 60, "duration": 6, "velocity": 97}, {"time": 2342, "pitch": 72, "duration": 18, "velocity": 100}, {"time": 2366, "pitch": 72, "duration": 5, "velocity": 117}, {"time": 2372, "pitch": 74, "duration": 4, "velocity": 112}, {"time": 2378, "pitch": 70, "duration": 10, "velocity": 127}, {"time": 2402, "pitch": 67, "duration": 5, "velocity": 96}, {"time": 2408, "pitch": 68, "duration": 4, "velocity": 107}, {"time": 2414, "pitch": 70, "duration": 18, "velocity": 117}, {"time": 2438, "pitch": 67, "duration": 3, "velocity": 127}, {"time": 2444, "pitch": 67, "duration": 4, "velocity": 112}, {"time": 2450, "pitch": 65, "duration": 6, "velocity": 117}, {"time": 2456, "pitch": 63, "duration": 3, "velocity": 100}, {"time": 2459, "pitch": 60, "duration": 12, "velocity": 96}, {"time": 2480, "pitch": 55, "duration": 4, "velocity": 97}, {"time": 2486, "pitch": 67, "duration": 5, "velocity": 100}, {"time": 2492, "pitch": 63, "duration": 6, "velocity": 122}, {"time": 2498, "pitch": 60, "duration": 4, "velocity": 99}, {"time": 2504, "pitch": 67, "duration": 4, "velocity": 100}, {"time": 2510, "pitch": 63, "duration": 4, "velocity": 127}, {"time": 2516, "pitch": 60, "duration": 4, "velocity": 95}, {"time": 2522, "pitch": 62, "duration": 9, "velocity": 122}, {"time": 2540, "pitch": 58, "duration": 12, "velocity": 122}, {"time": 2558, "pitch": 60, "duration": 24, "velocity": 117}, {"time": 2624, "pitch": 60, "duration": 6, "velocity": 97}, {"time": 2630, "pitch": 72, "duration": 18, "velocity": 100}, {"time": 2654, "pitch": 72, "duration": 5, "velocity": 117}, {"time": 2660, "pitch": 72, "duration": 4, "velocity": 112}, {"time": 2666, "pitch": 70, "duration": 10, "velocity": 127}, {"time": 2684, "pitch": 67, "duration": 6, "velocity": 100}, {"time": 2696, "pitch": 65, "duration": 5, "velocity": 102}, {"time": 2702, "pitch": 67, "duration": 18, "velocity": 107}, {"time": 2768, "pitch": 60, "duration": 5, "velocity": 99}, {"time": 2774, "pitch": 72, "duration": 22, "velocity": 127}, {"time": 2798, "pitch": 72, "duration": 6, "velocity": 122}, {"time": 2804, "pitch": 74, "duration": 6, "velocity": 100}, {"time": 2810, "pitch": 70, "duration": 14, "velocity": 122}, {"time": 2828, "pitch": 67, "duration": 9, "velocity": 117}, {"time": 2840, "pitch": 65, "duration": 5, "velocity": 112}, {"time": 2846, "pitch": 67, "duration": 12, "velocity": 117}, {"time": 2867, "pitch": 65, "duration": 3, "velocity": 88}, {"time": 2870, "pitch": 64, "duration": 4, "velocity": 82}, {"time": 2873, "pitch": 65, "duration": 4, "velocity": 83}, {"time": 2876, "pitch": 64, "duration": 4, "velocity": 85}, {"time": 2879, "pitch": 65, "duration": 3, "velocity": 82}, {"time": 2882, "pitch": 64, "duration": 14, "velocity": 96}, {"time": 2912, "pitch": 60, "duration": 6, "velocity": 97}, {"time": 2918, "pitch": 72, "duration": 18, "velocity": 100}, {"time": 2942, "pitch": 72, "duration": 5, "velocity": 117}, {"time": 2948, "pitch": 74, "duration": 4, "velocity": 112}, {"time": 2954, "pitch": 70, "duration": 10, "velocity": 127}, {"time": 2978, "pitch": 67, "duration": 5, "velocity": 96}, {"time": 2984, "pitch": 68, "duration": 4, "velocity": 107}, {"time": 2990, "pitch": 70, "duration": 18, "velocity": 117}, {"time": 3014, "pitch": 67, "duration": 3, "velocity": 127}, {"time": 3020, "pitch": 67, "duration": 4, "velocity": 112}, {"time": 3026, "pitch": 65, "duration": 6, "velocity": 117}, {"time": 3032, "pitch": 63, "duration": 3, "velocity": 100}, {"time": 3035, "pitch": 60, "duration": 12, "velocity": 96}, {"time": 3056, "pitch": 55, "duration": 4, "velocity": 97}, {"time": 3062, "pitch": 67, "duration": 5, "velocity": 100}, {"time": 3068, "pitch": 63, "duration": 6, "velocity": 122}, {"time": 3074, "pitch": 60, "duration": 4, "velocity": 99}, {"time": 3080, "pitch": 67, "duration": 4, "velocity": 100}, {"time": 3086, "pitch": 63, "duration": 4, "velocity": 127}, {"time": 3092, "pitch": 60, "duration": 4, "velocity": 95}, {"time": 3098, "pitch": 62, "duration": 9, "velocity": 122}, {"time": 3116, "pitch": 58, "duration": 12, "velocity": 122}, {"time": 3134, "pitch": 60, "duration": 24, "velocity": 117}, {"time": 3200, "pitch": 60, "duration": 5, "velocity": 93}, {"time": 3206, "pitch": 72, "duration": 13, "velocity": 117}, {"time": 3230, "pitch": 72, "duration": 4, "velocity": 117}, {"time": 3236, "pitch": 72, "duration": 4, "velocity": 122}, {"time": 3242, "pitch": 70, "duration": 13, "velocity": 122}, {"time": 3266, "pitch": 67, "duration": 5, "velocity": 92}, {"time": 3272, "pitch": 68, "duration": 4, "velocity": 100}, {"time": 3278, "pitch": 70, "duration": 15, "velocity": 127}, {"time": 3302, "pitch": 67, "duration": 4, "velocity": 100}, {"time": 3308, "pitch": 67, "duration": 4, "velocity": 99}, {"time": 3314, "pitch": 65, "duration": 16, "velocity": 100}, {"time": 3323, "pitch": 63, "duration": 3, "velocity": 93}, {"time": 3326, "pitch": 60, "duration": 12, "velocity": 76}, {"time": 3344, "pitch": 60, "duration": 3, "velocity": 92}, {"time": 3350, "pitch": 67, "duration": 5, "velocity": 97}, {"time": 3356, "pitch": 63, "duration": 6, "velocity": 93}, {"time": 3362, "pitch": 60, "duration": 5, "velocity": 83}, {"time": 3368, "pitch": 67, "duration": 5, "velocity": 96}, {"time": 3374, "pitch": 63, "duration": 4, "velocity": 107}, {"time": 3380, "pitch": 60, "duration": 5, "velocity": 89}, {"time": 3386, "pitch": 62, "duration": 24, "velocity": 97}, {"time": 3419, "pitch": 70, "duration": 17, "velocity": 112}, {"time": 3440, "pitch": 72, "duration": 50, "velocity": 107}]}, {"program": 0, "is_drum": false, "name": "BRIDGE", "notes": [{"time": 38, "pitch": 53, "duration": 5, "velocity": 78}, {"time": 41, "pitch": 55, "duration": 5, "velocity": 49}, {"time": 44, "pitch": 56, "duration": 4, "velocity": 59}, {"time": 47, "pitch": 63, "duration": 6, "velocity": 88}, {"time": 50, "pitch": 55, "duration": 5, "velocity": 66}, {"time": 53, "pitch": 56, "duration": 4, "velocity": 69}, {"time": 56, "pitch": 63, "duration": 45, "velocity": 95}, {"time": 110, "pitch": 51, "duration": 3, "velocity": 89}, {"time": 113, "pitch": 55, "duration": 5, "velocity": 68}, {"time": 116, "pitch": 56, "duration": 4, "velocity": 71}, {"time": 119, "pitch": 62, "duration": 7, "velocity": 86}, {"time": 122, "pitch": 55, "duration": 5, "velocity": 79}, {"time": 125, "pitch": 56, "duration": 4, "velocity": 67}, {"time": 128, "pitch": 62, "duration": 28, "velocity": 89}, {"time": 182, "pitch": 53, "duration": 5, "velocity": 78}, {"time": 185, "pitch": 55, "duration": 5, "velocity": 49}, {"time": 188, "pitch": 56, "duration": 4, "velocity": 59}, {"time": 191, "pitch": 63, "duration": 6, "velocity": 88}, {"time": 194, "pitch": 55, "duration": 5, "velocity": 66}, {"time": 197, "pitch": 56, "duration": 4, "velocity": 69}, {"time": 200, "pitch": 63, "duration": 45, "velocity": 95}, {"time": 254, "pitch": 51, "duration": 3, "velocity": 89}, {"time": 257, "pitch": 55, "duration": 5, "velocity": 68}, {"time": 260, "pitch": 56, "duration": 4, "velocity": 71}, {"time": 263, "pitch": 62, "duration": 7, "velocity": 86}, {"time": 266, "pitch": 55, "duration": 5, "velocity": 79}, {"time": 269, "pitch": 56, "duration": 4, "velocity": 67}, {"time": 272, "pitch": 62, "duration": 28, "velocity": 89}, {"time": 416, "pitch": 60, "duration": 4, "velocity": 89}, {"time": 419, "pitch": 62, "duration": 5, "velocity": 53}, {"time": 422, "pitch": 63, "duration": 4, "velocity": 75}, {"time": 425, "pitch": 67, "duration": 4, "velocity": 78}, {"time": 428, "pitch": 62, "duration": 5, "velocity": 46}, {"time": 431, "pitch": 63, "duration": 3, "velocity": 78}, {"time": 434, "pitch": 62, "duration": 4, "velocity": 72}, {"time": 434, "pitch": 67, "duration": 9, "velocity": 82}, {"time": 437, "pitch": 63, "duration": 3, "velocity": 43}, {"time": 440, "pitch": 67, "duration": 3, "velocity": 72}, {"time": 443, "pitch": 62, "duration": 5, "velocity": 45}, {"time": 446, "pitch": 63, "duration": 3, "velocity": 52}, {"time": 449, "pitch": 67, "duration": 1, "velocity": 69}, {"time": 560, "pitch": 60, "duration": 4, "velocity": 89}, {"time": 563, "pitch": 62, "duration": 5, "velocity": 53}, {"time": 566, "pitch": 63, "duration": 4, "velocity": 75}, {"time": 569, "pitch": 67, "duration": 4, "velocity": 78}, {"time": 572, "pitch": 62, "duration": 5, "velocity": 46}, {"time": 575, "pitch": 63, "duration": 3, "velocity": 78}, {"time": 578, "pitch": 62, "duration": 4, "velocity": 72}, {"time": 578, "pitch": 67, "duration": 9, "velocity": 82}, {"time": 581, "pitch": 63, "duration": 3, "velocity": 43}, {"time": 584, "pitch": 67, "duration": 3, "velocity": 72}, {"time": 587, "pitch": 62, "duration": 5, "velocity": 45}, {"time": 590, "pitch": 63, "duration": 3, "velocity": 52}, {"time": 593, "pitch": 67, "duration": 1, "velocity": 69}, {"time": 731, "pitch": 67, "duration": 8, "velocity": 81}, {"time": 740, "pitch": 68, "duration": 17, "velocity": 107}, {"time": 854, "pitch": 65, "duration": 4, "velocity": 96}, {"time": 857, "pitch": 67, "duration": 4, "velocity": 92}, {"time": 860, "pitch": 68, "duration": 5, "velocity": 90}, {"time": 863, "pitch": 70, "duration": 4, "velocity": 112}, {"time": 866, "pitch": 72, "duration": 6, "velocity": 117}, {"time": 883, "pitch": 60, "duration": 4, "velocity": 85}, {"time": 887, "pitch": 62, "duration": 3, "velocity": 72}, {"time": 889, "pitch": 63, "duration": 2, "velocity": 96}, {"time": 892, "pitch": 65, "duration": 3, "velocity": 81}, {"time": 894, "pitch": 67, "duration": 4, "velocity": 66}, {"time": 897, "pitch": 68, "duration": 4, "velocity": 93}, {"time": 899, "pitch": 70, "duration": 4, "velocity": 117}, {"time": 902, "pitch": 72, "duration": 17, "velocity": 95}, {"time": 980, "pitch": 60, "duration": 5, "velocity": 96}, {"time": 986, "pitch": 62, "duration": 6, "velocity": 96}, {"time": 992, "pitch": 64, "duration": 6, "velocity": 99}, {"time": 998, "pitch": 65, "duration": 6, "velocity": 99}, {"time": 1004, "pitch": 72, "duration": 5, "velocity": 107}, {"time": 1010, "pitch": 67, "duration": 12, "velocity": 100}, {"time": 1022, "pitch": 67, "duration": 4, "velocity": 100}, {"time": 1028, "pitch": 67, "duration": 7, "velocity": 95}, {"time": 1034, "pitch": 68, "duration": 6, "velocity": 117}, {"time": 1040, "pitch": 70, "duration": 5, "velocity": 102}, {"time": 1046, "pitch": 72, "duration": 25, "velocity": 127}, {"time": 1154, "pitch": 72, "duration": 3, "velocity": 122}, {"time": 1160, "pitch": 70, "duration": 3, "velocity": 127}, {"time": 1163, "pitch": 67, "duration": 2, "velocity": 92}, {"time": 1166, "pitch": 67, "duration": 3, "velocity": 100}, {"time": 1172, "pitch": 72, "duration": 3, "velocity": 127}, {"time": 1178, "pitch": 70, "duration": 3, "velocity": 100}, {"time": 1181, "pitch": 67, "duration": 2, "velocity": 85}, {"time": 1184, "pitch": 67, "duration": 4, "velocity": 99}, {"time": 1268, "pitch": 67, "duration": 4, "velocity": 97}, {"time": 1274, "pitch": 67, "duration": 4, "velocity": 95}, {"time": 1280, "pitch": 67, "duration": 8, "velocity": 102}, {"time": 1409, "pitch": 70, "duration": 3, "velocity": 102}, {"time": 1412, "pitch": 68, "duration": 3, "velocity": 93}, {"time": 1415, "pitch": 67, "duration": 4, "velocity": 83}, {"time": 1418, "pitch": 65, "duration": 4, "velocity": 83}, {"time": 1421, "pitch": 64, "duration": 2, "velocity": 60}, {"time": 1424, "pitch": 64, "duration": 3, "velocity": 82}, {"time": 1430, "pitch": 65, "duration": 4, "velocity": 96}, {"time": 1433, "pitch": 67, "duration": 5, "velocity": 85}, {"time": 1436, "pitch": 68, "duration": 6, "velocity": 90}, {"time": 1439, "pitch": 70, "duration": 5, "velocity": 100}, {"time": 1442, "pitch": 72, "duration": 6, "velocity": 93}, {"time": 1460, "pitch": 60, "duration": 29, "velocity": 100}, {"time": 1568, "pitch": 60, "duration": 4, "velocity": 89}, {"time": 1571, "pitch": 62, "duration": 5, "velocity": 53}, {"time": 1574, "pitch": 63, "duration": 4, "velocity": 75}, {"time": 1577, "pitch": 67, "duration": 4, "velocity": 78}, {"time": 1580, "pitch": 62, "duration": 5, "velocity": 46}, {"time": 1583, "pitch": 63, "duration": 3, "velocity": 78}, {"time": 1586, "pitch": 62, "duration": 4, "velocity": 72}, {"time": 1586, "pitch": 67, "duration": 9, "velocity": 82}, {"time": 1589, "pitch": 63, "duration": 3, "velocity": 43}, {"time": 1592, "pitch": 67, "duration": 3, "velocity": 72}, {"time": 1595, "pitch": 62, "duration": 5, "velocity": 45}, {"time": 1598, "pitch": 63, "duration": 3, "velocity": 52}, {"time": 1601, "pitch": 67, "duration": 1, "velocity": 69}, {"time": 1712, "pitch": 60, "duration": 4, "velocity": 89}, {"time": 1715, "pitch": 62, "duration": 5, "velocity": 53}, {"time": 1718, "pitch": 63, "duration": 4, "velocity": 75}, {"time": 1721, "pitch": 67, "duration": 4, "velocity": 78}, {"time": 1724, "pitch": 62, "duration": 5, "velocity": 46}, {"time": 1727, "pitch": 63, "duration": 3, "velocity": 78}, {"time": 1730, "pitch": 62, "duration": 4, "velocity": 72}, {"time": 1730, "pitch": 67, "duration": 9, "velocity": 82}, {"time": 1733, "pitch": 63, "duration": 3, "velocity": 43}, {"time": 1736, "pitch": 67, "duration": 3, "velocity": 72}, {"time": 1739, "pitch": 62, "duration": 5, "velocity": 45}, {"time": 1742, "pitch": 63, "duration": 3, "velocity": 52}, {"time": 1745, "pitch": 67, "duration": 1, "velocity": 69}, {"time": 1883, "pitch": 67, "duration": 8, "velocity": 81}, {"time": 1892, "pitch": 68, "duration": 17, "velocity": 107}, {"time": 2006, "pitch": 65, "duration": 4, "velocity": 96}, {"time": 2009, "pitch": 67, "duration": 4, "velocity": 92}, {"time": 2012, "pitch": 68, "duration": 5, "velocity": 90}, {"time": 2015, "pitch": 70, "duration": 4, "velocity": 112}, {"time": 2018, "pitch": 72, "duration": 6, "velocity": 117}, {"time": 2035, "pitch": 60, "duration": 4, "velocity": 85}, {"time": 2039, "pitch": 62, "duration": 3, "velocity": 72}, {"time": 2041, "pitch": 63, "duration": 2, "velocity": 96}, {"time": 2044, "pitch": 65, "duration": 3, "velocity": 81}, {"time": 2046, "pitch": 67, "duration": 4, "velocity": 66}, {"time": 2049, "pitch": 68, "duration": 4, "velocity": 93}, {"time": 2051, "pitch": 70, "duration": 4, "velocity": 117}, {"time": 2054, "pitch": 72, "duration": 17, "velocity": 95}, {"time": 2132, "pitch": 60, "duration": 5, "velocity": 96}, {"time": 2138, "pitch": 62, "duration": 6, "velocity": 96}, {"time": 2144, "pitch": 64, "duration": 6, "velocity": 99}, {"time": 2150, "pitch": 65, "duration": 6, "velocity": 99}, {"time": 2156, "pitch": 72, "duration": 5, "velocity": 107}, {"time": 2162, "pitch": 67, "duration": 12, "velocity": 100}, {"time": 2174, "pitch": 67, "duration": 4, "velocity": 100}, {"time": 2180, "pitch": 67, "duration": 7, "velocity": 95}, {"time": 2186, "pitch": 68, "duration": 6, "velocity": 117}, {"time": 2192, "pitch": 70, "duration": 5, "velocity": 102}, {"time": 2198, "pitch": 72, "duration": 25, "velocity": 127}, {"time": 2306, "pitch": 72, "duration": 3, "velocity": 122}, {"time": 2312, "pitch": 70, "duration": 3, "velocity": 127}, {"time": 2315, "pitch": 67, "duration": 2, "velocity": 92}, {"time": 2318, "pitch": 67, "duration": 3, "velocity": 100}, {"time": 2324, "pitch": 72, "duration": 3, "velocity": 127}, {"time": 2330, "pitch": 70, "duration": 3, "velocity": 100}, {"time": 2333, "pitch": 67, "duration": 2, "velocity": 85}, {"time": 2336, "pitch": 67, "duration": 4, "velocity": 99}, {"time": 2420, "pitch": 67, "duration": 4, "velocity": 97}, {"time": 2426, "pitch": 67, "duration": 4, "velocity": 95}, {"time": 2432, "pitch": 67, "duration": 8, "velocity": 102}, {"time": 2561, "pitch": 70, "duration": 3, "velocity": 102}, {"time": 2564, "pitch": 68, "duration": 3, "velocity": 93}, {"time": 2567, "pitch": 67, "duration": 4, "velocity": 83}, {"time": 2570, "pitch": 65, "duration": 4, "velocity": 83}, {"time": 2573, "pitch": 64, "duration": 2, "velocity": 60}, {"time": 2576, "pitch": 64, "duration": 3, "velocity": 82}, {"time": 2582, "pitch": 65, "duration": 4, "velocity": 96}, {"time": 2585, "pitch": 67, "duration": 5, "velocity": 85}, {"time": 2588, "pitch": 68, "duration": 6, "velocity": 90}, {"time": 2591, "pitch": 70, "duration": 5, "velocity": 100}, {"time": 2594, "pitch": 72, "duration": 6, "velocity": 93}, {"time": 2611, "pitch": 60, "duration": 4, "velocity": 85}, {"time": 2615, "pitch": 62, "duration": 3, "velocity": 72}, {"time": 2617, "pitch": 63, "duration": 2, "velocity": 96}, {"time": 2620, "pitch": 65, "duration": 3, "velocity": 81}, {"time": 2622, "pitch": 67, "duration": 4, "velocity": 66}, {"time": 2625, "pitch": 68, "duration": 4, "velocity": 93}, {"time": 2627, "pitch": 70, "duration": 4, "velocity": 117}, {"time": 2630, "pitch": 72, "duration": 17, "velocity": 95}, {"time": 2708, "pitch": 60, "duration": 5, "velocity": 96}, {"time": 2714, "pitch": 62, "duration": 6, "velocity": 96}, {"time": 2720, "pitch": 64, "duration": 6, "velocity": 99}, {"time": 2726, "pitch": 65, "duration": 6, "velocity": 99}, {"time": 2732, "pitch": 72, "duration": 5, "velocity": 107}, {"time": 2738, "pitch": 67, "duration": 12, "velocity": 100}, {"time": 2750, "pitch": 67, "duration": 4, "velocity": 100}, {"time": 2756, "pitch": 67, "duration": 7, "velocity": 95}, {"time": 2762, "pitch": 68, "duration": 6, "velocity": 117}, {"time": 2768, "pitch": 70, "duration": 5, "velocity": 102}, {"time": 2774, "pitch": 72, "duration": 25, "velocity": 127}, {"time": 2882, "pitch": 72, "duration": 3, "velocity": 122}, {"time": 2888, "pitch": 70, "duration": 3, "velocity": 127}, {"time": 2891, "pitch": 67, "duration": 2, "velocity": 92}, {"time": 2894, "pitch": 67, "duration": 3, "velocity": 100}, {"time": 2900, "pitch": 72, "duration": 3, "velocity": 127}, {"time": 2906, "pitch": 70, "duration": 3, "velocity": 100}, {"time": 2909, "pitch": 67, "duration": 2, "velocity": 85}, {"time": 2912, "pitch": 67, "duration": 4, "velocity": 99}, {"time": 2996, "pitch": 67, "duration": 4, "velocity": 97}, {"time": 3002, "pitch": 67, "duration": 4, "velocity": 95}, {"time": 3008, "pitch": 67, "duration": 8, "velocity": 102}, {"time": 3098, "pitch": 62, "duration": 16, "velocity": 99}, {"time": 3116, "pitch": 58, "duration": 13, "velocity": 89}, {"time": 3134, "pitch": 60, "duration": 28, "velocity": 78}, {"time": 3134, "pitch": 64, "duration": 33, "velocity": 89}]}, {"program": 0, "is_drum": false, "name": "PIANO", "notes": [{"time": 38, "pitch": 41, "duration": 61, "velocity": 56}, {"time": 38, "pitch": 48, "duration": 61, "velocity": 52}, {"time": 38, "pitch": 53, "duration": 60, "velocity": 52}, {"time": 38, "pitch": 55, "duration": 64, "velocity": 55}, {"time": 38, "pitch": 56, "duration": 63, "velocity": 52}, {"time": 38, "pitch": 60, "duration": 63, "velocity": 62}, {"time": 38, "pitch": 63, "duration": 64, "velocity": 59}, {"time": 110, "pitch": 39, "duration": 24, "velocity": 50}, {"time": 110, "pitch": 46, "duration": 24, "velocity": 41}, {"time": 110, "pitch": 51, "duration": 24, "velocity": 66}, {"time": 110, "pitch": 55, "duration": 24, "velocity": 57}, {"time": 110, "pitch": 58, "duration": 24, "velocity": 53}, {"time": 110, "pitch": 63, "duration": 25, "velocity": 63}, {"time": 182, "pitch": 41, "duration": 36, "velocity": 59}, {"time": 182, "pitch": 48, "duration": 28, "velocity": 57}, {"time": 182, "pitch": 53, "duration": 23, "velocity": 59}, {"time": 182, "pitch": 55, "duration": 37, "velocity": 59}, {"time": 182, "pitch": 56, "duration": 37, "velocity": 68}, {"time": 182, "pitch": 60, "duration": 37, "velocity": 62}, {"time": 182, "pitch": 63, "duration": 37, "velocity": 63}, {"time": 254, "pitch": 39, "duration": 72, "velocity": 58}, {"time": 254, "pitch": 51, "duration": 72, "velocity": 67}, {"time": 254, "pitch": 55, "duration": 72, "velocity": 58}, {"time": 254, "pitch": 58, "duration": 72, "velocity": 63}, {"time": 254, "pitch": 62, "duration": 72, "velocity": 63}, {"time": 326, "pitch": 41, "duration": 34, "velocity": 85}, {"time": 332, "pitch": 48, "duration": 28, "velocity": 41}, {"time": 338, "pitch": 53, "duration": 8, "velocity": 75}, {"time": 344, "pitch": 55, "duration": 9, "velocity": 64}, {"time": 344, "pitch": 56, "duration": 30, "velocity": 93}, {"time": 344, "pitch": 60, "duration": 31, "velocity": 86}, {"time": 350, "pitch": 53, "duration": 9, "velocity": 38}, {"time": 356, "pitch": 55, "duration": 7, "velocity": 44}, {"time": 362, "pitch": 38, "duration": 30, "velocity": 72}, {"time": 374, "pitch": 53, "duration": 15, "velocity": 58}, {"time": 380, "pitch": 58, "duration": 19, "velocity": 83}, {"time": 380, "pitch": 62, "duration": 19, "velocity": 88}, {"time": 386, "pitch": 50, "duration": 9, "velocity": 26}, {"time": 392, "pitch": 53, "duration": 8, "velocity": 60}, {"time": 398, "pitch": 44, "duration": 23, "velocity": 89}, {"time": 410, "pitch": 55, "duration": 14, "velocity": 59}, {"time": 416, "pitch": 56, "duration": 32, "velocity": 90}, {"time": 416, "pitch": 60, "duration": 34, "velocity": 64}, {"time": 416, "pitch": 63, "duration": 33, "velocity": 82}, {"time": 422, "pitch": 44, "duration": 10, "velocity": 48}, {"time": 428, "pitch": 55, "duration": 16, "velocity": 38}, {"time": 434, "pitch": 44, "duration": 21, "velocity": 71}, {"time": 446, "pitch": 55, "duration": 8, "velocity": 55}, {"time": 452, "pitch": 56, "duration": 19, "velocity": 117}, {"time": 452, "pitch": 60, "duration": 20, "velocity": 89}, {"time": 452, "pitch": 63, "duration": 19, "velocity": 83}, {"time": 458, "pitch": 44, "duration": 6, "velocity": 66}, {"time": 464, "pitch": 55, "duration": 6, "velocity": 53}, {"time": 470, "pitch": 41, "duration": 34, "velocity": 90}, {"time": 476, "pitch": 48, "duration": 27, "velocity": 55}, {"time": 482, "pitch": 53, "duration": 11, "velocity": 57}, {"time": 488, "pitch": 55, "duration": 10, "velocity": 77}, {"time": 488, "pitch": 56, "duration": 19, "velocity": 83}, {"time": 488, "pitch": 60, "duration": 21, "velocity": 70}, {"time": 488, "pitch": 65, "duration": 20, "velocity": 64}, {"time": 494, "pitch": 53, "duration": 8, "velocity": 48}, {"time": 500, "pitch": 55, "duration": 7, "velocity": 50}, {"time": 506, "pitch": 38, "duration": 30, "velocity": 78}, {"time": 518, "pitch": 50, "duration": 11, "velocity": 39}, {"time": 524, "pitch": 53, "duration": 18, "velocity": 83}, {"time": 524, "pitch": 60, "duration": 19, "velocity": 89}, {"time": 530, "pitch": 50, "duration": 8, "velocity": 44}, {"time": 536, "pitch": 56, "duration": 6, "velocity": 52}, {"time": 542, "pitch": 44, "duration": 35, "velocity": 100}, {"time": 554, "pitch": 55, "duration": 10, "velocity": 47}, {"time": 560, "pitch": 56, "duration": 34, "velocity": 97}, {"time": 560, "pitch": 60, "duration": 34, "velocity": 82}, {"time": 560, "pitch": 63, "duration": 34, "velocity": 74}, {"time": 572, "pitch": 55, "duration": 14, "velocity": 48}, {"time": 578, "pitch": 44, "duration": 21, "velocity": 92}, {"time": 590, "pitch": 55, "duration": 6, "velocity": 38}, {"time": 596, "pitch": 56, "duration": 20, "velocity": 112}, {"time": 596, "pitch": 60, "duration": 20, "velocity": 97}, {"time": 596, "pitch": 63, "duration": 19, "velocity": 96}, {"time": 602, "pitch": 44, "duration": 8, "velocity": 89}, {"time": 608, "pitch": 55, "duration": 7, "velocity": 61}, {"time": 614, "pitch": 41, "duration": 29, "velocity": 78}, {"time": 626, "pitch": 48, "duration": 9, "velocity": 42}, {"time": 632, "pitch": 53, "duration": 9, "velocity": 45}, {"time": 632, "pitch": 56, "duration": 15, "velocity": 100}, {"time": 632, "pitch": 60, "duration": 18, "velocity": 89}, {"time": 638, "pitch": 48, "duration": 7, "velocity": 55}, {"time": 644, "pitch": 53, "duration": 9, "velocity": 76}, {"time": 650, "pitch": 46, "duration": 27, "velocity": 100}, {"time": 662, "pitch": 53, "duration": 14, "velocity": 55}, {"time": 668, "pitch": 62, "duration": 24, "velocity": 117}, {"time": 674, "pitch": 58, "duration": 14, "velocity": 96}, {"time": 680, "pitch": 53, "duration": 7, "velocity": 69}, {"time": 686, "pitch": 43, "duration": 27, "velocity": 74}, {"time": 692, "pitch": 50, "duration": 19, "velocity": 75}, {"time": 698, "pitch": 55, "duration": 10, "velocity": 72}, {"time": 704, "pitch": 62, "duration": 18, "velocity": 100}, {"time": 710, "pitch": 58, "duration": 12, "velocity": 65}, {"time": 716, "pitch": 55, "duration": 11, "velocity": 68}, {"time": 722, "pitch": 36, "duration": 25, "velocity": 86}, {"time": 728, "pitch": 43, "duration": 19, "velocity": 62}, {"time": 734, "pitch": 48, "duration": 13, "velocity": 69}, {"time": 740, "pitch": 55, "duration": 2, "velocity": 34}, {"time": 740, "pitch": 64, "duration": 20, "velocity": 97}, {"time": 746, "pitch": 60, "duration": 14, "velocity": 85}, {"time": 752, "pitch": 55, "duration": 8, "velocity": 81}, {"time": 758, "pitch": 41, "duration": 33, "velocity": 74}, {"time": 764, "pitch": 48, "duration": 15, "velocity": 56}, {"time": 770, "pitch": 53, "duration": 25, "velocity": 58}, {"time": 776, "pitch": 60, "duration": 20, "velocity": 100}, {"time": 782, "pitch": 48, "duration": 12, "velocity": 41}, {"time": 788, "pitch": 56, "duration": 7, "velocity": 93}, {"time": 794, "pitch": 43, "duration": 27, "velocity": 72}, {"time": 800, "pitch": 50, "duration": 15, "velocity": 72}, {"time": 806, "pitch": 55, "duration": 8, "velocity": 73}, {"time": 812, "pitch": 58, "duration": 19, "velocity": 93}, {"time": 812, "pitch": 62, "duration": 17, "velocity": 93}, {"time": 818, "pitch": 50, "duration": 2, "velocity": 70}, {"time": 824, "pitch": 55, "duration": 7, "velocity": 79}, {"time": 830, "pitch": 36, "duration": 34, "velocity": 72}, {"time": 836, "pitch": 43, "duration": 30, "velocity": 51}, {"time": 842, "pitch": 48, "duration": 9, "velocity": 86}, {"time": 848, "pitch": 53, "duration": 13, "velocity": 112}, {"time": 854, "pitch": 48, "duration": 11, "velocity": 73}, {"time": 860, "pitch": 55, "duration": 6, "velocity": 96}, {"time": 866, "pitch": 36, "duration": 6, "velocity": 63}, {"time": 866, "pitch": 43, "duration": 6, "velocity": 65}, {"time": 866, "pitch": 48, "duration": 7, "velocity": 86}, {"time": 866, "pitch": 60, "duration": 7, "velocity": 83}, {"time": 866, "pitch": 63, "duration": 6, "velocity": 93}, {"time": 866, "pitch": 67, "duration": 7, "velocity": 76}, {"time": 872, "pitch": 67, "duration": 1, "velocity": 38}, {"time": 902, "pitch": 44, "duration": 28, "velocity": 112}, {"time": 908, "pitch": 56, "duration": 14, "velocity": 83}, {"time": 911, "pitch": 60, "duration": 4, "velocity": 72}, {"time": 914, "pitch": 63, "duration": 5, "velocity": 93}, {"time": 917, "pitch": 60, "duration": 6, "velocity": 78}, {"time": 920, "pitch": 68, "duration": 7, "velocity": 127}, {"time": 923, "pitch": 56, "duration": 2, "velocity": 26}, {"time": 923, "pitch": 63, "duration": 4, "velocity": 72}, {"time": 926, "pitch": 60, "duration": 9, "velocity": 89}, {"time": 929, "pitch": 63, "duration": 4, "velocity": 74}, {"time": 932, "pitch": 68, "duration": 6, "velocity": 93}, {"time": 935, "pitch": 63, "duration": 3, "velocity": 96}, {"time": 938, "pitch": 46, "duration": 23, "velocity": 107}, {"time": 941, "pitch": 58, "duration": 18, "velocity": 92}, {"time": 944, "pitch": 62, "duration": 4, "velocity": 66}, {"time": 947, "pitch": 65, "duration": 4, "velocity": 68}, {"time": 950, "pitch": 62, "duration": 8, "velocity": 85}, {"time": 953, "pitch": 65, "duration": 3, "velocity": 66}, {"time": 956, "pitch": 70, "duration": 8, "velocity": 112}, {"time": 959, "pitch": 65, "duration": 3, "velocity": 46}, {"time": 962, "pitch": 62, "duration": 8, "velocity": 69}, {"time": 965, "pitch": 65, "duration": 3, "velocity": 58}, {"time": 968, "pitch": 70, "duration": 5, "velocity": 99}, {"time": 971, "pitch": 65, "duration": 3, "velocity": 85}, {"time": 974, "pitch": 48, "duration": 34, "velocity": 79}, {"time": 977, "pitch": 55, "duration": 33, "velocity": 70}, {"time": 980, "pitch": 60, "duration": 8, "velocity": 89}, {"time": 983, "pitch": 64, "duration": 4, "velocity": 72}, {"time": 986, "pitch": 67, "duration": 5, "velocity": 89}, {"time": 989, "pitch": 64, "duration": 5, "velocity": 85}, {"time": 992, "pitch": 72, "duration": 7, "velocity": 102}, {"time": 995, "pitch": 64, "duration": 3, "velocity": 69}, {"time": 998, "pitch": 67, "duration": 4, "velocity": 76}, {"time": 1001, "pitch": 64, "duration": 7, "velocity": 81}, {"time": 1004, "pitch": 67, "duration": 4, "velocity": 88}, {"time": 1007, "pitch": 72, "duration": 5, "velocity": 93}, {"time": 1010, "pitch": 48, "duration": 22, "velocity": 82}, {"time": 1013, "pitch": 55, "duration": 17, "velocity": 56}, {"time": 1016, "pitch": 60, "duration": 6, "velocity": 85}, {"time": 1019, "pitch": 64, "duration": 4, "velocity": 78}, {"time": 1022, "pitch": 67, "duration": 3, "velocity": 83}, {"time": 1025, "pitch": 64, "duration": 4, "velocity": 85}, {"time": 1028, "pitch": 72, "duration": 7, "velocity": 107}, {"time": 1031, "pitch": 64, "duration": 4, "velocity": 78}, {"time": 1034, "pitch": 67, "duration": 4, "velocity": 67}, {"time": 1037, "pitch": 64, "duration": 5, "velocity": 81}, {"time": 1040, "pitch": 67, "duration": 4, "velocity": 78}, {"time": 1043, "pitch": 72, "duration": 3, "velocity": 88}, {"time": 1046, "pitch": 44, "duration": 26, "velocity": 72}, {"time": 1049, "pitch": 51, "duration": 19, "velocity": 63}, {"time": 1052, "pitch": 56, "duration": 15, "velocity": 89}, {"time": 1055, "pitch": 60, "duration": 4, "velocity": 75}, {"time": 1058, "pitch": 63, "duration": 3, "velocity": 93}, {"time": 1061, "pitch": 60, "duration": 4, "velocity": 82}, {"time": 1064, "pitch": 68, "duration": 5, "velocity": 117}, {"time": 1067, "pitch": 60, "duration": 4, "velocity": 78}, {"time": 1070, "pitch": 63, "duration": 5, "velocity": 90}, {"time": 1073, "pitch": 68, "duration": 7, "velocity": 93}, {"time": 1076, "pitch": 60, "duration": 4, "velocity": 77}, {"time": 1079, "pitch": 63, "duration": 2, "velocity": 117}, {"time": 1082, "pitch": 46, "duration": 35, "velocity": 100}, {"time": 1085, "pitch": 53, "duration": 3, "velocity": 60}, {"time": 1088, "pitch": 58, "duration": 4, "velocity": 69}, {"time": 1091, "pitch": 53, "duration": 4, "velocity": 78}, {"time": 1094, "pitch": 58, "duration": 4, "velocity": 77}, {"time": 1097, "pitch": 53, "duration": 5, "velocity": 82}, {"time": 1100, "pitch": 62, "duration": 8, "velocity": 99}, {"time": 1103, "pitch": 53, "duration": 5, "velocity": 85}, {"time": 1106, "pitch": 58, "duration": 4, "velocity": 86}, {"time": 1109, "pitch": 53, "duration": 8, "velocity": 86}, {"time": 1112, "pitch": 62, "duration": 6, "velocity": 90}, {"time": 1115, "pitch": 58, "duration": 3, "velocity": 107}, {"time": 1118, "pitch": 36, "duration": 34, "velocity": 71}, {"time": 1121, "pitch": 43, "duration": 33, "velocity": 82}, {"time": 1124, "pitch": 48, "duration": 30, "velocity": 83}, {"time": 1127, "pitch": 55, "duration": 4, "velocity": 72}, {"time": 1130, "pitch": 60, "duration": 4, "velocity": 85}, {"time": 1133, "pitch": 55, "duration": 4, "velocity": 82}, {"time": 1136, "pitch": 64, "duration": 9, "velocity": 97}, {"time": 1139, "pitch": 55, "duration": 4, "velocity": 75}, {"time": 1142, "pitch": 60, "duration": 4, "velocity": 70}, {"time": 1145, "pitch": 55, "duration": 4, "velocity": 86}, {"time": 1148, "pitch": 60, "duration": 4, "velocity": 92}, {"time": 1151, "pitch": 55, "duration": 5, "velocity": 93}, {"time": 1154, "pitch": 36, "duration": 21, "velocity": 89}, {"time": 1157, "pitch": 43, "duration": 19, "velocity": 75}, {"time": 1160, "pitch": 48, "duration": 16, "velocity": 86}, {"time": 1163, "pitch": 55, "duration": 4, "velocity": 67}, {"time": 1166, "pitch": 60, "duration": 4, "velocity": 86}, {"time": 1169, "pitch": 55, "duration": 4, "velocity": 88}, {"time": 1172, "pitch": 64, "duration": 4, "velocity": 112}, {"time": 1175, "pitch": 55, "duration": 4, "velocity": 78}, {"time": 1178, "pitch": 60, "duration": 4, "velocity": 90}, {"time": 1181, "pitch": 55, "duration": 5, "velocity": 83}, {"time": 1184, "pitch": 64, "duration": 5, "velocity": 97}, {"time": 1187, "pitch": 60, "duration": 2, "velocity": 93}, {"time": 1190, "pitch": 37, "duration": 22, "velocity": 71}, {"time": 1193, "pitch": 44, "duration": 19, "velocity": 57}, {"time": 1196, "pitch": 49, "duration": 21, "velocity": 85}, {"time": 1199, "pitch": 53, "duration": 4, "velocity": 71}, {"time": 1202, "pitch": 56, "duration": 3, "velocity": 88}, {"time": 1205, "pitch": 53, "duration": 5, "velocity": 82}, {"time": 1208, "pitch": 61, "duration": 5, "velocity": 107}, {"time": 1211, "pitch": 53, "duration": 3, "velocity": 69}, {"time": 1214, "pitch": 56, "duration": 3, "velocity": 83}, {"time": 1217, "pitch": 53, "duration": 6, "velocity": 88}, {"time": 1220, "pitch": 61, "duration": 5, "velocity": 100}, {"time": 1223, "pitch": 56, "duration": 2, "velocity": 99}, {"time": 1226, "pitch": 39, "duration": 25, "velocity": 76}, {"time": 1229, "pitch": 46, "duration": 20, "velocity": 45}, {"time": 1232, "pitch": 51, "duration": 17, "velocity": 71}, {"time": 1235, "pitch": 55, "duration": 4, "velocity": 72}, {"time": 1238, "pitch": 58, "duration": 4, "velocity": 89}, {"time": 1241, "pitch": 55, "duration": 5, "velocity": 79}, {"time": 1244, "pitch": 63, "duration": 6, "velocity": 112}, {"time": 1247, "pitch": 58, "duration": 3, "velocity": 79}, {"time": 1250, "pitch": 55, "duration": 6, "velocity": 88}, {"time": 1253, "pitch": 58, "duration": 3, "velocity": 88}, {"time": 1256, "pitch": 63, "duration": 5, "velocity": 96}, {"time": 1259, "pitch": 58, "duration": 2, "velocity": 102}, {"time": 1262, "pitch": 36, "duration": 25, "velocity": 75}, {"time": 1265, "pitch": 43, "duration": 23, "velocity": 63}, {"time": 1268, "pitch": 48, "duration": 23, "velocity": 76}, {"time": 1271, "pitch": 55, "duration": 4, "velocity": 64}, {"time": 1274, "pitch": 60, "duration": 4, "velocity": 69}, {"time": 1277, "pitch": 55, "duration": 5, "velocity": 79}, {"time": 1280, "pitch": 64, "duration": 6, "velocity": 112}, {"time": 1283, "pitch": 55, "duration": 4, "velocity": 79}, {"time": 1286, "pitch": 60, "duration": 3, "velocity": 81}, {"time": 1289, "pitch": 55, "duration": 6, "velocity": 85}, {"time": 1292, "pitch": 64, "duration": 5, "velocity": 93}, {"time": 1295, "pitch": 60, "duration": 3, "velocity": 102}, {"time": 1298, "pitch": 41, "duration": 25, "velocity": 69}, {"time": 1301, "pitch": 48, "duration": 24, "velocity": 75}, {"time": 1304, "pitch": 53, "duration": 23, "velocity": 79}, {"time": 1307, "pitch": 57, "duration": 4, "velocity": 72}, {"time": 1310, "pitch": 60, "duration": 4, "velocity": 90}, {"time": 1313, "pitch": 57, "duration": 4, "velocity": 83}, {"time": 1316, "pitch": 65, "duration": 5, "velocity": 99}, {"time": 1319, "pitch": 57, "duration": 4, "velocity": 82}, {"time": 1322, "pitch": 60, "duration": 6, "velocity": 79}, {"time": 1325, "pitch": 57, "duration": 7, "velocity": 89}, {"time": 1328, "pitch": 65, "duration": 5, "velocity": 81}, {"time": 1331, "pitch": 60, "duration": 2, "velocity": 82}, {"time": 1334, "pitch": 44, "duration": 27, "velocity": 81}, {"time": 1337, "pitch": 51, "duration": 22, "velocity": 33}, {"time": 1340, "pitch": 56, "duration": 18, "velocity": 72}, {"time": 1343, "pitch": 60, "duration": 4, "velocity": 73}, {"time": 1346, "pitch": 63, "duration": 4, "velocity": 100}, {"time": 1349, "pitch": 60, "duration": 5, "velocity": 89}, {"time": 1352, "pitch": 68, "duration": 6, "velocity": 127}, {"time": 1355, "pitch": 63, "duration": 4, "velocity": 99}, {"time": 1358, "pitch": 60, "duration": 4, "velocity": 93}, {"time": 1361, "pitch": 68, "duration": 7, "velocity": 112}, {"time": 1364, "pitch": 63, "duration": 5, "velocity": 117}, {"time": 1367, "pitch": 60, "duration": 3, "velocity": 99}, {"time": 1370, "pitch": 43, "duration": 26, "velocity": 77}, {"time": 1373, "pitch": 50, "duration": 22, "velocity": 59}, {"time": 1376, "pitch": 55, "duration": 5, "velocity": 66}, {"time": 1379, "pitch": 58, "duration": 3, "velocity": 82}, {"time": 1382, "pitch": 55, "duration": 6, "velocity": 75}, {"time": 1385, "pitch": 58, "duration": 3, "velocity": 92}, {"time": 1388, "pitch": 62, "duration": 18, "velocity": 99}, {"time": 1394, "pitch": 58, "duration": 11, "velocity": 88}, {"time": 1400, "pitch": 55, "duration": 8, "velocity": 79}, {"time": 1406, "pitch": 36, "duration": 35, "velocity": 74}, {"time": 1412, "pitch": 43, "duration": 29, "velocity": 50}, {"time": 1418, "pitch": 48, "duration": 9, "velocity": 83}, {"time": 1424, "pitch": 55, "duration": 18, "velocity": 93}, {"time": 1430, "pitch": 48, "duration": 11, "velocity": 39}, {"time": 1436, "pitch": 63, "duration": 6, "velocity": 89}, {"time": 1443, "pitch": 60, "duration": 8, "velocity": 89}, {"time": 1443, "pitch": 67, "duration": 8, "velocity": 92}, {"time": 1443, "pitch": 72, "duration": 8, "velocity": 72}, {"time": 1443, "pitch": 43, "duration": 7, "velocity": 86}, {"time": 1443, "pitch": 48, "duration": 7, "velocity": 86}, {"time": 1443, "pitch": 36, "duration": 8, "velocity": 66}, {"time": 1460, "pitch": 36, "duration": 10, "velocity": 61}, {"time": 1460, "pitch": 48, "duration": 9, "velocity": 43}, {"time": 1460, "pitch": 55, "duration": 10, "velocity": 70}, {"time": 1460, "pitch": 60, "duration": 10, "velocity": 85}, {"time": 1460, "pitch": 63, "duration": 11, "velocity": 72}, {"time": 1478, "pitch": 41, "duration": 34, "velocity": 85}, {"time": 1484, "pitch": 48, "duration": 28, "velocity": 41}, {"time": 1490, "pitch": 53, "duration": 8, "velocity": 75}, {"time": 1496, "pitch": 55, "duration": 9, "velocity": 64}, {"time": 1496, "pitch": 56, "duration": 30, "velocity": 93}, {"time": 1496, "pitch": 60, "duration": 31, "velocity": 86}, {"time": 1502, "pitch": 53, "duration": 9, "velocity": 38}, {"time": 1508, "pitch": 55, "duration": 7, "velocity": 44}, {"time": 1514, "pitch": 38, "duration": 30, "velocity": 72}, {"time": 1526, "pitch": 53, "duration": 15, "velocity": 58}, {"time": 1532, "pitch": 58, "duration": 19, "velocity": 83}, {"time": 1532, "pitch": 62, "duration": 19, "velocity": 88}, {"time": 1538, "pitch": 50, "duration": 9, "velocity": 26}, {"time": 1544, "pitch": 53, "duration": 8, "velocity": 60}, {"time": 1550, "pitch": 44, "duration": 23, "velocity": 89}, {"time": 1562, "pitch": 55, "duration": 14, "velocity": 59}, {"time": 1568, "pitch": 56, "duration": 32, "velocity": 90}, {"time": 1568, "pitch": 60, "duration": 34, "velocity": 64}, {"time": 1568, "pitch": 63, "duration": 33, "velocity": 82}, {"time": 1574, "pitch": 44, "duration": 10, "velocity": 48}, {"time": 1580, "pitch": 55, "duration": 16, "velocity": 38}, {"time": 1586, "pitch": 44, "duration": 21, "velocity": 71}, {"time": 1598, "pitch": 55, "duration": 8, "velocity": 55}, {"time": 1604, "pitch": 56, "duration": 19, "velocity": 117}, {"time": 1604, "pitch": 60, "duration": 20, "velocity": 89}, {"time": 1604, "pitch": 63, "duration": 19, "velocity": 83}, {"time": 1610, "pitch": 44, "duration": 6, "velocity": 66}, {"time": 1616, "pitch": 55, "duration": 6, "velocity": 53}, {"time": 1622, "pitch": 41, "duration": 34, "velocity": 90}, {"time": 1628, "pitch": 48, "duration": 27, "velocity": 55}, {"time": 1634, "pitch": 53, "duration": 11, "velocity": 57}, {"time": 1640, "pitch": 55, "duration": 10, "velocity": 77}, {"time": 1640, "pitch": 56, "duration": 19, "velocity": 83}, {"time": 1640, "pitch": 60, "duration": 21, "velocity": 70}, {"time": 1640, "pitch": 65, "duration": 20, "velocity": 64}, {"time": 1646, "pitch": 53, "duration": 8, "velocity": 48}, {"time": 1652, "pitch": 55, "duration": 7, "velocity": 50}, {"time": 1658, "pitch": 38, "duration": 30, "velocity": 78}, {"time": 1670, "pitch": 50, "duration": 11, "velocity": 39}, {"time": 1676, "pitch": 53, "duration": 18, "velocity": 83}, {"time": 1676, "pitch": 60, "duration": 19, "velocity": 89}, {"time": 1682, "pitch": 50, "duration": 8, "velocity": 44}, {"time": 1688, "pitch": 56, "duration": 6, "velocity": 52}, {"time": 1694, "pitch": 44, "duration": 35, "velocity": 100}, {"time": 1706, "pitch": 55, "duration": 10, "velocity": 47}, {"time": 1712, "pitch": 56, "duration": 34, "velocity": 97}, {"time": 1712, "pitch": 60, "duration": 34, "velocity": 82}, {"time": 1712, "pitch": 63, "duration": 34, "velocity": 74}, {"time": 1724, "pitch": 55, "duration": 14, "velocity": 48}, {"time": 1730, "pitch": 44, "duration": 21, "velocity": 92}, {"time": 1742, "pitch": 55, "duration": 6, "velocity": 38}, {"time": 1748, "pitch": 56, "duration": 20, "velocity": 112}, {"time": 1748, "pitch": 60, "duration": 20, "velocity": 97}, {"time": 1748, "pitch": 63, "duration": 19, "velocity": 96}, {"time": 1754, "pitch": 44, "duration": 8, "velocity": 89}, {"time": 1760, "pitch": 55, "duration": 7, "velocity": 61}, {"time": 1766, "pitch": 41, "duration": 29, "velocity": 78}, {"time": 1778, "pitch": 48, "duration": 9, "velocity": 42}, {"time": 1784, "pitch": 53, "duration": 9, "velocity": 45}, {"time": 1784, "pitch": 56, "duration": 15, "velocity": 100}, {"time": 1784, "pitch": 60, "duration": 18, "velocity": 89}, {"time": 1790, "pitch": 48, "duration": 7, "velocity": 55}, {"time": 1796, "pitch": 53, "duration": 9, "velocity": 76}, {"time": 1802, "pitch": 46, "duration": 27, "velocity": 100}, {"time": 1814, "pitch": 53, "duration": 14, "velocity": 55}, {"time": 1820, "pitch": 62, "duration": 24, "velocity": 117}, {"time": 1826, "pitch": 58, "duration": 14, "velocity": 96}, {"time": 1832, "pitch": 53, "duration": 7, "velocity": 69}, {"time": 1838, "pitch": 43, "duration": 27, "velocity": 74}, {"time": 1844, "pitch": 50, "duration": 19, "velocity": 75}, {"time": 1850, "pitch": 55, "duration": 10, "velocity": 72}, {"time": 1856, "pitch": 62, "duration": 18, "velocity": 100}, {"time": 1862, "pitch": 58, "duration": 12, "velocity": 65}, {"time": 1868, "pitch": 55, "duration": 11, "velocity": 68}, {"time": 1874, "pitch": 36, "duration": 25, "velocity": 86}, {"time": 1880, "pitch": 43, "duration": 19, "velocity": 62}, {"time": 1886, "pitch": 48, "duration": 13, "velocity": 69}, {"time": 1892, "pitch": 55, "duration": 2, "velocity": 34}, {"time": 1892, "pitch": 64, "duration": 20, "velocity": 97}, {"time": 1898, "pitch": 60, "duration": 14, "velocity": 85}, {"time": 1904, "pitch": 55, "duration": 8, "velocity": 81}, {"time": 1910, "pitch": 41, "duration": 33, "velocity": 74}, {"time": 1916, "pitch": 48, "duration": 15, "velocity": 56}, {"time": 1922, "pitch": 53, "duration": 25, "velocity": 58}, {"time": 1928, "pitch": 60, "duration": 20, "velocity": 100}, {"time": 1934, "pitch": 48, "duration": 12, "velocity": 41}, {"time": 1940, "pitch": 56, "duration": 7, "velocity": 93}, {"time": 1946, "pitch": 43, "duration": 27, "velocity": 72}, {"time": 1952, "pitch": 50, "duration": 15, "velocity": 72}, {"time": 1958, "pitch": 55, "duration": 8, "velocity": 73}, {"time": 1964, "pitch": 58, "duration": 19, "velocity": 93}, {"time": 1964, "pitch": 62, "duration": 17, "velocity": 93}, {"time": 1970, "pitch": 50, "duration": 2, "velocity": 70}, {"time": 1976, "pitch": 55, "duration": 7, "velocity": 79}, {"time": 1982, "pitch": 36, "duration": 34, "velocity": 72}, {"time": 1988, "pitch": 43, "duration": 30, "velocity": 51}, {"time": 1994, "pitch": 48, "duration": 9, "velocity": 86}, {"time": 2000, "pitch": 53, "duration": 13, "velocity": 112}, {"time": 2006, "pitch": 48, "duration": 11, "velocity": 73}, {"time": 2012, "pitch": 55, "duration": 6, "velocity": 96}, {"time": 2019, "pitch": 43, "duration": 8, "velocity": 69}, {"time": 2019, "pitch": 48, "duration": 8, "velocity": 81}, {"time": 2019, "pitch": 60, "duration": 8, "velocity": 88}, {"time": 2019, "pitch": 67, "duration": 8, "velocity": 88}, {"time": 2019, "pitch": 36, "duration": 9, "velocity": 62}, {"time": 2019, "pitch": 72, "duration": 8, "velocity": 81}, {"time": 2054, "pitch": 44, "duration": 28, "velocity": 112}, {"time": 2060, "pitch": 56, "duration": 14, "velocity": 83}, {"time": 2063, "pitch": 60, "duration": 4, "velocity": 72}, {"time": 2066, "pitch": 63, "duration": 5, "velocity": 93}, {"time": 2069, "pitch": 60, "duration": 6, "velocity": 78}, {"time": 2072, "pitch": 68, "duration": 7, "velocity": 127}, {"time": 2075, "pitch": 56, "duration": 2, "velocity": 26}, {"time": 2075, "pitch": 63, "duration": 4, "velocity": 72}, {"time": 2078, "pitch": 60, "duration": 9, "velocity": 89}, {"time": 2081, "pitch": 63, "duration": 4, "velocity": 74}, {"time": 2084, "pitch": 68, "duration": 6, "velocity": 93}, {"time": 2087, "pitch": 63, "duration": 3, "velocity": 96}, {"time": 2090, "pitch": 46, "duration": 23, "velocity": 107}, {"time": 2093, "pitch": 58, "duration": 18, "velocity": 92}, {"time": 2096, "pitch": 62, "duration": 4, "velocity": 66}, {"time": 2099, "pitch": 65, "duration": 4, "velocity": 68}, {"time": 2102, "pitch": 62, "duration": 8, "velocity": 85}, {"time": 2105, "pitch": 65, "duration": 3, "velocity": 66}, {"time": 2108, "pitch": 70, "duration": 8, "velocity": 112}, {"time": 2111, "pitch": 65, "duration": 3, "velocity": 46}, {"time": 2114, "pitch": 62, "duration": 8, "velocity": 69}, {"time": 2117, "pitch": 65, "duration": 3, "velocity": 58}, {"time": 2120, "pitch": 70, "duration": 5, "velocity": 99}, {"time": 2123, "pitch": 65, "duration": 3, "velocity": 85}, {"time": 2126, "pitch": 48, "duration": 34, "velocity": 79}, {"time": 2129, "pitch": 55, "duration": 33, "velocity": 70}, {"time": 2132, "pitch": 60, "duration": 8, "velocity": 89}, {"time": 2135, "pitch": 64, "duration": 4, "velocity": 72}, {"time": 2138, "pitch": 67, "duration": 5, "velocity": 89}, {"time": 2141, "pitch": 64, "duration": 5, "velocity": 85}, {"time": 2144, "pitch": 72, "duration": 7, "velocity": 102}, {"time": 2147, "pitch": 64, "duration": 3, "velocity": 69}, {"time": 2150, "pitch": 67, "duration": 4, "velocity": 76}, {"time": 2153, "pitch": 64, "duration": 7, "velocity": 81}, {"time": 2156, "pitch": 67, "duration": 4, "velocity": 88}, {"time": 2159, "pitch": 72, "duration": 5, "velocity": 93}, {"time": 2162, "pitch": 48, "duration": 22, "velocity": 82}, {"time": 2165, "pitch": 55, "duration": 17, "velocity": 56}, {"time": 2168, "pitch": 60, "duration": 6, "velocity": 85}, {"time": 2171, "pitch": 64, "duration": 4, "velocity": 78}, {"time": 2174, "pitch": 67, "duration": 3, "velocity": 83}, {"time": 2177, "pitch": 64, "duration": 4, "velocity": 85}, {"time": 2180, "pitch": 72, "duration": 7, "velocity": 107}, {"time": 2183, "pitch": 64, "duration": 4, "velocity": 78}, {"time": 2186, "pitch": 67, "duration": 4, "velocity": 67}, {"time": 2189, "pitch": 64, "duration": 5, "velocity": 81}, {"time": 2192, "pitch": 67, "duration": 4, "velocity": 78}, {"time": 2195, "pitch": 72, "duration": 3, "velocity": 88}, {"time": 2198, "pitch": 44, "duration": 26, "velocity": 72}, {"time": 2201, "pitch": 51, "duration": 19, "velocity": 63}, {"time": 2204, "pitch": 56, "duration": 15, "velocity": 89}, {"time": 2207, "pitch": 60, "duration": 4, "velocity": 75}, {"time": 2210, "pitch": 63, "duration": 3, "velocity": 93}, {"time": 2213, "pitch": 60, "duration": 4, "velocity": 82}, {"time": 2216, "pitch": 68, "duration": 5, "velocity": 117}, {"time": 2219, "pitch": 60, "duration": 4, "velocity": 78}, {"time": 2222, "pitch": 63, "duration": 5, "velocity": 90}, {"time": 2225, "pitch": 68, "duration": 7, "velocity": 93}, {"time": 2228, "pitch": 60, "duration": 4, "velocity": 77}, {"time": 2231, "pitch": 63, "duration": 2, "velocity": 117}, {"time": 2234, "pitch": 46, "duration": 35, "velocity": 100}, {"time": 2237, "pitch": 53, "duration": 3, "velocity": 60}, {"time": 2240, "pitch": 58, "duration": 4, "velocity": 69}, {"time": 2243, "pitch": 53, "duration": 4, "velocity": 78}, {"time": 2246, "pitch": 58, "duration": 4, "velocity": 77}, {"time": 2249, "pitch": 53, "duration": 5, "velocity": 82}, {"time": 2252, "pitch": 62, "duration": 8, "velocity": 99}, {"time": 2255, "pitch": 53, "duration": 5, "velocity": 85}, {"time": 2258, "pitch": 58, "duration": 4, "velocity": 86}, {"time": 2261, "pitch": 53, "duration": 8, "velocity": 86}, {"time": 2264, "pitch": 62, "duration": 6, "velocity": 90}, {"time": 2267, "pitch": 58, "duration": 3, "velocity": 107}, {"time": 2270, "pitch": 36, "duration": 34, "velocity": 71}, {"time": 2273, "pitch": 43, "duration": 33, "velocity": 82}, {"time": 2276, "pitch": 48, "duration": 30, "velocity": 83}, {"time": 2279, "pitch": 55, "duration": 4, "velocity": 72}, {"time": 2282, "pitch": 60, "duration": 4, "velocity": 85}, {"time": 2285, "pitch": 55, "duration": 4, "velocity": 82}, {"time": 2288, "pitch": 64, "duration": 9, "velocity": 97}, {"time": 2291, "pitch": 55, "duration": 4, "velocity": 75}, {"time": 2294, "pitch": 60, "duration": 4, "velocity": 70}, {"time": 2297, "pitch": 55, "duration": 4, "velocity": 86}, {"time": 2300, "pitch": 60, "duration": 4, "velocity": 92}, {"time": 2303, "pitch": 55, "duration": 5, "velocity": 93}, {"time": 2306, "pitch": 36, "duration": 21, "velocity": 89}, {"time": 2309, "pitch": 43, "duration": 19, "velocity": 75}, {"time": 2312, "pitch": 48, "duration": 16, "velocity": 86}, {"time": 2315, "pitch": 55, "duration": 4, "velocity": 67}, {"time": 2318, "pitch": 60, "duration": 4, "velocity": 86}, {"time": 2321, "pitch": 55, "duration": 4, "velocity": 88}, {"time": 2324, "pitch": 64, "duration": 4, "velocity": 112}, {"time": 2327, "pitch": 55, "duration": 4, "velocity": 78}, {"time": 2330, "pitch": 60, "duration": 4, "velocity": 90}, {"time": 2333, "pitch": 55, "duration": 5, "velocity": 83}, {"time": 2336, "pitch": 64, "duration": 5, "velocity": 97}, {"time": 2339, "pitch": 60, "duration": 2, "velocity": 93}, {"time": 2342, "pitch": 37, "duration": 22, "velocity": 71}, {"time": 2345, "pitch": 44, "duration": 19, "velocity": 57}, {"time": 2348, "pitch": 49, "duration": 21, "velocity": 85}, {"time": 2351, "pitch": 53, "duration": 4, "velocity": 71}, {"time": 2354, "pitch": 56, "duration": 3, "velocity": 88}, {"time": 2357, "pitch": 53, "duration": 5, "velocity": 82}, {"time": 2360, "pitch": 61, "duration": 5, "velocity": 107}, {"time": 2363, "pitch": 53, "duration": 3, "velocity": 69}, {"time": 2366, "pitch": 56, "duration": 3, "velocity": 83}, {"time": 2369, "pitch": 53, "duration": 6, "velocity": 88}, {"time": 2372, "pitch": 61, "duration": 5, "velocity": 100}, {"time": 2375, "pitch": 56, "duration": 2, "velocity": 99}, {"time": 2378, "pitch": 39, "duration": 25, "velocity": 76}, {"time": 2381, "pitch": 46, "duration": 20, "velocity": 45}, {"time": 2384, "pitch": 51, "duration": 17, "velocity": 71}, {"time": 2387, "pitch": 55, "duration": 4, "velocity": 72}, {"time": 2390, "pitch": 58, "duration": 4, "velocity": 89}, {"time": 2393, "pitch": 55, "duration": 5, "velocity": 79}, {"time": 2396, "pitch": 63, "duration": 6, "velocity": 112}, {"time": 2399, "pitch": 58, "duration": 3, "velocity": 79}, {"time": 2402, "pitch": 55, "duration": 6, "velocity": 88}, {"time": 2405, "pitch": 58, "duration": 3, "velocity": 88}, {"time": 2408, "pitch": 63, "duration": 5, "velocity": 96}, {"time": 2411, "pitch": 58, "duration": 2, "velocity": 102}, {"time": 2414, "pitch": 36, "duration": 25, "velocity": 75}, {"time": 2417, "pitch": 43, "duration": 23, "velocity": 63}, {"time": 2420, "pitch": 48, "duration": 23, "velocity": 76}, {"time": 2423, "pitch": 55, "duration": 4, "velocity": 64}, {"time": 2426, "pitch": 60, "duration": 4, "velocity": 69}, {"time": 2429, "pitch": 55, "duration": 5, "velocity": 79}, {"time": 2432, "pitch": 64, "duration": 6, "velocity": 112}, {"time": 2435, "pitch": 55, "duration": 4, "velocity": 79}, {"time": 2438, "pitch": 60, "duration": 3, "velocity": 81}, {"time": 2441, "pitch": 55, "duration": 6, "velocity": 85}, {"time": 2444, "pitch": 64, "duration": 5, "velocity": 93}, {"time": 2447, "pitch": 60, "duration": 3, "velocity": 102}, {"time": 2450, "pitch": 41, "duration": 25, "velocity": 69}, {"time": 2453, "pitch": 48, "duration": 24, "velocity": 75}, {"time": 2456, "pitch": 53, "duration": 23, "velocity": 79}, {"time": 2459, "pitch": 57, "duration": 4, "velocity": 72}, {"time": 2462, "pitch": 60, "duration": 4, "velocity": 90}, {"time": 2465, "pitch": 57, "duration": 4, "velocity": 83}, {"time": 2468, "pitch": 65, "duration": 5, "velocity": 99}, {"time": 2471, "pitch": 57, "duration": 4, "velocity": 82}, {"time": 2474, "pitch": 60, "duration": 6, "velocity": 79}, {"time": 2477, "pitch": 57, "duration": 7, "velocity": 89}, {"time": 2480, "pitch": 65, "duration": 5, "velocity": 81}, {"time": 2483, "pitch": 60, "duration": 2, "velocity": 82}, {"time": 2486, "pitch": 44, "duration": 27, "velocity": 81}, {"time": 2489, "pitch": 51, "duration": 22, "velocity": 33}, {"time": 2492, "pitch": 56, "duration": 18, "velocity": 72}, {"time": 2495, "pitch": 60, "duration": 4, "velocity": 73}, {"time": 2498, "pitch": 63, "duration": 4, "velocity": 100}, {"time": 2501, "pitch": 60, "duration": 5, "velocity": 89}, {"time": 2504, "pitch": 68, "duration": 6, "velocity": 127}, {"time": 2507, "pitch": 63, "duration": 4, "velocity": 99}, {"time": 2510, "pitch": 60, "duration": 4, "velocity": 93}, {"time": 2513, "pitch": 68, "duration": 7, "velocity": 112}, {"time": 2516, "pitch": 63, "duration": 5, "velocity": 117}, {"time": 2519, "pitch": 60, "duration": 3, "velocity": 99}, {"time": 2522, "pitch": 43, "duration": 26, "velocity": 77}, {"time": 2525, "pitch": 50, "duration": 22, "velocity": 59}, {"time": 2528, "pitch": 55, "duration": 5, "velocity": 66}, {"time": 2531, "pitch": 58, "duration": 3, "velocity": 82}, {"time": 2534, "pitch": 55, "duration": 6, "velocity": 75}, {"time": 2537, "pitch": 58, "duration": 3, "velocity": 92}, {"time": 2540, "pitch": 62, "duration": 18, "velocity": 99}, {"time": 2546, "pitch": 58, "duration": 11, "velocity": 88}, {"time": 2552, "pitch": 55, "duration": 8, "velocity": 79}, {"time": 2558, "pitch": 36, "duration": 35, "velocity": 74}, {"time": 2564, "pitch": 43, "duration": 29, "velocity": 50}, {"time": 2570, "pitch": 48, "duration": 9, "velocity": 83}, {"time": 2576, "pitch": 55, "duration": 18, "velocity": 93}, {"time": 2582, "pitch": 48, "duration": 11, "velocity": 39}, {"time": 2588, "pitch": 63, "duration": 6, "velocity": 89}, {"time": 2594, "pitch": 72, "duration": 7, "velocity": 76}, {"time": 2594, "pitch": 60, "duration": 7, "velocity": 82}, {"time": 2594, "pitch": 67, "duration": 7, "velocity": 78}, {"time": 2594, "pitch": 48, "duration": 7, "velocity": 79}, {"time": 2594, "pitch": 36, "duration": 8, "velocity": 70}, {"time": 2612, "pitch": 36, "duration": 10, "velocity": 61}, {"time": 2612, "pitch": 48, "duration": 9, "velocity": 43}, {"time": 2612, "pitch": 55, "duration": 10, "velocity": 70}, {"time": 2612, "pitch": 60, "duration": 10, "velocity": 85}, {"time": 2612, "pitch": 63, "duration": 11, "velocity": 72}, {"time": 2630, "pitch": 44, "duration": 28, "velocity": 112}, {"time": 2636, "pitch": 56, "duration": 14, "velocity": 83}, {"time": 2639, "pitch": 60, "duration": 4, "velocity": 72}, {"time": 2642, "pitch": 63, "duration": 5, "velocity": 93}, {"time": 2645, "pitch": 60, "duration": 6, "velocity": 78}, {"time": 2648, "pitch": 68, "duration": 7, "velocity": 127}, {"time": 2651, "pitch": 56, "duration": 2, "velocity": 26}, {"time": 2651, "pitch": 63, "duration": 4, "velocity": 72}, {"time": 2654, "pitch": 60, "duration": 9, "velocity": 89}, {"time": 2657, "pitch": 63, "duration": 4, "velocity": 74}, {"time": 2660, "pitch": 68, "duration": 6, "velocity": 93}, {"time": 2663, "pitch": 63, "duration": 3, "velocity": 96}, {"time": 2666, "pitch": 46, "duration": 23, "velocity": 107}, {"time": 2669, "pitch": 58, "duration": 18, "velocity": 92}, {"time": 2672, "pitch": 62, "duration": 4, "velocity": 66}, {"time": 2675, "pitch": 65, "duration": 4, "velocity": 68}, {"time": 2678, "pitch": 62, "duration": 8, "velocity": 85}, {"time": 2681, "pitch": 65, "duration": 3, "velocity": 66}, {"time": 2684, "pitch": 70, "duration": 8, "velocity": 112}, {"time": 2687, "pitch": 65, "duration": 3, "velocity": 46}, {"time": 2690, "pitch": 62, "duration": 8, "velocity": 69}, {"time": 2693, "pitch": 65, "duration": 3, "velocity": 58}, {"time": 2696, "pitch": 70, "duration": 5, "velocity": 99}, {"time": 2699, "pitch": 65, "duration": 3, "velocity": 85}, {"time": 2702, "pitch": 48, "duration": 34, "velocity": 79}, {"time": 2705, "pitch": 55, "duration": 33, "velocity": 70}, {"time": 2708, "pitch": 60, "duration": 8, "velocity": 89}, {"time": 2711, "pitch": 64, "duration": 4, "velocity": 72}, {"time": 2714, "pitch": 67, "duration": 5, "velocity": 89}, {"time": 2717, "pitch": 64, "duration": 5, "velocity": 85}, {"time": 2720, "pitch": 72, "duration": 7, "velocity": 102}, {"time": 2723, "pitch": 64, "duration": 3, "velocity": 69}, {"time": 2726, "pitch": 67, "duration": 4, "velocity": 76}, {"time": 2729, "pitch": 64, "duration": 7, "velocity": 81}, {"time": 2732, "pitch": 67, "duration": 4, "velocity": 88}, {"time": 2735, "pitch": 72, "duration": 5, "velocity": 93}, {"time": 2738, "pitch": 48, "duration": 22, "velocity": 82}, {"time": 2741, "pitch": 55, "duration": 17, "velocity": 56}, {"time": 2744, "pitch": 60, "duration": 6, "velocity": 85}, {"time": 2747, "pitch": 64, "duration": 4, "velocity": 78}, {"time": 2750, "pitch": 67, "duration": 3, "velocity": 83}, {"time": 2753, "pitch": 64, "duration": 4, "velocity": 85}, {"time": 2756, "pitch": 72, "duration": 7, "velocity": 107}, {"time": 2759, "pitch": 64, "duration": 4, "velocity": 78}, {"time": 2762, "pitch": 67, "duration": 4, "velocity": 67}, {"time": 2765, "pitch": 64, "duration": 5, "velocity": 81}, {"time": 2768, "pitch": 67, "duration": 4, "velocity": 78}, {"time": 2771, "pitch": 72, "duration": 3, "velocity": 88}, {"time": 2774, "pitch": 44, "duration": 26, "velocity": 72}, {"time": 2777, "pitch": 51, "duration": 19, "velocity": 63}, {"time": 2780, "pitch": 56, "duration": 15, "velocity": 89}, {"time": 2783, "pitch": 60, "duration": 4, "velocity": 75}, {"time": 2786, "pitch": 63, "duration": 3, "velocity": 93}, {"time": 2789, "pitch": 60, "duration": 4, "velocity": 82}, {"time": 2792, "pitch": 68, "duration": 5, "velocity": 117}, {"time": 2795, "pitch": 60, "duration": 4, "velocity": 78}, {"time": 2798, "pitch": 63, "duration": 5, "velocity": 90}, {"time": 2801, "pitch": 68, "duration": 7, "velocity": 93}, {"time": 2804, "pitch": 60, "duration": 4, "velocity": 77}, {"time": 2807, "pitch": 63, "duration": 2, "velocity": 117}, {"time": 2810, "pitch": 46, "duration": 35, "velocity": 100}, {"time": 2813, "pitch": 53, "duration": 3, "velocity": 60}, {"time": 2816, "pitch": 58, "duration": 4, "velocity": 69}, {"time": 2819, "pitch": 53, "duration": 4, "velocity": 78}, {"time": 2822, "pitch": 58, "duration": 4, "velocity": 77}, {"time": 2825, "pitch": 53, "duration": 5, "velocity": 82}, {"time": 2828, "pitch": 62, "duration": 8, "velocity": 99}, {"time": 2831, "pitch": 53, "duration": 5, "velocity": 85}, {"time": 2834, "pitch": 58, "duration": 4, "velocity": 86}, {"time": 2837, "pitch": 53, "duration": 8, "velocity": 86}, {"time": 2840, "pitch": 62, "duration": 6, "velocity": 90}, {"time": 2843, "pitch": 58, "duration": 3, "velocity": 107}, {"time": 2846, "pitch": 36, "duration": 34, "velocity": 71}, {"time": 2849, "pitch": 43, "duration": 33, "velocity": 82}, {"time": 2852, "pitch": 48, "duration": 30, "velocity": 83}, {"time": 2855, "pitch": 55, "duration": 4, "velocity": 72}, {"time": 2858, "pitch": 60, "duration": 4, "velocity": 85}, {"time": 2861, "pitch": 55, "duration": 4, "velocity": 82}, {"time": 2864, "pitch": 64, "duration": 9, "velocity": 97}, {"time": 2867, "pitch": 55, "duration": 4, "velocity": 75}, {"time": 2870, "pitch": 60, "duration": 4, "velocity": 70}, {"time": 2873, "pitch": 55, "duration": 4, "velocity": 86}, {"time": 2876, "pitch": 60, "duration": 4, "velocity": 92}, {"time": 2879, "pitch": 55, "duration": 5, "velocity": 93}, {"time": 2882, "pitch": 36, "duration": 21, "velocity": 89}, {"time": 2885, "pitch": 43, "duration": 19, "velocity": 75}, {"time": 2888, "pitch": 48, "duration": 16, "velocity": 86}, {"time": 2891, "pitch": 55, "duration": 4, "velocity": 67}, {"time": 2894, "pitch": 60, "duration": 4, "velocity": 86}, {"time": 2897, "pitch": 55, "duration": 4, "velocity": 88}, {"time": 2900, "pitch": 64, "duration": 4, "velocity": 112}, {"time": 2903, "pitch": 55, "duration": 4, "velocity": 78}, {"time": 2906, "pitch": 60, "duration": 4, "velocity": 90}, {"time": 2909, "pitch": 55, "duration": 5, "velocity": 83}, {"time": 2912, "pitch": 64, "duration": 5, "velocity": 97}, {"time": 2915, "pitch": 60, "duration": 2, "velocity": 93}, {"time": 2918, "pitch": 37, "duration": 22, "velocity": 71}, {"time": 2921, "pitch": 44, "duration": 19, "velocity": 57}, {"time": 2924, "pitch": 49, "duration": 21, "velocity": 85}, {"time": 2927, "pitch": 53, "duration": 4, "velocity": 71}, {"time": 2930, "pitch": 56, "duration": 3, "velocity": 88}, {"time": 2933, "pitch": 53, "duration": 5, "velocity": 82}, {"time": 2936, "pitch": 61, "duration": 5, "velocity": 107}, {"time": 2939, "pitch": 53, "duration": 3, "velocity": 69}, {"time": 2942, "pitch": 56, "duration": 3, "velocity": 83}, {"time": 2945, "pitch": 53, "duration": 6, "velocity": 88}, {"time": 2948, "pitch": 61, "duration": 5, "velocity": 100}, {"time": 2951, "pitch": 56, "duration": 2, "velocity": 99}, {"time": 2954, "pitch": 39, "duration": 25, "velocity": 76}, {"time": 2957, "pitch": 46, "duration": 20, "velocity": 45}, {"time": 2960, "pitch": 51, "duration": 17, "velocity": 71}, {"time": 2963, "pitch": 55, "duration": 4, "velocity": 72}, {"time": 2966, "pitch": 58, "duration": 4, "velocity": 89}, {"time": 2969, "pitch": 55, "duration": 5, "velocity": 79}, {"time": 2972, "pitch": 63, "duration": 6, "velocity": 112}, {"time": 2975, "pitch": 58, "duration": 3, "velocity": 79}, {"time": 2978, "pitch": 55, "duration": 6, "velocity": 88}, {"time": 2981, "pitch": 58, "duration": 3, "velocity": 88}, {"time": 2984, "pitch": 63, "duration": 5, "velocity": 96}, {"time": 2987, "pitch": 58, "duration": 2, "velocity": 102}, {"time": 2990, "pitch": 36, "duration": 25, "velocity": 75}, {"time": 2993, "pitch": 43, "duration": 23, "velocity": 63}, {"time": 2996, "pitch": 48, "duration": 23, "velocity": 76}, {"time": 2999, "pitch": 55, "duration": 4, "velocity": 64}, {"time": 3002, "pitch": 60, "duration": 4, "velocity": 69}, {"time": 3005, "pitch": 55, "duration": 5, "velocity": 79}, {"time": 3008, "pitch": 64, "duration": 6, "velocity": 112}, {"time": 3011, "pitch": 55, "duration": 4, "velocity": 79}, {"time": 3014, "pitch": 60, "duration": 3, "velocity": 81}, {"time": 3017, "pitch": 55, "duration": 6, "velocity": 85}, {"time": 3020, "pitch": 64, "duration": 5, "velocity": 93}, {"time": 3023, "pitch": 60, "duration": 3, "velocity": 102}, {"time": 3026, "pitch": 41, "duration": 25, "velocity": 69}, {"time": 3029, "pitch": 48, "duration": 24, "velocity": 75}, {"time": 3032, "pitch": 53, "duration": 23, "velocity": 79}, {"time": 3035, "pitch": 57, "duration": 4, "velocity": 72}, {"time": 3038, "pitch": 60, "duration": 4, "velocity": 90}, {"time": 3041, "pitch": 57, "duration": 4, "velocity": 83}, {"time": 3044, "pitch": 65, "duration": 5, "velocity": 99}, {"time": 3047, "pitch": 57, "duration": 4, "velocity": 82}, {"time": 3050, "pitch": 60, "duration": 6, "velocity": 79}, {"time": 3053, "pitch": 57, "duration": 7, "velocity": 89}, {"time": 3056, "pitch": 65, "duration": 5, "velocity": 81}, {"time": 3059, "pitch": 60, "duration": 2, "velocity": 82}, {"time": 3062, "pitch": 44, "duration": 27, "velocity": 81}, {"time": 3065, "pitch": 51, "duration": 22, "velocity": 33}, {"time": 3068, "pitch": 56, "duration": 18, "velocity": 72}, {"time": 3071, "pitch": 60, "duration": 4, "velocity": 73}, {"time": 3074, "pitch": 63, "duration": 4, "velocity": 100}, {"time": 3077, "pitch": 60, "duration": 5, "velocity": 89}, {"time": 3080, "pitch": 68, "duration": 6, "velocity": 127}, {"time": 3083, "pitch": 63, "duration": 4, "velocity": 99}, {"time": 3086, "pitch": 60, "duration": 4, "velocity": 93}, {"time": 3089, "pitch": 68, "duration": 7, "velocity": 112}, {"time": 3092, "pitch": 63, "duration": 5, "velocity": 117}, {"time": 3095, "pitch": 60, "duration": 3, "velocity": 99}, {"time": 3098, "pitch": 43, "duration": 26, "velocity": 77}, {"time": 3101, "pitch": 50, "duration": 22, "velocity": 59}, {"time": 3104, "pitch": 55, "duration": 5, "velocity": 66}, {"time": 3107, "pitch": 58, "duration": 3, "velocity": 82}, {"time": 3110, "pitch": 55, "duration": 6, "velocity": 75}, {"time": 3113, "pitch": 58, "duration": 3, "velocity": 92}, {"time": 3116, "pitch": 62, "duration": 18, "velocity": 99}, {"time": 3122, "pitch": 58, "duration": 11, "velocity": 88}, {"time": 3128, "pitch": 55, "duration": 8, "velocity": 79}, {"time": 3134, "pitch": 36, "duration": 35, "velocity": 37}, {"time": 3134, "pitch": 48, "duration": 35, "velocity": 81}, {"time": 3134, "pitch": 60, "duration": 35, "velocity": 78}, {"time": 3134, "pitch": 65, "duration": 33, "velocity": 74}, {"time": 3134, "pitch": 67, "duration": 35, "velocity": 77}, {"time": 3170, "pitch": 36, "duration": 35, "velocity": 67}, {"time": 3170, "pitch": 48, "duration": 35, "velocity": 56}, {"time": 3170, "pitch": 60, "duration": 34, "velocity": 76}, {"time": 3170, "pitch": 67, "duration": 35, "velocity": 77}, {"time": 3208, "pitch": 37, "duration": 25, "velocity": 70}, {"time": 3208, "pitch": 68, "duration": 14, "velocity": 79}, {"time": 3208, "pitch": 60, "duration": 18, "velocity": 73}, {"time": 3208, "pitch": 61, "duration": 24, "velocity": 92}, {"time": 3208, "pitch": 65, "duration": 28, "velocity": 71}, {"time": 3219, "pitch": 49, "duration": 18, "velocity": 37}, {"time": 3224, "pitch": 68, "duration": 12, "velocity": 69}, {"time": 3230, "pitch": 60, "duration": 13, "velocity": 50}, {"time": 3242, "pitch": 63, "duration": 10, "velocity": 77}, {"time": 3242, "pitch": 67, "duration": 13, "velocity": 70}, {"time": 3242, "pitch": 39, "duration": 26, "velocity": 82}, {"time": 3248, "pitch": 51, "duration": 17, "velocity": 38}, {"time": 3253, "pitch": 63, "duration": 7, "velocity": 56}, {"time": 3260, "pitch": 67, "duration": 15, "velocity": 88}, {"time": 3266, "pitch": 63, "duration": 7, "velocity": 45}, {"time": 3272, "pitch": 60, "duration": 11, "velocity": 37}, {"time": 3278, "pitch": 36, "duration": 28, "velocity": 70}, {"time": 3278, "pitch": 64, "duration": 5, "velocity": 75}, {"time": 3278, "pitch": 67, "duration": 5, "velocity": 76}, {"time": 3284, "pitch": 43, "duration": 21, "velocity": 41}, {"time": 3290, "pitch": 48, "duration": 16, "velocity": 64}, {"time": 3296, "pitch": 55, "duration": 18, "velocity": 85}, {"time": 3296, "pitch": 60, "duration": 19, "velocity": 89}, {"time": 3308, "pitch": 52, "duration": 6, "velocity": 45}, {"time": 3314, "pitch": 41, "duration": 28, "velocity": 74}, {"time": 3320, "pitch": 48, "duration": 20, "velocity": 63}, {"time": 3326, "pitch": 53, "duration": 5, "velocity": 47}, {"time": 3332, "pitch": 57, "duration": 9, "velocity": 69}, {"time": 3332, "pitch": 60, "duration": 10, "velocity": 72}, {"time": 3350, "pitch": 32, "duration": 29, "velocity": 83}, {"time": 3356, "pitch": 44, "duration": 21, "velocity": 54}, {"time": 3361, "pitch": 56, "duration": 6, "velocity": 45}, {"time": 3368, "pitch": 56, "duration": 15, "velocity": 55}, {"time": 3368, "pitch": 60, "duration": 14, "velocity": 82}, {"time": 3368, "pitch": 63, "duration": 14, "velocity": 89}, {"time": 3386, "pitch": 62, "duration": 41, "velocity": 43}, {"time": 3387, "pitch": 58, "duration": 18, "velocity": 36}, {"time": 3388, "pitch": 55, "duration": 40, "velocity": 61}, {"time": 3388, "pitch": 31, "duration": 36, "velocity": 67}, {"time": 3395, "pitch": 38, "duration": 29, "velocity": 45}, {"time": 3402, "pitch": 43, "duration": 23, "velocity": 42}, {"time": 3410, "pitch": 58, "duration": 17, "velocity": 53}, {"time": 3449, "pitch": 36, "duration": 61, "velocity": 57}, {"time": 3449, "pitch": 55, "duration": 9, "velocity": 53}, {"time": 3449, "pitch": 53, "duration": 9, "velocity": 40}, {"time": 3456, "pitch": 43, "duration": 54, "velocity": 52}, {"time": 3461, "pitch": 48, "duration": 50, "velocity": 75}, {"time": 3465, "pitch": 60, "duration": 7, "velocity": 59}, {"time": 3469, "pitch": 65, "duration": 4, "velocity": 55}, {"time": 3473, "pitch": 67, "duration": 1, "velocity": 56}, {"time": 3477, "pitch": 72, "duration": 34, "velocity": 41}, {"time": 3484, "pitch": 77, "duration": 12, "velocity": 40}, {"time": 3493, "pitch": 79, "duration": 17, "velocity": 37}, {"time": 3514, "pitch": 36, "duration": 33, "velocity": 35}, {"time": 3516, "pitch": 48, "duration": 30, "velocity": 33}, {"time": 3517, "pitch": 43, "duration": 29, "velocity": 28}, {"time": 3517, "pitch": 72, "duration": 29, "velocity": 35}, {"time": 3518, "pitch": 79, "duration": 27, "velocity": 39}, {"time": 3520, "pitch": 84, "duration": 26, "velocity": 48}], "annotations": [{"time": 49, "annotation": {"number": 64, "value": 127}, "group": "control_change"}, {"time": 112, "annotation": {"number": 64, "value": 0}, "group": "control_change"}, {"time": 118, "annotation": {"number": 64, "value": 127}, "group": "control_change"}, {"time": 182, "annotation": {"number": 64, "value": 0}, "group": "control_change"}, {"time": 194, "annotation": {"number": 64, "value": 127}, "group": "control_change"}, {"time": 254, "annotation": {"number": 64, "value": 0}, "group": "control_change"}, {"time": 265, "annotation": {"number": 64, "value": 127}, "group": "control_change"}, {"time": 324, "annotation": {"number": 64, "value": 0}, "group": "control_change"}, {"time": 328, "annotation": {"number": 64, "value": 127}, "group": "control_change"}, {"time": 361, "annotation": {"number": 64, "value": 0}, "group": "control_change"}, {"time": 363, "annotation": {"number": 64, "value": 127}, "group": "control_change"}, {"time": 396, "annotation": {"number": 64, "value": 0}, "group": "control_change"}, {"time": 399, "annotation": {"number": 64, "value": 127}, "group": "control_change"}, {"time": 432, "annotation": {"number": 64, "value": 0}, "group": "control_change"}, {"time": 435, "annotation": {"number": 64, "value": 127}, "group": "control_change"}, {"time": 466, "annotation": {"number": 64, "value": 0}, "group": "control_change"}, {"time": 470, "annotation": {"number": 64, "value": 127}, "group": "control_change"}, {"time": 504, "annotation": {"number": 64, "value": 0}, "group": "control_change"}, {"time": 507, "annotation": {"number": 64, "value": 127}, "group": "control_change"}, {"time": 539, "annotation": {"number": 64, "value": 0}, "group": "control_change"}, {"time": 542, "annotation": {"number": 64, "value": 127}, "group": "control_change"}, {"time": 575, "annotation": {"number": 64, "value": 0}, "group": "control_change"}, {"time": 579, "annotation": {"number": 64, "value": 127}, "group": "control_change"}, {"time": 609, "annotation": {"number": 64, "value": 0}, "group": "control_change"}, {"time": 615, "annotation": {"number": 64, "value": 127}, "group": "control_change"}, {"time": 646, "annotation": {"number": 64, "value": 0}, "group": "control_change"}, {"time": 650, "annotation": {"number": 64, "value": 127}, "group": "control_change"}, {"time": 682, "annotation": {"number": 64, "value": 0}, "group": "control_change"}, {"time": 686, "annotation": {"number": 64, "value": 127}, "group": "control_change"}, {"time": 717, "annotation": {"number": 64, "value": 0}, "group": "control_change"}, {"time": 722, "annotation": {"number": 64, "value": 127}, "group": "control_change"}, {"time": 755, "annotation": {"number": 64, "value": 0}, "group": "control_change"}, {"time": 759, "annotation": {"number": 64, "value": 127}, "group": "control_change"}, {"time": 790, "annotation": {"number": 64, "value": 0}, "group": "control_change"}, {"time": 794, "annotation": {"number": 64, "value": 127}, "group": "control_change"}, {"time": 828, "annotation": {"number": 64, "value": 0}, "group": "control_change"}, {"time": 831, "annotation": {"number": 64, "value": 127}, "group": "control_change"}, {"time": 864, "annotation": {"number": 64, "value": 0}, "group": "control_change"}, {"time": 866, "annotation": {"number": 64, "value": 127}, "group": "control_change"}, {"time": 868, "annotation": {"number": 64, "value": 0}, "group": "control_change"}, {"time": 903, "annotation": {"number": 64, "value": 127}, "group": "control_change"}, {"time": 936, "annotation": {"number": 64, "value": 0}, "group": "control_change"}, {"time": 939, "annotation": {"number": 64, "value": 127}, "group": "control_change"}, {"time": 972, "annotation": {"number": 64, "value": 0}, "group": "control_change"}, {"time": 975, "annotation": {"number": 64, "value": 127}, "group": "control_change"}, {"time": 1008, "annotation": {"number": 64, "value": 0}, "group": "control_change"}, {"time": 1011, "annotation": {"number": 64, "value": 127}, "group": "control_change"}, {"time": 1117, "annotation": {"number": 64, "value": 0}, "group": "control_change"}, {"time": 1120, "annotation": {"number": 64, "value": 127}, "group": "control_change"}, {"time": 1152, "annotation": {"number": 64, "value": 0}, "group": "control_change"}, {"time": 1155, "annotation": {"number": 64, "value": 127}, "group": "control_change"}, {"time": 1190, "annotation": {"number": 64, "value": 0}, "group": "control_change"}, {"time": 1192, "annotation": {"number": 64, "value": 127}, "group": "control_change"}, {"time": 1223, "annotation": {"number": 64, "value": 0}, "group": "control_change"}, {"time": 1227, "annotation": {"number": 64, "value": 127}, "group": "control_change"}, {"time": 1260, "annotation": {"number": 64, "value": 0}, "group": "control_change"}, {"time": 1263, "annotation": {"number": 64, "value": 127}, "group": "control_change"}, {"time": 1296, "annotation": {"number": 64, "value": 0}, "group": "control_change"}, {"time": 1299, "annotation": {"number": 64, "value": 127}, "group": "control_change"}, {"time": 1331, "annotation": {"number": 64, "value": 0}, "group": "control_change"}, {"time": 1334, "annotation": {"number": 64, "value": 127}, "group": "control_change"}, {"time": 1368, "annotation": {"number": 64, "value": 0}, "group": "control_change"}, {"time": 1371, "annotation": {"number": 64, "value": 127}, "group": "control_change"}, {"time": 1402, "annotation": {"number": 64, "value": 0}, "group": "control_change"}, {"time": 1407, "annotation": {"number": 64, "value": 127}, "group": "control_change"}, {"time": 1441, "annotation": {"number": 64, "value": 0}, "group": "control_change"}, {"time": 1449, "annotation": {"number": 64, "value": 127}, "group": "control_change"}, {"time": 1451, "annotation": {"number": 64, "value": 0}, "group": "control_change"}, {"time": 1480, "annotation": {"number": 64, "value": 127}, "group": "control_change"}, {"time": 1513, "annotation": {"number": 64, "value": 0}, "group": "control_change"}, {"time": 1515, "annotation": {"number": 64, "value": 127}, "group": "control_change"}, {"time": 1548, "annotation": {"number": 64, "value": 0}, "group": "control_change"}, {"time": 1551, "annotation": {"number": 64, "value": 127}, "group": "control_change"}, {"time": 1584, "annotation": {"number": 64, "value": 0}, "group": "control_change"}, {"time": 1587, "annotation": {"number": 64, "value": 127}, "group": "control_change"}, {"time": 1618, "annotation": {"number": 64, "value": 0}, "group": "control_change"}, {"time": 1622, "annotation": {"number": 64, "value": 127}, "group": "control_change"}, {"time": 1656, "annotation": {"number": 64, "value": 0}, "group": "control_change"}, {"time": 1659, "annotation": {"number": 64, "value": 127}, "group": "control_change"}, {"time": 1691, "annotation": {"number": 64, "value": 0}, "group": "control_change"}, {"time": 1694, "annotation": {"number": 64, "value": 127}, "group": "control_change"}, {"time": 1727, "annotation": {"number": 64, "value": 0}, "group": "control_change"}, {"time": 1731, "annotation": {"number": 64, "value": 127}, "group": "control_change"}, {"time": 1761, "annotation": {"number": 64, "value": 0}, "group": "control_change"}, {"time": 1767, "annotation": {"number": 64, "value": 127}, "group": "control_change"}, {"time": 1798, "annotation": {"number": 64, "value": 0}, "group": "control_change"}, {"time": 1802, "annotation": {"number": 64, "value": 127}, "group": "control_change"}, {"time": 1834, "annotation": {"number": 64, "value": 0}, "group": "control_change"}, {"time": 1838, "annotation": {"number": 64, "value": 127}, "group": "control_change"}, {"time": 1869, "annotation": {"number": 64, "value": 0}, "group": "control_change"}, {"time": 1874, "annotation": {"number": 64, "value": 127}, "group": "control_change"}, {"time": 1907, "annotation": {"number": 64, "value": 0}, "group": "control_change"}, {"time": 1911, "annotation": {"number": 64, "value": 127}, "group": "control_change"}, {"time": 1942, "annotation": {"number": 64, "value": 0}, "group": "control_change"}, {"time": 1946, "annotation": {"number": 64, "value": 127}, "group": "control_change"}, {"time": 1980, "annotation": {"number": 64, "value": 0}, "group": "control_change"}, {"time": 1983, "annotation": {"number": 64, "value": 127}, "group": "control_change"}, {"time": 2016, "annotation": {"number": 64, "value": 0}, "group": "control_change"}, {"time": 2018, "annotation": {"number": 64, "value": 127}, "group": "control_change"}, {"time": 2043, "annotation": {"number": 64, "value": 127}, "group": "control_change"}, {"time": 2045, "annotation": {"number": 64, "value": 0}, "group": "control_change"}, {"time": 2055, "annotation": {"number": 64, "value": 127}, "group": "control_change"}, {"time": 2088, "annotation": {"number": 64, "value": 0}, "group": "control_change"}, {"time": 2091, "annotation": {"number": 64, "value": 127}, "group": "control_change"}, {"time": 2124, "annotation": {"number": 64, "value": 0}, "group": "control_change"}, {"time": 2127, "annotation": {"number": 64, "value": 127}, "group": "control_change"}, {"time": 2160, "annotation": {"number": 64, "value": 0}, "group": "control_change"}, {"time": 2163, "annotation": {"number": 64, "value": 127}, "group": "control_change"}, {"time": 2269, "annotation": {"number": 64, "value": 0}, "group": "control_change"}, {"time": 2272, "annotation": {"number": 64, "value": 127}, "group": "control_change"}, {"time": 2304, "annotation": {"number": 64, "value": 0}, "group": "control_change"}, {"time": 2307, "annotation": {"number": 64, "value": 127}, "group": "control_change"}, {"time": 2342, "annotation": {"number": 64, "value": 0}, "group": "control_change"}, {"time": 2344, "annotation": {"number": 64, "value": 127}, "group": "control_change"}, {"time": 2375, "annotation": {"number": 64, "value": 0}, "group": "control_change"}, {"time": 2379, "annotation": {"number": 64, "value": 127}, "group": "control_change"}, {"time": 2412, "annotation": {"number": 64, "value": 0}, "group": "control_change"}, {"time": 2415, "annotation": {"number": 64, "value": 127}, "group": "control_change"}, {"time": 2448, "annotation": {"number": 64, "value": 0}, "group": "control_change"}, {"time": 2451, "annotation": {"number": 64, "value": 127}, "group": "control_change"}, {"time": 2483, "annotation": {"number": 64, "value": 0}, "group": "control_change"}, {"time": 2486, "annotation": {"number": 64, "value": 127}, "group": "control_change"}, {"time": 2520, "annotation": {"number": 64, "value": 0}, "group": "control_change"}, {"time": 2523, "annotation": {"number": 64, "value": 127}, "group": "control_change"}, {"time": 2554, "annotation": {"number": 64, "value": 0}, "group": "control_change"}, {"time": 2559, "annotation": {"number": 64, "value": 127}, "group": "control_change"}, {"time": 2593, "annotation": {"number": 64, "value": 0}, "group": "control_change"}, {"time": 2631, "annotation": {"number": 64, "value": 127}, "group": "control_change"}, {"time": 2664, "annotation": {"number": 64, "value": 0}, "group": "control_change"}, {"time": 2667, "annotation": {"number": 64, "value": 127}, "group": "control_change"}, {"time": 2700, "annotation": {"number": 64, "value": 0}, "group": "control_change"}, {"time": 2703, "annotation": {"number": 64, "value": 127}, "group": "control_change"}, {"time": 2736, "annotation": {"number": 64, "value": 0}, "group": "control_change"}, {"time": 2739, "annotation": {"number": 64, "value": 127}, "group": "control_change"}, {"time": 2845, "annotation": {"number": 64, "value": 0}, "group": "control_change"}, {"time": 2848, "annotation": {"number": 64, "value": 127}, "group": "control_change"}, {"time": 2880, "annotation": {"number": 64, "value": 0}, "group": "control_change"}, {"time": 2883, "annotation": {"number": 64, "value": 127}, "group": "control_change"}, {"time": 2918, "annotation": {"number": 64, "value": 0}, "group": "control_change"}, {"time": 2920, "annotation": {"number": 64, "value": 127}, "group": "control_change"}, {"time": 2951, "annotation": {"number": 64, "value": 0}, "group": "control_change"}, {"time": 2955, "annotation": {"number": 64, "value": 127}, "group": "control_change"}, {"time": 2988, "annotation": {"number": 64, "value": 0}, "group": "control_change"}, {"time": 2991, "annotation": {"number": 64, "value": 127}, "group": "control_change"}, {"time": 3024, "annotation": {"number": 64, "value": 0}, "group": "control_change"}, {"time": 3027, "annotation": {"number": 64, "value": 127}, "group": "control_change"}, {"time": 3059, "annotation": {"number": 64, "value": 0}, "group": "control_change"}, {"time": 3062, "annotation": {"number": 64, "value": 127}, "group": "control_change"}, {"time": 3096, "annotation": {"number": 64, "value": 0}, "group": "control_change"}, {"time": 3099, "annotation": {"number": 64, "value": 127}, "group": "control_change"}, {"time": 3130, "annotation": {"number": 64, "value": 0}, "group": "control_change"}, {"time": 3154, "annotation": {"number": 64, "value": 127}, "group": "control_change"}, {"time": 3170, "annotation": {"number": 64, "value": 0}, "group": "control_change"}, {"time": 3210, "annotation": {"number": 64, "value": 127}, "group": "control_change"}, {"time": 3241, "annotation": {"number": 64, "value": 0}, "group": "control_change"}, {"time": 3244, "annotation": {"number": 64, "value": 127}, "group": "control_change"}, {"time": 3277, "annotation": {"number": 64, "value": 0}, "group": "control_change"}, {"time": 3279, "annotation": {"number": 64, "value": 127}, "group": "control_change"}, {"time": 3312, "annotation": {"number": 64, "value": 0}, "group": "control_change"}, {"time": 3315, "annotation": {"number": 64, "value": 127}, "group": "control_change"}, {"time": 3351, "annotation": {"number": 64, "value": 0}, "group": "control_change"}, {"time": 3353, "annotation": {"number": 64, "value": 127}, "group": "control_change"}, {"time": 3389, "annotation": {"number": 64, "value": 0}, "group": "control_change"}, {"time": 3393, "annotation": {"number": 64, "value": 127}, "group": "control_change"}, {"time": 3579, "annotation": {"number": 64, "value": 0}, "group": "control_change"}, {"time": 3581, "annotation": {"number": 64, "value": 127}, "group": "control_change"}, {"time": 3583, "annotation": {"number": 64, "value": 0}, "group": "control_change"}, {"time": 3584, "annotation": {"number": 64, "value": 127}, "group": "control_change"}, {"time": 3586, "annotation": {"number": 64, "value": 0}, "group": "control_change"}]}]}