{"metadata": {"schema_version": "0.2", "title": "None", "source_filename": "789.mid", "source_format": "midi"}, "resolution": 12, "tempos": [{"time": 0, "qpm": 65.99999340000066}, {"time": 2520, "qpm": 64.8000648000648}], "key_signatures": [{"time": 0, "root": 0, "mode": "major"}], "time_signatures": [{"time": 0, "numerator": 4, "denominator": 4}, {"time": 0, "numerator": 1, "denominator": 4}], "tracks": [{"program": 0, "is_drum": false, "name": "MELODY", "notes": [{"time": 260, "pitch": 66, "duration": 1, "velocity": 87}, {"time": 263, "pitch": 66, "duration": 1, "velocity": 87}, {"time": 266, "pitch": 66, "duration": 7, "velocity": 87}, {"time": 275, "pitch": 65, "duration": 2, "velocity": 87}, {"time": 278, "pitch": 66, "duration": 2, "velocity": 87}, {"time": 281, "pitch": 65, "duration": 2, "velocity": 87}, {"time": 284, "pitch": 63, "duration": 6, "velocity": 87}, {"time": 296, "pitch": 66, "duration": 3, "velocity": 87}, {"time": 299, "pitch": 68, "duration": 2, "velocity": 87}, {"time": 302, "pitch": 70, "duration": 3, "velocity": 87}, {"time": 308, "pitch": 70, "duration": 3, "velocity": 87}, {"time": 314, "pitch": 70, "duration": 6, "velocity": 87}, {"time": 320, "pitch": 68, "duration": 3, "velocity": 87}, {"time": 323, "pitch": 70, "duration": 15, "velocity": 87}, {"time": 356, "pitch": 68, "duration": 1, "velocity": 87}, {"time": 359, "pitch": 68, "duration": 1, "velocity": 87}, {"time": 362, "pitch": 68, "duration": 10, "velocity": 87}, {"time": 371, "pitch": 70, "duration": 2, "velocity": 87}, {"time": 374, "pitch": 71, "duration": 6, "velocity": 87}, {"time": 380, "pitch": 70, "duration": 2, "velocity": 87}, {"time": 383, "pitch": 68, "duration": 8, "velocity": 87}, {"time": 392, "pitch": 63, "duration": 1, "velocity": 87}, {"time": 395, "pitch": 63, "duration": 2, "velocity": 87}, {"time": 398, "pitch": 66, "duration": 4, "velocity": 87}, {"time": 404, "pitch": 66, "duration": 3, "velocity": 87}, {"time": 410, "pitch": 66, "duration": 4, "velocity": 87}, {"time": 416, "pitch": 70, "duration": 3, "velocity": 87}, {"time": 419, "pitch": 68, "duration": 21, "velocity": 87}, {"time": 452, "pitch": 66, "duration": 1, "velocity": 87}, {"time": 455, "pitch": 66, "duration": 1, "velocity": 87}, {"time": 458, "pitch": 66, "duration": 5, "velocity": 87}, {"time": 467, "pitch": 66, "duration": 3, "velocity": 87}, {"time": 470, "pitch": 68, "duration": 2, "velocity": 87}, {"time": 473, "pitch": 66, "duration": 2, "velocity": 87}, {"time": 476, "pitch": 65, "duration": 3, "velocity": 87}, {"time": 479, "pitch": 63, "duration": 8, "velocity": 87}, {"time": 488, "pitch": 66, "duration": 2, "velocity": 87}, {"time": 491, "pitch": 68, "duration": 1, "velocity": 87}, {"time": 494, "pitch": 70, "duration": 2, "velocity": 87}, {"time": 500, "pitch": 70, "duration": 3, "velocity": 87}, {"time": 506, "pitch": 70, "duration": 6, "velocity": 87}, {"time": 512, "pitch": 73, "duration": 3, "velocity": 87}, {"time": 515, "pitch": 70, "duration": 2, "velocity": 87}, {"time": 536, "pitch": 70, "duration": 3, "velocity": 87}, {"time": 539, "pitch": 73, "duration": 2, "velocity": 87}, {"time": 542, "pitch": 75, "duration": 6, "velocity": 87}, {"time": 548, "pitch": 73, "duration": 6, "velocity": 87}, {"time": 554, "pitch": 71, "duration": 9, "velocity": 87}, {"time": 566, "pitch": 73, "duration": 5, "velocity": 87}, {"time": 572, "pitch": 70, "duration": 4, "velocity": 87}, {"time": 578, "pitch": 70, "duration": 8, "velocity": 87}, {"time": 587, "pitch": 66, "duration": 2, "velocity": 87}, {"time": 590, "pitch": 68, "duration": 1, "velocity": 87}, {"time": 593, "pitch": 68, "duration": 1, "velocity": 87}, {"time": 596, "pitch": 68, "duration": 3, "velocity": 87}, {"time": 599, "pitch": 70, "duration": 2, "velocity": 87}, {"time": 602, "pitch": 68, "duration": 2, "velocity": 87}, {"time": 605, "pitch": 70, "duration": 5, "velocity": 87}, {"time": 611, "pitch": 71, "duration": 14, "velocity": 87}, {"time": 635, "pitch": 68, "duration": 3, "velocity": 87}, {"time": 638, "pitch": 70, "duration": 3, "velocity": 87}, {"time": 644, "pitch": 70, "duration": 2, "velocity": 87}, {"time": 647, "pitch": 72, "duration": 3, "velocity": 87}, {"time": 650, "pitch": 74, "duration": 3, "velocity": 87}, {"time": 656, "pitch": 74, "duration": 3, "velocity": 87}, {"time": 659, "pitch": 75, "duration": 2, "velocity": 87}, {"time": 662, "pitch": 77, "duration": 16, "velocity": 87}, {"time": 680, "pitch": 75, "duration": 3, "velocity": 87}, {"time": 683, "pitch": 77, "duration": 2, "velocity": 87}, {"time": 686, "pitch": 78, "duration": 2, "velocity": 87}, {"time": 689, "pitch": 75, "duration": 1, "velocity": 87}, {"time": 692, "pitch": 75, "duration": 3, "velocity": 87}, {"time": 695, "pitch": 73, "duration": 2, "velocity": 87}, {"time": 698, "pitch": 75, "duration": 8, "velocity": 87}, {"time": 707, "pitch": 73, "duration": 4, "velocity": 87}, {"time": 713, "pitch": 70, "duration": 1, "velocity": 87}, {"time": 716, "pitch": 70, "duration": 3, "velocity": 87}, {"time": 719, "pitch": 68, "duration": 3, "velocity": 87}, {"time": 722, "pitch": 70, "duration": 9, "velocity": 87}, {"time": 734, "pitch": 68, "duration": 1, "velocity": 87}, {"time": 737, "pitch": 68, "duration": 1, "velocity": 87}, {"time": 740, "pitch": 68, "duration": 2, "velocity": 87}, {"time": 743, "pitch": 70, "duration": 2, "velocity": 87}, {"time": 746, "pitch": 68, "duration": 4, "velocity": 87}, {"time": 749, "pitch": 66, "duration": 5, "velocity": 87}, {"time": 755, "pitch": 63, "duration": 13, "velocity": 87}, {"time": 776, "pitch": 75, "duration": 3, "velocity": 87}, {"time": 779, "pitch": 77, "duration": 2, "velocity": 85}, {"time": 782, "pitch": 78, "duration": 3, "velocity": 85}, {"time": 785, "pitch": 75, "duration": 1, "velocity": 85}, {"time": 788, "pitch": 75, "duration": 1, "velocity": 85}, {"time": 791, "pitch": 73, "duration": 2, "velocity": 85}, {"time": 794, "pitch": 75, "duration": 5, "velocity": 85}, {"time": 803, "pitch": 73, "duration": 6, "velocity": 85}, {"time": 809, "pitch": 70, "duration": 1, "velocity": 85}, {"time": 812, "pitch": 70, "duration": 2, "velocity": 85}, {"time": 815, "pitch": 68, "duration": 2, "velocity": 85}, {"time": 818, "pitch": 70, "duration": 2, "velocity": 85}, {"time": 821, "pitch": 73, "duration": 5, "velocity": 85}, {"time": 827, "pitch": 70, "duration": 2, "velocity": 85}, {"time": 831, "pitch": 75, "duration": 11, "velocity": 85}, {"time": 872, "pitch": 70, "duration": 4, "velocity": 85}, {"time": 875, "pitch": 73, "duration": 2, "velocity": 85}, {"time": 878, "pitch": 78, "duration": 2, "velocity": 85}, {"time": 881, "pitch": 75, "duration": 1, "velocity": 85}, {"time": 884, "pitch": 75, "duration": 2, "velocity": 85}, {"time": 887, "pitch": 73, "duration": 3, "velocity": 85}, {"time": 890, "pitch": 75, "duration": 9, "velocity": 85}, {"time": 899, "pitch": 73, "duration": 5, "velocity": 83}, {"time": 905, "pitch": 70, "duration": 1, "velocity": 83}, {"time": 908, "pitch": 70, "duration": 1, "velocity": 83}, {"time": 911, "pitch": 68, "duration": 2, "velocity": 83}, {"time": 911, "pitch": 70, "duration": 1, "velocity": 83}, {"time": 914, "pitch": 70, "duration": 10, "velocity": 83}, {"time": 926, "pitch": 68, "duration": 1, "velocity": 83}, {"time": 929, "pitch": 68, "duration": 1, "velocity": 83}, {"time": 932, "pitch": 68, "duration": 2, "velocity": 83}, {"time": 935, "pitch": 70, "duration": 2, "velocity": 83}, {"time": 938, "pitch": 68, "duration": 3, "velocity": 83}, {"time": 941, "pitch": 66, "duration": 5, "velocity": 83}, {"time": 947, "pitch": 63, "duration": 22, "velocity": 83}, {"time": 980, "pitch": 63, "duration": 6, "velocity": 83}, {"time": 986, "pitch": 66, "duration": 6, "velocity": 83}, {"time": 992, "pitch": 70, "duration": 6, "velocity": 83}, {"time": 998, "pitch": 68, "duration": 3, "velocity": 83}, {"time": 1004, "pitch": 73, "duration": 2, "velocity": 83}, {"time": 1007, "pitch": 73, "duration": 2, "velocity": 83}, {"time": 1010, "pitch": 73, "duration": 5, "velocity": 83}, {"time": 1016, "pitch": 70, "duration": 6, "velocity": 83}, {"time": 1022, "pitch": 75, "duration": 17, "velocity": 83}, {"time": 1118, "pitch": 75, "duration": 4, "velocity": 83}, {"time": 1122, "pitch": 73, "duration": 5, "velocity": 83}, {"time": 1127, "pitch": 70, "duration": 2, "velocity": 83}, {"time": 1130, "pitch": 75, "duration": 4, "velocity": 83}, {"time": 1134, "pitch": 73, "duration": 5, "velocity": 83}, {"time": 1139, "pitch": 70, "duration": 3, "velocity": 83}, {"time": 1142, "pitch": 75, "duration": 4, "velocity": 83}, {"time": 1145, "pitch": 73, "duration": 5, "velocity": 83}, {"time": 1151, "pitch": 70, "duration": 1, "velocity": 83}, {"time": 1154, "pitch": 70, "duration": 4, "velocity": 83}, {"time": 1160, "pitch": 68, "duration": 8, "velocity": 83}, {"time": 1166, "pitch": 70, "duration": 40, "velocity": 83}, {"time": 1214, "pitch": 78, "duration": 5, "velocity": 83}, {"time": 1220, "pitch": 77, "duration": 15, "velocity": 83}, {"time": 1238, "pitch": 78, "duration": 5, "velocity": 83}, {"time": 1243, "pitch": 77, "duration": 17, "velocity": 83}, {"time": 1259, "pitch": 78, "duration": 2, "velocity": 83}, {"time": 1260, "pitch": 80, "duration": 2, "velocity": 83}, {"time": 1262, "pitch": 82, "duration": 52, "velocity": 83}, {"time": 1364, "pitch": 66, "duration": 1, "velocity": 83}, {"time": 1367, "pitch": 66, "duration": 1, "velocity": 83}, {"time": 1370, "pitch": 66, "duration": 7, "velocity": 83}, {"time": 1379, "pitch": 65, "duration": 2, "velocity": 83}, {"time": 1382, "pitch": 66, "duration": 2, "velocity": 83}, {"time": 1385, "pitch": 65, "duration": 2, "velocity": 83}, {"time": 1388, "pitch": 63, "duration": 6, "velocity": 83}, {"time": 1400, "pitch": 66, "duration": 3, "velocity": 83}, {"time": 1403, "pitch": 68, "duration": 2, "velocity": 83}, {"time": 1406, "pitch": 70, "duration": 3, "velocity": 83}, {"time": 1412, "pitch": 70, "duration": 3, "velocity": 83}, {"time": 1418, "pitch": 70, "duration": 6, "velocity": 83}, {"time": 1424, "pitch": 68, "duration": 3, "velocity": 83}, {"time": 1427, "pitch": 70, "duration": 15, "velocity": 83}, {"time": 1460, "pitch": 68, "duration": 1, "velocity": 83}, {"time": 1463, "pitch": 68, "duration": 1, "velocity": 83}, {"time": 1466, "pitch": 68, "duration": 10, "velocity": 83}, {"time": 1475, "pitch": 70, "duration": 2, "velocity": 83}, {"time": 1478, "pitch": 71, "duration": 6, "velocity": 83}, {"time": 1484, "pitch": 70, "duration": 2, "velocity": 83}, {"time": 1487, "pitch": 68, "duration": 8, "velocity": 83}, {"time": 1496, "pitch": 63, "duration": 1, "velocity": 83}, {"time": 1499, "pitch": 63, "duration": 2, "velocity": 83}, {"time": 1502, "pitch": 66, "duration": 4, "velocity": 83}, {"time": 1508, "pitch": 66, "duration": 3, "velocity": 83}, {"time": 1514, "pitch": 66, "duration": 4, "velocity": 83}, {"time": 1520, "pitch": 70, "duration": 3, "velocity": 83}, {"time": 1523, "pitch": 68, "duration": 21, "velocity": 83}, {"time": 1556, "pitch": 66, "duration": 1, "velocity": 83}, {"time": 1559, "pitch": 66, "duration": 1, "velocity": 83}, {"time": 1562, "pitch": 66, "duration": 5, "velocity": 83}, {"time": 1571, "pitch": 66, "duration": 3, "velocity": 83}, {"time": 1574, "pitch": 68, "duration": 2, "velocity": 83}, {"time": 1577, "pitch": 66, "duration": 2, "velocity": 83}, {"time": 1580, "pitch": 65, "duration": 3, "velocity": 83}, {"time": 1583, "pitch": 63, "duration": 8, "velocity": 83}, {"time": 1592, "pitch": 66, "duration": 2, "velocity": 83}, {"time": 1595, "pitch": 68, "duration": 1, "velocity": 83}, {"time": 1598, "pitch": 70, "duration": 2, "velocity": 83}, {"time": 1604, "pitch": 70, "duration": 3, "velocity": 83}, {"time": 1610, "pitch": 70, "duration": 6, "velocity": 83}, {"time": 1616, "pitch": 73, "duration": 3, "velocity": 83}, {"time": 1619, "pitch": 70, "duration": 2, "velocity": 83}, {"time": 1640, "pitch": 70, "duration": 3, "velocity": 83}, {"time": 1643, "pitch": 73, "duration": 2, "velocity": 83}, {"time": 1646, "pitch": 75, "duration": 6, "velocity": 83}, {"time": 1652, "pitch": 73, "duration": 6, "velocity": 83}, {"time": 1658, "pitch": 71, "duration": 9, "velocity": 83}, {"time": 1667, "pitch": 71, "duration": 6, "velocity": 83}, {"time": 1670, "pitch": 73, "duration": 5, "velocity": 83}, {"time": 1676, "pitch": 71, "duration": 4, "velocity": 83}, {"time": 1682, "pitch": 70, "duration": 8, "velocity": 83}, {"time": 1691, "pitch": 66, "duration": 2, "velocity": 83}, {"time": 1694, "pitch": 68, "duration": 1, "velocity": 83}, {"time": 1697, "pitch": 68, "duration": 1, "velocity": 83}, {"time": 1700, "pitch": 68, "duration": 3, "velocity": 83}, {"time": 1703, "pitch": 70, "duration": 2, "velocity": 83}, {"time": 1706, "pitch": 68, "duration": 2, "velocity": 83}, {"time": 1709, "pitch": 70, "duration": 5, "velocity": 83}, {"time": 1715, "pitch": 71, "duration": 14, "velocity": 83}, {"time": 1739, "pitch": 68, "duration": 3, "velocity": 83}, {"time": 1742, "pitch": 70, "duration": 3, "velocity": 83}, {"time": 1748, "pitch": 70, "duration": 2, "velocity": 83}, {"time": 1751, "pitch": 72, "duration": 3, "velocity": 83}, {"time": 1754, "pitch": 74, "duration": 3, "velocity": 83}, {"time": 1760, "pitch": 74, "duration": 3, "velocity": 83}, {"time": 1763, "pitch": 75, "duration": 2, "velocity": 83}, {"time": 1766, "pitch": 77, "duration": 16, "velocity": 83}, {"time": 1784, "pitch": 75, "duration": 3, "velocity": 83}, {"time": 1787, "pitch": 77, "duration": 2, "velocity": 83}, {"time": 1790, "pitch": 78, "duration": 2, "velocity": 83}, {"time": 1793, "pitch": 75, "duration": 1, "velocity": 83}, {"time": 1796, "pitch": 75, "duration": 3, "velocity": 83}, {"time": 1799, "pitch": 73, "duration": 2, "velocity": 83}, {"time": 1802, "pitch": 75, "duration": 8, "velocity": 83}, {"time": 1811, "pitch": 73, "duration": 4, "velocity": 83}, {"time": 1817, "pitch": 70, "duration": 1, "velocity": 83}, {"time": 1820, "pitch": 70, "duration": 3, "velocity": 83}, {"time": 1823, "pitch": 68, "duration": 3, "velocity": 83}, {"time": 1826, "pitch": 70, "duration": 9, "velocity": 83}, {"time": 1838, "pitch": 68, "duration": 1, "velocity": 83}, {"time": 1841, "pitch": 68, "duration": 1, "velocity": 83}, {"time": 1844, "pitch": 68, "duration": 2, "velocity": 83}, {"time": 1847, "pitch": 70, "duration": 2, "velocity": 83}, {"time": 1850, "pitch": 68, "duration": 4, "velocity": 83}, {"time": 1853, "pitch": 66, "duration": 5, "velocity": 83}, {"time": 1859, "pitch": 63, "duration": 13, "velocity": 83}, {"time": 1880, "pitch": 75, "duration": 3, "velocity": 83}, {"time": 1883, "pitch": 77, "duration": 2, "velocity": 83}, {"time": 1886, "pitch": 78, "duration": 3, "velocity": 83}, {"time": 1889, "pitch": 75, "duration": 1, "velocity": 83}, {"time": 1892, "pitch": 75, "duration": 1, "velocity": 83}, {"time": 1895, "pitch": 73, "duration": 2, "velocity": 83}, {"time": 1898, "pitch": 75, "duration": 5, "velocity": 83}, {"time": 1907, "pitch": 73, "duration": 6, "velocity": 83}, {"time": 1913, "pitch": 70, "duration": 1, "velocity": 83}, {"time": 1916, "pitch": 70, "duration": 2, "velocity": 83}, {"time": 1919, "pitch": 68, "duration": 2, "velocity": 83}, {"time": 1922, "pitch": 70, "duration": 2, "velocity": 83}, {"time": 1925, "pitch": 73, "duration": 5, "velocity": 83}, {"time": 1931, "pitch": 70, "duration": 2, "velocity": 83}, {"time": 1935, "pitch": 75, "duration": 11, "velocity": 83}, {"time": 1976, "pitch": 70, "duration": 4, "velocity": 83}, {"time": 1979, "pitch": 73, "duration": 2, "velocity": 83}, {"time": 1982, "pitch": 78, "duration": 2, "velocity": 83}, {"time": 1985, "pitch": 75, "duration": 1, "velocity": 83}, {"time": 1988, "pitch": 75, "duration": 2, "velocity": 83}, {"time": 1991, "pitch": 73, "duration": 3, "velocity": 83}, {"time": 1994, "pitch": 75, "duration": 9, "velocity": 83}, {"time": 2003, "pitch": 73, "duration": 5, "velocity": 83}, {"time": 2009, "pitch": 70, "duration": 1, "velocity": 83}, {"time": 2012, "pitch": 70, "duration": 1, "velocity": 83}, {"time": 2015, "pitch": 68, "duration": 2, "velocity": 83}, {"time": 2015, "pitch": 70, "duration": 1, "velocity": 83}, {"time": 2018, "pitch": 70, "duration": 10, "velocity": 83}, {"time": 2030, "pitch": 68, "duration": 1, "velocity": 83}, {"time": 2033, "pitch": 68, "duration": 1, "velocity": 83}, {"time": 2036, "pitch": 68, "duration": 2, "velocity": 83}, {"time": 2039, "pitch": 70, "duration": 2, "velocity": 83}, {"time": 2042, "pitch": 68, "duration": 3, "velocity": 83}, {"time": 2045, "pitch": 66, "duration": 5, "velocity": 83}, {"time": 2051, "pitch": 63, "duration": 22, "velocity": 83}, {"time": 2084, "pitch": 63, "duration": 6, "velocity": 83}, {"time": 2090, "pitch": 66, "duration": 6, "velocity": 83}, {"time": 2096, "pitch": 70, "duration": 6, "velocity": 83}, {"time": 2102, "pitch": 68, "duration": 3, "velocity": 83}, {"time": 2108, "pitch": 73, "duration": 2, "velocity": 80}, {"time": 2111, "pitch": 73, "duration": 2, "velocity": 80}, {"time": 2114, "pitch": 73, "duration": 5, "velocity": 80}, {"time": 2120, "pitch": 70, "duration": 6, "velocity": 80}, {"time": 2126, "pitch": 75, "duration": 17, "velocity": 80}, {"time": 2168, "pitch": 75, "duration": 3, "velocity": 78}, {"time": 2171, "pitch": 77, "duration": 2, "velocity": 78}, {"time": 2174, "pitch": 78, "duration": 2, "velocity": 78}, {"time": 2177, "pitch": 75, "duration": 1, "velocity": 78}, {"time": 2180, "pitch": 75, "duration": 3, "velocity": 78}, {"time": 2183, "pitch": 73, "duration": 2, "velocity": 78}, {"time": 2186, "pitch": 75, "duration": 8, "velocity": 78}, {"time": 2195, "pitch": 73, "duration": 4, "velocity": 78}, {"time": 2201, "pitch": 70, "duration": 1, "velocity": 78}, {"time": 2204, "pitch": 70, "duration": 3, "velocity": 78}, {"time": 2207, "pitch": 68, "duration": 3, "velocity": 78}, {"time": 2210, "pitch": 70, "duration": 9, "velocity": 78}, {"time": 2222, "pitch": 68, "duration": 1, "velocity": 78}, {"time": 2225, "pitch": 68, "duration": 1, "velocity": 78}, {"time": 2228, "pitch": 68, "duration": 2, "velocity": 78}, {"time": 2231, "pitch": 70, "duration": 2, "velocity": 78}, {"time": 2234, "pitch": 68, "duration": 4, "velocity": 78}, {"time": 2237, "pitch": 66, "duration": 5, "velocity": 78}, {"time": 2243, "pitch": 63, "duration": 13, "velocity": 78}, {"time": 2264, "pitch": 75, "duration": 3, "velocity": 76}, {"time": 2267, "pitch": 77, "duration": 2, "velocity": 76}, {"time": 2270, "pitch": 78, "duration": 3, "velocity": 73}, {"time": 2273, "pitch": 75, "duration": 1, "velocity": 73}, {"time": 2276, "pitch": 75, "duration": 1, "velocity": 73}, {"time": 2279, "pitch": 73, "duration": 2, "velocity": 73}, {"time": 2282, "pitch": 75, "duration": 5, "velocity": 73}, {"time": 2291, "pitch": 73, "duration": 6, "velocity": 73}, {"time": 2297, "pitch": 70, "duration": 1, "velocity": 73}, {"time": 2300, "pitch": 70, "duration": 2, "velocity": 71}, {"time": 2303, "pitch": 68, "duration": 2, "velocity": 71}, {"time": 2306, "pitch": 70, "duration": 2, "velocity": 71}, {"time": 2309, "pitch": 73, "duration": 5, "velocity": 71}, {"time": 2315, "pitch": 70, "duration": 2, "velocity": 71}, {"time": 2318, "pitch": 75, "duration": 11, "velocity": 71}, {"time": 2342, "pitch": 77, "duration": 19, "velocity": 71}, {"time": 2366, "pitch": 78, "duration": 2, "velocity": 71}, {"time": 2369, "pitch": 75, "duration": 1, "velocity": 71}, {"time": 2372, "pitch": 75, "duration": 2, "velocity": 71}, {"time": 2375, "pitch": 73, "duration": 3, "velocity": 71}, {"time": 2378, "pitch": 75, "duration": 9, "velocity": 71}, {"time": 2387, "pitch": 73, "duration": 5, "velocity": 71}, {"time": 2393, "pitch": 70, "duration": 1, "velocity": 71}, {"time": 2396, "pitch": 70, "duration": 1, "velocity": 71}, {"time": 2399, "pitch": 68, "duration": 2, "velocity": 71}, {"time": 2399, "pitch": 70, "duration": 1, "velocity": 71}, {"time": 2402, "pitch": 70, "duration": 10, "velocity": 71}, {"time": 2414, "pitch": 68, "duration": 1, "velocity": 71}, {"time": 2417, "pitch": 68, "duration": 1, "velocity": 71}, {"time": 2420, "pitch": 68, "duration": 2, "velocity": 71}, {"time": 2423, "pitch": 70, "duration": 2, "velocity": 71}, {"time": 2426, "pitch": 68, "duration": 3, "velocity": 71}, {"time": 2429, "pitch": 66, "duration": 5, "velocity": 71}, {"time": 2435, "pitch": 63, "duration": 22, "velocity": 71}, {"time": 2468, "pitch": 63, "duration": 6, "velocity": 71}, {"time": 2474, "pitch": 66, "duration": 6, "velocity": 71}, {"time": 2480, "pitch": 70, "duration": 6, "velocity": 71}, {"time": 2486, "pitch": 68, "duration": 3, "velocity": 71}, {"time": 2492, "pitch": 73, "duration": 3, "velocity": 71}, {"time": 2498, "pitch": 73, "duration": 5, "velocity": 71}, {"time": 2504, "pitch": 70, "duration": 6, "velocity": 71}, {"time": 2510, "pitch": 75, "duration": 17, "velocity": 71}]}, {"program": 0, "is_drum": false, "name": "BRIDGE", "notes": [{"time": 53, "pitch": 70, "duration": 3, "velocity": 62}, {"time": 56, "pitch": 75, "duration": 1, "velocity": 73}, {"time": 59, "pitch": 77, "duration": 1, "velocity": 80}, {"time": 62, "pitch": 78, "duration": 1, "velocity": 83}, {"time": 65, "pitch": 75, "duration": 1, "velocity": 83}, {"time": 68, "pitch": 75, "duration": 1, "velocity": 83}, {"time": 71, "pitch": 73, "duration": 1, "velocity": 83}, {"time": 74, "pitch": 75, "duration": 9, "velocity": 83}, {"time": 83, "pitch": 73, "duration": 2, "velocity": 83}, {"time": 89, "pitch": 70, "duration": 1, "velocity": 83}, {"time": 92, "pitch": 70, "duration": 1, "velocity": 83}, {"time": 95, "pitch": 68, "duration": 2, "velocity": 87}, {"time": 98, "pitch": 70, "duration": 10, "velocity": 90}, {"time": 110, "pitch": 68, "duration": 1, "velocity": 87}, {"time": 113, "pitch": 68, "duration": 1, "velocity": 85}, {"time": 116, "pitch": 68, "duration": 2, "velocity": 76}, {"time": 119, "pitch": 70, "duration": 2, "velocity": 73}, {"time": 122, "pitch": 63, "duration": 3, "velocity": 73}, {"time": 126, "pitch": 66, "duration": 4, "velocity": 78}, {"time": 131, "pitch": 63, "duration": 2, "velocity": 78}, {"time": 134, "pitch": 66, "duration": 11, "velocity": 78}, {"time": 158, "pitch": 68, "duration": 9, "velocity": 78}, {"time": 167, "pitch": 70, "duration": 2, "velocity": 83}, {"time": 170, "pitch": 68, "duration": 3, "velocity": 83}, {"time": 173, "pitch": 66, "duration": 2, "velocity": 83}, {"time": 176, "pitch": 63, "duration": 2, "velocity": 83}, {"time": 179, "pitch": 66, "duration": 2, "velocity": 87}, {"time": 182, "pitch": 70, "duration": 4, "velocity": 80}, {"time": 188, "pitch": 73, "duration": 11, "velocity": 76}, {"time": 200, "pitch": 70, "duration": 6, "velocity": 66}, {"time": 206, "pitch": 75, "duration": 19, "velocity": 90}, {"time": 1064, "pitch": 65, "duration": 2, "velocity": 94}, {"time": 1066, "pitch": 66, "duration": 2, "velocity": 94}, {"time": 1067, "pitch": 68, "duration": 2, "velocity": 94}, {"time": 1069, "pitch": 70, "duration": 13, "velocity": 94}, {"time": 1087, "pitch": 70, "duration": 2, "velocity": 80}, {"time": 1089, "pitch": 68, "duration": 2, "velocity": 80}, {"time": 1091, "pitch": 66, "duration": 1, "velocity": 85}, {"time": 1093, "pitch": 65, "duration": 4, "velocity": 85}, {"time": 1097, "pitch": 66, "duration": 5, "velocity": 85}, {"time": 1103, "pitch": 66, "duration": 3, "velocity": 85}, {"time": 1106, "pitch": 65, "duration": 14, "velocity": 92}, {"time": 1127, "pitch": 66, "duration": 3, "velocity": 80}, {"time": 1130, "pitch": 65, "duration": 3, "velocity": 80}, {"time": 1133, "pitch": 66, "duration": 3, "velocity": 80}, {"time": 1136, "pitch": 65, "duration": 3, "velocity": 80}, {"time": 1139, "pitch": 66, "duration": 3, "velocity": 80}, {"time": 1142, "pitch": 65, "duration": 3, "velocity": 80}, {"time": 1145, "pitch": 66, "duration": 3, "velocity": 80}, {"time": 1148, "pitch": 65, "duration": 2, "velocity": 80}, {"time": 1151, "pitch": 66, "duration": 3, "velocity": 80}, {"time": 1154, "pitch": 63, "duration": 1, "velocity": 80}, {"time": 1158, "pitch": 66, "duration": 3, "velocity": 80}, {"time": 1160, "pitch": 68, "duration": 1, "velocity": 80}, {"time": 1162, "pitch": 70, "duration": 3, "velocity": 80}, {"time": 1164, "pitch": 73, "duration": 2, "velocity": 80}, {"time": 1166, "pitch": 75, "duration": 6, "velocity": 83}, {"time": 1172, "pitch": 75, "duration": 1, "velocity": 75}, {"time": 1175, "pitch": 75, "duration": 1, "velocity": 78}, {"time": 1178, "pitch": 75, "duration": 2, "velocity": 86}, {"time": 1181, "pitch": 75, "duration": 1, "velocity": 71}, {"time": 1184, "pitch": 75, "duration": 2, "velocity": 89}, {"time": 1187, "pitch": 75, "duration": 1, "velocity": 86}, {"time": 1190, "pitch": 75, "duration": 2, "velocity": 92}, {"time": 1194, "pitch": 77, "duration": 3, "velocity": 92}, {"time": 1199, "pitch": 78, "duration": 2, "velocity": 94}, {"time": 1202, "pitch": 77, "duration": 9, "velocity": 94}, {"time": 1220, "pitch": 73, "duration": 2, "velocity": 94}, {"time": 1222, "pitch": 68, "duration": 2, "velocity": 94}, {"time": 1223, "pitch": 66, "duration": 2, "velocity": 94}, {"time": 1225, "pitch": 65, "duration": 3, "velocity": 94}, {"time": 1229, "pitch": 61, "duration": 4, "velocity": 94}, {"time": 1235, "pitch": 61, "duration": 9, "velocity": 92}, {"time": 1243, "pitch": 63, "duration": 3, "velocity": 92}, {"time": 1247, "pitch": 58, "duration": 6, "velocity": 90}, {"time": 1253, "pitch": 63, "duration": 2, "velocity": 90}, {"time": 1256, "pitch": 65, "duration": 3, "velocity": 90}, {"time": 1259, "pitch": 68, "duration": 3, "velocity": 90}, {"time": 1262, "pitch": 70, "duration": 13, "velocity": 92}, {"time": 1274, "pitch": 73, "duration": 1, "velocity": 87}, {"time": 1277, "pitch": 73, "duration": 2, "velocity": 87}, {"time": 1280, "pitch": 80, "duration": 5, "velocity": 87}, {"time": 1299, "pitch": 82, "duration": 1, "velocity": 87}, {"time": 1301, "pitch": 80, "duration": 1, "velocity": 87}, {"time": 1302, "pitch": 77, "duration": 1, "velocity": 87}, {"time": 1303, "pitch": 80, "duration": 1, "velocity": 87}, {"time": 1305, "pitch": 77, "duration": 1, "velocity": 87}, {"time": 1306, "pitch": 80, "duration": 2, "velocity": 87}, {"time": 1308, "pitch": 77, "duration": 1, "velocity": 87}, {"time": 1309, "pitch": 75, "duration": 1, "velocity": 87}, {"time": 1311, "pitch": 77, "duration": 1, "velocity": 87}, {"time": 1312, "pitch": 75, "duration": 1, "velocity": 87}, {"time": 1313, "pitch": 73, "duration": 1, "velocity": 87}, {"time": 1315, "pitch": 75, "duration": 1, "velocity": 92}, {"time": 1316, "pitch": 73, "duration": 2, "velocity": 92}, {"time": 1318, "pitch": 70, "duration": 1, "velocity": 92}, {"time": 1319, "pitch": 73, "duration": 1, "velocity": 92}, {"time": 1320, "pitch": 70, "duration": 2, "velocity": 92}, {"time": 1322, "pitch": 68, "duration": 1, "velocity": 92}, {"time": 1323, "pitch": 70, "duration": 4, "velocity": 92}, {"time": 1328, "pitch": 68, "duration": 1, "velocity": 90}, {"time": 1330, "pitch": 70, "duration": 29, "velocity": 87}, {"time": 1430, "pitch": 65, "duration": 3, "velocity": 88}, {"time": 1433, "pitch": 66, "duration": 3, "velocity": 90}, {"time": 1436, "pitch": 68, "duration": 1, "velocity": 90}, {"time": 1439, "pitch": 73, "duration": 3, "velocity": 90}, {"time": 1445, "pitch": 70, "duration": 4, "velocity": 90}, {"time": 1448, "pitch": 73, "duration": 5, "velocity": 90}, {"time": 1451, "pitch": 70, "duration": 4, "velocity": 90}, {"time": 1455, "pitch": 68, "duration": 19, "velocity": 90}, {"time": 1515, "pitch": 73, "duration": 14, "velocity": 109}, {"time": 1532, "pitch": 66, "duration": 3, "velocity": 109}, {"time": 1535, "pitch": 68, "duration": 3, "velocity": 109}, {"time": 1538, "pitch": 70, "duration": 3, "velocity": 109}, {"time": 1541, "pitch": 73, "duration": 3, "velocity": 109}, {"time": 1544, "pitch": 66, "duration": 2, "velocity": 109}, {"time": 1547, "pitch": 65, "duration": 3, "velocity": 109}, {"time": 1550, "pitch": 63, "duration": 11, "velocity": 109}, {"time": 1598, "pitch": 66, "duration": 6, "velocity": 109}, {"time": 1604, "pitch": 68, "duration": 6, "velocity": 109}, {"time": 1610, "pitch": 73, "duration": 15, "velocity": 109}, {"time": 1790, "pitch": 75, "duration": 38, "velocity": 109}, {"time": 1887, "pitch": 75, "duration": 23, "velocity": 109}, {"time": 1910, "pitch": 73, "duration": 21, "velocity": 109}, {"time": 2066, "pitch": 70, "duration": 9, "velocity": 109}, {"time": 2075, "pitch": 68, "duration": 2, "velocity": 109}, {"time": 2076, "pitch": 66, "duration": 2, "velocity": 109}, {"time": 2079, "pitch": 68, "duration": 21, "velocity": 109}, {"time": 2102, "pitch": 70, "duration": 21, "velocity": 114}, {"time": 2127, "pitch": 75, "duration": 39, "velocity": 107}, {"time": 2367, "pitch": 75, "duration": 26, "velocity": 127}, {"time": 2450, "pitch": 82, "duration": 12, "velocity": 110}, {"time": 2450, "pitch": 70, "duration": 9, "velocity": 101}, {"time": 2459, "pitch": 68, "duration": 2, "velocity": 101}, {"time": 2461, "pitch": 66, "duration": 2, "velocity": 101}, {"time": 2462, "pitch": 80, "duration": 24, "velocity": 110}, {"time": 2462, "pitch": 68, "duration": 20, "velocity": 102}, {"time": 2486, "pitch": 70, "duration": 24, "velocity": 93}, {"time": 2498, "pitch": 82, "duration": 12, "velocity": 92}, {"time": 2510, "pitch": 87, "duration": 42, "velocity": 93}, {"time": 2510, "pitch": 75, "duration": 43, "velocity": 93}]}, {"program": 0, "is_drum": false, "name": "PIANO", "notes": [{"time": 62, "pitch": 39, "duration": 16, "velocity": 87}, {"time": 68, "pitch": 51, "duration": 7, "velocity": 87}, {"time": 74, "pitch": 58, "duration": 2, "velocity": 87}, {"time": 74, "pitch": 63, "duration": 2, "velocity": 87}, {"time": 74, "pitch": 66, "duration": 3, "velocity": 87}, {"time": 77, "pitch": 51, "duration": 6, "velocity": 87}, {"time": 80, "pitch": 58, "duration": 4, "velocity": 86}, {"time": 83, "pitch": 63, "duration": 3, "velocity": 87}, {"time": 86, "pitch": 42, "duration": 18, "velocity": 87}, {"time": 92, "pitch": 54, "duration": 6, "velocity": 86}, {"time": 98, "pitch": 61, "duration": 3, "velocity": 87}, {"time": 98, "pitch": 66, "duration": 4, "velocity": 87}, {"time": 98, "pitch": 70, "duration": 3, "velocity": 87}, {"time": 101, "pitch": 54, "duration": 7, "velocity": 87}, {"time": 104, "pitch": 61, "duration": 4, "velocity": 87}, {"time": 104, "pitch": 70, "duration": 1, "velocity": 86}, {"time": 107, "pitch": 66, "duration": 2, "velocity": 82}, {"time": 107, "pitch": 70, "duration": 1, "velocity": 84}, {"time": 110, "pitch": 44, "duration": 23, "velocity": 87}, {"time": 113, "pitch": 56, "duration": 15, "velocity": 78}, {"time": 122, "pitch": 60, "duration": 3, "velocity": 87}, {"time": 122, "pitch": 63, "duration": 3, "velocity": 87}, {"time": 122, "pitch": 68, "duration": 2, "velocity": 87}, {"time": 126, "pitch": 60, "duration": 4, "velocity": 87}, {"time": 126, "pitch": 63, "duration": 4, "velocity": 87}, {"time": 126, "pitch": 68, "duration": 4, "velocity": 87}, {"time": 131, "pitch": 56, "duration": 3, "velocity": 78}, {"time": 131, "pitch": 60, "duration": 2, "velocity": 86}, {"time": 131, "pitch": 63, "duration": 2, "velocity": 87}, {"time": 131, "pitch": 68, "duration": 2, "velocity": 86}, {"time": 134, "pitch": 42, "duration": 18, "velocity": 87}, {"time": 140, "pitch": 54, "duration": 7, "velocity": 86}, {"time": 146, "pitch": 61, "duration": 3, "velocity": 87}, {"time": 146, "pitch": 66, "duration": 4, "velocity": 87}, {"time": 146, "pitch": 70, "duration": 3, "velocity": 87}, {"time": 149, "pitch": 54, "duration": 6, "velocity": 87}, {"time": 152, "pitch": 61, "duration": 4, "velocity": 87}, {"time": 152, "pitch": 70, "duration": 1, "velocity": 72}, {"time": 155, "pitch": 66, "duration": 3, "velocity": 80}, {"time": 155, "pitch": 70, "duration": 1, "velocity": 76}, {"time": 158, "pitch": 44, "duration": 17, "velocity": 87}, {"time": 164, "pitch": 56, "duration": 6, "velocity": 86}, {"time": 167, "pitch": 60, "duration": 6, "velocity": 87}, {"time": 170, "pitch": 63, "duration": 6, "velocity": 87}, {"time": 170, "pitch": 68, "duration": 6, "velocity": 87}, {"time": 173, "pitch": 56, "duration": 5, "velocity": 87}, {"time": 176, "pitch": 60, "duration": 4, "velocity": 87}, {"time": 179, "pitch": 63, "duration": 2, "velocity": 87}, {"time": 182, "pitch": 46, "duration": 18, "velocity": 87}, {"time": 188, "pitch": 58, "duration": 7, "velocity": 80}, {"time": 194, "pitch": 62, "duration": 3, "velocity": 87}, {"time": 194, "pitch": 65, "duration": 6, "velocity": 87}, {"time": 194, "pitch": 68, "duration": 4, "velocity": 87}, {"time": 197, "pitch": 58, "duration": 3, "velocity": 87}, {"time": 200, "pitch": 62, "duration": 4, "velocity": 87}, {"time": 200, "pitch": 68, "duration": 1, "velocity": 68}, {"time": 203, "pitch": 65, "duration": 2, "velocity": 75}, {"time": 206, "pitch": 39, "duration": 40, "velocity": 87}, {"time": 212, "pitch": 51, "duration": 8, "velocity": 80}, {"time": 218, "pitch": 58, "duration": 5, "velocity": 87}, {"time": 218, "pitch": 63, "duration": 6, "velocity": 87}, {"time": 218, "pitch": 66, "duration": 7, "velocity": 87}, {"time": 224, "pitch": 51, "duration": 7, "velocity": 86}, {"time": 227, "pitch": 58, "duration": 9, "velocity": 87}, {"time": 233, "pitch": 63, "duration": 4, "velocity": 87}, {"time": 236, "pitch": 51, "duration": 6, "velocity": 87}, {"time": 239, "pitch": 66, "duration": 3, "velocity": 87}, {"time": 242, "pitch": 58, "duration": 7, "velocity": 87}, {"time": 245, "pitch": 51, "duration": 6, "velocity": 87}, {"time": 248, "pitch": 63, "duration": 3, "velocity": 87}, {"time": 251, "pitch": 66, "duration": 3, "velocity": 86}, {"time": 254, "pitch": 39, "duration": 39, "velocity": 87}, {"time": 260, "pitch": 51, "duration": 8, "velocity": 74}, {"time": 266, "pitch": 63, "duration": 10, "velocity": 87}, {"time": 266, "pitch": 66, "duration": 7, "velocity": 87}, {"time": 266, "pitch": 70, "duration": 9, "velocity": 87}, {"time": 272, "pitch": 51, "duration": 6, "velocity": 80}, {"time": 278, "pitch": 63, "duration": 5, "velocity": 86}, {"time": 278, "pitch": 66, "duration": 5, "velocity": 87}, {"time": 278, "pitch": 70, "duration": 6, "velocity": 87}, {"time": 281, "pitch": 51, "duration": 6, "velocity": 87}, {"time": 284, "pitch": 63, "duration": 4, "velocity": 87}, {"time": 287, "pitch": 66, "duration": 3, "velocity": 84}, {"time": 290, "pitch": 70, "duration": 4, "velocity": 87}, {"time": 293, "pitch": 51, "duration": 4, "velocity": 87}, {"time": 296, "pitch": 63, "duration": 3, "velocity": 84}, {"time": 299, "pitch": 66, "duration": 2, "velocity": 73}, {"time": 302, "pitch": 42, "duration": 41, "velocity": 87}, {"time": 308, "pitch": 54, "duration": 8, "velocity": 74}, {"time": 314, "pitch": 61, "duration": 7, "velocity": 87}, {"time": 314, "pitch": 66, "duration": 7, "velocity": 87}, {"time": 314, "pitch": 70, "duration": 7, "velocity": 87}, {"time": 320, "pitch": 54, "duration": 7, "velocity": 71}, {"time": 326, "pitch": 61, "duration": 6, "velocity": 87}, {"time": 326, "pitch": 66, "duration": 6, "velocity": 80}, {"time": 326, "pitch": 70, "duration": 7, "velocity": 87}, {"time": 332, "pitch": 54, "duration": 6, "velocity": 80}, {"time": 338, "pitch": 66, "duration": 3, "velocity": 87}, {"time": 338, "pitch": 70, "duration": 3, "velocity": 87}, {"time": 341, "pitch": 54, "duration": 6, "velocity": 87}, {"time": 344, "pitch": 61, "duration": 3, "velocity": 87}, {"time": 347, "pitch": 66, "duration": 3, "velocity": 87}, {"time": 350, "pitch": 44, "duration": 40, "velocity": 86}, {"time": 356, "pitch": 51, "duration": 7, "velocity": 53}, {"time": 362, "pitch": 56, "duration": 8, "velocity": 87}, {"time": 362, "pitch": 59, "duration": 10, "velocity": 87}, {"time": 362, "pitch": 63, "duration": 10, "velocity": 87}, {"time": 368, "pitch": 51, "duration": 8, "velocity": 67}, {"time": 374, "pitch": 56, "duration": 9, "velocity": 87}, {"time": 374, "pitch": 59, "duration": 9, "velocity": 87}, {"time": 374, "pitch": 63, "duration": 9, "velocity": 82}, {"time": 380, "pitch": 51, "duration": 7, "velocity": 72}, {"time": 386, "pitch": 56, "duration": 3, "velocity": 87}, {"time": 386, "pitch": 59, "duration": 4, "velocity": 87}, {"time": 386, "pitch": 63, "duration": 4, "velocity": 86}, {"time": 389, "pitch": 51, "duration": 3, "velocity": 87}, {"time": 392, "pitch": 56, "duration": 3, "velocity": 87}, {"time": 395, "pitch": 59, "duration": 2, "velocity": 76}, {"time": 398, "pitch": 47, "duration": 20, "velocity": 87}, {"time": 404, "pitch": 54, "duration": 9, "velocity": 73}, {"time": 410, "pitch": 59, "duration": 7, "velocity": 87}, {"time": 410, "pitch": 63, "duration": 8, "velocity": 87}, {"time": 410, "pitch": 66, "duration": 8, "velocity": 86}, {"time": 416, "pitch": 54, "duration": 4, "velocity": 78}, {"time": 422, "pitch": 49, "duration": 18, "velocity": 82}, {"time": 422, "pitch": 61, "duration": 9, "velocity": 87}, {"time": 422, "pitch": 65, "duration": 7, "velocity": 87}, {"time": 422, "pitch": 68, "duration": 9, "velocity": 73}, {"time": 428, "pitch": 56, "duration": 7, "velocity": 68}, {"time": 434, "pitch": 61, "duration": 3, "velocity": 87}, {"time": 434, "pitch": 65, "duration": 4, "velocity": 87}, {"time": 434, "pitch": 68, "duration": 3, "velocity": 87}, {"time": 437, "pitch": 56, "duration": 2, "velocity": 87}, {"time": 440, "pitch": 61, "duration": 4, "velocity": 87}, {"time": 440, "pitch": 68, "duration": 4, "velocity": 72}, {"time": 443, "pitch": 65, "duration": 2, "velocity": 87}, {"time": 446, "pitch": 39, "duration": 41, "velocity": 87}, {"time": 452, "pitch": 51, "duration": 9, "velocity": 87}, {"time": 458, "pitch": 58, "duration": 9, "velocity": 87}, {"time": 458, "pitch": 63, "duration": 7, "velocity": 87}, {"time": 458, "pitch": 66, "duration": 8, "velocity": 87}, {"time": 464, "pitch": 51, "duration": 8, "velocity": 86}, {"time": 470, "pitch": 58, "duration": 10, "velocity": 87}, {"time": 470, "pitch": 63, "duration": 7, "velocity": 87}, {"time": 470, "pitch": 66, "duration": 9, "velocity": 87}, {"time": 476, "pitch": 51, "duration": 7, "velocity": 67}, {"time": 482, "pitch": 58, "duration": 4, "velocity": 87}, {"time": 482, "pitch": 63, "duration": 3, "velocity": 87}, {"time": 482, "pitch": 66, "duration": 3, "velocity": 87}, {"time": 485, "pitch": 51, "duration": 5, "velocity": 87}, {"time": 488, "pitch": 58, "duration": 3, "velocity": 87}, {"time": 491, "pitch": 63, "duration": 3, "velocity": 87}, {"time": 494, "pitch": 42, "duration": 40, "velocity": 87}, {"time": 500, "pitch": 54, "duration": 7, "velocity": 78}, {"time": 506, "pitch": 61, "duration": 6, "velocity": 87}, {"time": 506, "pitch": 66, "duration": 6, "velocity": 87}, {"time": 506, "pitch": 70, "duration": 7, "velocity": 87}, {"time": 512, "pitch": 54, "duration": 8, "velocity": 76}, {"time": 518, "pitch": 61, "duration": 7, "velocity": 87}, {"time": 518, "pitch": 66, "duration": 7, "velocity": 87}, {"time": 518, "pitch": 70, "duration": 8, "velocity": 87}, {"time": 524, "pitch": 54, "duration": 6, "velocity": 87}, {"time": 530, "pitch": 66, "duration": 4, "velocity": 87}, {"time": 533, "pitch": 54, "duration": 3, "velocity": 87}, {"time": 536, "pitch": 61, "duration": 3, "velocity": 87}, {"time": 536, "pitch": 70, "duration": 4, "velocity": 54}, {"time": 539, "pitch": 66, "duration": 2, "velocity": 80}, {"time": 542, "pitch": 47, "duration": 20, "velocity": 87}, {"time": 548, "pitch": 54, "duration": 7, "velocity": 87}, {"time": 554, "pitch": 63, "duration": 4, "velocity": 87}, {"time": 554, "pitch": 66, "duration": 9, "velocity": 87}, {"time": 554, "pitch": 71, "duration": 8, "velocity": 87}, {"time": 560, "pitch": 54, "duration": 3, "velocity": 87}, {"time": 563, "pitch": 63, "duration": 3, "velocity": 84}, {"time": 566, "pitch": 42, "duration": 18, "velocity": 87}, {"time": 572, "pitch": 54, "duration": 6, "velocity": 87}, {"time": 578, "pitch": 61, "duration": 3, "velocity": 87}, {"time": 578, "pitch": 66, "duration": 4, "velocity": 87}, {"time": 578, "pitch": 70, "duration": 4, "velocity": 87}, {"time": 581, "pitch": 54, "duration": 6, "velocity": 87}, {"time": 584, "pitch": 61, "duration": 3, "velocity": 87}, {"time": 587, "pitch": 66, "duration": 3, "velocity": 75}, {"time": 590, "pitch": 44, "duration": 22, "velocity": 87}, {"time": 596, "pitch": 56, "duration": 7, "velocity": 78}, {"time": 602, "pitch": 59, "duration": 7, "velocity": 87}, {"time": 602, "pitch": 63, "duration": 7, "velocity": 87}, {"time": 602, "pitch": 68, "duration": 8, "velocity": 87}, {"time": 608, "pitch": 56, "duration": 5, "velocity": 76}, {"time": 611, "pitch": 59, "duration": 2, "velocity": 78}, {"time": 611, "pitch": 63, "duration": 2, "velocity": 82}, {"time": 614, "pitch": 47, "duration": 20, "velocity": 87}, {"time": 620, "pitch": 54, "duration": 6, "velocity": 86}, {"time": 626, "pitch": 63, "duration": 4, "velocity": 87}, {"time": 626, "pitch": 66, "duration": 8, "velocity": 87}, {"time": 626, "pitch": 71, "duration": 7, "velocity": 87}, {"time": 632, "pitch": 54, "duration": 4, "velocity": 87}, {"time": 635, "pitch": 63, "duration": 2, "velocity": 87}, {"time": 638, "pitch": 46, "duration": 22, "velocity": 87}, {"time": 644, "pitch": 53, "duration": 8, "velocity": 72}, {"time": 650, "pitch": 58, "duration": 7, "velocity": 80}, {"time": 650, "pitch": 62, "duration": 7, "velocity": 87}, {"time": 650, "pitch": 65, "duration": 7, "velocity": 87}, {"time": 656, "pitch": 53, "duration": 5, "velocity": 75}, {"time": 659, "pitch": 58, "duration": 7, "velocity": 55}, {"time": 659, "pitch": 62, "duration": 7, "velocity": 65}, {"time": 659, "pitch": 65, "duration": 7, "velocity": 80}, {"time": 662, "pitch": 46, "duration": 19, "velocity": 87}, {"time": 668, "pitch": 53, "duration": 7, "velocity": 73}, {"time": 674, "pitch": 58, "duration": 4, "velocity": 87}, {"time": 674, "pitch": 62, "duration": 4, "velocity": 87}, {"time": 674, "pitch": 65, "duration": 4, "velocity": 87}, {"time": 677, "pitch": 53, "duration": 4, "velocity": 87}, {"time": 680, "pitch": 58, "duration": 3, "velocity": 87}, {"time": 683, "pitch": 62, "duration": 3, "velocity": 87}, {"time": 686, "pitch": 39, "duration": 23, "velocity": 87}, {"time": 692, "pitch": 51, "duration": 7, "velocity": 71}, {"time": 698, "pitch": 58, "duration": 4, "velocity": 87}, {"time": 698, "pitch": 63, "duration": 3, "velocity": 87}, {"time": 698, "pitch": 66, "duration": 4, "velocity": 87}, {"time": 704, "pitch": 51, "duration": 6, "velocity": 87}, {"time": 707, "pitch": 58, "duration": 3, "velocity": 80}, {"time": 710, "pitch": 42, "duration": 15, "velocity": 87}, {"time": 716, "pitch": 54, "duration": 6, "velocity": 86}, {"time": 719, "pitch": 61, "duration": 2, "velocity": 56}, {"time": 722, "pitch": 61, "duration": 2, "velocity": 87}, {"time": 722, "pitch": 66, "duration": 2, "velocity": 87}, {"time": 722, "pitch": 70, "duration": 4, "velocity": 87}, {"time": 725, "pitch": 54, "duration": 6, "velocity": 87}, {"time": 728, "pitch": 61, "duration": 4, "velocity": 87}, {"time": 731, "pitch": 66, "duration": 3, "velocity": 87}, {"time": 734, "pitch": 44, "duration": 21, "velocity": 87}, {"time": 740, "pitch": 56, "duration": 7, "velocity": 78}, {"time": 743, "pitch": 59, "duration": 1, "velocity": 66}, {"time": 746, "pitch": 59, "duration": 2, "velocity": 87}, {"time": 746, "pitch": 63, "duration": 4, "velocity": 87}, {"time": 746, "pitch": 68, "duration": 7, "velocity": 87}, {"time": 749, "pitch": 56, "duration": 5, "velocity": 87}, {"time": 752, "pitch": 59, "duration": 4, "velocity": 86}, {"time": 755, "pitch": 63, "duration": 3, "velocity": 87}, {"time": 758, "pitch": 39, "duration": 16, "velocity": 87}, {"time": 764, "pitch": 51, "duration": 6, "velocity": 74}, {"time": 770, "pitch": 58, "duration": 3, "velocity": 87}, {"time": 770, "pitch": 63, "duration": 3, "velocity": 87}, {"time": 770, "pitch": 66, "duration": 3, "velocity": 87}, {"time": 773, "pitch": 51, "duration": 6, "velocity": 87}, {"time": 776, "pitch": 58, "duration": 4, "velocity": 87}, {"time": 776, "pitch": 66, "duration": 4, "velocity": 54}, {"time": 779, "pitch": 63, "duration": 5, "velocity": 87}, {"time": 782, "pitch": 39, "duration": 15, "velocity": 84}, {"time": 788, "pitch": 51, "duration": 7, "velocity": 76}, {"time": 791, "pitch": 58, "duration": 1, "velocity": 80}, {"time": 794, "pitch": 58, "duration": 2, "velocity": 87}, {"time": 794, "pitch": 63, "duration": 3, "velocity": 87}, {"time": 794, "pitch": 66, "duration": 3, "velocity": 87}, {"time": 797, "pitch": 51, "duration": 5, "velocity": 87}, {"time": 800, "pitch": 58, "duration": 4, "velocity": 87}, {"time": 800, "pitch": 66, "duration": 3, "velocity": 71}, {"time": 803, "pitch": 63, "duration": 3, "velocity": 87}, {"time": 806, "pitch": 42, "duration": 18, "velocity": 87}, {"time": 812, "pitch": 54, "duration": 6, "velocity": 87}, {"time": 818, "pitch": 61, "duration": 3, "velocity": 87}, {"time": 818, "pitch": 66, "duration": 3, "velocity": 87}, {"time": 818, "pitch": 70, "duration": 3, "velocity": 87}, {"time": 821, "pitch": 54, "duration": 6, "velocity": 87}, {"time": 824, "pitch": 61, "duration": 4, "velocity": 87}, {"time": 824, "pitch": 70, "duration": 3, "velocity": 61}, {"time": 827, "pitch": 66, "duration": 3, "velocity": 87}, {"time": 830, "pitch": 44, "duration": 20, "velocity": 87}, {"time": 836, "pitch": 56, "duration": 6, "velocity": 82}, {"time": 839, "pitch": 61, "duration": 2, "velocity": 67}, {"time": 842, "pitch": 61, "duration": 3, "velocity": 87}, {"time": 842, "pitch": 63, "duration": 4, "velocity": 87}, {"time": 842, "pitch": 68, "duration": 4, "velocity": 87}, {"time": 845, "pitch": 56, "duration": 7, "velocity": 87}, {"time": 848, "pitch": 61, "duration": 4, "velocity": 87}, {"time": 848, "pitch": 68, "duration": 2, "velocity": 72}, {"time": 851, "pitch": 63, "duration": 2, "velocity": 87}, {"time": 851, "pitch": 68, "duration": 3, "velocity": 69}, {"time": 854, "pitch": 46, "duration": 20, "velocity": 87}, {"time": 860, "pitch": 53, "duration": 8, "velocity": 87}, {"time": 866, "pitch": 58, "duration": 4, "velocity": 87}, {"time": 866, "pitch": 62, "duration": 4, "velocity": 87}, {"time": 869, "pitch": 53, "duration": 6, "velocity": 87}, {"time": 872, "pitch": 58, "duration": 2, "velocity": 67}, {"time": 872, "pitch": 62, "duration": 2, "velocity": 78}, {"time": 872, "pitch": 65, "duration": 3, "velocity": 87}, {"time": 875, "pitch": 58, "duration": 2, "velocity": 87}, {"time": 875, "pitch": 62, "duration": 2, "velocity": 67}, {"time": 878, "pitch": 47, "duration": 21, "velocity": 74}, {"time": 884, "pitch": 54, "duration": 7, "velocity": 82}, {"time": 890, "pitch": 63, "duration": 5, "velocity": 87}, {"time": 890, "pitch": 66, "duration": 6, "velocity": 87}, {"time": 890, "pitch": 71, "duration": 6, "velocity": 87}, {"time": 896, "pitch": 54, "duration": 4, "velocity": 78}, {"time": 899, "pitch": 63, "duration": 2, "velocity": 87}, {"time": 902, "pitch": 46, "duration": 17, "velocity": 87}, {"time": 909, "pitch": 58, "duration": 5, "velocity": 78}, {"time": 914, "pitch": 61, "duration": 3, "velocity": 87}, {"time": 914, "pitch": 65, "duration": 5, "velocity": 87}, {"time": 914, "pitch": 70, "duration": 4, "velocity": 87}, {"time": 917, "pitch": 58, "duration": 2, "velocity": 87}, {"time": 920, "pitch": 61, "duration": 4, "velocity": 87}, {"time": 923, "pitch": 65, "duration": 3, "velocity": 78}, {"time": 926, "pitch": 44, "duration": 17, "velocity": 87}, {"time": 932, "pitch": 56, "duration": 7, "velocity": 73}, {"time": 938, "pitch": 59, "duration": 3, "velocity": 87}, {"time": 938, "pitch": 63, "duration": 4, "velocity": 87}, {"time": 938, "pitch": 68, "duration": 3, "velocity": 87}, {"time": 941, "pitch": 56, "duration": 5, "velocity": 87}, {"time": 944, "pitch": 59, "duration": 4, "velocity": 87}, {"time": 947, "pitch": 63, "duration": 3, "velocity": 87}, {"time": 950, "pitch": 47, "duration": 9, "velocity": 87}, {"time": 956, "pitch": 54, "duration": 5, "velocity": 87}, {"time": 959, "pitch": 63, "duration": 2, "velocity": 87}, {"time": 959, "pitch": 71, "duration": 1, "velocity": 73}, {"time": 962, "pitch": 46, "duration": 8, "velocity": 86}, {"time": 965, "pitch": 56, "duration": 2, "velocity": 76}, {"time": 968, "pitch": 61, "duration": 4, "velocity": 87}, {"time": 971, "pitch": 65, "duration": 3, "velocity": 66}, {"time": 974, "pitch": 44, "duration": 19, "velocity": 87}, {"time": 980, "pitch": 56, "duration": 7, "velocity": 80}, {"time": 986, "pitch": 59, "duration": 4, "velocity": 87}, {"time": 986, "pitch": 63, "duration": 6, "velocity": 87}, {"time": 986, "pitch": 68, "duration": 6, "velocity": 87}, {"time": 992, "pitch": 56, "duration": 3, "velocity": 86}, {"time": 995, "pitch": 59, "duration": 2, "velocity": 76}, {"time": 998, "pitch": 47, "duration": 8, "velocity": 87}, {"time": 1001, "pitch": 54, "duration": 6, "velocity": 87}, {"time": 1004, "pitch": 59, "duration": 4, "velocity": 87}, {"time": 1007, "pitch": 63, "duration": 1, "velocity": 87}, {"time": 1010, "pitch": 46, "duration": 7, "velocity": 87}, {"time": 1013, "pitch": 53, "duration": 4, "velocity": 87}, {"time": 1016, "pitch": 58, "duration": 4, "velocity": 87}, {"time": 1019, "pitch": 62, "duration": 2, "velocity": 87}, {"time": 1022, "pitch": 51, "duration": 32, "velocity": 86}, {"time": 1022, "pitch": 39, "duration": 36, "velocity": 87}, {"time": 1022, "pitch": 58, "duration": 9, "velocity": 87}, {"time": 1022, "pitch": 63, "duration": 9, "velocity": 87}, {"time": 1022, "pitch": 66, "duration": 8, "velocity": 87}, {"time": 1034, "pitch": 58, "duration": 21, "velocity": 87}, {"time": 1034, "pitch": 63, "duration": 21, "velocity": 87}, {"time": 1034, "pitch": 66, "duration": 21, "velocity": 87}, {"time": 1058, "pitch": 58, "duration": 12, "velocity": 87}, {"time": 1058, "pitch": 63, "duration": 12, "velocity": 87}, {"time": 1058, "pitch": 66, "duration": 12, "velocity": 87}, {"time": 1064, "pitch": 51, "duration": 3, "velocity": 87}, {"time": 1070, "pitch": 44, "duration": 18, "velocity": 87}, {"time": 1076, "pitch": 56, "duration": 12, "velocity": 87}, {"time": 1082, "pitch": 59, "duration": 6, "velocity": 87}, {"time": 1082, "pitch": 63, "duration": 6, "velocity": 87}, {"time": 1082, "pitch": 68, "duration": 6, "velocity": 87}, {"time": 1097, "pitch": 47, "duration": 4, "velocity": 87}, {"time": 1097, "pitch": 54, "duration": 5, "velocity": 87}, {"time": 1097, "pitch": 63, "duration": 4, "velocity": 87}, {"time": 1097, "pitch": 66, "duration": 4, "velocity": 87}, {"time": 1106, "pitch": 49, "duration": 53, "velocity": 87}, {"time": 1106, "pitch": 56, "duration": 53, "velocity": 87}, {"time": 1106, "pitch": 61, "duration": 53, "velocity": 87}, {"time": 1106, "pitch": 65, "duration": 50, "velocity": 87}, {"time": 1106, "pitch": 68, "duration": 50, "velocity": 87}, {"time": 1166, "pitch": 44, "duration": 20, "velocity": 87}, {"time": 1172, "pitch": 56, "duration": 12, "velocity": 87}, {"time": 1178, "pitch": 59, "duration": 7, "velocity": 87}, {"time": 1178, "pitch": 63, "duration": 7, "velocity": 87}, {"time": 1178, "pitch": 68, "duration": 7, "velocity": 87}, {"time": 1194, "pitch": 47, "duration": 4, "velocity": 87}, {"time": 1194, "pitch": 54, "duration": 4, "velocity": 87}, {"time": 1194, "pitch": 63, "duration": 4, "velocity": 87}, {"time": 1194, "pitch": 66, "duration": 3, "velocity": 87}, {"time": 1202, "pitch": 49, "duration": 53, "velocity": 87}, {"time": 1202, "pitch": 56, "duration": 53, "velocity": 87}, {"time": 1202, "pitch": 61, "duration": 53, "velocity": 87}, {"time": 1202, "pitch": 65, "duration": 53, "velocity": 87}, {"time": 1202, "pitch": 68, "duration": 53, "velocity": 87}, {"time": 1262, "pitch": 46, "duration": 74, "velocity": 87}, {"time": 1268, "pitch": 58, "duration": 10, "velocity": 87}, {"time": 1274, "pitch": 61, "duration": 20, "velocity": 87}, {"time": 1280, "pitch": 58, "duration": 77, "velocity": 87}, {"time": 1286, "pitch": 65, "duration": 8, "velocity": 87}, {"time": 1286, "pitch": 70, "duration": 7, "velocity": 87}, {"time": 1298, "pitch": 62, "duration": 58, "velocity": 87}, {"time": 1298, "pitch": 65, "duration": 58, "velocity": 87}, {"time": 1298, "pitch": 70, "duration": 58, "velocity": 87}, {"time": 1358, "pitch": 39, "duration": 39, "velocity": 87}, {"time": 1364, "pitch": 51, "duration": 8, "velocity": 74}, {"time": 1370, "pitch": 63, "duration": 10, "velocity": 87}, {"time": 1370, "pitch": 66, "duration": 7, "velocity": 87}, {"time": 1370, "pitch": 70, "duration": 9, "velocity": 87}, {"time": 1376, "pitch": 51, "duration": 6, "velocity": 80}, {"time": 1382, "pitch": 63, "duration": 5, "velocity": 86}, {"time": 1382, "pitch": 66, "duration": 5, "velocity": 87}, {"time": 1382, "pitch": 70, "duration": 6, "velocity": 87}, {"time": 1385, "pitch": 51, "duration": 6, "velocity": 87}, {"time": 1388, "pitch": 63, "duration": 4, "velocity": 87}, {"time": 1391, "pitch": 66, "duration": 3, "velocity": 84}, {"time": 1394, "pitch": 70, "duration": 4, "velocity": 87}, {"time": 1397, "pitch": 51, "duration": 4, "velocity": 87}, {"time": 1400, "pitch": 63, "duration": 3, "velocity": 84}, {"time": 1403, "pitch": 66, "duration": 3, "velocity": 73}, {"time": 1406, "pitch": 42, "duration": 41, "velocity": 87}, {"time": 1412, "pitch": 54, "duration": 8, "velocity": 74}, {"time": 1418, "pitch": 61, "duration": 7, "velocity": 87}, {"time": 1418, "pitch": 66, "duration": 7, "velocity": 87}, {"time": 1418, "pitch": 70, "duration": 7, "velocity": 87}, {"time": 1424, "pitch": 54, "duration": 7, "velocity": 71}, {"time": 1430, "pitch": 61, "duration": 6, "velocity": 87}, {"time": 1430, "pitch": 66, "duration": 6, "velocity": 80}, {"time": 1430, "pitch": 70, "duration": 7, "velocity": 87}, {"time": 1436, "pitch": 54, "duration": 6, "velocity": 80}, {"time": 1442, "pitch": 66, "duration": 3, "velocity": 87}, {"time": 1442, "pitch": 70, "duration": 3, "velocity": 87}, {"time": 1445, "pitch": 54, "duration": 6, "velocity": 87}, {"time": 1448, "pitch": 61, "duration": 3, "velocity": 87}, {"time": 1451, "pitch": 66, "duration": 3, "velocity": 87}, {"time": 1454, "pitch": 44, "duration": 40, "velocity": 86}, {"time": 1460, "pitch": 51, "duration": 7, "velocity": 53}, {"time": 1466, "pitch": 56, "duration": 8, "velocity": 87}, {"time": 1466, "pitch": 59, "duration": 10, "velocity": 87}, {"time": 1466, "pitch": 63, "duration": 10, "velocity": 87}, {"time": 1472, "pitch": 51, "duration": 8, "velocity": 67}, {"time": 1478, "pitch": 56, "duration": 9, "velocity": 87}, {"time": 1478, "pitch": 59, "duration": 9, "velocity": 87}, {"time": 1478, "pitch": 63, "duration": 9, "velocity": 82}, {"time": 1484, "pitch": 51, "duration": 7, "velocity": 72}, {"time": 1490, "pitch": 56, "duration": 3, "velocity": 87}, {"time": 1490, "pitch": 59, "duration": 4, "velocity": 87}, {"time": 1490, "pitch": 63, "duration": 4, "velocity": 86}, {"time": 1493, "pitch": 51, "duration": 3, "velocity": 87}, {"time": 1496, "pitch": 56, "duration": 3, "velocity": 87}, {"time": 1499, "pitch": 59, "duration": 2, "velocity": 76}, {"time": 1502, "pitch": 47, "duration": 20, "velocity": 87}, {"time": 1508, "pitch": 54, "duration": 9, "velocity": 73}, {"time": 1514, "pitch": 59, "duration": 7, "velocity": 87}, {"time": 1514, "pitch": 63, "duration": 8, "velocity": 87}, {"time": 1514, "pitch": 66, "duration": 8, "velocity": 86}, {"time": 1520, "pitch": 54, "duration": 4, "velocity": 78}, {"time": 1526, "pitch": 49, "duration": 18, "velocity": 82}, {"time": 1526, "pitch": 61, "duration": 9, "velocity": 87}, {"time": 1526, "pitch": 65, "duration": 7, "velocity": 87}, {"time": 1526, "pitch": 68, "duration": 9, "velocity": 73}, {"time": 1532, "pitch": 56, "duration": 7, "velocity": 68}, {"time": 1538, "pitch": 61, "duration": 3, "velocity": 87}, {"time": 1538, "pitch": 65, "duration": 4, "velocity": 87}, {"time": 1538, "pitch": 68, "duration": 3, "velocity": 87}, {"time": 1541, "pitch": 56, "duration": 2, "velocity": 87}, {"time": 1544, "pitch": 61, "duration": 4, "velocity": 87}, {"time": 1544, "pitch": 68, "duration": 4, "velocity": 72}, {"time": 1547, "pitch": 65, "duration": 2, "velocity": 87}, {"time": 1550, "pitch": 39, "duration": 41, "velocity": 87}, {"time": 1556, "pitch": 51, "duration": 9, "velocity": 87}, {"time": 1562, "pitch": 58, "duration": 9, "velocity": 87}, {"time": 1562, "pitch": 63, "duration": 7, "velocity": 87}, {"time": 1562, "pitch": 66, "duration": 8, "velocity": 87}, {"time": 1568, "pitch": 51, "duration": 8, "velocity": 86}, {"time": 1574, "pitch": 58, "duration": 10, "velocity": 87}, {"time": 1574, "pitch": 63, "duration": 7, "velocity": 87}, {"time": 1574, "pitch": 66, "duration": 9, "velocity": 87}, {"time": 1580, "pitch": 51, "duration": 7, "velocity": 67}, {"time": 1586, "pitch": 58, "duration": 4, "velocity": 87}, {"time": 1586, "pitch": 63, "duration": 3, "velocity": 87}, {"time": 1586, "pitch": 66, "duration": 3, "velocity": 87}, {"time": 1589, "pitch": 51, "duration": 5, "velocity": 87}, {"time": 1592, "pitch": 58, "duration": 3, "velocity": 87}, {"time": 1595, "pitch": 63, "duration": 3, "velocity": 87}, {"time": 1598, "pitch": 42, "duration": 40, "velocity": 87}, {"time": 1604, "pitch": 54, "duration": 7, "velocity": 78}, {"time": 1610, "pitch": 61, "duration": 6, "velocity": 87}, {"time": 1610, "pitch": 66, "duration": 6, "velocity": 87}, {"time": 1610, "pitch": 70, "duration": 7, "velocity": 87}, {"time": 1616, "pitch": 54, "duration": 8, "velocity": 76}, {"time": 1622, "pitch": 61, "duration": 7, "velocity": 87}, {"time": 1622, "pitch": 66, "duration": 7, "velocity": 87}, {"time": 1622, "pitch": 70, "duration": 8, "velocity": 87}, {"time": 1628, "pitch": 54, "duration": 6, "velocity": 87}, {"time": 1634, "pitch": 66, "duration": 4, "velocity": 87}, {"time": 1637, "pitch": 54, "duration": 3, "velocity": 87}, {"time": 1640, "pitch": 61, "duration": 3, "velocity": 87}, {"time": 1640, "pitch": 70, "duration": 4, "velocity": 54}, {"time": 1643, "pitch": 66, "duration": 2, "velocity": 80}, {"time": 1646, "pitch": 47, "duration": 20, "velocity": 87}, {"time": 1652, "pitch": 54, "duration": 7, "velocity": 87}, {"time": 1658, "pitch": 63, "duration": 4, "velocity": 87}, {"time": 1658, "pitch": 66, "duration": 9, "velocity": 87}, {"time": 1658, "pitch": 71, "duration": 8, "velocity": 87}, {"time": 1664, "pitch": 54, "duration": 3, "velocity": 87}, {"time": 1667, "pitch": 63, "duration": 3, "velocity": 84}, {"time": 1670, "pitch": 42, "duration": 18, "velocity": 87}, {"time": 1676, "pitch": 54, "duration": 6, "velocity": 87}, {"time": 1682, "pitch": 61, "duration": 3, "velocity": 87}, {"time": 1682, "pitch": 66, "duration": 4, "velocity": 87}, {"time": 1682, "pitch": 70, "duration": 4, "velocity": 87}, {"time": 1685, "pitch": 54, "duration": 6, "velocity": 87}, {"time": 1688, "pitch": 61, "duration": 3, "velocity": 87}, {"time": 1691, "pitch": 66, "duration": 3, "velocity": 75}, {"time": 1694, "pitch": 44, "duration": 22, "velocity": 87}, {"time": 1700, "pitch": 56, "duration": 7, "velocity": 78}, {"time": 1706, "pitch": 59, "duration": 7, "velocity": 87}, {"time": 1706, "pitch": 63, "duration": 7, "velocity": 87}, {"time": 1706, "pitch": 68, "duration": 8, "velocity": 87}, {"time": 1712, "pitch": 56, "duration": 5, "velocity": 76}, {"time": 1715, "pitch": 59, "duration": 2, "velocity": 78}, {"time": 1715, "pitch": 63, "duration": 2, "velocity": 82}, {"time": 1718, "pitch": 47, "duration": 20, "velocity": 87}, {"time": 1724, "pitch": 54, "duration": 6, "velocity": 86}, {"time": 1730, "pitch": 63, "duration": 4, "velocity": 87}, {"time": 1730, "pitch": 66, "duration": 8, "velocity": 87}, {"time": 1730, "pitch": 71, "duration": 7, "velocity": 87}, {"time": 1736, "pitch": 54, "duration": 4, "velocity": 87}, {"time": 1739, "pitch": 63, "duration": 2, "velocity": 87}, {"time": 1742, "pitch": 46, "duration": 22, "velocity": 87}, {"time": 1748, "pitch": 53, "duration": 8, "velocity": 72}, {"time": 1754, "pitch": 58, "duration": 7, "velocity": 80}, {"time": 1754, "pitch": 62, "duration": 7, "velocity": 87}, {"time": 1754, "pitch": 65, "duration": 7, "velocity": 87}, {"time": 1760, "pitch": 53, "duration": 5, "velocity": 75}, {"time": 1763, "pitch": 58, "duration": 7, "velocity": 55}, {"time": 1763, "pitch": 62, "duration": 7, "velocity": 65}, {"time": 1763, "pitch": 65, "duration": 8, "velocity": 80}, {"time": 1766, "pitch": 46, "duration": 19, "velocity": 87}, {"time": 1772, "pitch": 53, "duration": 7, "velocity": 73}, {"time": 1778, "pitch": 58, "duration": 4, "velocity": 87}, {"time": 1778, "pitch": 62, "duration": 4, "velocity": 87}, {"time": 1778, "pitch": 65, "duration": 4, "velocity": 87}, {"time": 1781, "pitch": 53, "duration": 4, "velocity": 87}, {"time": 1784, "pitch": 58, "duration": 3, "velocity": 87}, {"time": 1787, "pitch": 62, "duration": 3, "velocity": 87}, {"time": 1790, "pitch": 39, "duration": 23, "velocity": 87}, {"time": 1796, "pitch": 51, "duration": 7, "velocity": 71}, {"time": 1802, "pitch": 58, "duration": 4, "velocity": 87}, {"time": 1802, "pitch": 63, "duration": 3, "velocity": 87}, {"time": 1802, "pitch": 66, "duration": 4, "velocity": 87}, {"time": 1808, "pitch": 51, "duration": 6, "velocity": 87}, {"time": 1811, "pitch": 58, "duration": 3, "velocity": 80}, {"time": 1814, "pitch": 42, "duration": 15, "velocity": 87}, {"time": 1820, "pitch": 54, "duration": 6, "velocity": 86}, {"time": 1823, "pitch": 61, "duration": 2, "velocity": 56}, {"time": 1826, "pitch": 61, "duration": 2, "velocity": 87}, {"time": 1826, "pitch": 66, "duration": 2, "velocity": 87}, {"time": 1826, "pitch": 70, "duration": 4, "velocity": 87}, {"time": 1829, "pitch": 54, "duration": 6, "velocity": 87}, {"time": 1832, "pitch": 61, "duration": 4, "velocity": 87}, {"time": 1835, "pitch": 66, "duration": 3, "velocity": 87}, {"time": 1838, "pitch": 44, "duration": 21, "velocity": 87}, {"time": 1844, "pitch": 56, "duration": 7, "velocity": 78}, {"time": 1847, "pitch": 59, "duration": 1, "velocity": 66}, {"time": 1850, "pitch": 59, "duration": 2, "velocity": 87}, {"time": 1850, "pitch": 63, "duration": 4, "velocity": 87}, {"time": 1850, "pitch": 68, "duration": 7, "velocity": 87}, {"time": 1853, "pitch": 56, "duration": 5, "velocity": 87}, {"time": 1856, "pitch": 59, "duration": 4, "velocity": 86}, {"time": 1859, "pitch": 63, "duration": 3, "velocity": 87}, {"time": 1862, "pitch": 39, "duration": 16, "velocity": 87}, {"time": 1868, "pitch": 51, "duration": 6, "velocity": 74}, {"time": 1874, "pitch": 58, "duration": 3, "velocity": 87}, {"time": 1874, "pitch": 63, "duration": 3, "velocity": 87}, {"time": 1874, "pitch": 66, "duration": 3, "velocity": 87}, {"time": 1877, "pitch": 51, "duration": 6, "velocity": 87}, {"time": 1880, "pitch": 58, "duration": 4, "velocity": 87}, {"time": 1880, "pitch": 66, "duration": 4, "velocity": 54}, {"time": 1883, "pitch": 63, "duration": 5, "velocity": 87}, {"time": 1886, "pitch": 39, "duration": 15, "velocity": 84}, {"time": 1892, "pitch": 51, "duration": 7, "velocity": 76}, {"time": 1895, "pitch": 58, "duration": 1, "velocity": 80}, {"time": 1898, "pitch": 58, "duration": 2, "velocity": 87}, {"time": 1898, "pitch": 63, "duration": 3, "velocity": 87}, {"time": 1898, "pitch": 66, "duration": 3, "velocity": 87}, {"time": 1901, "pitch": 51, "duration": 5, "velocity": 87}, {"time": 1904, "pitch": 58, "duration": 4, "velocity": 87}, {"time": 1904, "pitch": 66, "duration": 3, "velocity": 71}, {"time": 1907, "pitch": 63, "duration": 3, "velocity": 87}, {"time": 1910, "pitch": 42, "duration": 18, "velocity": 87}, {"time": 1916, "pitch": 54, "duration": 6, "velocity": 87}, {"time": 1922, "pitch": 61, "duration": 3, "velocity": 87}, {"time": 1922, "pitch": 66, "duration": 3, "velocity": 87}, {"time": 1922, "pitch": 70, "duration": 3, "velocity": 87}, {"time": 1925, "pitch": 54, "duration": 6, "velocity": 87}, {"time": 1928, "pitch": 61, "duration": 4, "velocity": 87}, {"time": 1928, "pitch": 70, "duration": 3, "velocity": 61}, {"time": 1931, "pitch": 66, "duration": 3, "velocity": 87}, {"time": 1934, "pitch": 44, "duration": 20, "velocity": 87}, {"time": 1940, "pitch": 56, "duration": 6, "velocity": 82}, {"time": 1943, "pitch": 59, "duration": 2, "velocity": 67}, {"time": 1946, "pitch": 59, "duration": 3, "velocity": 87}, {"time": 1946, "pitch": 63, "duration": 4, "velocity": 87}, {"time": 1946, "pitch": 68, "duration": 4, "velocity": 87}, {"time": 1949, "pitch": 56, "duration": 7, "velocity": 87}, {"time": 1952, "pitch": 59, "duration": 4, "velocity": 87}, {"time": 1952, "pitch": 68, "duration": 2, "velocity": 72}, {"time": 1955, "pitch": 63, "duration": 2, "velocity": 87}, {"time": 1955, "pitch": 68, "duration": 3, "velocity": 69}, {"time": 1958, "pitch": 46, "duration": 20, "velocity": 87}, {"time": 1964, "pitch": 53, "duration": 8, "velocity": 87}, {"time": 1970, "pitch": 58, "duration": 4, "velocity": 87}, {"time": 1970, "pitch": 62, "duration": 4, "velocity": 87}, {"time": 1973, "pitch": 53, "duration": 6, "velocity": 87}, {"time": 1976, "pitch": 58, "duration": 2, "velocity": 67}, {"time": 1976, "pitch": 62, "duration": 2, "velocity": 78}, {"time": 1976, "pitch": 65, "duration": 3, "velocity": 87}, {"time": 1979, "pitch": 58, "duration": 2, "velocity": 87}, {"time": 1979, "pitch": 62, "duration": 2, "velocity": 67}, {"time": 1982, "pitch": 47, "duration": 21, "velocity": 74}, {"time": 1988, "pitch": 54, "duration": 7, "velocity": 82}, {"time": 1994, "pitch": 63, "duration": 5, "velocity": 87}, {"time": 1994, "pitch": 66, "duration": 6, "velocity": 87}, {"time": 1994, "pitch": 71, "duration": 6, "velocity": 87}, {"time": 2000, "pitch": 54, "duration": 4, "velocity": 78}, {"time": 2003, "pitch": 63, "duration": 2, "velocity": 87}, {"time": 2006, "pitch": 46, "duration": 17, "velocity": 87}, {"time": 2012, "pitch": 58, "duration": 6, "velocity": 78}, {"time": 2018, "pitch": 62, "duration": 3, "velocity": 87}, {"time": 2018, "pitch": 65, "duration": 5, "velocity": 87}, {"time": 2018, "pitch": 70, "duration": 4, "velocity": 87}, {"time": 2021, "pitch": 58, "duration": 2, "velocity": 87}, {"time": 2024, "pitch": 62, "duration": 4, "velocity": 87}, {"time": 2027, "pitch": 65, "duration": 3, "velocity": 78}, {"time": 2030, "pitch": 44, "duration": 17, "velocity": 87}, {"time": 2036, "pitch": 56, "duration": 7, "velocity": 73}, {"time": 2042, "pitch": 59, "duration": 3, "velocity": 87}, {"time": 2042, "pitch": 63, "duration": 4, "velocity": 87}, {"time": 2042, "pitch": 68, "duration": 3, "velocity": 87}, {"time": 2045, "pitch": 56, "duration": 5, "velocity": 87}, {"time": 2048, "pitch": 59, "duration": 4, "velocity": 87}, {"time": 2051, "pitch": 63, "duration": 3, "velocity": 87}, {"time": 2054, "pitch": 47, "duration": 9, "velocity": 87}, {"time": 2060, "pitch": 54, "duration": 5, "velocity": 87}, {"time": 2063, "pitch": 63, "duration": 2, "velocity": 87}, {"time": 2063, "pitch": 71, "duration": 1, "velocity": 73}, {"time": 2066, "pitch": 46, "duration": 8, "velocity": 86}, {"time": 2069, "pitch": 56, "duration": 2, "velocity": 76}, {"time": 2072, "pitch": 62, "duration": 4, "velocity": 87}, {"time": 2075, "pitch": 65, "duration": 3, "velocity": 66}, {"time": 2078, "pitch": 44, "duration": 19, "velocity": 87}, {"time": 2084, "pitch": 56, "duration": 7, "velocity": 80}, {"time": 2090, "pitch": 59, "duration": 4, "velocity": 87}, {"time": 2090, "pitch": 63, "duration": 6, "velocity": 87}, {"time": 2090, "pitch": 68, "duration": 6, "velocity": 87}, {"time": 2096, "pitch": 56, "duration": 3, "velocity": 86}, {"time": 2099, "pitch": 59, "duration": 2, "velocity": 76}, {"time": 2102, "pitch": 47, "duration": 8, "velocity": 87}, {"time": 2105, "pitch": 54, "duration": 6, "velocity": 87}, {"time": 2108, "pitch": 59, "duration": 4, "velocity": 87}, {"time": 2111, "pitch": 63, "duration": 1, "velocity": 87}, {"time": 2114, "pitch": 46, "duration": 7, "velocity": 87}, {"time": 2117, "pitch": 53, "duration": 4, "velocity": 87}, {"time": 2120, "pitch": 58, "duration": 4, "velocity": 87}, {"time": 2123, "pitch": 62, "duration": 2, "velocity": 87}, {"time": 2126, "pitch": 39, "duration": 42, "velocity": 87}, {"time": 2132, "pitch": 51, "duration": 9, "velocity": 76}, {"time": 2138, "pitch": 58, "duration": 8, "velocity": 87}, {"time": 2138, "pitch": 63, "duration": 7, "velocity": 87}, {"time": 2138, "pitch": 66, "duration": 8, "velocity": 87}, {"time": 2144, "pitch": 51, "duration": 7, "velocity": 73}, {"time": 2150, "pitch": 58, "duration": 7, "velocity": 87}, {"time": 2150, "pitch": 63, "duration": 7, "velocity": 87}, {"time": 2150, "pitch": 66, "duration": 7, "velocity": 87}, {"time": 2156, "pitch": 51, "duration": 7, "velocity": 87}, {"time": 2162, "pitch": 58, "duration": 2, "velocity": 87}, {"time": 2162, "pitch": 63, "duration": 2, "velocity": 87}, {"time": 2162, "pitch": 66, "duration": 2, "velocity": 87}, {"time": 2165, "pitch": 51, "duration": 4, "velocity": 87}, {"time": 2168, "pitch": 58, "duration": 2, "velocity": 87}, {"time": 2168, "pitch": 63, "duration": 2, "velocity": 87}, {"time": 2168, "pitch": 66, "duration": 2, "velocity": 87}, {"time": 2174, "pitch": 39, "duration": 18, "velocity": 87}, {"time": 2180, "pitch": 51, "duration": 7, "velocity": 74}, {"time": 2186, "pitch": 58, "duration": 3, "velocity": 87}, {"time": 2186, "pitch": 63, "duration": 2, "velocity": 87}, {"time": 2186, "pitch": 66, "duration": 1, "velocity": 87}, {"time": 2189, "pitch": 51, "duration": 6, "velocity": 84}, {"time": 2192, "pitch": 58, "duration": 4, "velocity": 87}, {"time": 2195, "pitch": 63, "duration": 2, "velocity": 73}, {"time": 2195, "pitch": 66, "duration": 3, "velocity": 67}, {"time": 2198, "pitch": 42, "duration": 17, "velocity": 87}, {"time": 2204, "pitch": 54, "duration": 6, "velocity": 87}, {"time": 2207, "pitch": 61, "duration": 1, "velocity": 80}, {"time": 2210, "pitch": 61, "duration": 2, "velocity": 86}, {"time": 2210, "pitch": 66, "duration": 4, "velocity": 87}, {"time": 2210, "pitch": 70, "duration": 4, "velocity": 87}, {"time": 2213, "pitch": 54, "duration": 6, "velocity": 87}, {"time": 2216, "pitch": 61, "duration": 4, "velocity": 87}, {"time": 2219, "pitch": 66, "duration": 4, "velocity": 82}, {"time": 2222, "pitch": 44, "duration": 17, "velocity": 87}, {"time": 2228, "pitch": 56, "duration": 7, "velocity": 71}, {"time": 2234, "pitch": 59, "duration": 3, "velocity": 87}, {"time": 2234, "pitch": 63, "duration": 5, "velocity": 87}, {"time": 2234, "pitch": 68, "duration": 4, "velocity": 87}, {"time": 2237, "pitch": 56, "duration": 5, "velocity": 87}, {"time": 2240, "pitch": 59, "duration": 5, "velocity": 87}, {"time": 2243, "pitch": 63, "duration": 2, "velocity": 87}, {"time": 2246, "pitch": 47, "duration": 17, "velocity": 87}, {"time": 2252, "pitch": 54, "duration": 7, "velocity": 84}, {"time": 2258, "pitch": 63, "duration": 2, "velocity": 87}, {"time": 2258, "pitch": 66, "duration": 4, "velocity": 87}, {"time": 2261, "pitch": 54, "duration": 3, "velocity": 87}, {"time": 2261, "pitch": 71, "duration": 3, "velocity": 87}, {"time": 2264, "pitch": 63, "duration": 4, "velocity": 87}, {"time": 2267, "pitch": 66, "duration": 3, "velocity": 87}, {"time": 2270, "pitch": 39, "duration": 17, "velocity": 87}, {"time": 2276, "pitch": 51, "duration": 7, "velocity": 78}, {"time": 2282, "pitch": 58, "duration": 2, "velocity": 87}, {"time": 2282, "pitch": 63, "duration": 3, "velocity": 87}, {"time": 2282, "pitch": 66, "duration": 3, "velocity": 87}, {"time": 2285, "pitch": 51, "duration": 6, "velocity": 87}, {"time": 2288, "pitch": 58, "duration": 4, "velocity": 87}, {"time": 2291, "pitch": 63, "duration": 3, "velocity": 87}, {"time": 2294, "pitch": 42, "duration": 17, "velocity": 87}, {"time": 2300, "pitch": 54, "duration": 6, "velocity": 87}, {"time": 2303, "pitch": 61, "duration": 2, "velocity": 59}, {"time": 2306, "pitch": 61, "duration": 3, "velocity": 87}, {"time": 2306, "pitch": 66, "duration": 2, "velocity": 87}, {"time": 2306, "pitch": 70, "duration": 2, "velocity": 87}, {"time": 2309, "pitch": 54, "duration": 6, "velocity": 87}, {"time": 2312, "pitch": 61, "duration": 4, "velocity": 87}, {"time": 2315, "pitch": 66, "duration": 3, "velocity": 75}, {"time": 2315, "pitch": 70, "duration": 2, "velocity": 65}, {"time": 2318, "pitch": 44, "duration": 21, "velocity": 87}, {"time": 2324, "pitch": 56, "duration": 7, "velocity": 80}, {"time": 2330, "pitch": 59, "duration": 4, "velocity": 87}, {"time": 2330, "pitch": 63, "duration": 4, "velocity": 87}, {"time": 2330, "pitch": 68, "duration": 4, "velocity": 87}, {"time": 2333, "pitch": 56, "duration": 7, "velocity": 82}, {"time": 2336, "pitch": 59, "duration": 4, "velocity": 86}, {"time": 2336, "pitch": 68, "duration": 2, "velocity": 72}, {"time": 2339, "pitch": 63, "duration": 3, "velocity": 84}, {"time": 2342, "pitch": 46, "duration": 19, "velocity": 87}, {"time": 2348, "pitch": 58, "duration": 7, "velocity": 76}, {"time": 2354, "pitch": 62, "duration": 3, "velocity": 87}, {"time": 2354, "pitch": 65, "duration": 4, "velocity": 87}, {"time": 2354, "pitch": 70, "duration": 4, "velocity": 87}, {"time": 2357, "pitch": 58, "duration": 5, "velocity": 87}, {"time": 2360, "pitch": 62, "duration": 4, "velocity": 87}, {"time": 2360, "pitch": 65, "duration": 1, "velocity": 87}, {"time": 2360, "pitch": 70, "duration": 2, "velocity": 86}, {"time": 2363, "pitch": 65, "duration": 2, "velocity": 84}, {"time": 2363, "pitch": 70, "duration": 1, "velocity": 76}, {"time": 2366, "pitch": 39, "duration": 18, "velocity": 87}, {"time": 2372, "pitch": 51, "duration": 7, "velocity": 74}, {"time": 2378, "pitch": 58, "duration": 3, "velocity": 87}, {"time": 2378, "pitch": 63, "duration": 2, "velocity": 87}, {"time": 2378, "pitch": 66, "duration": 1, "velocity": 87}, {"time": 2381, "pitch": 51, "duration": 6, "velocity": 84}, {"time": 2384, "pitch": 58, "duration": 4, "velocity": 87}, {"time": 2387, "pitch": 63, "duration": 2, "velocity": 73}, {"time": 2387, "pitch": 66, "duration": 3, "velocity": 67}, {"time": 2390, "pitch": 42, "duration": 17, "velocity": 87}, {"time": 2396, "pitch": 54, "duration": 6, "velocity": 87}, {"time": 2399, "pitch": 61, "duration": 1, "velocity": 80}, {"time": 2402, "pitch": 61, "duration": 2, "velocity": 86}, {"time": 2402, "pitch": 66, "duration": 4, "velocity": 87}, {"time": 2402, "pitch": 70, "duration": 4, "velocity": 87}, {"time": 2405, "pitch": 54, "duration": 6, "velocity": 87}, {"time": 2408, "pitch": 61, "duration": 4, "velocity": 87}, {"time": 2411, "pitch": 66, "duration": 4, "velocity": 82}, {"time": 2414, "pitch": 44, "duration": 17, "velocity": 87}, {"time": 2420, "pitch": 56, "duration": 7, "velocity": 71}, {"time": 2426, "pitch": 59, "duration": 3, "velocity": 87}, {"time": 2426, "pitch": 63, "duration": 5, "velocity": 87}, {"time": 2426, "pitch": 68, "duration": 4, "velocity": 87}, {"time": 2429, "pitch": 56, "duration": 5, "velocity": 87}, {"time": 2432, "pitch": 59, "duration": 5, "velocity": 87}, {"time": 2435, "pitch": 63, "duration": 2, "velocity": 87}, {"time": 2438, "pitch": 39, "duration": 7, "velocity": 87}, {"time": 2438, "pitch": 51, "duration": 5, "velocity": 87}, {"time": 2438, "pitch": 58, "duration": 7, "velocity": 87}, {"time": 2438, "pitch": 63, "duration": 8, "velocity": 87}, {"time": 2438, "pitch": 66, "duration": 8, "velocity": 87}, {"time": 2444, "pitch": 51, "duration": 6, "velocity": 71}, {"time": 2450, "pitch": 46, "duration": 9, "velocity": 73}, {"time": 2450, "pitch": 58, "duration": 8, "velocity": 57}, {"time": 2450, "pitch": 62, "duration": 8, "velocity": 86}, {"time": 2450, "pitch": 65, "duration": 7, "velocity": 87}, {"time": 2450, "pitch": 70, "duration": 8, "velocity": 76}, {"time": 2462, "pitch": 44, "duration": 18, "velocity": 87}, {"time": 2462, "pitch": 56, "duration": 5, "velocity": 80}, {"time": 2462, "pitch": 59, "duration": 5, "velocity": 86}, {"time": 2462, "pitch": 63, "duration": 5, "velocity": 82}, {"time": 2462, "pitch": 68, "duration": 5, "velocity": 74}, {"time": 2468, "pitch": 56, "duration": 6, "velocity": 86}, {"time": 2474, "pitch": 59, "duration": 7, "velocity": 87}, {"time": 2474, "pitch": 63, "duration": 7, "velocity": 87}, {"time": 2474, "pitch": 68, "duration": 7, "velocity": 87}, {"time": 2480, "pitch": 56, "duration": 6, "velocity": 87}, {"time": 2486, "pitch": 46, "duration": 18, "velocity": 82}, {"time": 2486, "pitch": 58, "duration": 4, "velocity": 72}, {"time": 2486, "pitch": 61, "duration": 8, "velocity": 75}, {"time": 2486, "pitch": 65, "duration": 8, "velocity": 87}, {"time": 2486, "pitch": 68, "duration": 7, "velocity": 84}, {"time": 2492, "pitch": 58, "duration": 4, "velocity": 75}, {"time": 2498, "pitch": 61, "duration": 6, "velocity": 87}, {"time": 2498, "pitch": 65, "duration": 7, "velocity": 87}, {"time": 2498, "pitch": 68, "duration": 7, "velocity": 87}, {"time": 2504, "pitch": 58, "duration": 5, "velocity": 86}, {"time": 2510, "pitch": 39, "duration": 12, "velocity": 86}, {"time": 2510, "pitch": 51, "duration": 10, "velocity": 75}, {"time": 2510, "pitch": 58, "duration": 9, "velocity": 76}, {"time": 2510, "pitch": 63, "duration": 9, "velocity": 87}, {"time": 2510, "pitch": 66, "duration": 10, "velocity": 80}, {"time": 2522, "pitch": 63, "duration": 2, "velocity": 87}, {"time": 2522, "pitch": 66, "duration": 2, "velocity": 87}, {"time": 2522, "pitch": 70, "duration": 2, "velocity": 87}, {"time": 2527, "pitch": 49, "duration": 20, "velocity": 87}, {"time": 2528, "pitch": 61, "duration": 19, "velocity": 87}, {"time": 2528, "pitch": 65, "duration": 18, "velocity": 87}, {"time": 2528, "pitch": 68, "duration": 18, "velocity": 87}, {"time": 2555, "pitch": 64, "duration": 20, "velocity": 87}, {"time": 2555, "pitch": 60, "duration": 21, "velocity": 87}, {"time": 2555, "pitch": 67, "duration": 21, "velocity": 87}, {"time": 2556, "pitch": 48, "duration": 20, "velocity": 87}, {"time": 2581, "pitch": 63, "duration": 15, "velocity": 87}, {"time": 2581, "pitch": 59, "duration": 16, "velocity": 87}, {"time": 2581, "pitch": 66, "duration": 15, "velocity": 87}, {"time": 2582, "pitch": 47, "duration": 17, "velocity": 87}, {"time": 2600, "pitch": 62, "duration": 15, "velocity": 87}, {"time": 2600, "pitch": 46, "duration": 18, "velocity": 87}, {"time": 2600, "pitch": 58, "duration": 16, "velocity": 87}, {"time": 2600, "pitch": 65, "duration": 15, "velocity": 87}, {"time": 2621, "pitch": 51, "duration": 34, "velocity": 87}, {"time": 2622, "pitch": 54, "duration": 33, "velocity": 87}, {"time": 2623, "pitch": 58, "duration": 32, "velocity": 87}, {"time": 2624, "pitch": 39, "duration": 34, "velocity": 87}]}]}