{"metadata": {"schema_version": "0.2", "title": "None", "source_filename": "793.mid", "source_format": "midi"}, "resolution": 12, "tempos": [{"time": 0, "qpm": 122.0000691333725}, {"time": 3600, "qpm": 122.6001029840865}], "time_signatures": [{"time": 0, "numerator": 1, "denominator": 4}], "tracks": [{"program": 0, "is_drum": false, "name": "MELODY", "notes": [{"time": 406, "pitch": 64, "duration": 6, "velocity": 85}, {"time": 418, "pitch": 64, "duration": 3, "velocity": 85}, {"time": 430, "pitch": 64, "duration": 4, "velocity": 85}, {"time": 436, "pitch": 55, "duration": 3, "velocity": 85}, {"time": 442, "pitch": 57, "duration": 4, "velocity": 85}, {"time": 448, "pitch": 55, "duration": 3, "velocity": 85}, {"time": 454, "pitch": 64, "duration": 2, "velocity": 85}, {"time": 460, "pitch": 64, "duration": 3, "velocity": 85}, {"time": 472, "pitch": 64, "duration": 5, "velocity": 85}, {"time": 484, "pitch": 55, "duration": 6, "velocity": 85}, {"time": 490, "pitch": 57, "duration": 3, "velocity": 85}, {"time": 496, "pitch": 60, "duration": 4, "velocity": 85}, {"time": 502, "pitch": 62, "duration": 8, "velocity": 85}, {"time": 514, "pitch": 64, "duration": 10, "velocity": 85}, {"time": 526, "pitch": 62, "duration": 7, "velocity": 85}, {"time": 532, "pitch": 60, "duration": 10, "velocity": 85}, {"time": 544, "pitch": 57, "duration": 23, "velocity": 85}, {"time": 598, "pitch": 65, "duration": 5, "velocity": 85}, {"time": 610, "pitch": 65, "duration": 5, "velocity": 85}, {"time": 622, "pitch": 65, "duration": 5, "velocity": 85}, {"time": 628, "pitch": 55, "duration": 6, "velocity": 85}, {"time": 634, "pitch": 57, "duration": 5, "velocity": 85}, {"time": 640, "pitch": 55, "duration": 6, "velocity": 85}, {"time": 646, "pitch": 62, "duration": 6, "velocity": 85}, {"time": 652, "pitch": 64, "duration": 8, "velocity": 85}, {"time": 664, "pitch": 64, "duration": 16, "velocity": 85}, {"time": 676, "pitch": 60, "duration": 6, "velocity": 85}, {"time": 682, "pitch": 62, "duration": 6, "velocity": 85}, {"time": 688, "pitch": 64, "duration": 5, "velocity": 85}, {"time": 694, "pitch": 67, "duration": 9, "velocity": 85}, {"time": 706, "pitch": 69, "duration": 10, "velocity": 85}, {"time": 718, "pitch": 67, "duration": 5, "velocity": 85}, {"time": 724, "pitch": 64, "duration": 11, "velocity": 85}, {"time": 736, "pitch": 62, "duration": 31, "velocity": 85}, {"time": 790, "pitch": 64, "duration": 6, "velocity": 85}, {"time": 802, "pitch": 64, "duration": 3, "velocity": 85}, {"time": 814, "pitch": 64, "duration": 4, "velocity": 85}, {"time": 820, "pitch": 55, "duration": 3, "velocity": 85}, {"time": 826, "pitch": 57, "duration": 4, "velocity": 85}, {"time": 832, "pitch": 55, "duration": 3, "velocity": 85}, {"time": 838, "pitch": 64, "duration": 2, "velocity": 85}, {"time": 844, "pitch": 64, "duration": 3, "velocity": 85}, {"time": 856, "pitch": 64, "duration": 5, "velocity": 85}, {"time": 868, "pitch": 55, "duration": 6, "velocity": 87}, {"time": 874, "pitch": 57, "duration": 3, "velocity": 87}, {"time": 880, "pitch": 60, "duration": 4, "velocity": 87}, {"time": 886, "pitch": 62, "duration": 8, "velocity": 87}, {"time": 898, "pitch": 64, "duration": 10, "velocity": 87}, {"time": 910, "pitch": 62, "duration": 7, "velocity": 87}, {"time": 916, "pitch": 60, "duration": 10, "velocity": 87}, {"time": 928, "pitch": 57, "duration": 23, "velocity": 87}, {"time": 982, "pitch": 65, "duration": 5, "velocity": 87}, {"time": 994, "pitch": 65, "duration": 5, "velocity": 87}, {"time": 1006, "pitch": 65, "duration": 5, "velocity": 87}, {"time": 1012, "pitch": 55, "duration": 6, "velocity": 87}, {"time": 1018, "pitch": 57, "duration": 5, "velocity": 87}, {"time": 1024, "pitch": 55, "duration": 6, "velocity": 87}, {"time": 1030, "pitch": 62, "duration": 6, "velocity": 87}, {"time": 1036, "pitch": 64, "duration": 8, "velocity": 90}, {"time": 1048, "pitch": 64, "duration": 16, "velocity": 90}, {"time": 1060, "pitch": 60, "duration": 6, "velocity": 90}, {"time": 1066, "pitch": 62, "duration": 6, "velocity": 90}, {"time": 1072, "pitch": 64, "duration": 5, "velocity": 90}, {"time": 1078, "pitch": 69, "duration": 9, "velocity": 90}, {"time": 1090, "pitch": 67, "duration": 10, "velocity": 90}, {"time": 1102, "pitch": 64, "duration": 5, "velocity": 90}, {"time": 1108, "pitch": 62, "duration": 11, "velocity": 90}, {"time": 1120, "pitch": 60, "duration": 30, "velocity": 90}, {"time": 1156, "pitch": 60, "duration": 7, "velocity": 90}, {"time": 1162, "pitch": 64, "duration": 7, "velocity": 90}, {"time": 1168, "pitch": 67, "duration": 6, "velocity": 90}, {"time": 1174, "pitch": 69, "duration": 13, "velocity": 90}, {"time": 1198, "pitch": 69, "duration": 13, "velocity": 90}, {"time": 1222, "pitch": 69, "duration": 6, "velocity": 90}, {"time": 1228, "pitch": 67, "duration": 5, "velocity": 90}, {"time": 1234, "pitch": 65, "duration": 5, "velocity": 90}, {"time": 1240, "pitch": 69, "duration": 13, "velocity": 90}, {"time": 1252, "pitch": 69, "duration": 1, "velocity": 90}, {"time": 1258, "pitch": 69, "duration": 2, "velocity": 90}, {"time": 1264, "pitch": 69, "duration": 3, "velocity": 90}, {"time": 1270, "pitch": 67, "duration": 14, "velocity": 90}, {"time": 1294, "pitch": 67, "duration": 16, "velocity": 90}, {"time": 1318, "pitch": 67, "duration": 6, "velocity": 90}, {"time": 1324, "pitch": 65, "duration": 6, "velocity": 90}, {"time": 1330, "pitch": 64, "duration": 7, "velocity": 90}, {"time": 1336, "pitch": 67, "duration": 6, "velocity": 90}, {"time": 1348, "pitch": 60, "duration": 7, "velocity": 90}, {"time": 1354, "pitch": 64, "duration": 7, "velocity": 90}, {"time": 1360, "pitch": 67, "duration": 6, "velocity": 90}, {"time": 1366, "pitch": 69, "duration": 13, "velocity": 90}, {"time": 1390, "pitch": 69, "duration": 13, "velocity": 90}, {"time": 1414, "pitch": 69, "duration": 6, "velocity": 90}, {"time": 1420, "pitch": 67, "duration": 5, "velocity": 90}, {"time": 1426, "pitch": 65, "duration": 5, "velocity": 90}, {"time": 1432, "pitch": 69, "duration": 13, "velocity": 90}, {"time": 1444, "pitch": 69, "duration": 1, "velocity": 90}, {"time": 1450, "pitch": 69, "duration": 3, "velocity": 90}, {"time": 1456, "pitch": 72, "duration": 3, "velocity": 90}, {"time": 1462, "pitch": 74, "duration": 4, "velocity": 90}, {"time": 1474, "pitch": 74, "duration": 4, "velocity": 90}, {"time": 1486, "pitch": 74, "duration": 5, "velocity": 90}, {"time": 1492, "pitch": 72, "duration": 5, "velocity": 90}, {"time": 1498, "pitch": 71, "duration": 6, "velocity": 90}, {"time": 1504, "pitch": 69, "duration": 4, "velocity": 90}, {"time": 1510, "pitch": 71, "duration": 5, "velocity": 90}, {"time": 1516, "pitch": 67, "duration": 38, "velocity": 90}, {"time": 1606, "pitch": 64, "duration": 6, "velocity": 90}, {"time": 1618, "pitch": 64, "duration": 3, "velocity": 90}, {"time": 1630, "pitch": 64, "duration": 4, "velocity": 90}, {"time": 1636, "pitch": 55, "duration": 3, "velocity": 90}, {"time": 1642, "pitch": 57, "duration": 4, "velocity": 90}, {"time": 1648, "pitch": 55, "duration": 3, "velocity": 90}, {"time": 1654, "pitch": 64, "duration": 2, "velocity": 90}, {"time": 1660, "pitch": 64, "duration": 3, "velocity": 90}, {"time": 1672, "pitch": 64, "duration": 5, "velocity": 90}, {"time": 1684, "pitch": 55, "duration": 6, "velocity": 90}, {"time": 1690, "pitch": 57, "duration": 3, "velocity": 90}, {"time": 1696, "pitch": 60, "duration": 4, "velocity": 90}, {"time": 1702, "pitch": 62, "duration": 8, "velocity": 90}, {"time": 1714, "pitch": 64, "duration": 10, "velocity": 90}, {"time": 1726, "pitch": 62, "duration": 7, "velocity": 90}, {"time": 1732, "pitch": 60, "duration": 10, "velocity": 90}, {"time": 1744, "pitch": 57, "duration": 23, "velocity": 90}, {"time": 1798, "pitch": 65, "duration": 5, "velocity": 90}, {"time": 1810, "pitch": 65, "duration": 5, "velocity": 90}, {"time": 1822, "pitch": 65, "duration": 5, "velocity": 90}, {"time": 1828, "pitch": 55, "duration": 6, "velocity": 90}, {"time": 1834, "pitch": 57, "duration": 5, "velocity": 90}, {"time": 1840, "pitch": 55, "duration": 6, "velocity": 90}, {"time": 1846, "pitch": 62, "duration": 6, "velocity": 90}, {"time": 1852, "pitch": 64, "duration": 8, "velocity": 90}, {"time": 1864, "pitch": 64, "duration": 16, "velocity": 87}, {"time": 1876, "pitch": 60, "duration": 6, "velocity": 87}, {"time": 1882, "pitch": 62, "duration": 6, "velocity": 87}, {"time": 1888, "pitch": 64, "duration": 5, "velocity": 87}, {"time": 1894, "pitch": 67, "duration": 9, "velocity": 87}, {"time": 1906, "pitch": 69, "duration": 10, "velocity": 87}, {"time": 1918, "pitch": 64, "duration": 5, "velocity": 87}, {"time": 1924, "pitch": 62, "duration": 11, "velocity": 87}, {"time": 1936, "pitch": 60, "duration": 31, "velocity": 87}, {"time": 2374, "pitch": 64, "duration": 6, "velocity": 83}, {"time": 2386, "pitch": 64, "duration": 3, "velocity": 83}, {"time": 2398, "pitch": 64, "duration": 4, "velocity": 83}, {"time": 2404, "pitch": 55, "duration": 3, "velocity": 83}, {"time": 2410, "pitch": 57, "duration": 4, "velocity": 83}, {"time": 2416, "pitch": 55, "duration": 3, "velocity": 83}, {"time": 2422, "pitch": 64, "duration": 2, "velocity": 83}, {"time": 2428, "pitch": 64, "duration": 3, "velocity": 83}, {"time": 2440, "pitch": 64, "duration": 5, "velocity": 83}, {"time": 2452, "pitch": 55, "duration": 6, "velocity": 83}, {"time": 2458, "pitch": 57, "duration": 3, "velocity": 83}, {"time": 2464, "pitch": 60, "duration": 4, "velocity": 83}, {"time": 2470, "pitch": 62, "duration": 8, "velocity": 83}, {"time": 2482, "pitch": 64, "duration": 10, "velocity": 83}, {"time": 2494, "pitch": 62, "duration": 7, "velocity": 83}, {"time": 2500, "pitch": 60, "duration": 10, "velocity": 83}, {"time": 2512, "pitch": 57, "duration": 23, "velocity": 83}, {"time": 2566, "pitch": 65, "duration": 5, "velocity": 83}, {"time": 2578, "pitch": 65, "duration": 5, "velocity": 83}, {"time": 2590, "pitch": 65, "duration": 5, "velocity": 83}, {"time": 2596, "pitch": 55, "duration": 6, "velocity": 83}, {"time": 2602, "pitch": 57, "duration": 5, "velocity": 83}, {"time": 2608, "pitch": 55, "duration": 6, "velocity": 83}, {"time": 2614, "pitch": 62, "duration": 6, "velocity": 83}, {"time": 2620, "pitch": 64, "duration": 8, "velocity": 83}, {"time": 2632, "pitch": 64, "duration": 16, "velocity": 83}, {"time": 2644, "pitch": 60, "duration": 6, "velocity": 83}, {"time": 2650, "pitch": 62, "duration": 6, "velocity": 83}, {"time": 2656, "pitch": 64, "duration": 5, "velocity": 83}, {"time": 2662, "pitch": 67, "duration": 9, "velocity": 83}, {"time": 2674, "pitch": 69, "duration": 10, "velocity": 83}, {"time": 2686, "pitch": 67, "duration": 5, "velocity": 83}, {"time": 2692, "pitch": 64, "duration": 11, "velocity": 83}, {"time": 2704, "pitch": 62, "duration": 31, "velocity": 83}, {"time": 2758, "pitch": 64, "duration": 6, "velocity": 83}, {"time": 2770, "pitch": 64, "duration": 3, "velocity": 83}, {"time": 2782, "pitch": 64, "duration": 4, "velocity": 83}, {"time": 2788, "pitch": 55, "duration": 3, "velocity": 83}, {"time": 2794, "pitch": 57, "duration": 4, "velocity": 83}, {"time": 2800, "pitch": 55, "duration": 3, "velocity": 83}, {"time": 2806, "pitch": 64, "duration": 2, "velocity": 83}, {"time": 2812, "pitch": 64, "duration": 3, "velocity": 83}, {"time": 2824, "pitch": 64, "duration": 5, "velocity": 83}, {"time": 2836, "pitch": 55, "duration": 6, "velocity": 83}, {"time": 2842, "pitch": 57, "duration": 3, "velocity": 83}, {"time": 2848, "pitch": 60, "duration": 4, "velocity": 83}, {"time": 2854, "pitch": 62, "duration": 8, "velocity": 83}, {"time": 2866, "pitch": 64, "duration": 10, "velocity": 83}, {"time": 2878, "pitch": 62, "duration": 7, "velocity": 83}, {"time": 2884, "pitch": 60, "duration": 10, "velocity": 83}, {"time": 2896, "pitch": 57, "duration": 23, "velocity": 83}, {"time": 2950, "pitch": 65, "duration": 5, "velocity": 83}, {"time": 2962, "pitch": 65, "duration": 5, "velocity": 83}, {"time": 2974, "pitch": 65, "duration": 5, "velocity": 83}, {"time": 2980, "pitch": 55, "duration": 6, "velocity": 83}, {"time": 2986, "pitch": 57, "duration": 5, "velocity": 83}, {"time": 2992, "pitch": 55, "duration": 6, "velocity": 83}, {"time": 2998, "pitch": 62, "duration": 6, "velocity": 83}, {"time": 3004, "pitch": 64, "duration": 8, "velocity": 83}, {"time": 3016, "pitch": 64, "duration": 16, "velocity": 83}, {"time": 3028, "pitch": 60, "duration": 6, "velocity": 83}, {"time": 3034, "pitch": 62, "duration": 6, "velocity": 83}, {"time": 3040, "pitch": 64, "duration": 5, "velocity": 83}, {"time": 3046, "pitch": 69, "duration": 9, "velocity": 83}, {"time": 3058, "pitch": 67, "duration": 10, "velocity": 83}, {"time": 3070, "pitch": 64, "duration": 5, "velocity": 83}, {"time": 3076, "pitch": 62, "duration": 11, "velocity": 83}, {"time": 3088, "pitch": 60, "duration": 30, "velocity": 83}, {"time": 3124, "pitch": 60, "duration": 7, "velocity": 83}, {"time": 3130, "pitch": 64, "duration": 7, "velocity": 83}, {"time": 3136, "pitch": 67, "duration": 6, "velocity": 83}, {"time": 3142, "pitch": 69, "duration": 13, "velocity": 83}, {"time": 3166, "pitch": 69, "duration": 13, "velocity": 83}, {"time": 3190, "pitch": 69, "duration": 6, "velocity": 83}, {"time": 3196, "pitch": 67, "duration": 5, "velocity": 83}, {"time": 3202, "pitch": 65, "duration": 5, "velocity": 85}, {"time": 3208, "pitch": 69, "duration": 9, "velocity": 83}, {"time": 3220, "pitch": 69, "duration": 2, "velocity": 83}, {"time": 3226, "pitch": 69, "duration": 2, "velocity": 83}, {"time": 3232, "pitch": 72, "duration": 3, "velocity": 83}, {"time": 3238, "pitch": 67, "duration": 14, "velocity": 80}, {"time": 3262, "pitch": 67, "duration": 16, "velocity": 80}, {"time": 3286, "pitch": 67, "duration": 6, "velocity": 80}, {"time": 3292, "pitch": 65, "duration": 6, "velocity": 80}, {"time": 3298, "pitch": 64, "duration": 7, "velocity": 80}, {"time": 3304, "pitch": 67, "duration": 6, "velocity": 80}, {"time": 3316, "pitch": 60, "duration": 7, "velocity": 78}, {"time": 3322, "pitch": 64, "duration": 7, "velocity": 78}, {"time": 3328, "pitch": 67, "duration": 6, "velocity": 78}, {"time": 3334, "pitch": 69, "duration": 13, "velocity": 80}, {"time": 3358, "pitch": 69, "duration": 13, "velocity": 80}, {"time": 3382, "pitch": 69, "duration": 6, "velocity": 80}, {"time": 3388, "pitch": 67, "duration": 5, "velocity": 80}, {"time": 3394, "pitch": 65, "duration": 5, "velocity": 80}, {"time": 3400, "pitch": 69, "duration": 13, "velocity": 80}, {"time": 3412, "pitch": 69, "duration": 1, "velocity": 80}, {"time": 3418, "pitch": 69, "duration": 3, "velocity": 80}, {"time": 3424, "pitch": 72, "duration": 3, "velocity": 80}, {"time": 3430, "pitch": 74, "duration": 4, "velocity": 80}, {"time": 3442, "pitch": 74, "duration": 4, "velocity": 80}, {"time": 3454, "pitch": 74, "duration": 5, "velocity": 80}, {"time": 3460, "pitch": 72, "duration": 5, "velocity": 80}, {"time": 3466, "pitch": 71, "duration": 6, "velocity": 80}, {"time": 3472, "pitch": 69, "duration": 4, "velocity": 80}, {"time": 3478, "pitch": 71, "duration": 5, "velocity": 80}, {"time": 3484, "pitch": 67, "duration": 38, "velocity": 83}, {"time": 3574, "pitch": 64, "duration": 6, "velocity": 83}, {"time": 3586, "pitch": 64, "duration": 3, "velocity": 83}, {"time": 3598, "pitch": 64, "duration": 4, "velocity": 83}, {"time": 3604, "pitch": 55, "duration": 3, "velocity": 83}, {"time": 3610, "pitch": 57, "duration": 4, "velocity": 83}, {"time": 3616, "pitch": 55, "duration": 3, "velocity": 87}, {"time": 3622, "pitch": 64, "duration": 2, "velocity": 87}, {"time": 3628, "pitch": 64, "duration": 3, "velocity": 87}, {"time": 3640, "pitch": 64, "duration": 5, "velocity": 85}, {"time": 3652, "pitch": 55, "duration": 6, "velocity": 85}, {"time": 3658, "pitch": 57, "duration": 3, "velocity": 85}, {"time": 3664, "pitch": 60, "duration": 4, "velocity": 85}, {"time": 3670, "pitch": 62, "duration": 8, "velocity": 85}, {"time": 3682, "pitch": 64, "duration": 10, "velocity": 85}, {"time": 3694, "pitch": 62, "duration": 7, "velocity": 85}, {"time": 3700, "pitch": 60, "duration": 10, "velocity": 85}, {"time": 3712, "pitch": 57, "duration": 23, "velocity": 85}, {"time": 3766, "pitch": 65, "duration": 5, "velocity": 85}, {"time": 3778, "pitch": 65, "duration": 5, "velocity": 85}, {"time": 3790, "pitch": 65, "duration": 5, "velocity": 85}, {"time": 3796, "pitch": 55, "duration": 6, "velocity": 85}, {"time": 3802, "pitch": 57, "duration": 5, "velocity": 85}, {"time": 3808, "pitch": 55, "duration": 6, "velocity": 85}, {"time": 3814, "pitch": 62, "duration": 6, "velocity": 85}, {"time": 3820, "pitch": 64, "duration": 8, "velocity": 85}, {"time": 3832, "pitch": 64, "duration": 16, "velocity": 85}, {"time": 3844, "pitch": 60, "duration": 6, "velocity": 85}, {"time": 3850, "pitch": 62, "duration": 6, "velocity": 85}, {"time": 3856, "pitch": 64, "duration": 5, "velocity": 85}, {"time": 3862, "pitch": 67, "duration": 9, "velocity": 83}, {"time": 3874, "pitch": 69, "duration": 10, "velocity": 83}, {"time": 3886, "pitch": 64, "duration": 5, "velocity": 83}, {"time": 3892, "pitch": 62, "duration": 11, "velocity": 83}, {"time": 3904, "pitch": 60, "duration": 31, "velocity": 83}]}, {"program": 0, "is_drum": false, "name": "BRIDGE", "notes": [{"time": 22, "pitch": 72, "duration": 3, "velocity": 80}, {"time": 34, "pitch": 72, "duration": 3, "velocity": 85}, {"time": 46, "pitch": 72, "duration": 5, "velocity": 85}, {"time": 52, "pitch": 71, "duration": 6, "velocity": 85}, {"time": 58, "pitch": 72, "duration": 5, "velocity": 85}, {"time": 64, "pitch": 79, "duration": 18, "velocity": 85}, {"time": 82, "pitch": 74, "duration": 3, "velocity": 85}, {"time": 94, "pitch": 74, "duration": 5, "velocity": 85}, {"time": 100, "pitch": 72, "duration": 4, "velocity": 85}, {"time": 106, "pitch": 71, "duration": 6, "velocity": 85}, {"time": 112, "pitch": 72, "duration": 12, "velocity": 85}, {"time": 130, "pitch": 72, "duration": 4, "velocity": 85}, {"time": 142, "pitch": 72, "duration": 6, "velocity": 85}, {"time": 148, "pitch": 71, "duration": 4, "velocity": 85}, {"time": 154, "pitch": 69, "duration": 4, "velocity": 85}, {"time": 160, "pitch": 77, "duration": 22, "velocity": 85}, {"time": 214, "pitch": 77, "duration": 5, "velocity": 85}, {"time": 226, "pitch": 77, "duration": 4, "velocity": 85}, {"time": 238, "pitch": 77, "duration": 6, "velocity": 85}, {"time": 244, "pitch": 76, "duration": 6, "velocity": 85}, {"time": 250, "pitch": 74, "duration": 4, "velocity": 85}, {"time": 256, "pitch": 81, "duration": 12, "velocity": 85}, {"time": 268, "pitch": 79, "duration": 11, "velocity": 85}, {"time": 280, "pitch": 77, "duration": 6, "velocity": 85}, {"time": 286, "pitch": 76, "duration": 7, "velocity": 85}, {"time": 292, "pitch": 74, "duration": 18, "velocity": 85}, {"time": 310, "pitch": 76, "duration": 5, "velocity": 85}, {"time": 316, "pitch": 74, "duration": 6, "velocity": 85}, {"time": 322, "pitch": 72, "duration": 5, "velocity": 85}, {"time": 328, "pitch": 79, "duration": 7, "velocity": 85}, {"time": 340, "pitch": 81, "duration": 6, "velocity": 85}, {"time": 346, "pitch": 79, "duration": 5, "velocity": 85}, {"time": 352, "pitch": 76, "duration": 4, "velocity": 85}, {"time": 358, "pitch": 72, "duration": 6, "velocity": 85}, {"time": 364, "pitch": 69, "duration": 5, "velocity": 85}, {"time": 370, "pitch": 55, "duration": 3, "velocity": 85}, {"time": 376, "pitch": 72, "duration": 5, "velocity": 85}, {"time": 388, "pitch": 76, "duration": 3, "velocity": 85}, {"time": 394, "pitch": 79, "duration": 6, "velocity": 85}, {"time": 400, "pitch": 81, "duration": 3, "velocity": 85}, {"time": 550, "pitch": 77, "duration": 14, "velocity": 85}, {"time": 568, "pitch": 77, "duration": 5, "velocity": 85}, {"time": 574, "pitch": 76, "duration": 5, "velocity": 85}, {"time": 580, "pitch": 74, "duration": 11, "velocity": 85}, {"time": 742, "pitch": 71, "duration": 18, "velocity": 85}, {"time": 760, "pitch": 72, "duration": 4, "velocity": 85}, {"time": 766, "pitch": 74, "duration": 16, "velocity": 85}, {"time": 946, "pitch": 77, "duration": 5, "velocity": 85}, {"time": 952, "pitch": 76, "duration": 10, "velocity": 85}, {"time": 964, "pitch": 74, "duration": 16, "velocity": 85}, {"time": 1756, "pitch": 79, "duration": 8, "velocity": 85}, {"time": 1768, "pitch": 79, "duration": 5, "velocity": 85}, {"time": 1774, "pitch": 77, "duration": 5, "velocity": 85}, {"time": 1780, "pitch": 76, "duration": 5, "velocity": 85}, {"time": 1786, "pitch": 74, "duration": 15, "velocity": 85}, {"time": 1990, "pitch": 76, "duration": 26, "velocity": 85}, {"time": 2020, "pitch": 67, "duration": 5, "velocity": 85}, {"time": 2026, "pitch": 69, "duration": 5, "velocity": 85}, {"time": 2032, "pitch": 67, "duration": 4, "velocity": 85}, {"time": 2038, "pitch": 76, "duration": 4, "velocity": 85}, {"time": 2044, "pitch": 79, "duration": 10, "velocity": 85}, {"time": 2056, "pitch": 81, "duration": 4, "velocity": 85}, {"time": 2062, "pitch": 79, "duration": 5, "velocity": 85}, {"time": 2068, "pitch": 76, "duration": 13, "velocity": 85}, {"time": 2086, "pitch": 81, "duration": 6, "velocity": 85}, {"time": 2092, "pitch": 74, "duration": 10, "velocity": 85}, {"time": 2104, "pitch": 72, "duration": 4, "velocity": 85}, {"time": 2110, "pitch": 74, "duration": 6, "velocity": 85}, {"time": 2116, "pitch": 72, "duration": 9, "velocity": 85}, {"time": 2128, "pitch": 69, "duration": 4, "velocity": 85}, {"time": 2134, "pitch": 72, "duration": 5, "velocity": 85}, {"time": 2140, "pitch": 74, "duration": 13, "velocity": 85}, {"time": 2152, "pitch": 69, "duration": 26, "velocity": 85}, {"time": 2194, "pitch": 74, "duration": 6, "velocity": 85}, {"time": 2200, "pitch": 76, "duration": 10, "velocity": 85}, {"time": 2212, "pitch": 77, "duration": 12, "velocity": 85}, {"time": 2224, "pitch": 76, "duration": 12, "velocity": 85}, {"time": 2236, "pitch": 74, "duration": 12, "velocity": 85}, {"time": 2248, "pitch": 72, "duration": 4, "velocity": 85}, {"time": 2254, "pitch": 76, "duration": 3, "velocity": 85}, {"time": 2260, "pitch": 76, "duration": 17, "velocity": 85}, {"time": 2278, "pitch": 72, "duration": 40, "velocity": 83}, {"time": 2518, "pitch": 77, "duration": 13, "velocity": 83}, {"time": 2536, "pitch": 77, "duration": 2, "velocity": 83}, {"time": 2542, "pitch": 77, "duration": 5, "velocity": 83}, {"time": 2548, "pitch": 74, "duration": 17, "velocity": 83}, {"time": 2710, "pitch": 71, "duration": 17, "velocity": 83}, {"time": 2728, "pitch": 72, "duration": 3, "velocity": 83}, {"time": 2734, "pitch": 74, "duration": 18, "velocity": 83}, {"time": 2911, "pitch": 77, "duration": 5, "velocity": 83}, {"time": 2917, "pitch": 76, "duration": 12, "velocity": 83}, {"time": 2932, "pitch": 74, "duration": 17, "velocity": 83}, {"time": 3724, "pitch": 79, "duration": 2, "velocity": 92}, {"time": 3730, "pitch": 79, "duration": 4, "velocity": 92}, {"time": 3736, "pitch": 77, "duration": 3, "velocity": 92}, {"time": 3742, "pitch": 77, "duration": 5, "velocity": 92}, {"time": 3748, "pitch": 76, "duration": 5, "velocity": 92}, {"time": 3754, "pitch": 74, "duration": 26, "velocity": 92}, {"time": 3910, "pitch": 76, "duration": 1, "velocity": 92}, {"time": 3916, "pitch": 76, "duration": 2, "velocity": 92}, {"time": 3928, "pitch": 76, "duration": 10, "velocity": 92}, {"time": 3940, "pitch": 67, "duration": 4, "velocity": 92}, {"time": 3946, "pitch": 69, "duration": 4, "velocity": 92}, {"time": 3952, "pitch": 67, "duration": 4, "velocity": 92}, {"time": 3958, "pitch": 76, "duration": 2, "velocity": 92}, {"time": 3964, "pitch": 76, "duration": 3, "velocity": 92}, {"time": 3976, "pitch": 76, "duration": 6, "velocity": 92}, {"time": 3988, "pitch": 67, "duration": 4, "velocity": 92}, {"time": 3994, "pitch": 69, "duration": 3, "velocity": 92}, {"time": 4000, "pitch": 72, "duration": 2, "velocity": 92}, {"time": 4006, "pitch": 74, "duration": 4, "velocity": 92}, {"time": 4018, "pitch": 76, "duration": 5, "velocity": 92}, {"time": 4030, "pitch": 74, "duration": 3, "velocity": 92}, {"time": 4036, "pitch": 72, "duration": 3, "velocity": 92}, {"time": 4048, "pitch": 72, "duration": 90, "velocity": 103}]}, {"program": 0, "is_drum": false, "name": "PIANO", "notes": [{"time": 22, "pitch": 48, "duration": 41, "velocity": 66}, {"time": 28, "pitch": 55, "duration": 10, "velocity": 64}, {"time": 34, "pitch": 60, "duration": 7, "velocity": 69}, {"time": 34, "pitch": 64, "duration": 7, "velocity": 69}, {"time": 34, "pitch": 67, "duration": 7, "velocity": 69}, {"time": 40, "pitch": 55, "duration": 13, "velocity": 69}, {"time": 52, "pitch": 60, "duration": 4, "velocity": 69}, {"time": 52, "pitch": 64, "duration": 5, "velocity": 69}, {"time": 52, "pitch": 67, "duration": 6, "velocity": 69}, {"time": 58, "pitch": 55, "duration": 7, "velocity": 69}, {"time": 64, "pitch": 60, "duration": 6, "velocity": 69}, {"time": 64, "pitch": 64, "duration": 6, "velocity": 69}, {"time": 64, "pitch": 67, "duration": 6, "velocity": 69}, {"time": 70, "pitch": 52, "duration": 41, "velocity": 71}, {"time": 76, "pitch": 59, "duration": 10, "velocity": 71}, {"time": 82, "pitch": 64, "duration": 7, "velocity": 71}, {"time": 82, "pitch": 67, "duration": 7, "velocity": 71}, {"time": 82, "pitch": 71, "duration": 7, "velocity": 71}, {"time": 88, "pitch": 59, "duration": 14, "velocity": 71}, {"time": 100, "pitch": 64, "duration": 5, "velocity": 71}, {"time": 100, "pitch": 67, "duration": 6, "velocity": 71}, {"time": 100, "pitch": 71, "duration": 6, "velocity": 71}, {"time": 106, "pitch": 59, "duration": 5, "velocity": 71}, {"time": 112, "pitch": 64, "duration": 4, "velocity": 71}, {"time": 112, "pitch": 67, "duration": 4, "velocity": 71}, {"time": 112, "pitch": 71, "duration": 5, "velocity": 71}, {"time": 118, "pitch": 45, "duration": 43, "velocity": 71}, {"time": 124, "pitch": 57, "duration": 10, "velocity": 73}, {"time": 130, "pitch": 60, "duration": 6, "velocity": 73}, {"time": 130, "pitch": 64, "duration": 6, "velocity": 73}, {"time": 130, "pitch": 67, "duration": 6, "velocity": 73}, {"time": 130, "pitch": 69, "duration": 6, "velocity": 73}, {"time": 136, "pitch": 57, "duration": 14, "velocity": 73}, {"time": 148, "pitch": 60, "duration": 5, "velocity": 73}, {"time": 148, "pitch": 64, "duration": 6, "velocity": 73}, {"time": 148, "pitch": 69, "duration": 6, "velocity": 73}, {"time": 154, "pitch": 57, "duration": 5, "velocity": 73}, {"time": 160, "pitch": 60, "duration": 4, "velocity": 73}, {"time": 160, "pitch": 64, "duration": 3, "velocity": 73}, {"time": 160, "pitch": 69, "duration": 4, "velocity": 73}, {"time": 166, "pitch": 41, "duration": 44, "velocity": 73}, {"time": 172, "pitch": 53, "duration": 9, "velocity": 73}, {"time": 178, "pitch": 57, "duration": 14, "velocity": 73}, {"time": 178, "pitch": 60, "duration": 15, "velocity": 73}, {"time": 178, "pitch": 65, "duration": 15, "velocity": 73}, {"time": 184, "pitch": 53, "duration": 14, "velocity": 73}, {"time": 196, "pitch": 57, "duration": 6, "velocity": 73}, {"time": 196, "pitch": 60, "duration": 7, "velocity": 73}, {"time": 196, "pitch": 65, "duration": 7, "velocity": 73}, {"time": 202, "pitch": 53, "duration": 6, "velocity": 73}, {"time": 208, "pitch": 57, "duration": 6, "velocity": 73}, {"time": 208, "pitch": 60, "duration": 6, "velocity": 73}, {"time": 208, "pitch": 65, "duration": 6, "velocity": 73}, {"time": 214, "pitch": 38, "duration": 38, "velocity": 73}, {"time": 220, "pitch": 50, "duration": 11, "velocity": 73}, {"time": 226, "pitch": 53, "duration": 7, "velocity": 73}, {"time": 226, "pitch": 57, "duration": 7, "velocity": 73}, {"time": 226, "pitch": 62, "duration": 8, "velocity": 73}, {"time": 232, "pitch": 50, "duration": 14, "velocity": 73}, {"time": 244, "pitch": 53, "duration": 5, "velocity": 73}, {"time": 244, "pitch": 57, "duration": 6, "velocity": 73}, {"time": 244, "pitch": 62, "duration": 7, "velocity": 73}, {"time": 250, "pitch": 50, "duration": 7, "velocity": 73}, {"time": 256, "pitch": 53, "duration": 4, "velocity": 73}, {"time": 256, "pitch": 57, "duration": 5, "velocity": 73}, {"time": 256, "pitch": 62, "duration": 4, "velocity": 73}, {"time": 262, "pitch": 43, "duration": 41, "velocity": 73}, {"time": 268, "pitch": 55, "duration": 9, "velocity": 73}, {"time": 274, "pitch": 59, "duration": 8, "velocity": 73}, {"time": 274, "pitch": 62, "duration": 8, "velocity": 73}, {"time": 274, "pitch": 67, "duration": 8, "velocity": 73}, {"time": 280, "pitch": 55, "duration": 12, "velocity": 73}, {"time": 292, "pitch": 59, "duration": 6, "velocity": 73}, {"time": 292, "pitch": 62, "duration": 9, "velocity": 73}, {"time": 292, "pitch": 67, "duration": 7, "velocity": 73}, {"time": 298, "pitch": 55, "duration": 8, "velocity": 73}, {"time": 304, "pitch": 59, "duration": 4, "velocity": 73}, {"time": 304, "pitch": 62, "duration": 4, "velocity": 73}, {"time": 304, "pitch": 67, "duration": 4, "velocity": 73}, {"time": 310, "pitch": 48, "duration": 33, "velocity": 73}, {"time": 316, "pitch": 55, "duration": 9, "velocity": 73}, {"time": 322, "pitch": 60, "duration": 7, "velocity": 73}, {"time": 322, "pitch": 64, "duration": 7, "velocity": 73}, {"time": 322, "pitch": 67, "duration": 7, "velocity": 73}, {"time": 328, "pitch": 55, "duration": 14, "velocity": 73}, {"time": 340, "pitch": 60, "duration": 6, "velocity": 73}, {"time": 340, "pitch": 64, "duration": 7, "velocity": 73}, {"time": 340, "pitch": 67, "duration": 7, "velocity": 73}, {"time": 346, "pitch": 48, "duration": 8, "velocity": 73}, {"time": 346, "pitch": 55, "duration": 8, "velocity": 73}, {"time": 352, "pitch": 60, "duration": 3, "velocity": 73}, {"time": 352, "pitch": 64, "duration": 3, "velocity": 73}, {"time": 352, "pitch": 67, "duration": 3, "velocity": 73}, {"time": 358, "pitch": 48, "duration": 40, "velocity": 73}, {"time": 364, "pitch": 55, "duration": 10, "velocity": 73}, {"time": 370, "pitch": 60, "duration": 6, "velocity": 73}, {"time": 370, "pitch": 64, "duration": 7, "velocity": 73}, {"time": 370, "pitch": 67, "duration": 7, "velocity": 73}, {"time": 376, "pitch": 55, "duration": 12, "velocity": 73}, {"time": 388, "pitch": 60, "duration": 6, "velocity": 73}, {"time": 388, "pitch": 64, "duration": 6, "velocity": 73}, {"time": 388, "pitch": 67, "duration": 6, "velocity": 73}, {"time": 394, "pitch": 55, "duration": 3, "velocity": 73}, {"time": 400, "pitch": 60, "duration": 6, "velocity": 73}, {"time": 400, "pitch": 64, "duration": 6, "velocity": 73}, {"time": 400, "pitch": 67, "duration": 6, "velocity": 73}, {"time": 406, "pitch": 48, "duration": 43, "velocity": 73}, {"time": 412, "pitch": 55, "duration": 9, "velocity": 73}, {"time": 418, "pitch": 60, "duration": 6, "velocity": 73}, {"time": 418, "pitch": 64, "duration": 6, "velocity": 73}, {"time": 418, "pitch": 67, "duration": 6, "velocity": 73}, {"time": 424, "pitch": 55, "duration": 14, "velocity": 73}, {"time": 436, "pitch": 60, "duration": 5, "velocity": 73}, {"time": 436, "pitch": 64, "duration": 6, "velocity": 73}, {"time": 436, "pitch": 67, "duration": 7, "velocity": 73}, {"time": 442, "pitch": 55, "duration": 8, "velocity": 73}, {"time": 448, "pitch": 60, "duration": 3, "velocity": 73}, {"time": 448, "pitch": 64, "duration": 3, "velocity": 73}, {"time": 448, "pitch": 67, "duration": 3, "velocity": 73}, {"time": 454, "pitch": 48, "duration": 43, "velocity": 73}, {"time": 460, "pitch": 55, "duration": 10, "velocity": 73}, {"time": 466, "pitch": 60, "duration": 3, "velocity": 73}, {"time": 466, "pitch": 64, "duration": 3, "velocity": 73}, {"time": 466, "pitch": 67, "duration": 2, "velocity": 73}, {"time": 472, "pitch": 55, "duration": 12, "velocity": 73}, {"time": 484, "pitch": 60, "duration": 3, "velocity": 73}, {"time": 484, "pitch": 64, "duration": 5, "velocity": 73}, {"time": 484, "pitch": 67, "duration": 5, "velocity": 73}, {"time": 490, "pitch": 55, "duration": 7, "velocity": 73}, {"time": 496, "pitch": 60, "duration": 3, "velocity": 73}, {"time": 496, "pitch": 64, "duration": 3, "velocity": 73}, {"time": 496, "pitch": 67, "duration": 3, "velocity": 73}, {"time": 502, "pitch": 50, "duration": 44, "velocity": 73}, {"time": 508, "pitch": 57, "duration": 10, "velocity": 73}, {"time": 514, "pitch": 62, "duration": 6, "velocity": 73}, {"time": 514, "pitch": 65, "duration": 6, "velocity": 73}, {"time": 514, "pitch": 69, "duration": 6, "velocity": 73}, {"time": 520, "pitch": 57, "duration": 13, "velocity": 73}, {"time": 532, "pitch": 62, "duration": 7, "velocity": 73}, {"time": 532, "pitch": 65, "duration": 7, "velocity": 73}, {"time": 532, "pitch": 69, "duration": 7, "velocity": 73}, {"time": 538, "pitch": 57, "duration": 8, "velocity": 73}, {"time": 544, "pitch": 62, "duration": 3, "velocity": 73}, {"time": 544, "pitch": 65, "duration": 2, "velocity": 73}, {"time": 544, "pitch": 69, "duration": 3, "velocity": 73}, {"time": 550, "pitch": 50, "duration": 40, "velocity": 73}, {"time": 556, "pitch": 57, "duration": 9, "velocity": 73}, {"time": 562, "pitch": 62, "duration": 5, "velocity": 73}, {"time": 562, "pitch": 65, "duration": 5, "velocity": 73}, {"time": 562, "pitch": 69, "duration": 5, "velocity": 73}, {"time": 568, "pitch": 57, "duration": 12, "velocity": 73}, {"time": 580, "pitch": 62, "duration": 6, "velocity": 73}, {"time": 580, "pitch": 65, "duration": 4, "velocity": 73}, {"time": 580, "pitch": 69, "duration": 3, "velocity": 73}, {"time": 586, "pitch": 57, "duration": 6, "velocity": 73}, {"time": 592, "pitch": 62, "duration": 4, "velocity": 73}, {"time": 592, "pitch": 65, "duration": 4, "velocity": 73}, {"time": 592, "pitch": 69, "duration": 4, "velocity": 73}, {"time": 598, "pitch": 41, "duration": 19, "velocity": 73}, {"time": 604, "pitch": 53, "duration": 8, "velocity": 73}, {"time": 610, "pitch": 57, "duration": 6, "velocity": 73}, {"time": 610, "pitch": 60, "duration": 7, "velocity": 73}, {"time": 610, "pitch": 65, "duration": 7, "velocity": 73}, {"time": 616, "pitch": 53, "duration": 5, "velocity": 73}, {"time": 622, "pitch": 43, "duration": 20, "velocity": 73}, {"time": 628, "pitch": 55, "duration": 8, "velocity": 73}, {"time": 634, "pitch": 59, "duration": 5, "velocity": 73}, {"time": 634, "pitch": 62, "duration": 6, "velocity": 73}, {"time": 634, "pitch": 67, "duration": 6, "velocity": 73}, {"time": 640, "pitch": 55, "duration": 4, "velocity": 73}, {"time": 646, "pitch": 48, "duration": 41, "velocity": 73}, {"time": 652, "pitch": 55, "duration": 8, "velocity": 73}, {"time": 658, "pitch": 60, "duration": 4, "velocity": 73}, {"time": 658, "pitch": 64, "duration": 3, "velocity": 73}, {"time": 658, "pitch": 67, "duration": 4, "velocity": 73}, {"time": 664, "pitch": 55, "duration": 13, "velocity": 73}, {"time": 676, "pitch": 60, "duration": 4, "velocity": 73}, {"time": 676, "pitch": 64, "duration": 5, "velocity": 73}, {"time": 676, "pitch": 67, "duration": 6, "velocity": 73}, {"time": 682, "pitch": 55, "duration": 7, "velocity": 73}, {"time": 688, "pitch": 60, "duration": 2, "velocity": 73}, {"time": 688, "pitch": 64, "duration": 2, "velocity": 73}, {"time": 688, "pitch": 67, "duration": 2, "velocity": 73}, {"time": 694, "pitch": 45, "duration": 42, "velocity": 73}, {"time": 700, "pitch": 57, "duration": 9, "velocity": 73}, {"time": 706, "pitch": 60, "duration": 9, "velocity": 73}, {"time": 706, "pitch": 64, "duration": 11, "velocity": 73}, {"time": 706, "pitch": 69, "duration": 11, "velocity": 73}, {"time": 712, "pitch": 57, "duration": 13, "velocity": 73}, {"time": 724, "pitch": 60, "duration": 6, "velocity": 73}, {"time": 724, "pitch": 64, "duration": 6, "velocity": 73}, {"time": 724, "pitch": 69, "duration": 6, "velocity": 73}, {"time": 730, "pitch": 57, "duration": 5, "velocity": 73}, {"time": 736, "pitch": 60, "duration": 6, "velocity": 73}, {"time": 736, "pitch": 64, "duration": 6, "velocity": 73}, {"time": 736, "pitch": 69, "duration": 6, "velocity": 73}, {"time": 742, "pitch": 43, "duration": 42, "velocity": 73}, {"time": 748, "pitch": 55, "duration": 9, "velocity": 73}, {"time": 754, "pitch": 59, "duration": 6, "velocity": 73}, {"time": 754, "pitch": 62, "duration": 6, "velocity": 73}, {"time": 754, "pitch": 67, "duration": 6, "velocity": 73}, {"time": 760, "pitch": 55, "duration": 15, "velocity": 73}, {"time": 772, "pitch": 59, "duration": 6, "velocity": 73}, {"time": 772, "pitch": 62, "duration": 6, "velocity": 73}, {"time": 772, "pitch": 67, "duration": 6, "velocity": 73}, {"time": 778, "pitch": 55, "duration": 8, "velocity": 73}, {"time": 784, "pitch": 59, "duration": 3, "velocity": 73}, {"time": 784, "pitch": 62, "duration": 3, "velocity": 73}, {"time": 784, "pitch": 67, "duration": 3, "velocity": 73}, {"time": 790, "pitch": 48, "duration": 43, "velocity": 73}, {"time": 796, "pitch": 55, "duration": 9, "velocity": 73}, {"time": 802, "pitch": 60, "duration": 6, "velocity": 73}, {"time": 802, "pitch": 64, "duration": 6, "velocity": 73}, {"time": 802, "pitch": 67, "duration": 6, "velocity": 73}, {"time": 808, "pitch": 55, "duration": 14, "velocity": 73}, {"time": 820, "pitch": 60, "duration": 5, "velocity": 73}, {"time": 820, "pitch": 64, "duration": 6, "velocity": 73}, {"time": 820, "pitch": 67, "duration": 7, "velocity": 73}, {"time": 826, "pitch": 55, "duration": 8, "velocity": 73}, {"time": 832, "pitch": 60, "duration": 3, "velocity": 73}, {"time": 832, "pitch": 64, "duration": 3, "velocity": 73}, {"time": 832, "pitch": 67, "duration": 3, "velocity": 73}, {"time": 838, "pitch": 48, "duration": 43, "velocity": 73}, {"time": 844, "pitch": 55, "duration": 10, "velocity": 73}, {"time": 850, "pitch": 60, "duration": 3, "velocity": 73}, {"time": 850, "pitch": 64, "duration": 3, "velocity": 73}, {"time": 850, "pitch": 67, "duration": 2, "velocity": 73}, {"time": 856, "pitch": 55, "duration": 12, "velocity": 73}, {"time": 868, "pitch": 60, "duration": 3, "velocity": 73}, {"time": 868, "pitch": 64, "duration": 5, "velocity": 73}, {"time": 868, "pitch": 67, "duration": 5, "velocity": 73}, {"time": 874, "pitch": 55, "duration": 7, "velocity": 73}, {"time": 880, "pitch": 60, "duration": 3, "velocity": 73}, {"time": 880, "pitch": 64, "duration": 3, "velocity": 73}, {"time": 880, "pitch": 67, "duration": 3, "velocity": 73}, {"time": 886, "pitch": 50, "duration": 44, "velocity": 73}, {"time": 892, "pitch": 57, "duration": 10, "velocity": 73}, {"time": 898, "pitch": 62, "duration": 6, "velocity": 73}, {"time": 898, "pitch": 65, "duration": 6, "velocity": 73}, {"time": 898, "pitch": 69, "duration": 6, "velocity": 73}, {"time": 904, "pitch": 57, "duration": 13, "velocity": 73}, {"time": 916, "pitch": 62, "duration": 7, "velocity": 73}, {"time": 916, "pitch": 65, "duration": 7, "velocity": 73}, {"time": 916, "pitch": 69, "duration": 7, "velocity": 73}, {"time": 922, "pitch": 57, "duration": 8, "velocity": 73}, {"time": 928, "pitch": 62, "duration": 3, "velocity": 73}, {"time": 928, "pitch": 65, "duration": 2, "velocity": 73}, {"time": 928, "pitch": 69, "duration": 3, "velocity": 73}, {"time": 934, "pitch": 50, "duration": 40, "velocity": 73}, {"time": 940, "pitch": 57, "duration": 9, "velocity": 73}, {"time": 946, "pitch": 62, "duration": 5, "velocity": 73}, {"time": 946, "pitch": 65, "duration": 5, "velocity": 73}, {"time": 946, "pitch": 69, "duration": 5, "velocity": 73}, {"time": 952, "pitch": 57, "duration": 12, "velocity": 73}, {"time": 964, "pitch": 62, "duration": 6, "velocity": 73}, {"time": 964, "pitch": 65, "duration": 4, "velocity": 73}, {"time": 964, "pitch": 69, "duration": 3, "velocity": 73}, {"time": 970, "pitch": 57, "duration": 6, "velocity": 71}, {"time": 976, "pitch": 62, "duration": 4, "velocity": 71}, {"time": 976, "pitch": 65, "duration": 4, "velocity": 71}, {"time": 976, "pitch": 69, "duration": 4, "velocity": 71}, {"time": 982, "pitch": 41, "duration": 19, "velocity": 71}, {"time": 988, "pitch": 53, "duration": 8, "velocity": 71}, {"time": 994, "pitch": 57, "duration": 6, "velocity": 71}, {"time": 994, "pitch": 60, "duration": 7, "velocity": 71}, {"time": 994, "pitch": 65, "duration": 7, "velocity": 71}, {"time": 1000, "pitch": 53, "duration": 5, "velocity": 71}, {"time": 1006, "pitch": 43, "duration": 20, "velocity": 71}, {"time": 1012, "pitch": 55, "duration": 8, "velocity": 71}, {"time": 1018, "pitch": 59, "duration": 5, "velocity": 69}, {"time": 1018, "pitch": 62, "duration": 6, "velocity": 69}, {"time": 1018, "pitch": 67, "duration": 6, "velocity": 69}, {"time": 1024, "pitch": 55, "duration": 4, "velocity": 69}, {"time": 1030, "pitch": 48, "duration": 41, "velocity": 69}, {"time": 1036, "pitch": 55, "duration": 8, "velocity": 69}, {"time": 1042, "pitch": 60, "duration": 4, "velocity": 69}, {"time": 1042, "pitch": 64, "duration": 3, "velocity": 69}, {"time": 1042, "pitch": 67, "duration": 4, "velocity": 69}, {"time": 1048, "pitch": 55, "duration": 13, "velocity": 73}, {"time": 1060, "pitch": 60, "duration": 4, "velocity": 73}, {"time": 1060, "pitch": 64, "duration": 5, "velocity": 73}, {"time": 1060, "pitch": 67, "duration": 6, "velocity": 73}, {"time": 1066, "pitch": 55, "duration": 7, "velocity": 73}, {"time": 1072, "pitch": 60, "duration": 2, "velocity": 73}, {"time": 1072, "pitch": 64, "duration": 2, "velocity": 73}, {"time": 1072, "pitch": 67, "duration": 2, "velocity": 73}, {"time": 1078, "pitch": 50, "duration": 15, "velocity": 73}, {"time": 1084, "pitch": 57, "duration": 8, "velocity": 73}, {"time": 1090, "pitch": 62, "duration": 8, "velocity": 73}, {"time": 1090, "pitch": 65, "duration": 10, "velocity": 73}, {"time": 1090, "pitch": 69, "duration": 8, "velocity": 73}, {"time": 1102, "pitch": 43, "duration": 19, "velocity": 73}, {"time": 1108, "pitch": 55, "duration": 7, "velocity": 73}, {"time": 1114, "pitch": 59, "duration": 6, "velocity": 73}, {"time": 1114, "pitch": 62, "duration": 6, "velocity": 73}, {"time": 1114, "pitch": 67, "duration": 6, "velocity": 73}, {"time": 1120, "pitch": 55, "duration": 6, "velocity": 71}, {"time": 1126, "pitch": 48, "duration": 41, "velocity": 71}, {"time": 1132, "pitch": 55, "duration": 8, "velocity": 71}, {"time": 1138, "pitch": 60, "duration": 6, "velocity": 69}, {"time": 1138, "pitch": 64, "duration": 6, "velocity": 69}, {"time": 1138, "pitch": 67, "duration": 7, "velocity": 69}, {"time": 1144, "pitch": 55, "duration": 12, "velocity": 69}, {"time": 1156, "pitch": 60, "duration": 7, "velocity": 69}, {"time": 1156, "pitch": 64, "duration": 7, "velocity": 69}, {"time": 1156, "pitch": 67, "duration": 7, "velocity": 69}, {"time": 1162, "pitch": 55, "duration": 5, "velocity": 69}, {"time": 1168, "pitch": 60, "duration": 6, "velocity": 69}, {"time": 1168, "pitch": 64, "duration": 6, "velocity": 69}, {"time": 1168, "pitch": 67, "duration": 6, "velocity": 69}, {"time": 1174, "pitch": 41, "duration": 20, "velocity": 69}, {"time": 1180, "pitch": 53, "duration": 11, "velocity": 69}, {"time": 1186, "pitch": 57, "duration": 10, "velocity": 69}, {"time": 1186, "pitch": 60, "duration": 11, "velocity": 69}, {"time": 1186, "pitch": 65, "duration": 11, "velocity": 69}, {"time": 1198, "pitch": 41, "duration": 19, "velocity": 69}, {"time": 1204, "pitch": 53, "duration": 14, "velocity": 69}, {"time": 1210, "pitch": 57, "duration": 11, "velocity": 69}, {"time": 1210, "pitch": 60, "duration": 12, "velocity": 69}, {"time": 1210, "pitch": 65, "duration": 12, "velocity": 69}, {"time": 1222, "pitch": 41, "duration": 40, "velocity": 69}, {"time": 1228, "pitch": 53, "duration": 8, "velocity": 69}, {"time": 1234, "pitch": 57, "duration": 6, "velocity": 69}, {"time": 1234, "pitch": 60, "duration": 7, "velocity": 69}, {"time": 1234, "pitch": 65, "duration": 7, "velocity": 69}, {"time": 1240, "pitch": 53, "duration": 13, "velocity": 69}, {"time": 1252, "pitch": 57, "duration": 4, "velocity": 69}, {"time": 1252, "pitch": 60, "duration": 5, "velocity": 69}, {"time": 1252, "pitch": 65, "duration": 6, "velocity": 69}, {"time": 1258, "pitch": 53, "duration": 7, "velocity": 69}, {"time": 1264, "pitch": 57, "duration": 4, "velocity": 69}, {"time": 1264, "pitch": 60, "duration": 4, "velocity": 69}, {"time": 1264, "pitch": 65, "duration": 4, "velocity": 69}, {"time": 1270, "pitch": 48, "duration": 19, "velocity": 69}, {"time": 1276, "pitch": 55, "duration": 12, "velocity": 69}, {"time": 1282, "pitch": 60, "duration": 13, "velocity": 69}, {"time": 1282, "pitch": 64, "duration": 13, "velocity": 69}, {"time": 1282, "pitch": 67, "duration": 14, "velocity": 69}, {"time": 1294, "pitch": 48, "duration": 19, "velocity": 69}, {"time": 1300, "pitch": 55, "duration": 13, "velocity": 69}, {"time": 1306, "pitch": 60, "duration": 11, "velocity": 71}, {"time": 1306, "pitch": 64, "duration": 12, "velocity": 71}, {"time": 1306, "pitch": 67, "duration": 12, "velocity": 71}, {"time": 1318, "pitch": 48, "duration": 14, "velocity": 71}, {"time": 1324, "pitch": 55, "duration": 6, "velocity": 71}, {"time": 1330, "pitch": 60, "duration": 9, "velocity": 71}, {"time": 1330, "pitch": 64, "duration": 9, "velocity": 71}, {"time": 1330, "pitch": 67, "duration": 10, "velocity": 71}, {"time": 1336, "pitch": 48, "duration": 20, "velocity": 71}, {"time": 1348, "pitch": 55, "duration": 8, "velocity": 73}, {"time": 1354, "pitch": 60, "duration": 7, "velocity": 73}, {"time": 1354, "pitch": 64, "duration": 8, "velocity": 73}, {"time": 1354, "pitch": 67, "duration": 7, "velocity": 73}, {"time": 1366, "pitch": 41, "duration": 21, "velocity": 73}, {"time": 1372, "pitch": 53, "duration": 11, "velocity": 73}, {"time": 1378, "pitch": 57, "duration": 12, "velocity": 73}, {"time": 1378, "pitch": 60, "duration": 12, "velocity": 73}, {"time": 1378, "pitch": 65, "duration": 12, "velocity": 73}, {"time": 1390, "pitch": 41, "duration": 18, "velocity": 76}, {"time": 1396, "pitch": 53, "duration": 12, "velocity": 76}, {"time": 1402, "pitch": 57, "duration": 12, "velocity": 76}, {"time": 1402, "pitch": 60, "duration": 13, "velocity": 76}, {"time": 1402, "pitch": 65, "duration": 13, "velocity": 76}, {"time": 1414, "pitch": 41, "duration": 36, "velocity": 76}, {"time": 1420, "pitch": 53, "duration": 6, "velocity": 76}, {"time": 1426, "pitch": 57, "duration": 6, "velocity": 76}, {"time": 1426, "pitch": 60, "duration": 6, "velocity": 76}, {"time": 1426, "pitch": 65, "duration": 6, "velocity": 76}, {"time": 1432, "pitch": 53, "duration": 12, "velocity": 76}, {"time": 1444, "pitch": 57, "duration": 6, "velocity": 76}, {"time": 1444, "pitch": 60, "duration": 5, "velocity": 76}, {"time": 1444, "pitch": 65, "duration": 5, "velocity": 76}, {"time": 1450, "pitch": 53, "duration": 5, "velocity": 76}, {"time": 1456, "pitch": 57, "duration": 6, "velocity": 76}, {"time": 1456, "pitch": 60, "duration": 6, "velocity": 76}, {"time": 1456, "pitch": 65, "duration": 6, "velocity": 76}, {"time": 1462, "pitch": 38, "duration": 44, "velocity": 76}, {"time": 1468, "pitch": 50, "duration": 9, "velocity": 76}, {"time": 1474, "pitch": 54, "duration": 6, "velocity": 76}, {"time": 1474, "pitch": 57, "duration": 6, "velocity": 76}, {"time": 1474, "pitch": 62, "duration": 6, "velocity": 76}, {"time": 1480, "pitch": 50, "duration": 7, "velocity": 76}, {"time": 1486, "pitch": 54, "duration": 6, "velocity": 76}, {"time": 1486, "pitch": 57, "duration": 6, "velocity": 76}, {"time": 1486, "pitch": 62, "duration": 6, "velocity": 76}, {"time": 1492, "pitch": 50, "duration": 6, "velocity": 76}, {"time": 1498, "pitch": 54, "duration": 9, "velocity": 76}, {"time": 1498, "pitch": 57, "duration": 8, "velocity": 76}, {"time": 1498, "pitch": 62, "duration": 9, "velocity": 76}, {"time": 1501, "pitch": 50, "duration": 4, "velocity": 76}, {"time": 1510, "pitch": 43, "duration": 44, "velocity": 76}, {"time": 1516, "pitch": 50, "duration": 8, "velocity": 76}, {"time": 1522, "pitch": 55, "duration": 5, "velocity": 76}, {"time": 1522, "pitch": 59, "duration": 6, "velocity": 76}, {"time": 1522, "pitch": 62, "duration": 6, "velocity": 76}, {"time": 1528, "pitch": 50, "duration": 6, "velocity": 76}, {"time": 1534, "pitch": 55, "duration": 6, "velocity": 76}, {"time": 1534, "pitch": 59, "duration": 7, "velocity": 76}, {"time": 1534, "pitch": 62, "duration": 7, "velocity": 76}, {"time": 1540, "pitch": 50, "duration": 6, "velocity": 76}, {"time": 1546, "pitch": 55, "duration": 6, "velocity": 76}, {"time": 1546, "pitch": 59, "duration": 6, "velocity": 76}, {"time": 1546, "pitch": 62, "duration": 7, "velocity": 76}, {"time": 1552, "pitch": 50, "duration": 6, "velocity": 76}, {"time": 1558, "pitch": 43, "duration": 6, "velocity": 76}, {"time": 1558, "pitch": 50, "duration": 12, "velocity": 76}, {"time": 1558, "pitch": 55, "duration": 12, "velocity": 76}, {"time": 1558, "pitch": 59, "duration": 12, "velocity": 76}, {"time": 1558, "pitch": 62, "duration": 12, "velocity": 76}, {"time": 1576, "pitch": 43, "duration": 3, "velocity": 76}, {"time": 1576, "pitch": 50, "duration": 2, "velocity": 76}, {"time": 1576, "pitch": 55, "duration": 3, "velocity": 76}, {"time": 1576, "pitch": 59, "duration": 3, "velocity": 76}, {"time": 1576, "pitch": 62, "duration": 3, "velocity": 76}, {"time": 1582, "pitch": 43, "duration": 3, "velocity": 76}, {"time": 1582, "pitch": 50, "duration": 3, "velocity": 76}, {"time": 1582, "pitch": 55, "duration": 3, "velocity": 76}, {"time": 1582, "pitch": 59, "duration": 3, "velocity": 76}, {"time": 1582, "pitch": 62, "duration": 3, "velocity": 76}, {"time": 1594, "pitch": 43, "duration": 6, "velocity": 76}, {"time": 1594, "pitch": 50, "duration": 6, "velocity": 76}, {"time": 1594, "pitch": 55, "duration": 6, "velocity": 76}, {"time": 1594, "pitch": 59, "duration": 6, "velocity": 76}, {"time": 1594, "pitch": 62, "duration": 6, "velocity": 76}, {"time": 1606, "pitch": 48, "duration": 43, "velocity": 76}, {"time": 1612, "pitch": 55, "duration": 9, "velocity": 76}, {"time": 1618, "pitch": 60, "duration": 6, "velocity": 76}, {"time": 1618, "pitch": 64, "duration": 6, "velocity": 76}, {"time": 1618, "pitch": 67, "duration": 6, "velocity": 76}, {"time": 1624, "pitch": 55, "duration": 14, "velocity": 76}, {"time": 1636, "pitch": 60, "duration": 5, "velocity": 76}, {"time": 1636, "pitch": 64, "duration": 6, "velocity": 76}, {"time": 1636, "pitch": 67, "duration": 7, "velocity": 76}, {"time": 1642, "pitch": 55, "duration": 8, "velocity": 76}, {"time": 1648, "pitch": 60, "duration": 3, "velocity": 76}, {"time": 1648, "pitch": 64, "duration": 3, "velocity": 76}, {"time": 1648, "pitch": 67, "duration": 3, "velocity": 76}, {"time": 1654, "pitch": 48, "duration": 43, "velocity": 76}, {"time": 1660, "pitch": 55, "duration": 10, "velocity": 76}, {"time": 1666, "pitch": 60, "duration": 3, "velocity": 76}, {"time": 1666, "pitch": 64, "duration": 3, "velocity": 76}, {"time": 1666, "pitch": 67, "duration": 2, "velocity": 76}, {"time": 1672, "pitch": 55, "duration": 12, "velocity": 76}, {"time": 1684, "pitch": 60, "duration": 3, "velocity": 76}, {"time": 1684, "pitch": 64, "duration": 5, "velocity": 76}, {"time": 1684, "pitch": 67, "duration": 5, "velocity": 76}, {"time": 1690, "pitch": 55, "duration": 7, "velocity": 76}, {"time": 1696, "pitch": 60, "duration": 3, "velocity": 76}, {"time": 1696, "pitch": 64, "duration": 3, "velocity": 76}, {"time": 1696, "pitch": 67, "duration": 3, "velocity": 76}, {"time": 1702, "pitch": 50, "duration": 44, "velocity": 76}, {"time": 1708, "pitch": 57, "duration": 10, "velocity": 76}, {"time": 1714, "pitch": 62, "duration": 6, "velocity": 76}, {"time": 1714, "pitch": 65, "duration": 6, "velocity": 76}, {"time": 1714, "pitch": 69, "duration": 6, "velocity": 76}, {"time": 1720, "pitch": 57, "duration": 13, "velocity": 76}, {"time": 1732, "pitch": 62, "duration": 7, "velocity": 76}, {"time": 1732, "pitch": 65, "duration": 7, "velocity": 76}, {"time": 1732, "pitch": 69, "duration": 7, "velocity": 76}, {"time": 1738, "pitch": 57, "duration": 8, "velocity": 76}, {"time": 1744, "pitch": 62, "duration": 3, "velocity": 76}, {"time": 1744, "pitch": 65, "duration": 2, "velocity": 76}, {"time": 1744, "pitch": 69, "duration": 3, "velocity": 76}, {"time": 1750, "pitch": 50, "duration": 40, "velocity": 76}, {"time": 1756, "pitch": 57, "duration": 9, "velocity": 76}, {"time": 1762, "pitch": 62, "duration": 5, "velocity": 76}, {"time": 1762, "pitch": 65, "duration": 5, "velocity": 76}, {"time": 1762, "pitch": 69, "duration": 5, "velocity": 76}, {"time": 1768, "pitch": 57, "duration": 12, "velocity": 76}, {"time": 1780, "pitch": 62, "duration": 6, "velocity": 76}, {"time": 1780, "pitch": 65, "duration": 4, "velocity": 76}, {"time": 1780, "pitch": 69, "duration": 3, "velocity": 76}, {"time": 1786, "pitch": 57, "duration": 6, "velocity": 76}, {"time": 1792, "pitch": 62, "duration": 4, "velocity": 76}, {"time": 1792, "pitch": 65, "duration": 4, "velocity": 76}, {"time": 1792, "pitch": 69, "duration": 4, "velocity": 76}, {"time": 1798, "pitch": 41, "duration": 19, "velocity": 76}, {"time": 1804, "pitch": 53, "duration": 8, "velocity": 76}, {"time": 1810, "pitch": 57, "duration": 6, "velocity": 76}, {"time": 1810, "pitch": 60, "duration": 7, "velocity": 76}, {"time": 1810, "pitch": 65, "duration": 7, "velocity": 76}, {"time": 1816, "pitch": 53, "duration": 5, "velocity": 76}, {"time": 1822, "pitch": 43, "duration": 20, "velocity": 76}, {"time": 1828, "pitch": 55, "duration": 8, "velocity": 76}, {"time": 1834, "pitch": 59, "duration": 5, "velocity": 76}, {"time": 1834, "pitch": 62, "duration": 6, "velocity": 76}, {"time": 1834, "pitch": 67, "duration": 6, "velocity": 76}, {"time": 1840, "pitch": 55, "duration": 4, "velocity": 76}, {"time": 1846, "pitch": 48, "duration": 41, "velocity": 76}, {"time": 1852, "pitch": 55, "duration": 8, "velocity": 76}, {"time": 1858, "pitch": 60, "duration": 4, "velocity": 76}, {"time": 1858, "pitch": 64, "duration": 3, "velocity": 76}, {"time": 1858, "pitch": 67, "duration": 4, "velocity": 76}, {"time": 1864, "pitch": 55, "duration": 13, "velocity": 76}, {"time": 1876, "pitch": 60, "duration": 4, "velocity": 76}, {"time": 1876, "pitch": 64, "duration": 5, "velocity": 76}, {"time": 1876, "pitch": 67, "duration": 6, "velocity": 76}, {"time": 1882, "pitch": 55, "duration": 7, "velocity": 76}, {"time": 1888, "pitch": 60, "duration": 2, "velocity": 76}, {"time": 1888, "pitch": 64, "duration": 2, "velocity": 76}, {"time": 1888, "pitch": 67, "duration": 2, "velocity": 76}, {"time": 1894, "pitch": 50, "duration": 15, "velocity": 76}, {"time": 1900, "pitch": 57, "duration": 8, "velocity": 76}, {"time": 1906, "pitch": 62, "duration": 8, "velocity": 76}, {"time": 1906, "pitch": 65, "duration": 10, "velocity": 76}, {"time": 1906, "pitch": 69, "duration": 8, "velocity": 76}, {"time": 1918, "pitch": 43, "duration": 19, "velocity": 76}, {"time": 1924, "pitch": 55, "duration": 7, "velocity": 76}, {"time": 1930, "pitch": 59, "duration": 6, "velocity": 76}, {"time": 1930, "pitch": 62, "duration": 6, "velocity": 76}, {"time": 1930, "pitch": 67, "duration": 6, "velocity": 76}, {"time": 1936, "pitch": 55, "duration": 6, "velocity": 76}, {"time": 1942, "pitch": 48, "duration": 41, "velocity": 76}, {"time": 1948, "pitch": 55, "duration": 8, "velocity": 76}, {"time": 1954, "pitch": 60, "duration": 6, "velocity": 76}, {"time": 1954, "pitch": 64, "duration": 6, "velocity": 76}, {"time": 1954, "pitch": 67, "duration": 7, "velocity": 76}, {"time": 1960, "pitch": 55, "duration": 12, "velocity": 76}, {"time": 1972, "pitch": 60, "duration": 7, "velocity": 76}, {"time": 1972, "pitch": 64, "duration": 7, "velocity": 76}, {"time": 1972, "pitch": 67, "duration": 7, "velocity": 76}, {"time": 1978, "pitch": 55, "duration": 5, "velocity": 76}, {"time": 1984, "pitch": 60, "duration": 6, "velocity": 76}, {"time": 1984, "pitch": 64, "duration": 6, "velocity": 76}, {"time": 1984, "pitch": 67, "duration": 6, "velocity": 76}, {"time": 1990, "pitch": 48, "duration": 43, "velocity": 76}, {"time": 1996, "pitch": 55, "duration": 10, "velocity": 76}, {"time": 2002, "pitch": 60, "duration": 12, "velocity": 76}, {"time": 2002, "pitch": 64, "duration": 12, "velocity": 76}, {"time": 2002, "pitch": 67, "duration": 13, "velocity": 76}, {"time": 2008, "pitch": 55, "duration": 13, "velocity": 76}, {"time": 2020, "pitch": 60, "duration": 6, "velocity": 76}, {"time": 2020, "pitch": 64, "duration": 7, "velocity": 76}, {"time": 2020, "pitch": 67, "duration": 7, "velocity": 76}, {"time": 2026, "pitch": 55, "duration": 7, "velocity": 76}, {"time": 2032, "pitch": 60, "duration": 4, "velocity": 76}, {"time": 2032, "pitch": 64, "duration": 4, "velocity": 76}, {"time": 2032, "pitch": 67, "duration": 5, "velocity": 76}, {"time": 2038, "pitch": 52, "duration": 41, "velocity": 76}, {"time": 2044, "pitch": 59, "duration": 9, "velocity": 76}, {"time": 2050, "pitch": 64, "duration": 8, "velocity": 76}, {"time": 2050, "pitch": 67, "duration": 8, "velocity": 76}, {"time": 2050, "pitch": 71, "duration": 8, "velocity": 76}, {"time": 2056, "pitch": 59, "duration": 13, "velocity": 76}, {"time": 2068, "pitch": 64, "duration": 6, "velocity": 76}, {"time": 2068, "pitch": 67, "duration": 6, "velocity": 76}, {"time": 2068, "pitch": 71, "duration": 6, "velocity": 76}, {"time": 2074, "pitch": 59, "duration": 6, "velocity": 76}, {"time": 2080, "pitch": 64, "duration": 6, "velocity": 76}, {"time": 2080, "pitch": 67, "duration": 5, "velocity": 76}, {"time": 2080, "pitch": 71, "duration": 5, "velocity": 76}, {"time": 2086, "pitch": 45, "duration": 44, "velocity": 76}, {"time": 2092, "pitch": 57, "duration": 9, "velocity": 76}, {"time": 2098, "pitch": 60, "duration": 14, "velocity": 76}, {"time": 2098, "pitch": 64, "duration": 14, "velocity": 76}, {"time": 2098, "pitch": 69, "duration": 14, "velocity": 76}, {"time": 2104, "pitch": 57, "duration": 14, "velocity": 76}, {"time": 2116, "pitch": 60, "duration": 7, "velocity": 76}, {"time": 2116, "pitch": 64, "duration": 7, "velocity": 76}, {"time": 2116, "pitch": 69, "duration": 7, "velocity": 76}, {"time": 2122, "pitch": 57, "duration": 5, "velocity": 76}, {"time": 2128, "pitch": 60, "duration": 3, "velocity": 76}, {"time": 2128, "pitch": 64, "duration": 3, "velocity": 76}, {"time": 2128, "pitch": 69, "duration": 3, "velocity": 76}, {"time": 2134, "pitch": 41, "duration": 43, "velocity": 76}, {"time": 2140, "pitch": 53, "duration": 8, "velocity": 76}, {"time": 2146, "pitch": 57, "duration": 7, "velocity": 76}, {"time": 2146, "pitch": 60, "duration": 11, "velocity": 76}, {"time": 2146, "pitch": 65, "duration": 12, "velocity": 76}, {"time": 2152, "pitch": 53, "duration": 13, "velocity": 76}, {"time": 2164, "pitch": 57, "duration": 5, "velocity": 76}, {"time": 2164, "pitch": 60, "duration": 6, "velocity": 76}, {"time": 2164, "pitch": 65, "duration": 6, "velocity": 76}, {"time": 2170, "pitch": 53, "duration": 5, "velocity": 76}, {"time": 2176, "pitch": 57, "duration": 5, "velocity": 76}, {"time": 2176, "pitch": 60, "duration": 6, "velocity": 76}, {"time": 2176, "pitch": 65, "duration": 6, "velocity": 76}, {"time": 2182, "pitch": 38, "duration": 36, "velocity": 76}, {"time": 2188, "pitch": 50, "duration": 6, "velocity": 76}, {"time": 2194, "pitch": 50, "duration": 14, "velocity": 76}, {"time": 2194, "pitch": 53, "duration": 14, "velocity": 76}, {"time": 2194, "pitch": 57, "duration": 15, "velocity": 76}, {"time": 2194, "pitch": 62, "duration": 14, "velocity": 76}, {"time": 2212, "pitch": 50, "duration": 6, "velocity": 76}, {"time": 2212, "pitch": 53, "duration": 6, "velocity": 76}, {"time": 2212, "pitch": 57, "duration": 6, "velocity": 76}, {"time": 2212, "pitch": 62, "duration": 6, "velocity": 76}, {"time": 2224, "pitch": 53, "duration": 6, "velocity": 76}, {"time": 2224, "pitch": 57, "duration": 6, "velocity": 76}, {"time": 2224, "pitch": 62, "duration": 5, "velocity": 76}, {"time": 2230, "pitch": 43, "duration": 24, "velocity": 76}, {"time": 2236, "pitch": 55, "duration": 6, "velocity": 76}, {"time": 2242, "pitch": 55, "duration": 9, "velocity": 76}, {"time": 2242, "pitch": 59, "duration": 8, "velocity": 76}, {"time": 2242, "pitch": 62, "duration": 8, "velocity": 76}, {"time": 2242, "pitch": 67, "duration": 7, "velocity": 76}, {"time": 2260, "pitch": 59, "duration": 4, "velocity": 76}, {"time": 2260, "pitch": 62, "duration": 6, "velocity": 76}, {"time": 2260, "pitch": 67, "duration": 6, "velocity": 76}, {"time": 2266, "pitch": 55, "duration": 9, "velocity": 76}, {"time": 2272, "pitch": 59, "duration": 4, "velocity": 76}, {"time": 2272, "pitch": 62, "duration": 5, "velocity": 76}, {"time": 2272, "pitch": 67, "duration": 5, "velocity": 76}, {"time": 2278, "pitch": 48, "duration": 44, "velocity": 76}, {"time": 2284, "pitch": 55, "duration": 6, "velocity": 76}, {"time": 2290, "pitch": 55, "duration": 9, "velocity": 76}, {"time": 2290, "pitch": 60, "duration": 8, "velocity": 76}, {"time": 2290, "pitch": 64, "duration": 8, "velocity": 76}, {"time": 2290, "pitch": 67, "duration": 8, "velocity": 76}, {"time": 2308, "pitch": 55, "duration": 9, "velocity": 76}, {"time": 2308, "pitch": 60, "duration": 7, "velocity": 76}, {"time": 2308, "pitch": 64, "duration": 7, "velocity": 76}, {"time": 2308, "pitch": 67, "duration": 7, "velocity": 76}, {"time": 2320, "pitch": 60, "duration": 6, "velocity": 76}, {"time": 2320, "pitch": 64, "duration": 6, "velocity": 76}, {"time": 2320, "pitch": 67, "duration": 6, "velocity": 76}, {"time": 2326, "pitch": 48, "duration": 44, "velocity": 76}, {"time": 2332, "pitch": 55, "duration": 6, "velocity": 76}, {"time": 2338, "pitch": 60, "duration": 7, "velocity": 76}, {"time": 2338, "pitch": 64, "duration": 7, "velocity": 76}, {"time": 2338, "pitch": 67, "duration": 7, "velocity": 76}, {"time": 2344, "pitch": 55, "duration": 13, "velocity": 76}, {"time": 2356, "pitch": 60, "duration": 6, "velocity": 73}, {"time": 2356, "pitch": 64, "duration": 7, "velocity": 73}, {"time": 2356, "pitch": 67, "duration": 7, "velocity": 73}, {"time": 2362, "pitch": 55, "duration": 8, "velocity": 73}, {"time": 2368, "pitch": 60, "duration": 6, "velocity": 73}, {"time": 2368, "pitch": 64, "duration": 6, "velocity": 73}, {"time": 2368, "pitch": 67, "duration": 6, "velocity": 73}, {"time": 2374, "pitch": 48, "duration": 43, "velocity": 73}, {"time": 2380, "pitch": 55, "duration": 9, "velocity": 73}, {"time": 2386, "pitch": 60, "duration": 6, "velocity": 73}, {"time": 2386, "pitch": 64, "duration": 6, "velocity": 73}, {"time": 2386, "pitch": 67, "duration": 6, "velocity": 73}, {"time": 2392, "pitch": 55, "duration": 14, "velocity": 73}, {"time": 2404, "pitch": 60, "duration": 5, "velocity": 73}, {"time": 2404, "pitch": 64, "duration": 6, "velocity": 73}, {"time": 2404, "pitch": 67, "duration": 7, "velocity": 73}, {"time": 2410, "pitch": 55, "duration": 8, "velocity": 73}, {"time": 2416, "pitch": 60, "duration": 3, "velocity": 73}, {"time": 2416, "pitch": 64, "duration": 3, "velocity": 73}, {"time": 2416, "pitch": 67, "duration": 3, "velocity": 73}, {"time": 2422, "pitch": 48, "duration": 43, "velocity": 73}, {"time": 2428, "pitch": 55, "duration": 10, "velocity": 73}, {"time": 2434, "pitch": 60, "duration": 3, "velocity": 73}, {"time": 2434, "pitch": 64, "duration": 3, "velocity": 73}, {"time": 2434, "pitch": 67, "duration": 2, "velocity": 73}, {"time": 2440, "pitch": 55, "duration": 12, "velocity": 73}, {"time": 2452, "pitch": 60, "duration": 3, "velocity": 73}, {"time": 2452, "pitch": 64, "duration": 5, "velocity": 73}, {"time": 2452, "pitch": 67, "duration": 5, "velocity": 73}, {"time": 2458, "pitch": 55, "duration": 7, "velocity": 73}, {"time": 2464, "pitch": 60, "duration": 3, "velocity": 73}, {"time": 2464, "pitch": 64, "duration": 3, "velocity": 73}, {"time": 2464, "pitch": 67, "duration": 3, "velocity": 73}, {"time": 2470, "pitch": 50, "duration": 44, "velocity": 73}, {"time": 2476, "pitch": 57, "duration": 10, "velocity": 73}, {"time": 2482, "pitch": 62, "duration": 6, "velocity": 73}, {"time": 2482, "pitch": 65, "duration": 6, "velocity": 73}, {"time": 2482, "pitch": 69, "duration": 6, "velocity": 73}, {"time": 2488, "pitch": 57, "duration": 13, "velocity": 73}, {"time": 2500, "pitch": 62, "duration": 7, "velocity": 73}, {"time": 2500, "pitch": 65, "duration": 7, "velocity": 73}, {"time": 2500, "pitch": 69, "duration": 7, "velocity": 73}, {"time": 2506, "pitch": 57, "duration": 8, "velocity": 73}, {"time": 2512, "pitch": 62, "duration": 3, "velocity": 73}, {"time": 2512, "pitch": 65, "duration": 2, "velocity": 73}, {"time": 2512, "pitch": 69, "duration": 3, "velocity": 73}, {"time": 2518, "pitch": 50, "duration": 40, "velocity": 73}, {"time": 2524, "pitch": 57, "duration": 9, "velocity": 73}, {"time": 2530, "pitch": 62, "duration": 5, "velocity": 73}, {"time": 2530, "pitch": 65, "duration": 5, "velocity": 73}, {"time": 2530, "pitch": 69, "duration": 5, "velocity": 73}, {"time": 2536, "pitch": 57, "duration": 12, "velocity": 73}, {"time": 2548, "pitch": 62, "duration": 6, "velocity": 71}, {"time": 2548, "pitch": 65, "duration": 4, "velocity": 71}, {"time": 2548, "pitch": 69, "duration": 3, "velocity": 71}, {"time": 2554, "pitch": 57, "duration": 6, "velocity": 69}, {"time": 2560, "pitch": 62, "duration": 4, "velocity": 69}, {"time": 2560, "pitch": 65, "duration": 4, "velocity": 69}, {"time": 2560, "pitch": 69, "duration": 4, "velocity": 69}, {"time": 2566, "pitch": 41, "duration": 19, "velocity": 69}, {"time": 2572, "pitch": 53, "duration": 8, "velocity": 69}, {"time": 2578, "pitch": 57, "duration": 6, "velocity": 69}, {"time": 2578, "pitch": 60, "duration": 7, "velocity": 69}, {"time": 2578, "pitch": 65, "duration": 7, "velocity": 69}, {"time": 2584, "pitch": 53, "duration": 5, "velocity": 69}, {"time": 2590, "pitch": 43, "duration": 20, "velocity": 69}, {"time": 2596, "pitch": 55, "duration": 8, "velocity": 69}, {"time": 2602, "pitch": 59, "duration": 5, "velocity": 69}, {"time": 2602, "pitch": 62, "duration": 6, "velocity": 69}, {"time": 2602, "pitch": 67, "duration": 6, "velocity": 69}, {"time": 2608, "pitch": 55, "duration": 4, "velocity": 69}, {"time": 2614, "pitch": 48, "duration": 41, "velocity": 69}, {"time": 2620, "pitch": 55, "duration": 8, "velocity": 69}, {"time": 2626, "pitch": 60, "duration": 4, "velocity": 69}, {"time": 2626, "pitch": 64, "duration": 3, "velocity": 69}, {"time": 2626, "pitch": 67, "duration": 4, "velocity": 69}, {"time": 2632, "pitch": 55, "duration": 13, "velocity": 69}, {"time": 2644, "pitch": 60, "duration": 4, "velocity": 69}, {"time": 2644, "pitch": 64, "duration": 5, "velocity": 69}, {"time": 2644, "pitch": 67, "duration": 6, "velocity": 69}, {"time": 2650, "pitch": 55, "duration": 7, "velocity": 69}, {"time": 2656, "pitch": 60, "duration": 2, "velocity": 69}, {"time": 2656, "pitch": 64, "duration": 2, "velocity": 69}, {"time": 2656, "pitch": 67, "duration": 2, "velocity": 69}, {"time": 2662, "pitch": 45, "duration": 42, "velocity": 69}, {"time": 2668, "pitch": 57, "duration": 9, "velocity": 69}, {"time": 2674, "pitch": 60, "duration": 9, "velocity": 69}, {"time": 2674, "pitch": 64, "duration": 11, "velocity": 69}, {"time": 2674, "pitch": 69, "duration": 11, "velocity": 69}, {"time": 2680, "pitch": 57, "duration": 13, "velocity": 69}, {"time": 2692, "pitch": 60, "duration": 6, "velocity": 69}, {"time": 2692, "pitch": 64, "duration": 6, "velocity": 69}, {"time": 2692, "pitch": 69, "duration": 6, "velocity": 69}, {"time": 2698, "pitch": 57, "duration": 5, "velocity": 69}, {"time": 2704, "pitch": 60, "duration": 6, "velocity": 69}, {"time": 2704, "pitch": 64, "duration": 6, "velocity": 69}, {"time": 2704, "pitch": 69, "duration": 6, "velocity": 69}, {"time": 2710, "pitch": 43, "duration": 42, "velocity": 69}, {"time": 2716, "pitch": 55, "duration": 9, "velocity": 69}, {"time": 2722, "pitch": 59, "duration": 6, "velocity": 69}, {"time": 2722, "pitch": 62, "duration": 6, "velocity": 69}, {"time": 2722, "pitch": 67, "duration": 6, "velocity": 69}, {"time": 2728, "pitch": 55, "duration": 15, "velocity": 69}, {"time": 2740, "pitch": 59, "duration": 6, "velocity": 69}, {"time": 2740, "pitch": 62, "duration": 6, "velocity": 69}, {"time": 2740, "pitch": 67, "duration": 6, "velocity": 69}, {"time": 2746, "pitch": 55, "duration": 8, "velocity": 69}, {"time": 2752, "pitch": 59, "duration": 3, "velocity": 69}, {"time": 2752, "pitch": 62, "duration": 3, "velocity": 69}, {"time": 2752, "pitch": 67, "duration": 3, "velocity": 69}, {"time": 2758, "pitch": 48, "duration": 43, "velocity": 69}, {"time": 2764, "pitch": 55, "duration": 9, "velocity": 69}, {"time": 2770, "pitch": 60, "duration": 6, "velocity": 69}, {"time": 2770, "pitch": 64, "duration": 6, "velocity": 69}, {"time": 2770, "pitch": 67, "duration": 6, "velocity": 69}, {"time": 2776, "pitch": 55, "duration": 14, "velocity": 69}, {"time": 2788, "pitch": 60, "duration": 5, "velocity": 69}, {"time": 2788, "pitch": 64, "duration": 6, "velocity": 69}, {"time": 2788, "pitch": 67, "duration": 7, "velocity": 69}, {"time": 2794, "pitch": 55, "duration": 8, "velocity": 69}, {"time": 2800, "pitch": 60, "duration": 3, "velocity": 69}, {"time": 2800, "pitch": 64, "duration": 3, "velocity": 69}, {"time": 2800, "pitch": 67, "duration": 3, "velocity": 69}, {"time": 2806, "pitch": 48, "duration": 43, "velocity": 69}, {"time": 2812, "pitch": 55, "duration": 10, "velocity": 69}, {"time": 2818, "pitch": 60, "duration": 3, "velocity": 69}, {"time": 2818, "pitch": 64, "duration": 3, "velocity": 69}, {"time": 2818, "pitch": 67, "duration": 2, "velocity": 69}, {"time": 2824, "pitch": 55, "duration": 12, "velocity": 69}, {"time": 2836, "pitch": 60, "duration": 3, "velocity": 69}, {"time": 2836, "pitch": 64, "duration": 5, "velocity": 69}, {"time": 2836, "pitch": 67, "duration": 5, "velocity": 69}, {"time": 2842, "pitch": 55, "duration": 7, "velocity": 69}, {"time": 2848, "pitch": 60, "duration": 3, "velocity": 69}, {"time": 2848, "pitch": 64, "duration": 3, "velocity": 69}, {"time": 2848, "pitch": 67, "duration": 3, "velocity": 69}, {"time": 2854, "pitch": 50, "duration": 44, "velocity": 69}, {"time": 2860, "pitch": 57, "duration": 10, "velocity": 69}, {"time": 2866, "pitch": 62, "duration": 6, "velocity": 69}, {"time": 2866, "pitch": 65, "duration": 6, "velocity": 69}, {"time": 2866, "pitch": 69, "duration": 6, "velocity": 69}, {"time": 2872, "pitch": 57, "duration": 13, "velocity": 69}, {"time": 2884, "pitch": 62, "duration": 7, "velocity": 69}, {"time": 2884, "pitch": 65, "duration": 7, "velocity": 69}, {"time": 2884, "pitch": 69, "duration": 7, "velocity": 69}, {"time": 2890, "pitch": 57, "duration": 8, "velocity": 69}, {"time": 2896, "pitch": 62, "duration": 3, "velocity": 69}, {"time": 2896, "pitch": 65, "duration": 2, "velocity": 69}, {"time": 2896, "pitch": 69, "duration": 3, "velocity": 69}, {"time": 2902, "pitch": 50, "duration": 40, "velocity": 69}, {"time": 2908, "pitch": 57, "duration": 9, "velocity": 69}, {"time": 2914, "pitch": 62, "duration": 5, "velocity": 69}, {"time": 2914, "pitch": 65, "duration": 5, "velocity": 69}, {"time": 2914, "pitch": 69, "duration": 5, "velocity": 69}, {"time": 2920, "pitch": 57, "duration": 12, "velocity": 69}, {"time": 2932, "pitch": 62, "duration": 6, "velocity": 69}, {"time": 2932, "pitch": 65, "duration": 4, "velocity": 69}, {"time": 2932, "pitch": 69, "duration": 3, "velocity": 69}, {"time": 2938, "pitch": 57, "duration": 6, "velocity": 69}, {"time": 2944, "pitch": 62, "duration": 4, "velocity": 69}, {"time": 2944, "pitch": 65, "duration": 4, "velocity": 69}, {"time": 2944, "pitch": 69, "duration": 4, "velocity": 69}, {"time": 2950, "pitch": 41, "duration": 19, "velocity": 69}, {"time": 2956, "pitch": 53, "duration": 8, "velocity": 69}, {"time": 2962, "pitch": 57, "duration": 6, "velocity": 69}, {"time": 2962, "pitch": 60, "duration": 7, "velocity": 69}, {"time": 2962, "pitch": 65, "duration": 7, "velocity": 69}, {"time": 2968, "pitch": 53, "duration": 5, "velocity": 69}, {"time": 2974, "pitch": 43, "duration": 20, "velocity": 69}, {"time": 2980, "pitch": 55, "duration": 8, "velocity": 69}, {"time": 2986, "pitch": 59, "duration": 5, "velocity": 69}, {"time": 2986, "pitch": 62, "duration": 6, "velocity": 69}, {"time": 2986, "pitch": 67, "duration": 6, "velocity": 69}, {"time": 2992, "pitch": 55, "duration": 4, "velocity": 69}, {"time": 2998, "pitch": 48, "duration": 41, "velocity": 69}, {"time": 3004, "pitch": 55, "duration": 8, "velocity": 69}, {"time": 3010, "pitch": 60, "duration": 4, "velocity": 69}, {"time": 3010, "pitch": 64, "duration": 3, "velocity": 69}, {"time": 3010, "pitch": 67, "duration": 4, "velocity": 69}, {"time": 3016, "pitch": 55, "duration": 13, "velocity": 69}, {"time": 3028, "pitch": 60, "duration": 4, "velocity": 69}, {"time": 3028, "pitch": 64, "duration": 5, "velocity": 69}, {"time": 3028, "pitch": 67, "duration": 6, "velocity": 69}, {"time": 3034, "pitch": 55, "duration": 7, "velocity": 69}, {"time": 3040, "pitch": 60, "duration": 2, "velocity": 71}, {"time": 3040, "pitch": 64, "duration": 2, "velocity": 71}, {"time": 3040, "pitch": 67, "duration": 2, "velocity": 71}, {"time": 3046, "pitch": 50, "duration": 15, "velocity": 71}, {"time": 3052, "pitch": 57, "duration": 8, "velocity": 71}, {"time": 3058, "pitch": 62, "duration": 8, "velocity": 71}, {"time": 3058, "pitch": 65, "duration": 10, "velocity": 71}, {"time": 3058, "pitch": 69, "duration": 8, "velocity": 71}, {"time": 3070, "pitch": 43, "duration": 19, "velocity": 71}, {"time": 3076, "pitch": 55, "duration": 7, "velocity": 71}, {"time": 3082, "pitch": 59, "duration": 6, "velocity": 71}, {"time": 3082, "pitch": 62, "duration": 6, "velocity": 71}, {"time": 3082, "pitch": 67, "duration": 6, "velocity": 71}, {"time": 3088, "pitch": 55, "duration": 6, "velocity": 71}, {"time": 3094, "pitch": 48, "duration": 41, "velocity": 71}, {"time": 3100, "pitch": 55, "duration": 8, "velocity": 71}, {"time": 3106, "pitch": 60, "duration": 6, "velocity": 71}, {"time": 3106, "pitch": 64, "duration": 6, "velocity": 71}, {"time": 3106, "pitch": 67, "duration": 7, "velocity": 71}, {"time": 3112, "pitch": 55, "duration": 12, "velocity": 71}, {"time": 3124, "pitch": 60, "duration": 7, "velocity": 71}, {"time": 3124, "pitch": 64, "duration": 7, "velocity": 71}, {"time": 3124, "pitch": 67, "duration": 7, "velocity": 71}, {"time": 3130, "pitch": 55, "duration": 5, "velocity": 71}, {"time": 3136, "pitch": 60, "duration": 6, "velocity": 71}, {"time": 3136, "pitch": 64, "duration": 6, "velocity": 71}, {"time": 3136, "pitch": 67, "duration": 6, "velocity": 71}, {"time": 3142, "pitch": 41, "duration": 20, "velocity": 71}, {"time": 3148, "pitch": 53, "duration": 11, "velocity": 71}, {"time": 3154, "pitch": 57, "duration": 10, "velocity": 71}, {"time": 3154, "pitch": 60, "duration": 11, "velocity": 71}, {"time": 3154, "pitch": 65, "duration": 11, "velocity": 71}, {"time": 3166, "pitch": 41, "duration": 19, "velocity": 71}, {"time": 3172, "pitch": 53, "duration": 14, "velocity": 71}, {"time": 3178, "pitch": 57, "duration": 11, "velocity": 71}, {"time": 3178, "pitch": 60, "duration": 12, "velocity": 71}, {"time": 3178, "pitch": 65, "duration": 12, "velocity": 71}, {"time": 3190, "pitch": 41, "duration": 40, "velocity": 71}, {"time": 3196, "pitch": 53, "duration": 8, "velocity": 71}, {"time": 3202, "pitch": 57, "duration": 6, "velocity": 71}, {"time": 3202, "pitch": 60, "duration": 7, "velocity": 71}, {"time": 3202, "pitch": 65, "duration": 7, "velocity": 71}, {"time": 3208, "pitch": 53, "duration": 13, "velocity": 71}, {"time": 3220, "pitch": 57, "duration": 4, "velocity": 71}, {"time": 3220, "pitch": 60, "duration": 5, "velocity": 71}, {"time": 3220, "pitch": 65, "duration": 6, "velocity": 71}, {"time": 3226, "pitch": 53, "duration": 7, "velocity": 71}, {"time": 3232, "pitch": 57, "duration": 4, "velocity": 71}, {"time": 3232, "pitch": 60, "duration": 4, "velocity": 71}, {"time": 3232, "pitch": 65, "duration": 4, "velocity": 71}, {"time": 3238, "pitch": 48, "duration": 19, "velocity": 71}, {"time": 3244, "pitch": 55, "duration": 12, "velocity": 71}, {"time": 3250, "pitch": 60, "duration": 13, "velocity": 71}, {"time": 3250, "pitch": 64, "duration": 13, "velocity": 71}, {"time": 3250, "pitch": 67, "duration": 14, "velocity": 71}, {"time": 3262, "pitch": 48, "duration": 19, "velocity": 71}, {"time": 3268, "pitch": 55, "duration": 13, "velocity": 71}, {"time": 3274, "pitch": 60, "duration": 11, "velocity": 71}, {"time": 3274, "pitch": 64, "duration": 12, "velocity": 71}, {"time": 3274, "pitch": 67, "duration": 12, "velocity": 71}, {"time": 3286, "pitch": 48, "duration": 14, "velocity": 73}, {"time": 3292, "pitch": 55, "duration": 6, "velocity": 73}, {"time": 3298, "pitch": 60, "duration": 9, "velocity": 73}, {"time": 3298, "pitch": 64, "duration": 9, "velocity": 73}, {"time": 3298, "pitch": 67, "duration": 10, "velocity": 73}, {"time": 3304, "pitch": 48, "duration": 20, "velocity": 73}, {"time": 3316, "pitch": 55, "duration": 8, "velocity": 73}, {"time": 3322, "pitch": 60, "duration": 7, "velocity": 73}, {"time": 3322, "pitch": 64, "duration": 8, "velocity": 73}, {"time": 3322, "pitch": 67, "duration": 7, "velocity": 73}, {"time": 3334, "pitch": 41, "duration": 21, "velocity": 73}, {"time": 3340, "pitch": 53, "duration": 11, "velocity": 73}, {"time": 3346, "pitch": 57, "duration": 12, "velocity": 73}, {"time": 3346, "pitch": 60, "duration": 12, "velocity": 73}, {"time": 3346, "pitch": 65, "duration": 12, "velocity": 73}, {"time": 3358, "pitch": 41, "duration": 18, "velocity": 73}, {"time": 3364, "pitch": 53, "duration": 12, "velocity": 73}, {"time": 3370, "pitch": 57, "duration": 12, "velocity": 73}, {"time": 3370, "pitch": 60, "duration": 13, "velocity": 73}, {"time": 3370, "pitch": 65, "duration": 13, "velocity": 73}, {"time": 3382, "pitch": 41, "duration": 36, "velocity": 73}, {"time": 3388, "pitch": 53, "duration": 6, "velocity": 73}, {"time": 3394, "pitch": 57, "duration": 6, "velocity": 73}, {"time": 3394, "pitch": 60, "duration": 6, "velocity": 73}, {"time": 3394, "pitch": 65, "duration": 6, "velocity": 73}, {"time": 3400, "pitch": 53, "duration": 12, "velocity": 73}, {"time": 3412, "pitch": 57, "duration": 6, "velocity": 73}, {"time": 3412, "pitch": 60, "duration": 5, "velocity": 73}, {"time": 3412, "pitch": 65, "duration": 5, "velocity": 73}, {"time": 3418, "pitch": 53, "duration": 5, "velocity": 73}, {"time": 3424, "pitch": 57, "duration": 6, "velocity": 73}, {"time": 3424, "pitch": 60, "duration": 6, "velocity": 73}, {"time": 3424, "pitch": 65, "duration": 6, "velocity": 73}, {"time": 3430, "pitch": 38, "duration": 44, "velocity": 73}, {"time": 3436, "pitch": 50, "duration": 9, "velocity": 73}, {"time": 3442, "pitch": 54, "duration": 6, "velocity": 76}, {"time": 3442, "pitch": 57, "duration": 6, "velocity": 76}, {"time": 3442, "pitch": 62, "duration": 6, "velocity": 76}, {"time": 3448, "pitch": 50, "duration": 7, "velocity": 76}, {"time": 3454, "pitch": 54, "duration": 6, "velocity": 76}, {"time": 3454, "pitch": 57, "duration": 6, "velocity": 76}, {"time": 3454, "pitch": 62, "duration": 6, "velocity": 76}, {"time": 3460, "pitch": 50, "duration": 6, "velocity": 76}, {"time": 3466, "pitch": 54, "duration": 9, "velocity": 76}, {"time": 3466, "pitch": 57, "duration": 8, "velocity": 76}, {"time": 3466, "pitch": 62, "duration": 9, "velocity": 76}, {"time": 3469, "pitch": 50, "duration": 4, "velocity": 76}, {"time": 3478, "pitch": 43, "duration": 44, "velocity": 76}, {"time": 3484, "pitch": 50, "duration": 8, "velocity": 76}, {"time": 3490, "pitch": 55, "duration": 5, "velocity": 76}, {"time": 3490, "pitch": 59, "duration": 6, "velocity": 76}, {"time": 3490, "pitch": 62, "duration": 6, "velocity": 76}, {"time": 3496, "pitch": 50, "duration": 6, "velocity": 76}, {"time": 3502, "pitch": 55, "duration": 6, "velocity": 76}, {"time": 3502, "pitch": 59, "duration": 7, "velocity": 76}, {"time": 3502, "pitch": 62, "duration": 7, "velocity": 76}, {"time": 3508, "pitch": 50, "duration": 6, "velocity": 76}, {"time": 3514, "pitch": 55, "duration": 6, "velocity": 76}, {"time": 3514, "pitch": 59, "duration": 6, "velocity": 76}, {"time": 3514, "pitch": 62, "duration": 7, "velocity": 76}, {"time": 3520, "pitch": 50, "duration": 6, "velocity": 76}, {"time": 3526, "pitch": 43, "duration": 6, "velocity": 76}, {"time": 3526, "pitch": 50, "duration": 12, "velocity": 76}, {"time": 3526, "pitch": 55, "duration": 12, "velocity": 76}, {"time": 3526, "pitch": 59, "duration": 12, "velocity": 76}, {"time": 3526, "pitch": 62, "duration": 12, "velocity": 76}, {"time": 3544, "pitch": 43, "duration": 3, "velocity": 76}, {"time": 3544, "pitch": 50, "duration": 2, "velocity": 76}, {"time": 3544, "pitch": 55, "duration": 3, "velocity": 76}, {"time": 3544, "pitch": 59, "duration": 3, "velocity": 76}, {"time": 3544, "pitch": 62, "duration": 3, "velocity": 76}, {"time": 3550, "pitch": 43, "duration": 3, "velocity": 76}, {"time": 3550, "pitch": 50, "duration": 3, "velocity": 76}, {"time": 3550, "pitch": 55, "duration": 3, "velocity": 76}, {"time": 3550, "pitch": 59, "duration": 3, "velocity": 76}, {"time": 3550, "pitch": 62, "duration": 3, "velocity": 76}, {"time": 3562, "pitch": 43, "duration": 6, "velocity": 76}, {"time": 3562, "pitch": 50, "duration": 6, "velocity": 76}, {"time": 3562, "pitch": 55, "duration": 6, "velocity": 76}, {"time": 3562, "pitch": 59, "duration": 6, "velocity": 76}, {"time": 3562, "pitch": 62, "duration": 6, "velocity": 76}, {"time": 3574, "pitch": 48, "duration": 43, "velocity": 76}, {"time": 3580, "pitch": 55, "duration": 9, "velocity": 76}, {"time": 3586, "pitch": 60, "duration": 6, "velocity": 76}, {"time": 3586, "pitch": 64, "duration": 6, "velocity": 76}, {"time": 3586, "pitch": 67, "duration": 6, "velocity": 76}, {"time": 3592, "pitch": 55, "duration": 14, "velocity": 76}, {"time": 3604, "pitch": 60, "duration": 5, "velocity": 76}, {"time": 3604, "pitch": 64, "duration": 6, "velocity": 76}, {"time": 3604, "pitch": 67, "duration": 7, "velocity": 76}, {"time": 3610, "pitch": 55, "duration": 8, "velocity": 76}, {"time": 3616, "pitch": 60, "duration": 3, "velocity": 76}, {"time": 3616, "pitch": 64, "duration": 3, "velocity": 76}, {"time": 3616, "pitch": 67, "duration": 3, "velocity": 76}, {"time": 3622, "pitch": 48, "duration": 43, "velocity": 76}, {"time": 3628, "pitch": 55, "duration": 10, "velocity": 76}, {"time": 3634, "pitch": 60, "duration": 3, "velocity": 76}, {"time": 3634, "pitch": 64, "duration": 3, "velocity": 76}, {"time": 3634, "pitch": 67, "duration": 2, "velocity": 76}, {"time": 3640, "pitch": 55, "duration": 12, "velocity": 76}, {"time": 3652, "pitch": 60, "duration": 3, "velocity": 76}, {"time": 3652, "pitch": 64, "duration": 5, "velocity": 76}, {"time": 3652, "pitch": 67, "duration": 5, "velocity": 76}, {"time": 3658, "pitch": 55, "duration": 7, "velocity": 76}, {"time": 3664, "pitch": 60, "duration": 3, "velocity": 76}, {"time": 3664, "pitch": 64, "duration": 3, "velocity": 76}, {"time": 3664, "pitch": 67, "duration": 3, "velocity": 76}, {"time": 3670, "pitch": 50, "duration": 44, "velocity": 76}, {"time": 3676, "pitch": 57, "duration": 10, "velocity": 76}, {"time": 3682, "pitch": 62, "duration": 6, "velocity": 76}, {"time": 3682, "pitch": 65, "duration": 6, "velocity": 76}, {"time": 3682, "pitch": 69, "duration": 6, "velocity": 76}, {"time": 3688, "pitch": 57, "duration": 13, "velocity": 76}, {"time": 3700, "pitch": 62, "duration": 7, "velocity": 76}, {"time": 3700, "pitch": 65, "duration": 7, "velocity": 76}, {"time": 3700, "pitch": 69, "duration": 7, "velocity": 76}, {"time": 3706, "pitch": 57, "duration": 8, "velocity": 76}, {"time": 3712, "pitch": 62, "duration": 3, "velocity": 76}, {"time": 3712, "pitch": 65, "duration": 2, "velocity": 76}, {"time": 3712, "pitch": 69, "duration": 3, "velocity": 76}, {"time": 3718, "pitch": 50, "duration": 40, "velocity": 76}, {"time": 3724, "pitch": 57, "duration": 9, "velocity": 76}, {"time": 3730, "pitch": 62, "duration": 5, "velocity": 76}, {"time": 3730, "pitch": 65, "duration": 5, "velocity": 76}, {"time": 3730, "pitch": 69, "duration": 5, "velocity": 76}, {"time": 3736, "pitch": 57, "duration": 12, "velocity": 76}, {"time": 3748, "pitch": 62, "duration": 6, "velocity": 76}, {"time": 3748, "pitch": 65, "duration": 4, "velocity": 76}, {"time": 3748, "pitch": 69, "duration": 3, "velocity": 76}, {"time": 3754, "pitch": 57, "duration": 6, "velocity": 76}, {"time": 3760, "pitch": 62, "duration": 4, "velocity": 76}, {"time": 3760, "pitch": 65, "duration": 4, "velocity": 76}, {"time": 3760, "pitch": 69, "duration": 4, "velocity": 76}, {"time": 3766, "pitch": 41, "duration": 19, "velocity": 76}, {"time": 3772, "pitch": 53, "duration": 8, "velocity": 76}, {"time": 3778, "pitch": 57, "duration": 6, "velocity": 76}, {"time": 3778, "pitch": 60, "duration": 7, "velocity": 76}, {"time": 3778, "pitch": 65, "duration": 7, "velocity": 76}, {"time": 3784, "pitch": 53, "duration": 5, "velocity": 76}, {"time": 3790, "pitch": 43, "duration": 20, "velocity": 76}, {"time": 3796, "pitch": 55, "duration": 8, "velocity": 76}, {"time": 3802, "pitch": 59, "duration": 5, "velocity": 76}, {"time": 3802, "pitch": 62, "duration": 6, "velocity": 76}, {"time": 3802, "pitch": 67, "duration": 6, "velocity": 76}, {"time": 3808, "pitch": 55, "duration": 4, "velocity": 76}, {"time": 3814, "pitch": 48, "duration": 41, "velocity": 76}, {"time": 3820, "pitch": 55, "duration": 8, "velocity": 76}, {"time": 3826, "pitch": 60, "duration": 4, "velocity": 76}, {"time": 3826, "pitch": 64, "duration": 3, "velocity": 76}, {"time": 3826, "pitch": 67, "duration": 4, "velocity": 76}, {"time": 3832, "pitch": 55, "duration": 13, "velocity": 76}, {"time": 3844, "pitch": 60, "duration": 4, "velocity": 76}, {"time": 3844, "pitch": 64, "duration": 5, "velocity": 76}, {"time": 3844, "pitch": 67, "duration": 6, "velocity": 76}, {"time": 3850, "pitch": 55, "duration": 7, "velocity": 76}, {"time": 3856, "pitch": 60, "duration": 2, "velocity": 76}, {"time": 3856, "pitch": 64, "duration": 2, "velocity": 76}, {"time": 3856, "pitch": 67, "duration": 2, "velocity": 76}, {"time": 3862, "pitch": 50, "duration": 15, "velocity": 76}, {"time": 3868, "pitch": 57, "duration": 8, "velocity": 76}, {"time": 3874, "pitch": 62, "duration": 8, "velocity": 76}, {"time": 3874, "pitch": 65, "duration": 10, "velocity": 76}, {"time": 3874, "pitch": 69, "duration": 8, "velocity": 76}, {"time": 3886, "pitch": 43, "duration": 19, "velocity": 76}, {"time": 3892, "pitch": 55, "duration": 7, "velocity": 76}, {"time": 3898, "pitch": 59, "duration": 6, "velocity": 76}, {"time": 3898, "pitch": 62, "duration": 6, "velocity": 76}, {"time": 3898, "pitch": 67, "duration": 6, "velocity": 76}, {"time": 3904, "pitch": 55, "duration": 6, "velocity": 76}, {"time": 3910, "pitch": 48, "duration": 41, "velocity": 76}, {"time": 3916, "pitch": 55, "duration": 8, "velocity": 76}, {"time": 3922, "pitch": 60, "duration": 6, "velocity": 76}, {"time": 3922, "pitch": 64, "duration": 6, "velocity": 76}, {"time": 3922, "pitch": 67, "duration": 7, "velocity": 76}, {"time": 3928, "pitch": 55, "duration": 12, "velocity": 76}, {"time": 3940, "pitch": 60, "duration": 7, "velocity": 76}, {"time": 3940, "pitch": 64, "duration": 7, "velocity": 76}, {"time": 3940, "pitch": 67, "duration": 7, "velocity": 76}, {"time": 3946, "pitch": 55, "duration": 5, "velocity": 76}, {"time": 3952, "pitch": 60, "duration": 6, "velocity": 76}, {"time": 3952, "pitch": 64, "duration": 6, "velocity": 76}, {"time": 3952, "pitch": 67, "duration": 6, "velocity": 76}, {"time": 3958, "pitch": 48, "duration": 43, "velocity": 76}, {"time": 3964, "pitch": 55, "duration": 9, "velocity": 76}, {"time": 3970, "pitch": 60, "duration": 8, "velocity": 76}, {"time": 3970, "pitch": 64, "duration": 8, "velocity": 76}, {"time": 3970, "pitch": 67, "duration": 9, "velocity": 76}, {"time": 3976, "pitch": 55, "duration": 13, "velocity": 76}, {"time": 3988, "pitch": 60, "duration": 5, "velocity": 76}, {"time": 3988, "pitch": 64, "duration": 6, "velocity": 76}, {"time": 3988, "pitch": 67, "duration": 6, "velocity": 76}, {"time": 3994, "pitch": 55, "duration": 7, "velocity": 76}, {"time": 4000, "pitch": 60, "duration": 2, "velocity": 76}, {"time": 4000, "pitch": 64, "duration": 2, "velocity": 76}, {"time": 4000, "pitch": 67, "duration": 2, "velocity": 76}, {"time": 4006, "pitch": 50, "duration": 6, "velocity": 76}, {"time": 4006, "pitch": 57, "duration": 6, "velocity": 76}, {"time": 4006, "pitch": 62, "duration": 4, "velocity": 76}, {"time": 4006, "pitch": 65, "duration": 5, "velocity": 76}, {"time": 4006, "pitch": 69, "duration": 4, "velocity": 76}, {"time": 4018, "pitch": 50, "duration": 4, "velocity": 76}, {"time": 4018, "pitch": 57, "duration": 4, "velocity": 76}, {"time": 4018, "pitch": 62, "duration": 3, "velocity": 76}, {"time": 4018, "pitch": 65, "duration": 3, "velocity": 76}, {"time": 4018, "pitch": 69, "duration": 3, "velocity": 76}, {"time": 4030, "pitch": 43, "duration": 3, "velocity": 76}, {"time": 4030, "pitch": 55, "duration": 3, "velocity": 76}, {"time": 4030, "pitch": 59, "duration": 3, "velocity": 76}, {"time": 4030, "pitch": 62, "duration": 2, "velocity": 76}, {"time": 4030, "pitch": 65, "duration": 3, "velocity": 76}, {"time": 4036, "pitch": 43, "duration": 5, "velocity": 76}, {"time": 4036, "pitch": 55, "duration": 6, "velocity": 76}, {"time": 4036, "pitch": 59, "duration": 5, "velocity": 76}, {"time": 4036, "pitch": 62, "duration": 5, "velocity": 76}, {"time": 4036, "pitch": 65, "duration": 6, "velocity": 76}, {"time": 4048, "pitch": 43, "duration": 12, "velocity": 76}, {"time": 4048, "pitch": 55, "duration": 18, "velocity": 76}, {"time": 4048, "pitch": 59, "duration": 17, "velocity": 76}, {"time": 4048, "pitch": 62, "duration": 18, "velocity": 76}, {"time": 4048, "pitch": 65, "duration": 18, "velocity": 76}, {"time": 4060, "pitch": 41, "duration": 5, "velocity": 76}, {"time": 4066, "pitch": 36, "duration": 51, "velocity": 76}, {"time": 4066, "pitch": 48, "duration": 51, "velocity": 76}, {"time": 4066, "pitch": 52, "duration": 51, "velocity": 76}, {"time": 4066, "pitch": 55, "duration": 51, "velocity": 76}]}]}