{"metadata": {"schema_version": "0.2", "title": "None", "source_filename": "851.mid", "source_format": "midi"}, "resolution": 12, "tempos": [{"time": 0, "qpm": 72.00011520018433}], "time_signatures": [{"time": 0, "numerator": 1, "denominator": 4}], "tracks": [{"program": 0, "is_drum": false, "name": "MELODY", "notes": [{"time": 389, "pitch": 56, "duration": 6, "velocity": 82}, {"time": 395, "pitch": 61, "duration": 6, "velocity": 79}, {"time": 401, "pitch": 65, "duration": 16, "velocity": 85}, {"time": 419, "pitch": 68, "duration": 5, "velocity": 79}, {"time": 425, "pitch": 65, "duration": 9, "velocity": 81}, {"time": 437, "pitch": 63, "duration": 5, "velocity": 78}, {"time": 443, "pitch": 61, "duration": 4, "velocity": 81}, {"time": 449, "pitch": 61, "duration": 4, "velocity": 79}, {"time": 455, "pitch": 61, "duration": 5, "velocity": 82}, {"time": 461, "pitch": 61, "duration": 5, "velocity": 78}, {"time": 467, "pitch": 58, "duration": 4, "velocity": 78}, {"time": 473, "pitch": 56, "duration": 10, "velocity": 73}, {"time": 485, "pitch": 56, "duration": 4, "velocity": 79}, {"time": 491, "pitch": 61, "duration": 4, "velocity": 80}, {"time": 497, "pitch": 65, "duration": 17, "velocity": 81}, {"time": 515, "pitch": 68, "duration": 4, "velocity": 78}, {"time": 521, "pitch": 68, "duration": 4, "velocity": 78}, {"time": 527, "pitch": 68, "duration": 4, "velocity": 78}, {"time": 533, "pitch": 70, "duration": 4, "velocity": 79}, {"time": 539, "pitch": 68, "duration": 4, "velocity": 79}, {"time": 545, "pitch": 68, "duration": 5, "velocity": 79}, {"time": 551, "pitch": 65, "duration": 6, "velocity": 80}, {"time": 557, "pitch": 63, "duration": 6, "velocity": 77}, {"time": 563, "pitch": 61, "duration": 6, "velocity": 79}, {"time": 569, "pitch": 63, "duration": 10, "velocity": 75}, {"time": 581, "pitch": 70, "duration": 4, "velocity": 79}, {"time": 587, "pitch": 68, "duration": 6, "velocity": 80}, {"time": 593, "pitch": 65, "duration": 17, "velocity": 82}, {"time": 611, "pitch": 68, "duration": 4, "velocity": 76}, {"time": 617, "pitch": 68, "duration": 4, "velocity": 78}, {"time": 623, "pitch": 68, "duration": 5, "velocity": 79}, {"time": 629, "pitch": 70, "duration": 4, "velocity": 79}, {"time": 635, "pitch": 68, "duration": 5, "velocity": 76}, {"time": 641, "pitch": 65, "duration": 6, "velocity": 79}, {"time": 647, "pitch": 63, "duration": 6, "velocity": 76}, {"time": 653, "pitch": 61, "duration": 4, "velocity": 77}, {"time": 659, "pitch": 63, "duration": 7, "velocity": 79}, {"time": 665, "pitch": 58, "duration": 10, "velocity": 78}, {"time": 677, "pitch": 56, "duration": 4, "velocity": 80}, {"time": 683, "pitch": 58, "duration": 5, "velocity": 79}, {"time": 689, "pitch": 61, "duration": 17, "velocity": 78}, {"time": 707, "pitch": 65, "duration": 5, "velocity": 80}, {"time": 713, "pitch": 63, "duration": 12, "velocity": 78}, {"time": 725, "pitch": 65, "duration": 11, "velocity": 80}, {"time": 737, "pitch": 61, "duration": 32, "velocity": 79}, {"time": 773, "pitch": 56, "duration": 6, "velocity": 82}, {"time": 779, "pitch": 61, "duration": 6, "velocity": 79}, {"time": 785, "pitch": 65, "duration": 16, "velocity": 85}, {"time": 803, "pitch": 68, "duration": 5, "velocity": 79}, {"time": 809, "pitch": 65, "duration": 9, "velocity": 81}, {"time": 821, "pitch": 63, "duration": 5, "velocity": 78}, {"time": 827, "pitch": 61, "duration": 4, "velocity": 81}, {"time": 833, "pitch": 61, "duration": 4, "velocity": 79}, {"time": 839, "pitch": 61, "duration": 5, "velocity": 82}, {"time": 845, "pitch": 61, "duration": 5, "velocity": 78}, {"time": 851, "pitch": 58, "duration": 4, "velocity": 78}, {"time": 857, "pitch": 56, "duration": 10, "velocity": 73}, {"time": 869, "pitch": 56, "duration": 4, "velocity": 79}, {"time": 875, "pitch": 61, "duration": 4, "velocity": 80}, {"time": 881, "pitch": 65, "duration": 17, "velocity": 81}, {"time": 899, "pitch": 68, "duration": 4, "velocity": 78}, {"time": 905, "pitch": 68, "duration": 4, "velocity": 78}, {"time": 911, "pitch": 68, "duration": 4, "velocity": 78}, {"time": 917, "pitch": 70, "duration": 4, "velocity": 79}, {"time": 923, "pitch": 68, "duration": 4, "velocity": 79}, {"time": 929, "pitch": 68, "duration": 5, "velocity": 79}, {"time": 935, "pitch": 65, "duration": 6, "velocity": 80}, {"time": 941, "pitch": 63, "duration": 6, "velocity": 77}, {"time": 947, "pitch": 61, "duration": 6, "velocity": 79}, {"time": 953, "pitch": 63, "duration": 10, "velocity": 75}, {"time": 965, "pitch": 70, "duration": 4, "velocity": 79}, {"time": 971, "pitch": 68, "duration": 6, "velocity": 80}, {"time": 977, "pitch": 65, "duration": 17, "velocity": 82}, {"time": 995, "pitch": 68, "duration": 4, "velocity": 76}, {"time": 1001, "pitch": 68, "duration": 4, "velocity": 78}, {"time": 1007, "pitch": 68, "duration": 5, "velocity": 79}, {"time": 1013, "pitch": 70, "duration": 4, "velocity": 79}, {"time": 1019, "pitch": 68, "duration": 5, "velocity": 76}, {"time": 1025, "pitch": 65, "duration": 6, "velocity": 79}, {"time": 1031, "pitch": 63, "duration": 6, "velocity": 76}, {"time": 1037, "pitch": 61, "duration": 4, "velocity": 77}, {"time": 1043, "pitch": 63, "duration": 7, "velocity": 79}, {"time": 1049, "pitch": 58, "duration": 10, "velocity": 78}, {"time": 1061, "pitch": 56, "duration": 4, "velocity": 80}, {"time": 1067, "pitch": 58, "duration": 5, "velocity": 79}, {"time": 1073, "pitch": 61, "duration": 17, "velocity": 78}, {"time": 1091, "pitch": 65, "duration": 5, "velocity": 80}, {"time": 1097, "pitch": 63, "duration": 12, "velocity": 78}, {"time": 1109, "pitch": 65, "duration": 11, "velocity": 80}, {"time": 1121, "pitch": 61, "duration": 32, "velocity": 79}, {"time": 1157, "pitch": 65, "duration": 5, "velocity": 85}, {"time": 1163, "pitch": 68, "duration": 5, "velocity": 78}, {"time": 1169, "pitch": 73, "duration": 16, "velocity": 80}, {"time": 1187, "pitch": 73, "duration": 4, "velocity": 80}, {"time": 1193, "pitch": 72, "duration": 9, "velocity": 81}, {"time": 1205, "pitch": 70, "duration": 5, "velocity": 80}, {"time": 1211, "pitch": 68, "duration": 5, "velocity": 82}, {"time": 1217, "pitch": 70, "duration": 5, "velocity": 80}, {"time": 1223, "pitch": 73, "duration": 4, "velocity": 80}, {"time": 1229, "pitch": 65, "duration": 5, "velocity": 78}, {"time": 1235, "pitch": 63, "duration": 5, "velocity": 79}, {"time": 1241, "pitch": 61, "duration": 11, "velocity": 80}, {"time": 1253, "pitch": 61, "duration": 4, "velocity": 79}, {"time": 1259, "pitch": 61, "duration": 4, "velocity": 79}, {"time": 1265, "pitch": 61, "duration": 4, "velocity": 82}, {"time": 1271, "pitch": 73, "duration": 11, "velocity": 79}, {"time": 1283, "pitch": 70, "duration": 5, "velocity": 77}, {"time": 1289, "pitch": 68, "duration": 5, "velocity": 78}, {"time": 1295, "pitch": 65, "duration": 5, "velocity": 79}, {"time": 1301, "pitch": 63, "duration": 5, "velocity": 79}, {"time": 1307, "pitch": 61, "duration": 4, "velocity": 80}, {"time": 1313, "pitch": 63, "duration": 31, "velocity": 79}, {"time": 1349, "pitch": 65, "duration": 5, "velocity": 85}, {"time": 1355, "pitch": 68, "duration": 5, "velocity": 78}, {"time": 1361, "pitch": 73, "duration": 16, "velocity": 80}, {"time": 1379, "pitch": 73, "duration": 4, "velocity": 80}, {"time": 1385, "pitch": 72, "duration": 9, "velocity": 81}, {"time": 1397, "pitch": 70, "duration": 5, "velocity": 80}, {"time": 1403, "pitch": 68, "duration": 5, "velocity": 82}, {"time": 1409, "pitch": 70, "duration": 5, "velocity": 80}, {"time": 1415, "pitch": 73, "duration": 4, "velocity": 80}, {"time": 1421, "pitch": 65, "duration": 5, "velocity": 78}, {"time": 1427, "pitch": 63, "duration": 5, "velocity": 79}, {"time": 1433, "pitch": 61, "duration": 11, "velocity": 80}, {"time": 1445, "pitch": 61, "duration": 4, "velocity": 79}, {"time": 1451, "pitch": 61, "duration": 4, "velocity": 79}, {"time": 1457, "pitch": 61, "duration": 4, "velocity": 82}, {"time": 1463, "pitch": 73, "duration": 11, "velocity": 79}, {"time": 1475, "pitch": 70, "duration": 5, "velocity": 77}, {"time": 1481, "pitch": 68, "duration": 5, "velocity": 78}, {"time": 1487, "pitch": 65, "duration": 5, "velocity": 79}, {"time": 1493, "pitch": 63, "duration": 5, "velocity": 79}, {"time": 1499, "pitch": 61, "duration": 4, "velocity": 80}, {"time": 1505, "pitch": 61, "duration": 31, "velocity": 79}, {"time": 1925, "pitch": 56, "duration": 6, "velocity": 82}, {"time": 1931, "pitch": 61, "duration": 6, "velocity": 79}, {"time": 1937, "pitch": 65, "duration": 16, "velocity": 85}, {"time": 1955, "pitch": 68, "duration": 5, "velocity": 79}, {"time": 1961, "pitch": 65, "duration": 9, "velocity": 81}, {"time": 1973, "pitch": 63, "duration": 5, "velocity": 78}, {"time": 1979, "pitch": 61, "duration": 4, "velocity": 81}, {"time": 1985, "pitch": 61, "duration": 4, "velocity": 79}, {"time": 1991, "pitch": 61, "duration": 5, "velocity": 82}, {"time": 1997, "pitch": 61, "duration": 5, "velocity": 78}, {"time": 2003, "pitch": 58, "duration": 4, "velocity": 78}, {"time": 2009, "pitch": 56, "duration": 10, "velocity": 73}, {"time": 2021, "pitch": 56, "duration": 4, "velocity": 79}, {"time": 2027, "pitch": 61, "duration": 4, "velocity": 80}, {"time": 2033, "pitch": 65, "duration": 17, "velocity": 81}, {"time": 2051, "pitch": 68, "duration": 4, "velocity": 78}, {"time": 2057, "pitch": 68, "duration": 4, "velocity": 78}, {"time": 2063, "pitch": 68, "duration": 4, "velocity": 78}, {"time": 2069, "pitch": 70, "duration": 4, "velocity": 79}, {"time": 2075, "pitch": 68, "duration": 4, "velocity": 79}, {"time": 2081, "pitch": 68, "duration": 5, "velocity": 79}, {"time": 2087, "pitch": 65, "duration": 6, "velocity": 80}, {"time": 2093, "pitch": 63, "duration": 6, "velocity": 77}, {"time": 2099, "pitch": 61, "duration": 6, "velocity": 79}, {"time": 2105, "pitch": 63, "duration": 10, "velocity": 75}, {"time": 2117, "pitch": 70, "duration": 4, "velocity": 79}, {"time": 2123, "pitch": 68, "duration": 6, "velocity": 80}, {"time": 2129, "pitch": 65, "duration": 17, "velocity": 82}, {"time": 2147, "pitch": 68, "duration": 4, "velocity": 76}, {"time": 2153, "pitch": 68, "duration": 4, "velocity": 78}, {"time": 2159, "pitch": 68, "duration": 5, "velocity": 79}, {"time": 2165, "pitch": 70, "duration": 4, "velocity": 79}, {"time": 2171, "pitch": 68, "duration": 5, "velocity": 76}, {"time": 2177, "pitch": 65, "duration": 6, "velocity": 79}, {"time": 2183, "pitch": 63, "duration": 6, "velocity": 76}, {"time": 2189, "pitch": 61, "duration": 4, "velocity": 77}, {"time": 2195, "pitch": 63, "duration": 7, "velocity": 79}, {"time": 2201, "pitch": 58, "duration": 10, "velocity": 78}, {"time": 2213, "pitch": 56, "duration": 4, "velocity": 80}, {"time": 2219, "pitch": 58, "duration": 5, "velocity": 79}, {"time": 2225, "pitch": 61, "duration": 17, "velocity": 78}, {"time": 2243, "pitch": 65, "duration": 5, "velocity": 80}, {"time": 2249, "pitch": 63, "duration": 12, "velocity": 78}, {"time": 2261, "pitch": 65, "duration": 11, "velocity": 80}, {"time": 2273, "pitch": 61, "duration": 32, "velocity": 79}, {"time": 2309, "pitch": 65, "duration": 5, "velocity": 85}, {"time": 2315, "pitch": 68, "duration": 5, "velocity": 78}, {"time": 2321, "pitch": 73, "duration": 16, "velocity": 80}, {"time": 2339, "pitch": 73, "duration": 4, "velocity": 80}, {"time": 2345, "pitch": 72, "duration": 9, "velocity": 81}, {"time": 2357, "pitch": 70, "duration": 5, "velocity": 80}, {"time": 2363, "pitch": 68, "duration": 5, "velocity": 82}, {"time": 2369, "pitch": 70, "duration": 5, "velocity": 80}, {"time": 2375, "pitch": 73, "duration": 4, "velocity": 80}, {"time": 2381, "pitch": 65, "duration": 5, "velocity": 78}, {"time": 2387, "pitch": 63, "duration": 5, "velocity": 79}, {"time": 2393, "pitch": 61, "duration": 11, "velocity": 80}, {"time": 2405, "pitch": 61, "duration": 4, "velocity": 79}, {"time": 2411, "pitch": 61, "duration": 4, "velocity": 79}, {"time": 2417, "pitch": 61, "duration": 4, "velocity": 82}, {"time": 2423, "pitch": 73, "duration": 11, "velocity": 79}, {"time": 2435, "pitch": 70, "duration": 5, "velocity": 77}, {"time": 2441, "pitch": 68, "duration": 5, "velocity": 78}, {"time": 2447, "pitch": 65, "duration": 5, "velocity": 79}, {"time": 2453, "pitch": 63, "duration": 5, "velocity": 79}, {"time": 2459, "pitch": 61, "duration": 4, "velocity": 80}, {"time": 2465, "pitch": 63, "duration": 31, "velocity": 79}, {"time": 2501, "pitch": 65, "duration": 5, "velocity": 85}, {"time": 2507, "pitch": 68, "duration": 5, "velocity": 78}, {"time": 2513, "pitch": 73, "duration": 16, "velocity": 80}, {"time": 2531, "pitch": 73, "duration": 4, "velocity": 80}, {"time": 2537, "pitch": 72, "duration": 9, "velocity": 81}, {"time": 2549, "pitch": 70, "duration": 5, "velocity": 80}, {"time": 2555, "pitch": 68, "duration": 5, "velocity": 82}, {"time": 2561, "pitch": 70, "duration": 5, "velocity": 80}, {"time": 2567, "pitch": 73, "duration": 4, "velocity": 80}, {"time": 2573, "pitch": 65, "duration": 5, "velocity": 78}, {"time": 2579, "pitch": 63, "duration": 5, "velocity": 79}, {"time": 2585, "pitch": 61, "duration": 11, "velocity": 80}, {"time": 2597, "pitch": 61, "duration": 4, "velocity": 79}, {"time": 2603, "pitch": 61, "duration": 4, "velocity": 79}, {"time": 2609, "pitch": 61, "duration": 4, "velocity": 82}, {"time": 2615, "pitch": 73, "duration": 11, "velocity": 79}, {"time": 2627, "pitch": 70, "duration": 5, "velocity": 77}, {"time": 2633, "pitch": 68, "duration": 5, "velocity": 78}, {"time": 2639, "pitch": 65, "duration": 5, "velocity": 79}, {"time": 2645, "pitch": 63, "duration": 5, "velocity": 79}, {"time": 2651, "pitch": 61, "duration": 4, "velocity": 80}, {"time": 2657, "pitch": 61, "duration": 31, "velocity": 79}, {"time": 2693, "pitch": 65, "duration": 5, "velocity": 85}, {"time": 2699, "pitch": 68, "duration": 5, "velocity": 78}, {"time": 2705, "pitch": 73, "duration": 16, "velocity": 80}, {"time": 2723, "pitch": 73, "duration": 4, "velocity": 80}, {"time": 2729, "pitch": 72, "duration": 9, "velocity": 81}, {"time": 2741, "pitch": 70, "duration": 5, "velocity": 80}, {"time": 2747, "pitch": 68, "duration": 5, "velocity": 82}, {"time": 2753, "pitch": 70, "duration": 5, "velocity": 80}, {"time": 2759, "pitch": 73, "duration": 4, "velocity": 80}, {"time": 2765, "pitch": 65, "duration": 5, "velocity": 78}, {"time": 2771, "pitch": 63, "duration": 5, "velocity": 79}, {"time": 2777, "pitch": 61, "duration": 11, "velocity": 80}, {"time": 2789, "pitch": 61, "duration": 4, "velocity": 79}, {"time": 2795, "pitch": 61, "duration": 4, "velocity": 79}, {"time": 2801, "pitch": 61, "duration": 4, "velocity": 82}, {"time": 2807, "pitch": 73, "duration": 12, "velocity": 79}, {"time": 2822, "pitch": 70, "duration": 7, "velocity": 78}, {"time": 2830, "pitch": 68, "duration": 9, "velocity": 70}, {"time": 2839, "pitch": 65, "duration": 8, "velocity": 82}, {"time": 2846, "pitch": 63, "duration": 35, "velocity": 82}, {"time": 2881, "pitch": 61, "duration": 6, "velocity": 79}, {"time": 2889, "pitch": 61, "duration": 24, "velocity": 82}]}, {"program": 0, "is_drum": false, "name": "BRIDGE", "notes": [{"time": 4, "pitch": 65, "duration": 6, "velocity": 76}, {"time": 10, "pitch": 68, "duration": 7, "velocity": 82}, {"time": 16, "pitch": 73, "duration": 17, "velocity": 84}, {"time": 35, "pitch": 70, "duration": 5, "velocity": 83}, {"time": 40, "pitch": 73, "duration": 10, "velocity": 82}, {"time": 52, "pitch": 73, "duration": 5, "velocity": 80}, {"time": 57, "pitch": 72, "duration": 4, "velocity": 83}, {"time": 61, "pitch": 70, "duration": 4, "velocity": 83}, {"time": 65, "pitch": 72, "duration": 17, "velocity": 87}, {"time": 82, "pitch": 68, "duration": 3, "velocity": 79}, {"time": 85, "pitch": 70, "duration": 3, "velocity": 78}, {"time": 88, "pitch": 68, "duration": 23, "velocity": 84}, {"time": 113, "pitch": 70, "duration": 11, "velocity": 82}, {"time": 125, "pitch": 68, "duration": 6, "velocity": 80}, {"time": 131, "pitch": 66, "duration": 4, "velocity": 87}, {"time": 137, "pitch": 66, "duration": 6, "velocity": 80}, {"time": 143, "pitch": 65, "duration": 12, "velocity": 82}, {"time": 155, "pitch": 63, "duration": 6, "velocity": 83}, {"time": 161, "pitch": 65, "duration": 24, "velocity": 80}, {"time": 185, "pitch": 61, "duration": 7, "velocity": 80}, {"time": 191, "pitch": 63, "duration": 6, "velocity": 80}, {"time": 197, "pitch": 65, "duration": 7, "velocity": 80}, {"time": 203, "pitch": 68, "duration": 6, "velocity": 79}, {"time": 209, "pitch": 70, "duration": 5, "velocity": 79}, {"time": 215, "pitch": 73, "duration": 7, "velocity": 84}, {"time": 221, "pitch": 75, "duration": 6, "velocity": 92}, {"time": 227, "pitch": 77, "duration": 4, "velocity": 83}, {"time": 233, "pitch": 77, "duration": 17, "velocity": 84}, {"time": 251, "pitch": 75, "duration": 3, "velocity": 84}, {"time": 254, "pitch": 77, "duration": 3, "velocity": 79}, {"time": 257, "pitch": 75, "duration": 11, "velocity": 89}, {"time": 257, "pitch": 80, "duration": 12, "velocity": 81}, {"time": 269, "pitch": 77, "duration": 35, "velocity": 79}, {"time": 275, "pitch": 73, "duration": 3, "velocity": 79}, {"time": 278, "pitch": 75, "duration": 3, "velocity": 79}, {"time": 281, "pitch": 73, "duration": 21, "velocity": 79}, {"time": 305, "pitch": 80, "duration": 13, "velocity": 71}, {"time": 311, "pitch": 68, "duration": 5, "velocity": 77}, {"time": 317, "pitch": 66, "duration": 7, "velocity": 83}, {"time": 317, "pitch": 78, "duration": 12, "velocity": 74}, {"time": 323, "pitch": 65, "duration": 6, "velocity": 85}, {"time": 329, "pitch": 63, "duration": 19, "velocity": 79}, {"time": 329, "pitch": 75, "duration": 20, "velocity": 72}, {"time": 329, "pitch": 80, "duration": 20, "velocity": 72}, {"time": 347, "pitch": 61, "duration": 3, "velocity": 76}, {"time": 347, "pitch": 78, "duration": 6, "velocity": 70}, {"time": 350, "pitch": 63, "duration": 3, "velocity": 73}, {"time": 353, "pitch": 61, "duration": 41, "velocity": 85}, {"time": 353, "pitch": 73, "duration": 46, "velocity": 69}, {"time": 353, "pitch": 77, "duration": 46, "velocity": 72}, {"time": 785, "pitch": 61, "duration": 40, "velocity": 59}, {"time": 785, "pitch": 65, "duration": 40, "velocity": 71}, {"time": 833, "pitch": 61, "duration": 12, "velocity": 71}, {"time": 845, "pitch": 58, "duration": 12, "velocity": 68}, {"time": 857, "pitch": 56, "duration": 22, "velocity": 72}, {"time": 881, "pitch": 65, "duration": 36, "velocity": 77}, {"time": 917, "pitch": 68, "duration": 6, "velocity": 69}, {"time": 923, "pitch": 70, "duration": 7, "velocity": 74}, {"time": 929, "pitch": 68, "duration": 19, "velocity": 72}, {"time": 947, "pitch": 65, "duration": 6, "velocity": 74}, {"time": 953, "pitch": 63, "duration": 7, "velocity": 72}, {"time": 959, "pitch": 65, "duration": 6, "velocity": 78}, {"time": 965, "pitch": 66, "duration": 6, "velocity": 79}, {"time": 971, "pitch": 68, "duration": 7, "velocity": 70}, {"time": 977, "pitch": 70, "duration": 24, "velocity": 78}, {"time": 1013, "pitch": 68, "duration": 11, "velocity": 76}, {"time": 1025, "pitch": 70, "duration": 30, "velocity": 68}, {"time": 1055, "pitch": 72, "duration": 6, "velocity": 79}, {"time": 1061, "pitch": 73, "duration": 13, "velocity": 79}, {"time": 1073, "pitch": 68, "duration": 13, "velocity": 65}, {"time": 1085, "pitch": 66, "duration": 12, "velocity": 71}, {"time": 1097, "pitch": 63, "duration": 21, "velocity": 64}, {"time": 1121, "pitch": 61, "duration": 10, "velocity": 67}, {"time": 1121, "pitch": 65, "duration": 11, "velocity": 73}, {"time": 1133, "pitch": 61, "duration": 9, "velocity": 74}, {"time": 1133, "pitch": 66, "duration": 10, "velocity": 74}, {"time": 1145, "pitch": 61, "duration": 10, "velocity": 74}, {"time": 1145, "pitch": 65, "duration": 10, "velocity": 79}, {"time": 1157, "pitch": 65, "duration": 5, "velocity": 77}, {"time": 1157, "pitch": 68, "duration": 6, "velocity": 73}, {"time": 1163, "pitch": 63, "duration": 6, "velocity": 66}, {"time": 1163, "pitch": 66, "duration": 6, "velocity": 66}, {"time": 1169, "pitch": 73, "duration": 23, "velocity": 78}, {"time": 1193, "pitch": 72, "duration": 13, "velocity": 76}, {"time": 1205, "pitch": 68, "duration": 10, "velocity": 78}, {"time": 1217, "pitch": 66, "duration": 20, "velocity": 69}, {"time": 1217, "pitch": 70, "duration": 20, "velocity": 78}, {"time": 1241, "pitch": 73, "duration": 11, "velocity": 73}, {"time": 1241, "pitch": 77, "duration": 12, "velocity": 79}, {"time": 1253, "pitch": 75, "duration": 6, "velocity": 78}, {"time": 1259, "pitch": 73, "duration": 5, "velocity": 78}, {"time": 1265, "pitch": 73, "duration": 22, "velocity": 76}, {"time": 1289, "pitch": 72, "duration": 11, "velocity": 76}, {"time": 1301, "pitch": 68, "duration": 10, "velocity": 71}, {"time": 1313, "pitch": 68, "duration": 19, "velocity": 73}, {"time": 1331, "pitch": 73, "duration": 6, "velocity": 73}, {"time": 1337, "pitch": 72, "duration": 6, "velocity": 78}, {"time": 1343, "pitch": 73, "duration": 6, "velocity": 80}, {"time": 1349, "pitch": 75, "duration": 10, "velocity": 81}, {"time": 1361, "pitch": 73, "duration": 24, "velocity": 80}, {"time": 1385, "pitch": 72, "duration": 12, "velocity": 79}, {"time": 1397, "pitch": 68, "duration": 10, "velocity": 73}, {"time": 1409, "pitch": 70, "duration": 21, "velocity": 76}, {"time": 1433, "pitch": 73, "duration": 12, "velocity": 78}, {"time": 1445, "pitch": 68, "duration": 9, "velocity": 71}, {"time": 1457, "pitch": 70, "duration": 22, "velocity": 73}, {"time": 1457, "pitch": 73, "duration": 21, "velocity": 75}, {"time": 1481, "pitch": 72, "duration": 11, "velocity": 77}, {"time": 1493, "pitch": 68, "duration": 10, "velocity": 78}, {"time": 1505, "pitch": 68, "duration": 17, "velocity": 73}, {"time": 1505, "pitch": 73, "duration": 19, "velocity": 78}, {"time": 1523, "pitch": 75, "duration": 6, "velocity": 76}, {"time": 1529, "pitch": 73, "duration": 20, "velocity": 72}, {"time": 1529, "pitch": 77, "duration": 20, "velocity": 79}, {"time": 1547, "pitch": 65, "duration": 3, "velocity": 92}, {"time": 1550, "pitch": 68, "duration": 3, "velocity": 80}, {"time": 1553, "pitch": 68, "duration": 18, "velocity": 80}, {"time": 1553, "pitch": 73, "duration": 18, "velocity": 85}, {"time": 1574, "pitch": 68, "duration": 2, "velocity": 80}, {"time": 1577, "pitch": 68, "duration": 5, "velocity": 79}, {"time": 1583, "pitch": 73, "duration": 2, "velocity": 82}, {"time": 1586, "pitch": 73, "duration": 9, "velocity": 80}, {"time": 1595, "pitch": 75, "duration": 5, "velocity": 92}, {"time": 1601, "pitch": 73, "duration": 18, "velocity": 87}, {"time": 1622, "pitch": 73, "duration": 17, "velocity": 78}, {"time": 1649, "pitch": 68, "duration": 9, "velocity": 78}, {"time": 1649, "pitch": 77, "duration": 24, "velocity": 79}, {"time": 1661, "pitch": 68, "duration": 3, "velocity": 82}, {"time": 1664, "pitch": 66, "duration": 3, "velocity": 76}, {"time": 1667, "pitch": 66, "duration": 2, "velocity": 79}, {"time": 1670, "pitch": 65, "duration": 2, "velocity": 89}, {"time": 1673, "pitch": 63, "duration": 5, "velocity": 85}, {"time": 1673, "pitch": 80, "duration": 6, "velocity": 79}, {"time": 1679, "pitch": 63, "duration": 2, "velocity": 78}, {"time": 1679, "pitch": 78, "duration": 6, "velocity": 79}, {"time": 1682, "pitch": 61, "duration": 6, "velocity": 78}, {"time": 1685, "pitch": 80, "duration": 6, "velocity": 79}, {"time": 1691, "pitch": 63, "duration": 3, "velocity": 79}, {"time": 1691, "pitch": 85, "duration": 6, "velocity": 79}, {"time": 1694, "pitch": 65, "duration": 3, "velocity": 79}, {"time": 1697, "pitch": 63, "duration": 18, "velocity": 84}, {"time": 1697, "pitch": 84, "duration": 24, "velocity": 79}, {"time": 1715, "pitch": 60, "duration": 3, "velocity": 78}, {"time": 1718, "pitch": 58, "duration": 3, "velocity": 76}, {"time": 1721, "pitch": 57, "duration": 6, "velocity": 82}, {"time": 1727, "pitch": 60, "duration": 2, "velocity": 80}, {"time": 1727, "pitch": 82, "duration": 6, "velocity": 79}, {"time": 1730, "pitch": 63, "duration": 3, "velocity": 78}, {"time": 1733, "pitch": 66, "duration": 3, "velocity": 71}, {"time": 1733, "pitch": 84, "duration": 6, "velocity": 79}, {"time": 1736, "pitch": 69, "duration": 3, "velocity": 79}, {"time": 1739, "pitch": 72, "duration": 3, "velocity": 76}, {"time": 1739, "pitch": 77, "duration": 6, "velocity": 79}, {"time": 1742, "pitch": 65, "duration": 2, "velocity": 79}, {"time": 1745, "pitch": 73, "duration": 15, "velocity": 80}, {"time": 1745, "pitch": 85, "duration": 6, "velocity": 79}, {"time": 1751, "pitch": 84, "duration": 6, "velocity": 79}, {"time": 1757, "pitch": 85, "duration": 18, "velocity": 79}, {"time": 1763, "pitch": 73, "duration": 3, "velocity": 85}, {"time": 1766, "pitch": 75, "duration": 3, "velocity": 79}, {"time": 1769, "pitch": 73, "duration": 12, "velocity": 87}, {"time": 1775, "pitch": 82, "duration": 6, "velocity": 79}, {"time": 1781, "pitch": 72, "duration": 3, "velocity": 85}, {"time": 1781, "pitch": 84, "duration": 6, "velocity": 79}, {"time": 1784, "pitch": 73, "duration": 3, "velocity": 80}, {"time": 1787, "pitch": 75, "duration": 3, "velocity": 85}, {"time": 1787, "pitch": 85, "duration": 6, "velocity": 79}, {"time": 1790, "pitch": 73, "duration": 3, "velocity": 81}, {"time": 1793, "pitch": 77, "duration": 12, "velocity": 84}, {"time": 1793, "pitch": 89, "duration": 24, "velocity": 79}, {"time": 1805, "pitch": 75, "duration": 6, "velocity": 89}, {"time": 1811, "pitch": 73, "duration": 6, "velocity": 85}, {"time": 1817, "pitch": 70, "duration": 24, "velocity": 81}, {"time": 1817, "pitch": 75, "duration": 12, "velocity": 79}, {"time": 1829, "pitch": 73, "duration": 12, "velocity": 79}, {"time": 1847, "pitch": 70, "duration": 4, "velocity": 72}, {"time": 1847, "pitch": 73, "duration": 4, "velocity": 74}, {"time": 1853, "pitch": 70, "duration": 9, "velocity": 77}, {"time": 1853, "pitch": 73, "duration": 9, "velocity": 79}, {"time": 1853, "pitch": 82, "duration": 13, "velocity": 72}, {"time": 1859, "pitch": 66, "duration": 6, "velocity": 80}, {"time": 1865, "pitch": 68, "duration": 6, "velocity": 79}, {"time": 1865, "pitch": 85, "duration": 12, "velocity": 77}, {"time": 1871, "pitch": 66, "duration": 6, "velocity": 75}, {"time": 1877, "pitch": 65, "duration": 6, "velocity": 80}, {"time": 1877, "pitch": 87, "duration": 12, "velocity": 79}, {"time": 1883, "pitch": 63, "duration": 7, "velocity": 80}, {"time": 1889, "pitch": 61, "duration": 38, "velocity": 87}, {"time": 1889, "pitch": 80, "duration": 44, "velocity": 65}, {"time": 1889, "pitch": 85, "duration": 44, "velocity": 75}, {"time": 1937, "pitch": 61, "duration": 40, "velocity": 59}, {"time": 1937, "pitch": 65, "duration": 40, "velocity": 71}, {"time": 1985, "pitch": 61, "duration": 12, "velocity": 71}, {"time": 1997, "pitch": 58, "duration": 12, "velocity": 68}, {"time": 2009, "pitch": 56, "duration": 22, "velocity": 72}, {"time": 2033, "pitch": 65, "duration": 36, "velocity": 77}, {"time": 2069, "pitch": 68, "duration": 6, "velocity": 69}, {"time": 2075, "pitch": 70, "duration": 7, "velocity": 74}, {"time": 2081, "pitch": 68, "duration": 19, "velocity": 72}, {"time": 2099, "pitch": 65, "duration": 6, "velocity": 74}, {"time": 2105, "pitch": 63, "duration": 7, "velocity": 72}, {"time": 2111, "pitch": 65, "duration": 6, "velocity": 78}, {"time": 2117, "pitch": 66, "duration": 6, "velocity": 79}, {"time": 2123, "pitch": 68, "duration": 7, "velocity": 70}, {"time": 2129, "pitch": 70, "duration": 24, "velocity": 78}, {"time": 2165, "pitch": 68, "duration": 11, "velocity": 76}, {"time": 2177, "pitch": 70, "duration": 30, "velocity": 68}, {"time": 2207, "pitch": 72, "duration": 6, "velocity": 79}, {"time": 2213, "pitch": 73, "duration": 13, "velocity": 79}, {"time": 2225, "pitch": 68, "duration": 13, "velocity": 65}, {"time": 2237, "pitch": 66, "duration": 12, "velocity": 71}, {"time": 2249, "pitch": 63, "duration": 21, "velocity": 64}, {"time": 2273, "pitch": 61, "duration": 10, "velocity": 67}, {"time": 2273, "pitch": 65, "duration": 11, "velocity": 73}, {"time": 2285, "pitch": 61, "duration": 9, "velocity": 74}, {"time": 2285, "pitch": 66, "duration": 10, "velocity": 74}, {"time": 2297, "pitch": 61, "duration": 10, "velocity": 74}, {"time": 2297, "pitch": 65, "duration": 10, "velocity": 79}, {"time": 2309, "pitch": 65, "duration": 5, "velocity": 77}, {"time": 2309, "pitch": 68, "duration": 6, "velocity": 73}, {"time": 2315, "pitch": 63, "duration": 6, "velocity": 66}, {"time": 2315, "pitch": 66, "duration": 6, "velocity": 66}, {"time": 2321, "pitch": 73, "duration": 23, "velocity": 78}, {"time": 2345, "pitch": 72, "duration": 13, "velocity": 76}, {"time": 2357, "pitch": 68, "duration": 10, "velocity": 78}, {"time": 2369, "pitch": 66, "duration": 20, "velocity": 69}, {"time": 2369, "pitch": 70, "duration": 20, "velocity": 78}, {"time": 2393, "pitch": 73, "duration": 11, "velocity": 73}, {"time": 2393, "pitch": 77, "duration": 12, "velocity": 79}, {"time": 2405, "pitch": 75, "duration": 6, "velocity": 78}, {"time": 2411, "pitch": 73, "duration": 5, "velocity": 78}, {"time": 2417, "pitch": 73, "duration": 22, "velocity": 76}, {"time": 2441, "pitch": 72, "duration": 11, "velocity": 76}, {"time": 2453, "pitch": 68, "duration": 10, "velocity": 71}, {"time": 2465, "pitch": 68, "duration": 19, "velocity": 73}, {"time": 2483, "pitch": 73, "duration": 6, "velocity": 73}, {"time": 2489, "pitch": 72, "duration": 6, "velocity": 78}, {"time": 2495, "pitch": 73, "duration": 6, "velocity": 80}, {"time": 2501, "pitch": 75, "duration": 10, "velocity": 81}, {"time": 2513, "pitch": 73, "duration": 24, "velocity": 80}, {"time": 2537, "pitch": 72, "duration": 12, "velocity": 79}, {"time": 2549, "pitch": 68, "duration": 10, "velocity": 73}, {"time": 2561, "pitch": 70, "duration": 21, "velocity": 76}, {"time": 2585, "pitch": 73, "duration": 12, "velocity": 78}, {"time": 2597, "pitch": 68, "duration": 9, "velocity": 71}, {"time": 2609, "pitch": 70, "duration": 22, "velocity": 73}, {"time": 2609, "pitch": 73, "duration": 21, "velocity": 75}, {"time": 2633, "pitch": 72, "duration": 11, "velocity": 77}, {"time": 2645, "pitch": 68, "duration": 10, "velocity": 78}, {"time": 2657, "pitch": 68, "duration": 17, "velocity": 73}, {"time": 2657, "pitch": 73, "duration": 19, "velocity": 78}, {"time": 2675, "pitch": 75, "duration": 6, "velocity": 76}, {"time": 2681, "pitch": 73, "duration": 20, "velocity": 72}, {"time": 2681, "pitch": 77, "duration": 20, "velocity": 79}, {"time": 2705, "pitch": 73, "duration": 24, "velocity": 80}, {"time": 2729, "pitch": 72, "duration": 12, "velocity": 79}, {"time": 2741, "pitch": 68, "duration": 10, "velocity": 73}, {"time": 2753, "pitch": 70, "duration": 21, "velocity": 76}, {"time": 2777, "pitch": 73, "duration": 12, "velocity": 78}, {"time": 2789, "pitch": 68, "duration": 9, "velocity": 71}, {"time": 2801, "pitch": 70, "duration": 27, "velocity": 73}, {"time": 2801, "pitch": 73, "duration": 27, "velocity": 75}, {"time": 2904, "pitch": 73, "duration": 10, "velocity": 81}, {"time": 2916, "pitch": 73, "duration": 7, "velocity": 85}, {"time": 2922, "pitch": 70, "duration": 6, "velocity": 79}, {"time": 2928, "pitch": 68, "duration": 20, "velocity": 75}, {"time": 2948, "pitch": 65, "duration": 3, "velocity": 84}, {"time": 2951, "pitch": 66, "duration": 3, "velocity": 80}, {"time": 2954, "pitch": 68, "duration": 7, "velocity": 79}, {"time": 2960, "pitch": 65, "duration": 7, "velocity": 83}, {"time": 2967, "pitch": 63, "duration": 7, "velocity": 78}, {"time": 2974, "pitch": 61, "duration": 9, "velocity": 80}, {"time": 2983, "pitch": 63, "duration": 25, "velocity": 78}, {"time": 3008, "pitch": 61, "duration": 5, "velocity": 77}, {"time": 3010, "pitch": 63, "duration": 2, "velocity": 70}, {"time": 3013, "pitch": 60, "duration": 28, "velocity": 75}, {"time": 3041, "pitch": 60, "duration": 6, "velocity": 78}, {"time": 3045, "pitch": 61, "duration": 8, "velocity": 74}, {"time": 3049, "pitch": 68, "duration": 9, "velocity": 77}, {"time": 3056, "pitch": 60, "duration": 14, "velocity": 68}, {"time": 3071, "pitch": 58, "duration": 17, "velocity": 69}, {"time": 3088, "pitch": 56, "duration": 17, "velocity": 65}, {"time": 3110, "pitch": 51, "duration": 2, "velocity": 67}, {"time": 3111, "pitch": 53, "duration": 47, "velocity": 71}]}, {"program": 0, "is_drum": false, "name": "PIANO", "notes": [{"time": 16, "pitch": 49, "duration": 20, "velocity": 50}, {"time": 22, "pitch": 56, "duration": 14, "velocity": 56}, {"time": 28, "pitch": 61, "duration": 8, "velocity": 60}, {"time": 36, "pitch": 42, "duration": 18, "velocity": 67}, {"time": 39, "pitch": 54, "duration": 16, "velocity": 65}, {"time": 39, "pitch": 49, "duration": 13, "velocity": 70}, {"time": 40, "pitch": 58, "duration": 14, "velocity": 66}, {"time": 41, "pitch": 61, "duration": 13, "velocity": 65}, {"time": 63, "pitch": 53, "duration": 9, "velocity": 67}, {"time": 64, "pitch": 56, "duration": 16, "velocity": 67}, {"time": 64, "pitch": 60, "duration": 15, "velocity": 57}, {"time": 64, "pitch": 41, "duration": 14, "velocity": 77}, {"time": 70, "pitch": 48, "duration": 8, "velocity": 57}, {"time": 77, "pitch": 53, "duration": 3, "velocity": 67}, {"time": 86, "pitch": 60, "duration": 14, "velocity": 39}, {"time": 88, "pitch": 41, "duration": 14, "velocity": 55}, {"time": 88, "pitch": 68, "duration": 13, "velocity": 60}, {"time": 110, "pitch": 58, "duration": 3, "velocity": 61}, {"time": 112, "pitch": 66, "duration": 14, "velocity": 73}, {"time": 112, "pitch": 51, "duration": 15, "velocity": 74}, {"time": 119, "pitch": 58, "duration": 7, "velocity": 60}, {"time": 125, "pitch": 63, "duration": 2, "velocity": 72}, {"time": 134, "pitch": 56, "duration": 9, "velocity": 63}, {"time": 135, "pitch": 60, "duration": 13, "velocity": 69}, {"time": 136, "pitch": 44, "duration": 20, "velocity": 76}, {"time": 137, "pitch": 63, "duration": 11, "velocity": 75}, {"time": 142, "pitch": 51, "duration": 11, "velocity": 61}, {"time": 148, "pitch": 56, "duration": 4, "velocity": 79}, {"time": 158, "pitch": 56, "duration": 3, "velocity": 65}, {"time": 159, "pitch": 61, "duration": 9, "velocity": 71}, {"time": 160, "pitch": 49, "duration": 21, "velocity": 75}, {"time": 160, "pitch": 65, "duration": 7, "velocity": 79}, {"time": 166, "pitch": 56, "duration": 7, "velocity": 72}, {"time": 172, "pitch": 66, "duration": 11, "velocity": 73}, {"time": 173, "pitch": 61, "duration": 6, "velocity": 72}, {"time": 178, "pitch": 56, "duration": 10, "velocity": 73}, {"time": 183, "pitch": 61, "duration": 11, "velocity": 60}, {"time": 184, "pitch": 49, "duration": 3, "velocity": 71}, {"time": 184, "pitch": 65, "duration": 25, "velocity": 69}, {"time": 190, "pitch": 56, "duration": 9, "velocity": 70}, {"time": 197, "pitch": 61, "duration": 7, "velocity": 68}, {"time": 203, "pitch": 56, "duration": 5, "velocity": 67}, {"time": 209, "pitch": 42, "duration": 19, "velocity": 78}, {"time": 209, "pitch": 61, "duration": 12, "velocity": 71}, {"time": 209, "pitch": 66, "duration": 13, "velocity": 70}, {"time": 218, "pitch": 49, "duration": 10, "velocity": 42}, {"time": 221, "pitch": 70, "duration": 6, "velocity": 78}, {"time": 227, "pitch": 61, "duration": 7, "velocity": 72}, {"time": 233, "pitch": 54, "duration": 19, "velocity": 78}, {"time": 233, "pitch": 66, "duration": 7, "velocity": 64}, {"time": 233, "pitch": 69, "duration": 9, "velocity": 66}, {"time": 239, "pitch": 61, "duration": 8, "velocity": 67}, {"time": 245, "pitch": 66, "duration": 11, "velocity": 68}, {"time": 251, "pitch": 61, "duration": 6, "velocity": 57}, {"time": 257, "pitch": 41, "duration": 13, "velocity": 79}, {"time": 263, "pitch": 48, "duration": 7, "velocity": 66}, {"time": 269, "pitch": 56, "duration": 6, "velocity": 74}, {"time": 269, "pitch": 60, "duration": 6, "velocity": 78}, {"time": 275, "pitch": 53, "duration": 1, "velocity": 69}, {"time": 281, "pitch": 46, "duration": 19, "velocity": 78}, {"time": 281, "pitch": 58, "duration": 9, "velocity": 66}, {"time": 281, "pitch": 61, "duration": 9, "velocity": 67}, {"time": 287, "pitch": 53, "duration": 13, "velocity": 65}, {"time": 293, "pitch": 65, "duration": 5, "velocity": 78}, {"time": 305, "pitch": 51, "duration": 16, "velocity": 76}, {"time": 305, "pitch": 66, "duration": 7, "velocity": 76}, {"time": 311, "pitch": 58, "duration": 7, "velocity": 79}, {"time": 317, "pitch": 63, "duration": 6, "velocity": 79}, {"time": 323, "pitch": 58, "duration": 2, "velocity": 66}, {"time": 329, "pitch": 44, "duration": 19, "velocity": 77}, {"time": 329, "pitch": 56, "duration": 9, "velocity": 65}, {"time": 329, "pitch": 63, "duration": 8, "velocity": 71}, {"time": 335, "pitch": 51, "duration": 11, "velocity": 68}, {"time": 341, "pitch": 60, "duration": 7, "velocity": 73}, {"time": 347, "pitch": 56, "duration": 7, "velocity": 79}, {"time": 353, "pitch": 49, "duration": 23, "velocity": 73}, {"time": 353, "pitch": 61, "duration": 6, "velocity": 80}, {"time": 359, "pitch": 56, "duration": 7, "velocity": 78}, {"time": 365, "pitch": 66, "duration": 9, "velocity": 70}, {"time": 371, "pitch": 56, "duration": 9, "velocity": 74}, {"time": 377, "pitch": 49, "duration": 20, "velocity": 78}, {"time": 377, "pitch": 61, "duration": 6, "velocity": 63}, {"time": 377, "pitch": 65, "duration": 12, "velocity": 69}, {"time": 383, "pitch": 56, "duration": 7, "velocity": 69}, {"time": 389, "pitch": 63, "duration": 6, "velocity": 63}, {"time": 395, "pitch": 61, "duration": 4, "velocity": 68}, {"time": 401, "pitch": 49, "duration": 21, "velocity": 72}, {"time": 401, "pitch": 56, "duration": 3, "velocity": 72}, {"time": 401, "pitch": 61, "duration": 7, "velocity": 73}, {"time": 407, "pitch": 56, "duration": 5, "velocity": 66}, {"time": 413, "pitch": 65, "duration": 10, "velocity": 79}, {"time": 425, "pitch": 49, "duration": 17, "velocity": 75}, {"time": 425, "pitch": 61, "duration": 1, "velocity": 35}, {"time": 431, "pitch": 56, "duration": 7, "velocity": 78}, {"time": 437, "pitch": 61, "duration": 6, "velocity": 66}, {"time": 437, "pitch": 65, "duration": 7, "velocity": 78}, {"time": 443, "pitch": 56, "duration": 4, "velocity": 72}, {"time": 449, "pitch": 42, "duration": 14, "velocity": 71}, {"time": 449, "pitch": 58, "duration": 12, "velocity": 66}, {"time": 455, "pitch": 49, "duration": 9, "velocity": 69}, {"time": 461, "pitch": 54, "duration": 3, "velocity": 78}, {"time": 473, "pitch": 49, "duration": 12, "velocity": 78}, {"time": 473, "pitch": 56, "duration": 3, "velocity": 66}, {"time": 473, "pitch": 61, "duration": 7, "velocity": 70}, {"time": 479, "pitch": 56, "duration": 6, "velocity": 75}, {"time": 485, "pitch": 65, "duration": 2, "velocity": 78}, {"time": 497, "pitch": 49, "duration": 19, "velocity": 80}, {"time": 497, "pitch": 61, "duration": 10, "velocity": 65}, {"time": 497, "pitch": 65, "duration": 10, "velocity": 79}, {"time": 503, "pitch": 56, "duration": 13, "velocity": 66}, {"time": 509, "pitch": 68, "duration": 5, "velocity": 76}, {"time": 521, "pitch": 49, "duration": 17, "velocity": 78}, {"time": 521, "pitch": 61, "duration": 7, "velocity": 67}, {"time": 521, "pitch": 65, "duration": 13, "velocity": 73}, {"time": 527, "pitch": 56, "duration": 11, "velocity": 68}, {"time": 533, "pitch": 61, "duration": 6, "velocity": 78}, {"time": 539, "pitch": 65, "duration": 2, "velocity": 78}, {"time": 545, "pitch": 44, "duration": 21, "velocity": 77}, {"time": 545, "pitch": 63, "duration": 8, "velocity": 73}, {"time": 551, "pitch": 51, "duration": 19, "velocity": 68}, {"time": 557, "pitch": 56, "duration": 12, "velocity": 79}, {"time": 557, "pitch": 63, "duration": 2, "velocity": 56}, {"time": 563, "pitch": 63, "duration": 19, "velocity": 74}, {"time": 569, "pitch": 44, "duration": 16, "velocity": 71}, {"time": 569, "pitch": 68, "duration": 13, "velocity": 71}, {"time": 575, "pitch": 51, "duration": 10, "velocity": 64}, {"time": 581, "pitch": 56, "duration": 3, "velocity": 79}, {"time": 593, "pitch": 46, "duration": 38, "velocity": 78}, {"time": 593, "pitch": 61, "duration": 13, "velocity": 73}, {"time": 599, "pitch": 53, "duration": 22, "velocity": 75}, {"time": 605, "pitch": 58, "duration": 7, "velocity": 80}, {"time": 611, "pitch": 61, "duration": 7, "velocity": 69}, {"time": 617, "pitch": 65, "duration": 7, "velocity": 79}, {"time": 623, "pitch": 53, "duration": 9, "velocity": 66}, {"time": 629, "pitch": 58, "duration": 7, "velocity": 73}, {"time": 629, "pitch": 61, "duration": 8, "velocity": 77}, {"time": 635, "pitch": 46, "duration": 4, "velocity": 79}, {"time": 641, "pitch": 42, "duration": 39, "velocity": 76}, {"time": 641, "pitch": 54, "duration": 13, "velocity": 65}, {"time": 641, "pitch": 58, "duration": 12, "velocity": 68}, {"time": 647, "pitch": 49, "duration": 33, "velocity": 62}, {"time": 653, "pitch": 61, "duration": 6, "velocity": 74}, {"time": 659, "pitch": 58, "duration": 7, "velocity": 71}, {"time": 665, "pitch": 66, "duration": 4, "velocity": 75}, {"time": 671, "pitch": 54, "duration": 4, "velocity": 71}, {"time": 677, "pitch": 58, "duration": 1, "velocity": 74}, {"time": 677, "pitch": 61, "duration": 2, "velocity": 76}, {"time": 689, "pitch": 51, "duration": 13, "velocity": 79}, {"time": 689, "pitch": 66, "duration": 7, "velocity": 78}, {"time": 695, "pitch": 58, "duration": 7, "velocity": 74}, {"time": 701, "pitch": 63, "duration": 1, "velocity": 75}, {"time": 713, "pitch": 44, "duration": 19, "velocity": 76}, {"time": 713, "pitch": 63, "duration": 12, "velocity": 73}, {"time": 719, "pitch": 51, "duration": 13, "velocity": 76}, {"time": 725, "pitch": 56, "duration": 6, "velocity": 80}, {"time": 731, "pitch": 60, "duration": 6, "velocity": 79}, {"time": 737, "pitch": 49, "duration": 10, "velocity": 74}, {"time": 737, "pitch": 61, "duration": 7, "velocity": 79}, {"time": 743, "pitch": 56, "duration": 3, "velocity": 80}, {"time": 749, "pitch": 42, "duration": 8, "velocity": 76}, {"time": 749, "pitch": 54, "duration": 2, "velocity": 70}, {"time": 749, "pitch": 58, "duration": 11, "velocity": 73}, {"time": 755, "pitch": 54, "duration": 3, "velocity": 76}, {"time": 761, "pitch": 49, "duration": 19, "velocity": 78}, {"time": 761, "pitch": 56, "duration": 7, "velocity": 73}, {"time": 761, "pitch": 61, "duration": 8, "velocity": 72}, {"time": 773, "pitch": 65, "duration": 4, "velocity": 79}, {"time": 779, "pitch": 56, "duration": 5, "velocity": 72}, {"time": 785, "pitch": 49, "duration": 15, "velocity": 78}, {"time": 785, "pitch": 56, "duration": 3, "velocity": 73}, {"time": 785, "pitch": 65, "duration": 9, "velocity": 79}, {"time": 791, "pitch": 56, "duration": 7, "velocity": 69}, {"time": 797, "pitch": 61, "duration": 5, "velocity": 80}, {"time": 803, "pitch": 56, "duration": 6, "velocity": 82}, {"time": 809, "pitch": 65, "duration": 9, "velocity": 78}, {"time": 815, "pitch": 56, "duration": 3, "velocity": 66}, {"time": 821, "pitch": 56, "duration": 2, "velocity": 78}, {"time": 821, "pitch": 61, "duration": 6, "velocity": 79}, {"time": 827, "pitch": 56, "duration": 1, "velocity": 81}, {"time": 833, "pitch": 42, "duration": 15, "velocity": 79}, {"time": 833, "pitch": 54, "duration": 7, "velocity": 71}, {"time": 833, "pitch": 61, "duration": 12, "velocity": 76}, {"time": 839, "pitch": 49, "duration": 8, "velocity": 66}, {"time": 845, "pitch": 54, "duration": 1, "velocity": 80}, {"time": 857, "pitch": 49, "duration": 13, "velocity": 78}, {"time": 857, "pitch": 56, "duration": 3, "velocity": 73}, {"time": 857, "pitch": 61, "duration": 7, "velocity": 76}, {"time": 863, "pitch": 56, "duration": 6, "velocity": 72}, {"time": 869, "pitch": 65, "duration": 7, "velocity": 79}, {"time": 875, "pitch": 56, "duration": 7, "velocity": 79}, {"time": 881, "pitch": 37, "duration": 3, "velocity": 74}, {"time": 881, "pitch": 61, "duration": 7, "velocity": 75}, {"time": 887, "pitch": 56, "duration": 7, "velocity": 71}, {"time": 893, "pitch": 61, "duration": 7, "velocity": 71}, {"time": 899, "pitch": 56, "duration": 7, "velocity": 62}, {"time": 905, "pitch": 49, "duration": 13, "velocity": 66}, {"time": 905, "pitch": 61, "duration": 6, "velocity": 74}, {"time": 905, "pitch": 65, "duration": 9, "velocity": 78}, {"time": 911, "pitch": 56, "duration": 7, "velocity": 78}, {"time": 917, "pitch": 61, "duration": 5, "velocity": 78}, {"time": 929, "pitch": 44, "duration": 22, "velocity": 78}, {"time": 929, "pitch": 56, "duration": 12, "velocity": 70}, {"time": 929, "pitch": 60, "duration": 12, "velocity": 69}, {"time": 935, "pitch": 51, "duration": 15, "velocity": 66}, {"time": 941, "pitch": 63, "duration": 2, "velocity": 74}, {"time": 947, "pitch": 56, "duration": 4, "velocity": 77}, {"time": 953, "pitch": 44, "duration": 17, "velocity": 75}, {"time": 953, "pitch": 56, "duration": 6, "velocity": 78}, {"time": 953, "pitch": 68, "duration": 4, "velocity": 73}, {"time": 959, "pitch": 51, "duration": 10, "velocity": 67}, {"time": 965, "pitch": 60, "duration": 4, "velocity": 71}, {"time": 965, "pitch": 63, "duration": 7, "velocity": 71}, {"time": 971, "pitch": 56, "duration": 2, "velocity": 80}, {"time": 977, "pitch": 46, "duration": 13, "velocity": 79}, {"time": 977, "pitch": 58, "duration": 7, "velocity": 71}, {"time": 977, "pitch": 61, "duration": 8, "velocity": 74}, {"time": 983, "pitch": 53, "duration": 7, "velocity": 68}, {"time": 989, "pitch": 58, "duration": 6, "velocity": 80}, {"time": 995, "pitch": 53, "duration": 6, "velocity": 69}, {"time": 1001, "pitch": 46, "duration": 10, "velocity": 78}, {"time": 1001, "pitch": 58, "duration": 4, "velocity": 71}, {"time": 1001, "pitch": 61, "duration": 7, "velocity": 75}, {"time": 1001, "pitch": 65, "duration": 7, "velocity": 78}, {"time": 1007, "pitch": 53, "duration": 5, "velocity": 65}, {"time": 1013, "pitch": 44, "duration": 7, "velocity": 77}, {"time": 1013, "pitch": 56, "duration": 3, "velocity": 78}, {"time": 1013, "pitch": 60, "duration": 6, "velocity": 78}, {"time": 1019, "pitch": 56, "duration": 2, "velocity": 79}, {"time": 1025, "pitch": 43, "duration": 45, "velocity": 74}, {"time": 1025, "pitch": 55, "duration": 3, "velocity": 71}, {"time": 1025, "pitch": 58, "duration": 12, "velocity": 71}, {"time": 1031, "pitch": 49, "duration": 39, "velocity": 57}, {"time": 1037, "pitch": 55, "duration": 7, "velocity": 79}, {"time": 1043, "pitch": 58, "duration": 4, "velocity": 71}, {"time": 1049, "pitch": 55, "duration": 21, "velocity": 69}, {"time": 1049, "pitch": 58, "duration": 22, "velocity": 73}, {"time": 1049, "pitch": 61, "duration": 23, "velocity": 74}, {"time": 1073, "pitch": 39, "duration": 14, "velocity": 78}, {"time": 1073, "pitch": 66, "duration": 8, "velocity": 76}, {"time": 1079, "pitch": 58, "duration": 7, "velocity": 75}, {"time": 1085, "pitch": 63, "duration": 5, "velocity": 78}, {"time": 1091, "pitch": 58, "duration": 5, "velocity": 69}, {"time": 1097, "pitch": 44, "duration": 20, "velocity": 79}, {"time": 1097, "pitch": 63, "duration": 8, "velocity": 73}, {"time": 1103, "pitch": 51, "duration": 13, "velocity": 71}, {"time": 1109, "pitch": 56, "duration": 2, "velocity": 74}, {"time": 1109, "pitch": 60, "duration": 6, "velocity": 78}, {"time": 1115, "pitch": 56, "duration": 6, "velocity": 73}, {"time": 1121, "pitch": 49, "duration": 11, "velocity": 74}, {"time": 1121, "pitch": 61, "duration": 7, "velocity": 79}, {"time": 1127, "pitch": 56, "duration": 3, "velocity": 83}, {"time": 1133, "pitch": 42, "duration": 7, "velocity": 79}, {"time": 1133, "pitch": 54, "duration": 2, "velocity": 74}, {"time": 1133, "pitch": 58, "duration": 7, "velocity": 77}, {"time": 1139, "pitch": 54, "duration": 3, "velocity": 78}, {"time": 1145, "pitch": 49, "duration": 23, "velocity": 80}, {"time": 1145, "pitch": 56, "duration": 3, "velocity": 73}, {"time": 1145, "pitch": 61, "duration": 7, "velocity": 77}, {"time": 1151, "pitch": 56, "duration": 2, "velocity": 69}, {"time": 1157, "pitch": 56, "duration": 2, "velocity": 79}, {"time": 1157, "pitch": 61, "duration": 11, "velocity": 83}, {"time": 1157, "pitch": 65, "duration": 11, "velocity": 83}, {"time": 1163, "pitch": 56, "duration": 5, "velocity": 78}, {"time": 1169, "pitch": 46, "duration": 15, "velocity": 79}, {"time": 1169, "pitch": 58, "duration": 6, "velocity": 75}, {"time": 1169, "pitch": 61, "duration": 7, "velocity": 79}, {"time": 1175, "pitch": 53, "duration": 7, "velocity": 72}, {"time": 1181, "pitch": 58, "duration": 5, "velocity": 78}, {"time": 1181, "pitch": 61, "duration": 9, "velocity": 85}, {"time": 1181, "pitch": 65, "duration": 10, "velocity": 85}, {"time": 1187, "pitch": 53, "duration": 5, "velocity": 72}, {"time": 1190, "pitch": 58, "duration": 2, "velocity": 75}, {"time": 1193, "pitch": 44, "duration": 19, "velocity": 78}, {"time": 1193, "pitch": 56, "duration": 7, "velocity": 78}, {"time": 1193, "pitch": 60, "duration": 8, "velocity": 73}, {"time": 1199, "pitch": 51, "duration": 8, "velocity": 66}, {"time": 1205, "pitch": 56, "duration": 6, "velocity": 77}, {"time": 1205, "pitch": 60, "duration": 7, "velocity": 81}, {"time": 1205, "pitch": 63, "duration": 7, "velocity": 79}, {"time": 1211, "pitch": 51, "duration": 4, "velocity": 78}, {"time": 1217, "pitch": 42, "duration": 16, "velocity": 79}, {"time": 1217, "pitch": 54, "duration": 8, "velocity": 75}, {"time": 1217, "pitch": 58, "duration": 9, "velocity": 74}, {"time": 1223, "pitch": 49, "duration": 7, "velocity": 72}, {"time": 1229, "pitch": 54, "duration": 3, "velocity": 81}, {"time": 1229, "pitch": 58, "duration": 5, "velocity": 84}, {"time": 1232, "pitch": 49, "duration": 3, "velocity": 77}, {"time": 1235, "pitch": 54, "duration": 2, "velocity": 81}, {"time": 1241, "pitch": 49, "duration": 19, "velocity": 78}, {"time": 1241, "pitch": 56, "duration": 3, "velocity": 74}, {"time": 1241, "pitch": 61, "duration": 7, "velocity": 73}, {"time": 1247, "pitch": 56, "duration": 4, "velocity": 79}, {"time": 1253, "pitch": 65, "duration": 4, "velocity": 82}, {"time": 1256, "pitch": 56, "duration": 3, "velocity": 77}, {"time": 1259, "pitch": 61, "duration": 3, "velocity": 78}, {"time": 1262, "pitch": 56, "duration": 2, "velocity": 76}, {"time": 1265, "pitch": 51, "duration": 13, "velocity": 78}, {"time": 1265, "pitch": 63, "duration": 6, "velocity": 80}, {"time": 1271, "pitch": 58, "duration": 4, "velocity": 78}, {"time": 1277, "pitch": 63, "duration": 6, "velocity": 75}, {"time": 1277, "pitch": 66, "duration": 4, "velocity": 74}, {"time": 1283, "pitch": 58, "duration": 1, "velocity": 64}, {"time": 1289, "pitch": 41, "duration": 15, "velocity": 81}, {"time": 1289, "pitch": 60, "duration": 3, "velocity": 74}, {"time": 1289, "pitch": 68, "duration": 6, "velocity": 64}, {"time": 1292, "pitch": 48, "duration": 11, "velocity": 65}, {"time": 1295, "pitch": 60, "duration": 4, "velocity": 79}, {"time": 1298, "pitch": 65, "duration": 3, "velocity": 79}, {"time": 1301, "pitch": 68, "duration": 3, "velocity": 80}, {"time": 1304, "pitch": 65, "duration": 3, "velocity": 70}, {"time": 1307, "pitch": 60, "duration": 1, "velocity": 79}, {"time": 1313, "pitch": 44, "duration": 17, "velocity": 79}, {"time": 1313, "pitch": 56, "duration": 7, "velocity": 74}, {"time": 1313, "pitch": 63, "duration": 7, "velocity": 75}, {"time": 1319, "pitch": 51, "duration": 7, "velocity": 70}, {"time": 1325, "pitch": 56, "duration": 3, "velocity": 78}, {"time": 1325, "pitch": 60, "duration": 3, "velocity": 81}, {"time": 1328, "pitch": 51, "duration": 6, "velocity": 73}, {"time": 1331, "pitch": 56, "duration": 4, "velocity": 78}, {"time": 1334, "pitch": 63, "duration": 2, "velocity": 73}, {"time": 1337, "pitch": 44, "duration": 16, "velocity": 80}, {"time": 1337, "pitch": 56, "duration": 3, "velocity": 78}, {"time": 1337, "pitch": 63, "duration": 3, "velocity": 59}, {"time": 1337, "pitch": 68, "duration": 4, "velocity": 79}, {"time": 1340, "pitch": 51, "duration": 8, "velocity": 78}, {"time": 1343, "pitch": 56, "duration": 2, "velocity": 80}, {"time": 1346, "pitch": 56, "duration": 1, "velocity": 60}, {"time": 1346, "pitch": 60, "duration": 1, "velocity": 79}, {"time": 1349, "pitch": 56, "duration": 4, "velocity": 79}, {"time": 1349, "pitch": 60, "duration": 4, "velocity": 82}, {"time": 1349, "pitch": 63, "duration": 5, "velocity": 81}, {"time": 1352, "pitch": 51, "duration": 3, "velocity": 82}, {"time": 1355, "pitch": 56, "duration": 2, "velocity": 85}, {"time": 1361, "pitch": 42, "duration": 18, "velocity": 79}, {"time": 1361, "pitch": 54, "duration": 10, "velocity": 78}, {"time": 1361, "pitch": 58, "duration": 7, "velocity": 75}, {"time": 1367, "pitch": 49, "duration": 7, "velocity": 57}, {"time": 1373, "pitch": 58, "duration": 3, "velocity": 80}, {"time": 1373, "pitch": 61, "duration": 4, "velocity": 81}, {"time": 1376, "pitch": 49, "duration": 4, "velocity": 67}, {"time": 1379, "pitch": 54, "duration": 2, "velocity": 84}, {"time": 1385, "pitch": 41, "duration": 16, "velocity": 81}, {"time": 1385, "pitch": 53, "duration": 13, "velocity": 75}, {"time": 1385, "pitch": 56, "duration": 9, "velocity": 76}, {"time": 1391, "pitch": 48, "duration": 10, "velocity": 67}, {"time": 1397, "pitch": 56, "duration": 1, "velocity": 61}, {"time": 1397, "pitch": 60, "duration": 6, "velocity": 78}, {"time": 1403, "pitch": 56, "duration": 1, "velocity": 81}, {"time": 1409, "pitch": 51, "duration": 16, "velocity": 78}, {"time": 1409, "pitch": 58, "duration": 3, "velocity": 71}, {"time": 1409, "pitch": 63, "duration": 7, "velocity": 74}, {"time": 1415, "pitch": 58, "duration": 7, "velocity": 78}, {"time": 1421, "pitch": 66, "duration": 5, "velocity": 81}, {"time": 1427, "pitch": 58, "duration": 2, "velocity": 80}, {"time": 1433, "pitch": 49, "duration": 13, "velocity": 79}, {"time": 1433, "pitch": 56, "duration": 3, "velocity": 72}, {"time": 1433, "pitch": 61, "duration": 7, "velocity": 71}, {"time": 1439, "pitch": 56, "duration": 6, "velocity": 79}, {"time": 1445, "pitch": 65, "duration": 1, "velocity": 83}, {"time": 1457, "pitch": 39, "duration": 16, "velocity": 80}, {"time": 1457, "pitch": 66, "duration": 4, "velocity": 79}, {"time": 1460, "pitch": 58, "duration": 3, "velocity": 78}, {"time": 1463, "pitch": 63, "duration": 3, "velocity": 72}, {"time": 1466, "pitch": 58, "duration": 2, "velocity": 78}, {"time": 1469, "pitch": 46, "duration": 4, "velocity": 64}, {"time": 1469, "pitch": 66, "duration": 5, "velocity": 79}, {"time": 1472, "pitch": 58, "duration": 3, "velocity": 76}, {"time": 1475, "pitch": 63, "duration": 2, "velocity": 70}, {"time": 1478, "pitch": 58, "duration": 2, "velocity": 67}, {"time": 1481, "pitch": 44, "duration": 16, "velocity": 78}, {"time": 1481, "pitch": 63, "duration": 7, "velocity": 78}, {"time": 1484, "pitch": 51, "duration": 10, "velocity": 73}, {"time": 1487, "pitch": 56, "duration": 3, "velocity": 79}, {"time": 1490, "pitch": 60, "duration": 3, "velocity": 78}, {"time": 1493, "pitch": 63, "duration": 5, "velocity": 84}, {"time": 1496, "pitch": 51, "duration": 3, "velocity": 78}, {"time": 1499, "pitch": 56, "duration": 3, "velocity": 81}, {"time": 1505, "pitch": 49, "duration": 10, "velocity": 79}, {"time": 1505, "pitch": 56, "duration": 2, "velocity": 77}, {"time": 1505, "pitch": 61, "duration": 6, "velocity": 78}, {"time": 1511, "pitch": 56, "duration": 7, "velocity": 81}, {"time": 1517, "pitch": 42, "duration": 7, "velocity": 78}, {"time": 1517, "pitch": 61, "duration": 7, "velocity": 69}, {"time": 1517, "pitch": 66, "duration": 11, "velocity": 76}, {"time": 1523, "pitch": 56, "duration": 4, "velocity": 73}, {"time": 1529, "pitch": 49, "duration": 23, "velocity": 78}, {"time": 1529, "pitch": 56, "duration": 1, "velocity": 55}, {"time": 1529, "pitch": 61, "duration": 9, "velocity": 73}, {"time": 1529, "pitch": 65, "duration": 12, "velocity": 78}, {"time": 1541, "pitch": 61, "duration": 10, "velocity": 71}, {"time": 1547, "pitch": 56, "duration": 4, "velocity": 60}, {"time": 1553, "pitch": 49, "duration": 21, "velocity": 74}, {"time": 1553, "pitch": 65, "duration": 12, "velocity": 79}, {"time": 1559, "pitch": 56, "duration": 7, "velocity": 78}, {"time": 1565, "pitch": 61, "duration": 5, "velocity": 79}, {"time": 1577, "pitch": 49, "duration": 17, "velocity": 77}, {"time": 1577, "pitch": 59, "duration": 7, "velocity": 70}, {"time": 1577, "pitch": 65, "duration": 9, "velocity": 78}, {"time": 1583, "pitch": 56, "duration": 7, "velocity": 72}, {"time": 1589, "pitch": 59, "duration": 6, "velocity": 70}, {"time": 1595, "pitch": 56, "duration": 3, "velocity": 64}, {"time": 1601, "pitch": 42, "duration": 22, "velocity": 71}, {"time": 1601, "pitch": 58, "duration": 7, "velocity": 65}, {"time": 1607, "pitch": 54, "duration": 15, "velocity": 78}, {"time": 1613, "pitch": 61, "duration": 7, "velocity": 76}, {"time": 1619, "pitch": 58, "duration": 3, "velocity": 78}, {"time": 1625, "pitch": 49, "duration": 16, "velocity": 74}, {"time": 1625, "pitch": 56, "duration": 3, "velocity": 70}, {"time": 1625, "pitch": 61, "duration": 9, "velocity": 70}, {"time": 1631, "pitch": 56, "duration": 6, "velocity": 78}, {"time": 1637, "pitch": 65, "duration": 3, "velocity": 80}, {"time": 1649, "pitch": 49, "duration": 13, "velocity": 72}, {"time": 1649, "pitch": 65, "duration": 7, "velocity": 78}, {"time": 1655, "pitch": 56, "duration": 7, "velocity": 80}, {"time": 1661, "pitch": 61, "duration": 10, "velocity": 81}, {"time": 1667, "pitch": 56, "duration": 5, "velocity": 80}, {"time": 1673, "pitch": 39, "duration": 13, "velocity": 77}, {"time": 1673, "pitch": 63, "duration": 7, "velocity": 78}, {"time": 1679, "pitch": 58, "duration": 7, "velocity": 72}, {"time": 1685, "pitch": 63, "duration": 6, "velocity": 78}, {"time": 1685, "pitch": 66, "duration": 6, "velocity": 77}, {"time": 1697, "pitch": 44, "duration": 22, "velocity": 72}, {"time": 1697, "pitch": 60, "duration": 7, "velocity": 73}, {"time": 1703, "pitch": 56, "duration": 13, "velocity": 80}, {"time": 1709, "pitch": 63, "duration": 10, "velocity": 75}, {"time": 1715, "pitch": 60, "duration": 5, "velocity": 79}, {"time": 1721, "pitch": 45, "duration": 6, "velocity": 70}, {"time": 1721, "pitch": 57, "duration": 2, "velocity": 69}, {"time": 1721, "pitch": 60, "duration": 6, "velocity": 73}, {"time": 1721, "pitch": 63, "duration": 6, "velocity": 73}, {"time": 1727, "pitch": 57, "duration": 2, "velocity": 74}, {"time": 1733, "pitch": 41, "duration": 9, "velocity": 80}, {"time": 1733, "pitch": 65, "duration": 11, "velocity": 82}, {"time": 1745, "pitch": 46, "duration": 22, "velocity": 79}, {"time": 1745, "pitch": 61, "duration": 11, "velocity": 64}, {"time": 1751, "pitch": 53, "duration": 17, "velocity": 72}, {"time": 1757, "pitch": 58, "duration": 7, "velocity": 80}, {"time": 1763, "pitch": 61, "duration": 6, "velocity": 83}, {"time": 1769, "pitch": 44, "duration": 16, "velocity": 78}, {"time": 1769, "pitch": 60, "duration": 12, "velocity": 78}, {"time": 1775, "pitch": 51, "duration": 10, "velocity": 76}, {"time": 1781, "pitch": 56, "duration": 7, "velocity": 80}, {"time": 1787, "pitch": 60, "duration": 6, "velocity": 79}, {"time": 1793, "pitch": 43, "duration": 22, "velocity": 74}, {"time": 1793, "pitch": 58, "duration": 4, "velocity": 75}, {"time": 1793, "pitch": 61, "duration": 8, "velocity": 78}, {"time": 1799, "pitch": 58, "duration": 7, "velocity": 71}, {"time": 1805, "pitch": 65, "duration": 14, "velocity": 79}, {"time": 1813, "pitch": 42, "duration": 20, "velocity": 65}, {"time": 1814, "pitch": 54, "duration": 25, "velocity": 66}, {"time": 1815, "pitch": 58, "duration": 24, "velocity": 70}, {"time": 1816, "pitch": 61, "duration": 23, "velocity": 64}, {"time": 1817, "pitch": 65, "duration": 2, "velocity": 78}, {"time": 1841, "pitch": 39, "duration": 15, "velocity": 77}, {"time": 1841, "pitch": 66, "duration": 13, "velocity": 75}, {"time": 1847, "pitch": 46, "duration": 8, "velocity": 62}, {"time": 1853, "pitch": 58, "duration": 7, "velocity": 80}, {"time": 1859, "pitch": 63, "duration": 1, "velocity": 78}, {"time": 1865, "pitch": 44, "duration": 18, "velocity": 78}, {"time": 1865, "pitch": 56, "duration": 10, "velocity": 70}, {"time": 1865, "pitch": 60, "duration": 9, "velocity": 72}, {"time": 1871, "pitch": 51, "duration": 11, "velocity": 64}, {"time": 1877, "pitch": 56, "duration": 4, "velocity": 75}, {"time": 1877, "pitch": 63, "duration": 4, "velocity": 77}, {"time": 1889, "pitch": 49, "duration": 21, "velocity": 78}, {"time": 1889, "pitch": 66, "duration": 11, "velocity": 79}, {"time": 1895, "pitch": 56, "duration": 7, "velocity": 72}, {"time": 1901, "pitch": 61, "duration": 6, "velocity": 73}, {"time": 1907, "pitch": 66, "duration": 7, "velocity": 73}, {"time": 1913, "pitch": 49, "duration": 23, "velocity": 78}, {"time": 1913, "pitch": 56, "duration": 4, "velocity": 66}, {"time": 1913, "pitch": 65, "duration": 11, "velocity": 78}, {"time": 1919, "pitch": 56, "duration": 7, "velocity": 64}, {"time": 1925, "pitch": 61, "duration": 10, "velocity": 71}, {"time": 1931, "pitch": 56, "duration": 5, "velocity": 67}, {"time": 1937, "pitch": 49, "duration": 15, "velocity": 78}, {"time": 1937, "pitch": 56, "duration": 3, "velocity": 73}, {"time": 1937, "pitch": 65, "duration": 9, "velocity": 79}, {"time": 1943, "pitch": 56, "duration": 7, "velocity": 69}, {"time": 1949, "pitch": 61, "duration": 5, "velocity": 80}, {"time": 1955, "pitch": 56, "duration": 6, "velocity": 82}, {"time": 1961, "pitch": 65, "duration": 9, "velocity": 78}, {"time": 1967, "pitch": 56, "duration": 3, "velocity": 66}, {"time": 1973, "pitch": 56, "duration": 2, "velocity": 78}, {"time": 1973, "pitch": 61, "duration": 6, "velocity": 79}, {"time": 1979, "pitch": 56, "duration": 1, "velocity": 81}, {"time": 1985, "pitch": 42, "duration": 15, "velocity": 79}, {"time": 1985, "pitch": 54, "duration": 7, "velocity": 71}, {"time": 1985, "pitch": 61, "duration": 12, "velocity": 76}, {"time": 1991, "pitch": 49, "duration": 8, "velocity": 66}, {"time": 1997, "pitch": 54, "duration": 1, "velocity": 80}, {"time": 2009, "pitch": 49, "duration": 13, "velocity": 78}, {"time": 2009, "pitch": 56, "duration": 3, "velocity": 73}, {"time": 2009, "pitch": 61, "duration": 7, "velocity": 76}, {"time": 2015, "pitch": 56, "duration": 6, "velocity": 72}, {"time": 2021, "pitch": 65, "duration": 7, "velocity": 79}, {"time": 2027, "pitch": 56, "duration": 7, "velocity": 79}, {"time": 2033, "pitch": 37, "duration": 3, "velocity": 74}, {"time": 2033, "pitch": 61, "duration": 7, "velocity": 75}, {"time": 2039, "pitch": 56, "duration": 7, "velocity": 71}, {"time": 2045, "pitch": 61, "duration": 7, "velocity": 71}, {"time": 2051, "pitch": 56, "duration": 7, "velocity": 62}, {"time": 2057, "pitch": 49, "duration": 13, "velocity": 66}, {"time": 2057, "pitch": 61, "duration": 6, "velocity": 74}, {"time": 2057, "pitch": 65, "duration": 9, "velocity": 78}, {"time": 2063, "pitch": 56, "duration": 7, "velocity": 78}, {"time": 2069, "pitch": 61, "duration": 5, "velocity": 78}, {"time": 2081, "pitch": 44, "duration": 22, "velocity": 78}, {"time": 2081, "pitch": 56, "duration": 12, "velocity": 70}, {"time": 2081, "pitch": 60, "duration": 12, "velocity": 69}, {"time": 2087, "pitch": 51, "duration": 15, "velocity": 66}, {"time": 2093, "pitch": 63, "duration": 2, "velocity": 74}, {"time": 2099, "pitch": 56, "duration": 4, "velocity": 77}, {"time": 2105, "pitch": 44, "duration": 17, "velocity": 75}, {"time": 2105, "pitch": 56, "duration": 6, "velocity": 78}, {"time": 2105, "pitch": 68, "duration": 4, "velocity": 73}, {"time": 2111, "pitch": 51, "duration": 10, "velocity": 67}, {"time": 2117, "pitch": 60, "duration": 4, "velocity": 71}, {"time": 2117, "pitch": 63, "duration": 7, "velocity": 71}, {"time": 2123, "pitch": 56, "duration": 2, "velocity": 80}, {"time": 2129, "pitch": 46, "duration": 13, "velocity": 79}, {"time": 2129, "pitch": 58, "duration": 7, "velocity": 71}, {"time": 2129, "pitch": 61, "duration": 8, "velocity": 74}, {"time": 2135, "pitch": 53, "duration": 7, "velocity": 68}, {"time": 2141, "pitch": 58, "duration": 6, "velocity": 80}, {"time": 2147, "pitch": 53, "duration": 6, "velocity": 69}, {"time": 2153, "pitch": 46, "duration": 10, "velocity": 78}, {"time": 2153, "pitch": 58, "duration": 4, "velocity": 71}, {"time": 2153, "pitch": 61, "duration": 7, "velocity": 75}, {"time": 2153, "pitch": 65, "duration": 7, "velocity": 78}, {"time": 2159, "pitch": 53, "duration": 5, "velocity": 65}, {"time": 2165, "pitch": 44, "duration": 7, "velocity": 77}, {"time": 2165, "pitch": 56, "duration": 3, "velocity": 78}, {"time": 2165, "pitch": 60, "duration": 6, "velocity": 78}, {"time": 2171, "pitch": 56, "duration": 2, "velocity": 79}, {"time": 2177, "pitch": 43, "duration": 45, "velocity": 74}, {"time": 2177, "pitch": 55, "duration": 3, "velocity": 71}, {"time": 2177, "pitch": 58, "duration": 12, "velocity": 71}, {"time": 2183, "pitch": 49, "duration": 39, "velocity": 57}, {"time": 2189, "pitch": 55, "duration": 7, "velocity": 79}, {"time": 2195, "pitch": 58, "duration": 4, "velocity": 71}, {"time": 2201, "pitch": 55, "duration": 21, "velocity": 69}, {"time": 2201, "pitch": 58, "duration": 22, "velocity": 73}, {"time": 2201, "pitch": 61, "duration": 23, "velocity": 74}, {"time": 2225, "pitch": 39, "duration": 14, "velocity": 78}, {"time": 2225, "pitch": 66, "duration": 8, "velocity": 76}, {"time": 2231, "pitch": 58, "duration": 7, "velocity": 75}, {"time": 2237, "pitch": 63, "duration": 5, "velocity": 78}, {"time": 2243, "pitch": 58, "duration": 5, "velocity": 69}, {"time": 2249, "pitch": 44, "duration": 20, "velocity": 79}, {"time": 2249, "pitch": 63, "duration": 8, "velocity": 73}, {"time": 2255, "pitch": 51, "duration": 13, "velocity": 71}, {"time": 2261, "pitch": 56, "duration": 2, "velocity": 74}, {"time": 2261, "pitch": 60, "duration": 6, "velocity": 78}, {"time": 2267, "pitch": 56, "duration": 6, "velocity": 73}, {"time": 2273, "pitch": 49, "duration": 11, "velocity": 74}, {"time": 2273, "pitch": 61, "duration": 7, "velocity": 79}, {"time": 2279, "pitch": 56, "duration": 3, "velocity": 83}, {"time": 2285, "pitch": 42, "duration": 7, "velocity": 79}, {"time": 2285, "pitch": 54, "duration": 2, "velocity": 74}, {"time": 2285, "pitch": 58, "duration": 7, "velocity": 77}, {"time": 2291, "pitch": 54, "duration": 3, "velocity": 78}, {"time": 2297, "pitch": 49, "duration": 23, "velocity": 80}, {"time": 2297, "pitch": 56, "duration": 3, "velocity": 73}, {"time": 2297, "pitch": 61, "duration": 7, "velocity": 77}, {"time": 2303, "pitch": 56, "duration": 2, "velocity": 69}, {"time": 2309, "pitch": 56, "duration": 2, "velocity": 79}, {"time": 2309, "pitch": 61, "duration": 11, "velocity": 83}, {"time": 2309, "pitch": 65, "duration": 11, "velocity": 83}, {"time": 2315, "pitch": 56, "duration": 5, "velocity": 78}, {"time": 2321, "pitch": 46, "duration": 15, "velocity": 79}, {"time": 2321, "pitch": 58, "duration": 6, "velocity": 75}, {"time": 2321, "pitch": 61, "duration": 7, "velocity": 79}, {"time": 2327, "pitch": 53, "duration": 7, "velocity": 72}, {"time": 2333, "pitch": 58, "duration": 5, "velocity": 78}, {"time": 2333, "pitch": 61, "duration": 9, "velocity": 85}, {"time": 2333, "pitch": 65, "duration": 10, "velocity": 85}, {"time": 2339, "pitch": 53, "duration": 5, "velocity": 72}, {"time": 2342, "pitch": 58, "duration": 2, "velocity": 75}, {"time": 2345, "pitch": 44, "duration": 19, "velocity": 78}, {"time": 2345, "pitch": 56, "duration": 7, "velocity": 78}, {"time": 2345, "pitch": 60, "duration": 8, "velocity": 73}, {"time": 2351, "pitch": 51, "duration": 8, "velocity": 66}, {"time": 2357, "pitch": 56, "duration": 6, "velocity": 77}, {"time": 2357, "pitch": 60, "duration": 7, "velocity": 81}, {"time": 2357, "pitch": 63, "duration": 7, "velocity": 79}, {"time": 2363, "pitch": 51, "duration": 4, "velocity": 78}, {"time": 2369, "pitch": 42, "duration": 16, "velocity": 79}, {"time": 2369, "pitch": 54, "duration": 8, "velocity": 75}, {"time": 2369, "pitch": 58, "duration": 9, "velocity": 74}, {"time": 2375, "pitch": 49, "duration": 7, "velocity": 72}, {"time": 2381, "pitch": 54, "duration": 3, "velocity": 81}, {"time": 2381, "pitch": 58, "duration": 5, "velocity": 84}, {"time": 2384, "pitch": 49, "duration": 3, "velocity": 77}, {"time": 2387, "pitch": 54, "duration": 2, "velocity": 81}, {"time": 2393, "pitch": 49, "duration": 19, "velocity": 78}, {"time": 2393, "pitch": 56, "duration": 3, "velocity": 74}, {"time": 2393, "pitch": 61, "duration": 7, "velocity": 73}, {"time": 2399, "pitch": 56, "duration": 4, "velocity": 79}, {"time": 2405, "pitch": 65, "duration": 4, "velocity": 82}, {"time": 2408, "pitch": 56, "duration": 3, "velocity": 77}, {"time": 2411, "pitch": 61, "duration": 3, "velocity": 78}, {"time": 2414, "pitch": 56, "duration": 2, "velocity": 76}, {"time": 2417, "pitch": 51, "duration": 13, "velocity": 78}, {"time": 2417, "pitch": 63, "duration": 6, "velocity": 80}, {"time": 2423, "pitch": 58, "duration": 4, "velocity": 78}, {"time": 2429, "pitch": 63, "duration": 6, "velocity": 75}, {"time": 2429, "pitch": 66, "duration": 4, "velocity": 74}, {"time": 2435, "pitch": 58, "duration": 1, "velocity": 64}, {"time": 2441, "pitch": 41, "duration": 15, "velocity": 81}, {"time": 2441, "pitch": 60, "duration": 3, "velocity": 74}, {"time": 2441, "pitch": 68, "duration": 6, "velocity": 64}, {"time": 2444, "pitch": 48, "duration": 11, "velocity": 65}, {"time": 2447, "pitch": 60, "duration": 4, "velocity": 79}, {"time": 2450, "pitch": 65, "duration": 3, "velocity": 79}, {"time": 2453, "pitch": 68, "duration": 3, "velocity": 80}, {"time": 2456, "pitch": 65, "duration": 3, "velocity": 70}, {"time": 2459, "pitch": 60, "duration": 1, "velocity": 79}, {"time": 2465, "pitch": 44, "duration": 17, "velocity": 79}, {"time": 2465, "pitch": 56, "duration": 7, "velocity": 74}, {"time": 2465, "pitch": 63, "duration": 7, "velocity": 75}, {"time": 2471, "pitch": 51, "duration": 7, "velocity": 70}, {"time": 2477, "pitch": 56, "duration": 3, "velocity": 78}, {"time": 2477, "pitch": 60, "duration": 3, "velocity": 81}, {"time": 2480, "pitch": 51, "duration": 6, "velocity": 73}, {"time": 2483, "pitch": 56, "duration": 4, "velocity": 78}, {"time": 2486, "pitch": 63, "duration": 2, "velocity": 73}, {"time": 2489, "pitch": 44, "duration": 16, "velocity": 80}, {"time": 2489, "pitch": 56, "duration": 3, "velocity": 78}, {"time": 2489, "pitch": 63, "duration": 3, "velocity": 59}, {"time": 2489, "pitch": 68, "duration": 4, "velocity": 79}, {"time": 2492, "pitch": 51, "duration": 8, "velocity": 78}, {"time": 2495, "pitch": 56, "duration": 2, "velocity": 80}, {"time": 2498, "pitch": 56, "duration": 1, "velocity": 60}, {"time": 2498, "pitch": 60, "duration": 1, "velocity": 79}, {"time": 2501, "pitch": 56, "duration": 4, "velocity": 79}, {"time": 2501, "pitch": 60, "duration": 4, "velocity": 82}, {"time": 2501, "pitch": 63, "duration": 5, "velocity": 81}, {"time": 2504, "pitch": 51, "duration": 3, "velocity": 82}, {"time": 2507, "pitch": 56, "duration": 2, "velocity": 85}, {"time": 2513, "pitch": 42, "duration": 18, "velocity": 79}, {"time": 2513, "pitch": 54, "duration": 10, "velocity": 78}, {"time": 2513, "pitch": 58, "duration": 7, "velocity": 75}, {"time": 2519, "pitch": 49, "duration": 7, "velocity": 57}, {"time": 2525, "pitch": 58, "duration": 3, "velocity": 80}, {"time": 2525, "pitch": 61, "duration": 4, "velocity": 81}, {"time": 2528, "pitch": 49, "duration": 4, "velocity": 67}, {"time": 2531, "pitch": 54, "duration": 2, "velocity": 84}, {"time": 2537, "pitch": 41, "duration": 16, "velocity": 81}, {"time": 2537, "pitch": 53, "duration": 13, "velocity": 75}, {"time": 2537, "pitch": 56, "duration": 9, "velocity": 76}, {"time": 2543, "pitch": 48, "duration": 10, "velocity": 67}, {"time": 2549, "pitch": 56, "duration": 1, "velocity": 61}, {"time": 2549, "pitch": 60, "duration": 6, "velocity": 78}, {"time": 2555, "pitch": 56, "duration": 1, "velocity": 81}, {"time": 2561, "pitch": 51, "duration": 16, "velocity": 78}, {"time": 2561, "pitch": 58, "duration": 3, "velocity": 71}, {"time": 2561, "pitch": 63, "duration": 7, "velocity": 74}, {"time": 2567, "pitch": 58, "duration": 7, "velocity": 78}, {"time": 2573, "pitch": 66, "duration": 5, "velocity": 81}, {"time": 2579, "pitch": 58, "duration": 2, "velocity": 80}, {"time": 2585, "pitch": 49, "duration": 13, "velocity": 79}, {"time": 2585, "pitch": 56, "duration": 3, "velocity": 72}, {"time": 2585, "pitch": 61, "duration": 7, "velocity": 71}, {"time": 2591, "pitch": 56, "duration": 6, "velocity": 79}, {"time": 2597, "pitch": 65, "duration": 1, "velocity": 83}, {"time": 2609, "pitch": 39, "duration": 16, "velocity": 80}, {"time": 2609, "pitch": 66, "duration": 4, "velocity": 79}, {"time": 2612, "pitch": 58, "duration": 3, "velocity": 78}, {"time": 2615, "pitch": 63, "duration": 3, "velocity": 72}, {"time": 2618, "pitch": 58, "duration": 2, "velocity": 78}, {"time": 2621, "pitch": 46, "duration": 4, "velocity": 64}, {"time": 2621, "pitch": 66, "duration": 5, "velocity": 79}, {"time": 2624, "pitch": 58, "duration": 3, "velocity": 76}, {"time": 2627, "pitch": 63, "duration": 2, "velocity": 70}, {"time": 2630, "pitch": 58, "duration": 2, "velocity": 67}, {"time": 2633, "pitch": 44, "duration": 16, "velocity": 78}, {"time": 2633, "pitch": 63, "duration": 7, "velocity": 78}, {"time": 2636, "pitch": 51, "duration": 10, "velocity": 73}, {"time": 2639, "pitch": 56, "duration": 3, "velocity": 79}, {"time": 2642, "pitch": 60, "duration": 3, "velocity": 78}, {"time": 2645, "pitch": 63, "duration": 5, "velocity": 84}, {"time": 2648, "pitch": 51, "duration": 3, "velocity": 78}, {"time": 2651, "pitch": 56, "duration": 3, "velocity": 81}, {"time": 2657, "pitch": 49, "duration": 10, "velocity": 79}, {"time": 2657, "pitch": 56, "duration": 2, "velocity": 77}, {"time": 2657, "pitch": 61, "duration": 6, "velocity": 78}, {"time": 2663, "pitch": 56, "duration": 7, "velocity": 81}, {"time": 2669, "pitch": 42, "duration": 7, "velocity": 78}, {"time": 2669, "pitch": 61, "duration": 7, "velocity": 69}, {"time": 2669, "pitch": 66, "duration": 11, "velocity": 76}, {"time": 2675, "pitch": 56, "duration": 4, "velocity": 73}, {"time": 2681, "pitch": 49, "duration": 23, "velocity": 78}, {"time": 2681, "pitch": 56, "duration": 1, "velocity": 55}, {"time": 2681, "pitch": 61, "duration": 9, "velocity": 73}, {"time": 2681, "pitch": 65, "duration": 12, "velocity": 78}, {"time": 2693, "pitch": 61, "duration": 10, "velocity": 71}, {"time": 2699, "pitch": 56, "duration": 4, "velocity": 60}, {"time": 2702, "pitch": 54, "duration": 10, "velocity": 65}, {"time": 2704, "pitch": 58, "duration": 13, "velocity": 67}, {"time": 2704, "pitch": 42, "duration": 16, "velocity": 78}, {"time": 2705, "pitch": 61, "duration": 13, "velocity": 66}, {"time": 2705, "pitch": 66, "duration": 13, "velocity": 71}, {"time": 2710, "pitch": 49, "duration": 9, "velocity": 64}, {"time": 2717, "pitch": 54, "duration": 2, "velocity": 69}, {"time": 2726, "pitch": 53, "duration": 9, "velocity": 64}, {"time": 2727, "pitch": 56, "duration": 12, "velocity": 66}, {"time": 2728, "pitch": 41, "duration": 13, "velocity": 80}, {"time": 2728, "pitch": 60, "duration": 12, "velocity": 49}, {"time": 2734, "pitch": 48, "duration": 6, "velocity": 58}, {"time": 2751, "pitch": 58, "duration": 2, "velocity": 34}, {"time": 2751, "pitch": 63, "duration": 3, "velocity": 71}, {"time": 2752, "pitch": 51, "duration": 18, "velocity": 73}, {"time": 2753, "pitch": 66, "duration": 6, "velocity": 74}, {"time": 2758, "pitch": 58, "duration": 8, "velocity": 74}, {"time": 2765, "pitch": 63, "duration": 5, "velocity": 78}, {"time": 2776, "pitch": 56, "duration": 2, "velocity": 44}, {"time": 2777, "pitch": 49, "duration": 13, "velocity": 77}, {"time": 2777, "pitch": 65, "duration": 9, "velocity": 79}, {"time": 2783, "pitch": 56, "duration": 7, "velocity": 73}, {"time": 2789, "pitch": 61, "duration": 6, "velocity": 79}, {"time": 2799, "pitch": 58, "duration": 8, "velocity": 66}, {"time": 2801, "pitch": 63, "duration": 14, "velocity": 75}, {"time": 2801, "pitch": 39, "duration": 19, "velocity": 80}, {"time": 2807, "pitch": 46, "duration": 13, "velocity": 66}, {"time": 2814, "pitch": 58, "duration": 8, "velocity": 80}, {"time": 2822, "pitch": 63, "duration": 1, "velocity": 81}, {"time": 2829, "pitch": 44, "duration": 57, "velocity": 79}, {"time": 2831, "pitch": 56, "duration": 18, "velocity": 67}, {"time": 2831, "pitch": 51, "duration": 54, "velocity": 66}, {"time": 2832, "pitch": 60, "duration": 21, "velocity": 69}, {"time": 2834, "pitch": 63, "duration": 67, "velocity": 71}, {"time": 2848, "pitch": 68, "duration": 54, "velocity": 75}, {"time": 2856, "pitch": 56, "duration": 45, "velocity": 67}, {"time": 2902, "pitch": 54, "duration": 9, "velocity": 62}, {"time": 2903, "pitch": 42, "duration": 17, "velocity": 73}, {"time": 2903, "pitch": 58, "duration": 13, "velocity": 62}, {"time": 2904, "pitch": 61, "duration": 13, "velocity": 58}, {"time": 2910, "pitch": 49, "duration": 9, "velocity": 52}, {"time": 2916, "pitch": 54, "duration": 2, "velocity": 61}, {"time": 2925, "pitch": 53, "duration": 8, "velocity": 53}, {"time": 2927, "pitch": 56, "duration": 9, "velocity": 65}, {"time": 2927, "pitch": 60, "duration": 12, "velocity": 67}, {"time": 2928, "pitch": 41, "duration": 13, "velocity": 72}, {"time": 2934, "pitch": 48, "duration": 6, "velocity": 55}, {"time": 2940, "pitch": 53, "duration": 1, "velocity": 81}, {"time": 2954, "pitch": 66, "duration": 9, "velocity": 74}, {"time": 2954, "pitch": 51, "duration": 18, "velocity": 73}, {"time": 2961, "pitch": 58, "duration": 7, "velocity": 79}, {"time": 2968, "pitch": 63, "duration": 6, "velocity": 78}, {"time": 2974, "pitch": 58, "duration": 9, "velocity": 80}, {"time": 2982, "pitch": 44, "duration": 44, "velocity": 66}, {"time": 2982, "pitch": 63, "duration": 18, "velocity": 71}, {"time": 2991, "pitch": 51, "duration": 11, "velocity": 68}, {"time": 3006, "pitch": 51, "duration": 19, "velocity": 52}, {"time": 3007, "pitch": 56, "duration": 17, "velocity": 66}, {"time": 3008, "pitch": 60, "duration": 16, "velocity": 65}, {"time": 3010, "pitch": 63, "duration": 13, "velocity": 62}, {"time": 3037, "pitch": 56, "duration": 2, "velocity": 52}, {"time": 3037, "pitch": 37, "duration": 8, "velocity": 74}, {"time": 3041, "pitch": 61, "duration": 7, "velocity": 72}, {"time": 3046, "pitch": 56, "duration": 4, "velocity": 66}, {"time": 3050, "pitch": 63, "duration": 5, "velocity": 67}, {"time": 3054, "pitch": 56, "duration": 4, "velocity": 59}, {"time": 3059, "pitch": 65, "duration": 4, "velocity": 57}, {"time": 3063, "pitch": 49, "duration": 38, "velocity": 51}, {"time": 3069, "pitch": 56, "duration": 31, "velocity": 53}, {"time": 3079, "pitch": 63, "duration": 11, "velocity": 62}, {"time": 3090, "pitch": 68, "duration": 17, "velocity": 66}, {"time": 3111, "pitch": 49, "duration": 37, "velocity": 66}, {"time": 3113, "pitch": 68, "duration": 7, "velocity": 69}, {"time": 3113, "pitch": 56, "duration": 35, "velocity": 64}, {"time": 3114, "pitch": 63, "duration": 3, "velocity": 68}, {"time": 3115, "pitch": 61, "duration": 17, "velocity": 65}], "annotations": [{"time": 39, "annotation": {"number": 64, "value": 127}, "group": "control_change"}, {"time": 62, "annotation": {"number": 64, "value": 0}, "group": "control_change"}, {"time": 68, "annotation": {"number": 64, "value": 127}, "group": "control_change"}, {"time": 89, "annotation": {"number": 64, "value": 127}, "group": "control_change"}, {"time": 109, "annotation": {"number": 64, "value": 0}, "group": "control_change"}, {"time": 115, "annotation": {"number": 64, "value": 127}, "group": "control_change"}, {"time": 135, "annotation": {"number": 64, "value": 0}, "group": "control_change"}, {"time": 139, "annotation": {"number": 64, "value": 127}, "group": "control_change"}, {"time": 158, "annotation": {"number": 64, "value": 0}, "group": "control_change"}, {"time": 161, "annotation": {"number": 64, "value": 127}, "group": "control_change"}, {"time": 182, "annotation": {"number": 64, "value": 0}, "group": "control_change"}, {"time": 185, "annotation": {"number": 64, "value": 127}, "group": "control_change"}, {"time": 208, "annotation": {"number": 64, "value": 0}, "group": "control_change"}, {"time": 217, "annotation": {"number": 64, "value": 127}, "group": "control_change"}, {"time": 231, "annotation": {"number": 64, "value": 0}, "group": "control_change"}, {"time": 234, "annotation": {"number": 64, "value": 127}, "group": "control_change"}, {"time": 255, "annotation": {"number": 64, "value": 0}, "group": "control_change"}, {"time": 257, "annotation": {"number": 64, "value": 127}, "group": "control_change"}, {"time": 281, "annotation": {"number": 64, "value": 0}, "group": "control_change"}, {"time": 284, "annotation": {"number": 64, "value": 127}, "group": "control_change"}, {"time": 302, "annotation": {"number": 64, "value": 0}, "group": "control_change"}, {"time": 305, "annotation": {"number": 64, "value": 127}, "group": "control_change"}, {"time": 327, "annotation": {"number": 64, "value": 0}, "group": "control_change"}, {"time": 331, "annotation": {"number": 64, "value": 127}, "group": "control_change"}, {"time": 350, "annotation": {"number": 64, "value": 0}, "group": "control_change"}, {"time": 353, "annotation": {"number": 64, "value": 127}, "group": "control_change"}, {"time": 374, "annotation": {"number": 64, "value": 0}, "group": "control_change"}, {"time": 376, "annotation": {"number": 64, "value": 127}, "group": "control_change"}, {"time": 400, "annotation": {"number": 64, "value": 0}, "group": "control_change"}, {"time": 402, "annotation": {"number": 64, "value": 127}, "group": "control_change"}, {"time": 423, "annotation": {"number": 64, "value": 0}, "group": "control_change"}, {"time": 425, "annotation": {"number": 64, "value": 127}, "group": "control_change"}, {"time": 449, "annotation": {"number": 64, "value": 0}, "group": "control_change"}, {"time": 453, "annotation": {"number": 64, "value": 127}, "group": "control_change"}, {"time": 471, "annotation": {"number": 64, "value": 0}, "group": "control_change"}, {"time": 474, "annotation": {"number": 64, "value": 127}, "group": "control_change"}, {"time": 495, "annotation": {"number": 64, "value": 0}, "group": "control_change"}, {"time": 498, "annotation": {"number": 64, "value": 127}, "group": "control_change"}, {"time": 521, "annotation": {"number": 64, "value": 0}, "group": "control_change"}, {"time": 525, "annotation": {"number": 64, "value": 127}, "group": "control_change"}, {"time": 545, "annotation": {"number": 64, "value": 0}, "group": "control_change"}, {"time": 549, "annotation": {"number": 64, "value": 127}, "group": "control_change"}, {"time": 570, "annotation": {"number": 64, "value": 0}, "group": "control_change"}, {"time": 574, "annotation": {"number": 64, "value": 127}, "group": "control_change"}, {"time": 591, "annotation": {"number": 64, "value": 0}, "group": "control_change"}, {"time": 604, "annotation": {"number": 64, "value": 127}, "group": "control_change"}, {"time": 604, "annotation": {"number": 64, "value": 0}, "group": "control_change"}, {"time": 641, "annotation": {"number": 64, "value": 0}, "group": "control_change"}, {"time": 646, "annotation": {"number": 64, "value": 127}, "group": "control_change"}, {"time": 687, "annotation": {"number": 64, "value": 0}, "group": "control_change"}, {"time": 691, "annotation": {"number": 64, "value": 127}, "group": "control_change"}, {"time": 713, "annotation": {"number": 64, "value": 0}, "group": "control_change"}, {"time": 717, "annotation": {"number": 64, "value": 127}, "group": "control_change"}, {"time": 735, "annotation": {"number": 64, "value": 0}, "group": "control_change"}, {"time": 737, "annotation": {"number": 64, "value": 127}, "group": "control_change"}, {"time": 760, "annotation": {"number": 64, "value": 0}, "group": "control_change"}, {"time": 762, "annotation": {"number": 64, "value": 127}, "group": "control_change"}, {"time": 784, "annotation": {"number": 64, "value": 0}, "group": "control_change"}, {"time": 785, "annotation": {"number": 64, "value": 127}, "group": "control_change"}, {"time": 831, "annotation": {"number": 64, "value": 0}, "group": "control_change"}, {"time": 838, "annotation": {"number": 64, "value": 127}, "group": "control_change"}, {"time": 855, "annotation": {"number": 64, "value": 0}, "group": "control_change"}, {"time": 858, "annotation": {"number": 64, "value": 127}, "group": "control_change"}, {"time": 878, "annotation": {"number": 64, "value": 0}, "group": "control_change"}, {"time": 880, "annotation": {"number": 64, "value": 127}, "group": "control_change"}, {"time": 929, "annotation": {"number": 64, "value": 0}, "group": "control_change"}, {"time": 934, "annotation": {"number": 64, "value": 127}, "group": "control_change"}, {"time": 974, "annotation": {"number": 64, "value": 0}, "group": "control_change"}, {"time": 978, "annotation": {"number": 64, "value": 127}, "group": "control_change"}, {"time": 1012, "annotation": {"number": 64, "value": 0}, "group": "control_change"}, {"time": 1014, "annotation": {"number": 64, "value": 127}, "group": "control_change"}, {"time": 1024, "annotation": {"number": 64, "value": 0}, "group": "control_change"}, {"time": 1026, "annotation": {"number": 64, "value": 127}, "group": "control_change"}, {"time": 1069, "annotation": {"number": 64, "value": 0}, "group": "control_change"}, {"time": 1072, "annotation": {"number": 64, "value": 127}, "group": "control_change"}, {"time": 1072, "annotation": {"number": 64, "value": 0}, "group": "control_change"}, {"time": 1073, "annotation": {"number": 64, "value": 127}, "group": "control_change"}, {"time": 1095, "annotation": {"number": 64, "value": 0}, "group": "control_change"}, {"time": 1100, "annotation": {"number": 64, "value": 127}, "group": "control_change"}, {"time": 1118, "annotation": {"number": 64, "value": 0}, "group": "control_change"}, {"time": 1121, "annotation": {"number": 64, "value": 127}, "group": "control_change"}, {"time": 1143, "annotation": {"number": 64, "value": 0}, "group": "control_change"}, {"time": 1145, "annotation": {"number": 64, "value": 127}, "group": "control_change"}, {"time": 1164, "annotation": {"number": 64, "value": 0}, "group": "control_change"}, {"time": 1170, "annotation": {"number": 64, "value": 127}, "group": "control_change"}, {"time": 1192, "annotation": {"number": 64, "value": 0}, "group": "control_change"}, {"time": 1194, "annotation": {"number": 64, "value": 127}, "group": "control_change"}, {"time": 1215, "annotation": {"number": 64, "value": 0}, "group": "control_change"}, {"time": 1218, "annotation": {"number": 64, "value": 127}, "group": "control_change"}, {"time": 1239, "annotation": {"number": 64, "value": 0}, "group": "control_change"}, {"time": 1242, "annotation": {"number": 64, "value": 127}, "group": "control_change"}, {"time": 1263, "annotation": {"number": 64, "value": 0}, "group": "control_change"}, {"time": 1265, "annotation": {"number": 64, "value": 127}, "group": "control_change"}, {"time": 1287, "annotation": {"number": 64, "value": 0}, "group": "control_change"}, {"time": 1289, "annotation": {"number": 64, "value": 127}, "group": "control_change"}, {"time": 1311, "annotation": {"number": 64, "value": 0}, "group": "control_change"}, {"time": 1314, "annotation": {"number": 64, "value": 127}, "group": "control_change"}, {"time": 1335, "annotation": {"number": 64, "value": 0}, "group": "control_change"}, {"time": 1337, "annotation": {"number": 64, "value": 127}, "group": "control_change"}, {"time": 1359, "annotation": {"number": 64, "value": 0}, "group": "control_change"}, {"time": 1362, "annotation": {"number": 64, "value": 127}, "group": "control_change"}, {"time": 1383, "annotation": {"number": 64, "value": 0}, "group": "control_change"}, {"time": 1386, "annotation": {"number": 64, "value": 127}, "group": "control_change"}, {"time": 1407, "annotation": {"number": 64, "value": 0}, "group": "control_change"}, {"time": 1410, "annotation": {"number": 64, "value": 127}, "group": "control_change"}, {"time": 1432, "annotation": {"number": 64, "value": 0}, "group": "control_change"}, {"time": 1435, "annotation": {"number": 64, "value": 127}, "group": "control_change"}, {"time": 1455, "annotation": {"number": 64, "value": 0}, "group": "control_change"}, {"time": 1457, "annotation": {"number": 64, "value": 127}, "group": "control_change"}, {"time": 1480, "annotation": {"number": 64, "value": 0}, "group": "control_change"}, {"time": 1482, "annotation": {"number": 64, "value": 127}, "group": "control_change"}, {"time": 1503, "annotation": {"number": 64, "value": 0}, "group": "control_change"}, {"time": 1505, "annotation": {"number": 64, "value": 127}, "group": "control_change"}, {"time": 1515, "annotation": {"number": 64, "value": 0}, "group": "control_change"}, {"time": 1516, "annotation": {"number": 64, "value": 127}, "group": "control_change"}, {"time": 1527, "annotation": {"number": 64, "value": 0}, "group": "control_change"}, {"time": 1530, "annotation": {"number": 64, "value": 127}, "group": "control_change"}, {"time": 1551, "annotation": {"number": 64, "value": 0}, "group": "control_change"}, {"time": 1553, "annotation": {"number": 64, "value": 127}, "group": "control_change"}, {"time": 1575, "annotation": {"number": 64, "value": 0}, "group": "control_change"}, {"time": 1577, "annotation": {"number": 64, "value": 127}, "group": "control_change"}, {"time": 1601, "annotation": {"number": 64, "value": 0}, "group": "control_change"}, {"time": 1604, "annotation": {"number": 64, "value": 127}, "group": "control_change"}, {"time": 1624, "annotation": {"number": 64, "value": 0}, "group": "control_change"}, {"time": 1626, "annotation": {"number": 64, "value": 127}, "group": "control_change"}, {"time": 1646, "annotation": {"number": 64, "value": 0}, "group": "control_change"}, {"time": 1649, "annotation": {"number": 64, "value": 127}, "group": "control_change"}, {"time": 1669, "annotation": {"number": 64, "value": 0}, "group": "control_change"}, {"time": 1672, "annotation": {"number": 64, "value": 127}, "group": "control_change"}, {"time": 1695, "annotation": {"number": 64, "value": 0}, "group": "control_change"}, {"time": 1697, "annotation": {"number": 64, "value": 127}, "group": "control_change"}, {"time": 1720, "annotation": {"number": 64, "value": 127}, "group": "control_change"}, {"time": 1721, "annotation": {"number": 64, "value": 0}, "group": "control_change"}, {"time": 1721, "annotation": {"number": 64, "value": 127}, "group": "control_change"}, {"time": 1725, "annotation": {"number": 64, "value": 0}, "group": "control_change"}, {"time": 1732, "annotation": {"number": 64, "value": 0}, "group": "control_change"}, {"time": 1734, "annotation": {"number": 64, "value": 127}, "group": "control_change"}, {"time": 1744, "annotation": {"number": 64, "value": 0}, "group": "control_change"}, {"time": 1750, "annotation": {"number": 64, "value": 127}, "group": "control_change"}, {"time": 1768, "annotation": {"number": 64, "value": 0}, "group": "control_change"}, {"time": 1772, "annotation": {"number": 64, "value": 127}, "group": "control_change"}, {"time": 1790, "annotation": {"number": 64, "value": 0}, "group": "control_change"}, {"time": 1793, "annotation": {"number": 64, "value": 127}, "group": "control_change"}, {"time": 1814, "annotation": {"number": 64, "value": 0}, "group": "control_change"}, {"time": 1815, "annotation": {"number": 64, "value": 127}, "group": "control_change"}, {"time": 1838, "annotation": {"number": 64, "value": 0}, "group": "control_change"}, {"time": 1841, "annotation": {"number": 64, "value": 127}, "group": "control_change"}, {"time": 1864, "annotation": {"number": 64, "value": 0}, "group": "control_change"}, {"time": 1869, "annotation": {"number": 64, "value": 127}, "group": "control_change"}, {"time": 1886, "annotation": {"number": 64, "value": 0}, "group": "control_change"}, {"time": 1888, "annotation": {"number": 64, "value": 127}, "group": "control_change"}, {"time": 1911, "annotation": {"number": 64, "value": 0}, "group": "control_change"}, {"time": 1913, "annotation": {"number": 64, "value": 127}, "group": "control_change"}, {"time": 1933, "annotation": {"number": 64, "value": 0}, "group": "control_change"}, {"time": 1937, "annotation": {"number": 64, "value": 127}, "group": "control_change"}, {"time": 1983, "annotation": {"number": 64, "value": 0}, "group": "control_change"}, {"time": 1990, "annotation": {"number": 64, "value": 127}, "group": "control_change"}, {"time": 2007, "annotation": {"number": 64, "value": 0}, "group": "control_change"}, {"time": 2010, "annotation": {"number": 64, "value": 127}, "group": "control_change"}, {"time": 2030, "annotation": {"number": 64, "value": 0}, "group": "control_change"}, {"time": 2032, "annotation": {"number": 64, "value": 127}, "group": "control_change"}, {"time": 2081, "annotation": {"number": 64, "value": 0}, "group": "control_change"}, {"time": 2086, "annotation": {"number": 64, "value": 127}, "group": "control_change"}, {"time": 2126, "annotation": {"number": 64, "value": 0}, "group": "control_change"}, {"time": 2130, "annotation": {"number": 64, "value": 127}, "group": "control_change"}, {"time": 2164, "annotation": {"number": 64, "value": 0}, "group": "control_change"}, {"time": 2166, "annotation": {"number": 64, "value": 127}, "group": "control_change"}, {"time": 2176, "annotation": {"number": 64, "value": 0}, "group": "control_change"}, {"time": 2178, "annotation": {"number": 64, "value": 127}, "group": "control_change"}, {"time": 2221, "annotation": {"number": 64, "value": 0}, "group": "control_change"}, {"time": 2224, "annotation": {"number": 64, "value": 127}, "group": "control_change"}, {"time": 2224, "annotation": {"number": 64, "value": 0}, "group": "control_change"}, {"time": 2225, "annotation": {"number": 64, "value": 127}, "group": "control_change"}, {"time": 2247, "annotation": {"number": 64, "value": 0}, "group": "control_change"}, {"time": 2252, "annotation": {"number": 64, "value": 127}, "group": "control_change"}, {"time": 2270, "annotation": {"number": 64, "value": 0}, "group": "control_change"}, {"time": 2273, "annotation": {"number": 64, "value": 127}, "group": "control_change"}, {"time": 2295, "annotation": {"number": 64, "value": 0}, "group": "control_change"}, {"time": 2297, "annotation": {"number": 64, "value": 127}, "group": "control_change"}, {"time": 2316, "annotation": {"number": 64, "value": 0}, "group": "control_change"}, {"time": 2322, "annotation": {"number": 64, "value": 127}, "group": "control_change"}, {"time": 2344, "annotation": {"number": 64, "value": 0}, "group": "control_change"}, {"time": 2346, "annotation": {"number": 64, "value": 127}, "group": "control_change"}, {"time": 2367, "annotation": {"number": 64, "value": 0}, "group": "control_change"}, {"time": 2370, "annotation": {"number": 64, "value": 127}, "group": "control_change"}, {"time": 2391, "annotation": {"number": 64, "value": 0}, "group": "control_change"}, {"time": 2394, "annotation": {"number": 64, "value": 127}, "group": "control_change"}, {"time": 2415, "annotation": {"number": 64, "value": 0}, "group": "control_change"}, {"time": 2417, "annotation": {"number": 64, "value": 127}, "group": "control_change"}, {"time": 2439, "annotation": {"number": 64, "value": 0}, "group": "control_change"}, {"time": 2441, "annotation": {"number": 64, "value": 127}, "group": "control_change"}, {"time": 2463, "annotation": {"number": 64, "value": 0}, "group": "control_change"}, {"time": 2466, "annotation": {"number": 64, "value": 127}, "group": "control_change"}, {"time": 2487, "annotation": {"number": 64, "value": 0}, "group": "control_change"}, {"time": 2489, "annotation": {"number": 64, "value": 127}, "group": "control_change"}, {"time": 2511, "annotation": {"number": 64, "value": 0}, "group": "control_change"}, {"time": 2514, "annotation": {"number": 64, "value": 127}, "group": "control_change"}, {"time": 2535, "annotation": {"number": 64, "value": 0}, "group": "control_change"}, {"time": 2538, "annotation": {"number": 64, "value": 127}, "group": "control_change"}, {"time": 2559, "annotation": {"number": 64, "value": 0}, "group": "control_change"}, {"time": 2562, "annotation": {"number": 64, "value": 127}, "group": "control_change"}, {"time": 2584, "annotation": {"number": 64, "value": 0}, "group": "control_change"}, {"time": 2587, "annotation": {"number": 64, "value": 127}, "group": "control_change"}, {"time": 2607, "annotation": {"number": 64, "value": 0}, "group": "control_change"}, {"time": 2609, "annotation": {"number": 64, "value": 127}, "group": "control_change"}, {"time": 2632, "annotation": {"number": 64, "value": 0}, "group": "control_change"}, {"time": 2634, "annotation": {"number": 64, "value": 127}, "group": "control_change"}, {"time": 2655, "annotation": {"number": 64, "value": 0}, "group": "control_change"}, {"time": 2657, "annotation": {"number": 64, "value": 127}, "group": "control_change"}, {"time": 2667, "annotation": {"number": 64, "value": 0}, "group": "control_change"}, {"time": 2668, "annotation": {"number": 64, "value": 127}, "group": "control_change"}, {"time": 2679, "annotation": {"number": 64, "value": 0}, "group": "control_change"}, {"time": 2682, "annotation": {"number": 64, "value": 127}, "group": "control_change"}, {"time": 2703, "annotation": {"number": 64, "value": 0}, "group": "control_change"}, {"time": 2710, "annotation": {"number": 64, "value": 127}, "group": "control_change"}, {"time": 2726, "annotation": {"number": 64, "value": 0}, "group": "control_change"}, {"time": 2731, "annotation": {"number": 64, "value": 127}, "group": "control_change"}, {"time": 2751, "annotation": {"number": 64, "value": 0}, "group": "control_change"}, {"time": 2753, "annotation": {"number": 64, "value": 127}, "group": "control_change"}, {"time": 2775, "annotation": {"number": 64, "value": 0}, "group": "control_change"}, {"time": 2778, "annotation": {"number": 64, "value": 127}, "group": "control_change"}, {"time": 2798, "annotation": {"number": 64, "value": 0}, "group": "control_change"}, {"time": 2802, "annotation": {"number": 64, "value": 127}, "group": "control_change"}, {"time": 2829, "annotation": {"number": 64, "value": 0}, "group": "control_change"}, {"time": 2832, "annotation": {"number": 64, "value": 127}, "group": "control_change"}, {"time": 2887, "annotation": {"number": 64, "value": 0}, "group": "control_change"}, {"time": 2904, "annotation": {"number": 64, "value": 127}, "group": "control_change"}, {"time": 2904, "annotation": {"number": 64, "value": 0}, "group": "control_change"}, {"time": 2927, "annotation": {"number": 64, "value": 0}, "group": "control_change"}, {"time": 2930, "annotation": {"number": 64, "value": 127}, "group": "control_change"}, {"time": 2951, "annotation": {"number": 64, "value": 0}, "group": "control_change"}, {"time": 2955, "annotation": {"number": 64, "value": 127}, "group": "control_change"}, {"time": 2981, "annotation": {"number": 64, "value": 0}, "group": "control_change"}, {"time": 2986, "annotation": {"number": 64, "value": 127}, "group": "control_change"}, {"time": 3036, "annotation": {"number": 64, "value": 0}, "group": "control_change"}, {"time": 3038, "annotation": {"number": 64, "value": 127}, "group": "control_change"}, {"time": 3113, "annotation": {"number": 64, "value": 0}, "group": "control_change"}, {"time": 3114, "annotation": {"number": 64, "value": 127}, "group": "control_change"}, {"time": 3178, "annotation": {"number": 64, "value": 0}, "group": "control_change"}]}]}